[32m[INFO] 2026-08-31 20:18:49,186 [RapidOCR] base.py:23: Using engine_name: torch[0m
[32m[INFO] 2026-08-31 20:18:49,207 [RapidOCR] device_config.py:64: Using GPU device with ID: 0[0m
[32m[INFO] 2026-08-31 20:18:49,219 [RapidOCR] download_file.py:60: File exists and is valid: D:\Work\research\FileX\.venv-ai\Lib\site-packages\rapidocr\models\PP-OCRv6_det_small.pth[0m
[32m[INFO] 2026-08-31 20:18:49,219 [RapidOCR] main.py:50: Using D:\Work\research\FileX\.venv-ai\Lib\site-packages\rapidocr\models\PP-OCRv6_det_small.pth[0m
[32m[INFO] 2026-08-31 20:18:49,610 [RapidOCR] base.py:23: Using engine_name: torch[0m
[32m[INFO] 2026-08-31 20:18:49,610 [RapidOCR] device_config.py:64: Using GPU device with ID: 0[0m
[32m[INFO] 2026-08-31 20:18:49,612 [RapidOCR] download_file.py:60: File exists and is valid: D:\Work\research\FileX\.venv-ai\Lib\site-packages\rapidocr\models\ch_ptocr_mobile_v2.0_cls_mobile.pth[0m
[32m[INFO] 2026-08-31 20:18:49,612 [RapidOCR] main.py:50: Using D:\Work\research\FileX\.venv-ai\Lib\site-packages\rapidocr\models\ch_ptocr_mobile_v2.0_cls_mobile.pth[0m
[32m[INFO] 2026-08-31 20:18:49,763 [RapidOCR] base.py:23: Using engine_name: torch[0m
[32m[INFO] 2026-08-31 20:18:49,763 [RapidOCR] device_config.py:64: Using GPU device with ID: 0[0m
[32m[INFO] 2026-08-31 20:18:49,783 [RapidOCR] download_file.py:60: File exists and is valid: D:\Work\research\FileX\.venv-ai\Lib\site-packages\rapidocr\models\PP-OCRv6_rec_small.pth[0m
[32m[INFO] 2026-08-31 20:18:49,783 [RapidOCR] main.py:50: Using D:\Work\research\FileX\.venv-ai\Lib\site-packages\rapidocr\models\PP-OCRv6_rec_small.pth[0m
Warning: You are sending unauthenticated requests to the HF Hub. Please set a HF_TOKEN to enable higher rate limits and faster downloads.
[32m[INFO] 2026-08-31 20:18:55,766 [RapidOCR] base.py:23: Using engine_name: torch[0m
[32m[INFO] 2026-08-31 20:18:55,767 [RapidOCR] device_config.py:64: Using GPU device with ID: 0[0m
[32m[INFO] 2026-08-31 20:18:55,785 [RapidOCR] download_file.py:60: File exists and is valid: D:\Work\research\FileX\.venv-ai\Lib\site-packages\rapidocr\models\PP-OCRv6_det_small.pth[0m
[32m[INFO] 2026-08-31 20:18:55,785 [RapidOCR] main.py:50: Using D:\Work\research\FileX\.venv-ai\Lib\site-packages\rapidocr\models\PP-OCRv6_det_small.pth[0m
[32m[INFO] 2026-08-31 20:18:56,131 [RapidOCR] base.py:23: Using engine_name: torch[0m
[32m[INFO] 2026-08-31 20:18:56,132 [RapidOCR] device_config.py:64: Using GPU device with ID: 0[0m
[32m[INFO] 2026-08-31 20:18:56,134 [RapidOCR] download_file.py:60: File exists and is valid: D:\Work\research\FileX\.venv-ai\Lib\site-packages\rapidocr\models\ch_ptocr_mobile_v2.0_cls_mobile.pth[0m
[32m[INFO] 2026-08-31 20:18:56,134 [RapidOCR] main.py:50: Using D:\Work\research\FileX\.venv-ai\Lib\site-packages\rapidocr\models\ch_ptocr_mobile_v2.0_cls_mobile.pth[0m
[32m[INFO] 2026-08-31 20:18:56,335 [RapidOCR] base.py:23: Using engine_name: torch[0m
[32m[INFO] 2026-08-31 20:18:56,336 [RapidOCR] device_config.py:64: Using GPU device with ID: 0[0m
[32m[INFO] 2026-08-31 20:18:56,359 [RapidOCR] download_file.py:60: File exists and is valid: D:\Work\research\FileX\.venv-ai\Lib\site-packages\rapidocr\models\PP-OCRv6_rec_small.pth[0m
[32m[INFO] 2026-08-31 20:18:56,359 [RapidOCR] main.py:50: Using D:\Work\research\FileX\.venv-ai\Lib\site-packages\rapidocr\models\PP-OCRv6_rec_small.pth[0m
[32m[INFO] 2026-08-31 20:18:57,628 [RapidOCR] base.py:23: Using engine_name: torch[0m
[32m[INFO] 2026-08-31 20:18:57,629 [RapidOCR] device_config.py:64: Using GPU device with ID: 0[0m
[32m[INFO] 2026-08-31 20:18:57,638 [RapidOCR] download_file.py:60: File exists and is valid: D:\Work\research\FileX\.venv-ai\Lib\site-packages\rapidocr\models\PP-OCRv6_det_small.pth[0m
[32m[INFO] 2026-08-31 20:18:57,639 [RapidOCR] main.py:50: Using D:\Work\research\FileX\.venv-ai\Lib\site-packages\rapidocr\models\PP-OCRv6_det_small.pth[0m
[32m[INFO] 2026-08-31 20:18:57,936 [RapidOCR] base.py:23: Using engine_name: torch[0m
[32m[INFO] 2026-08-31 20:18:57,937 [RapidOCR] device_config.py:64: Using GPU device with ID: 0[0m
[32m[INFO] 2026-08-31 20:18:57,938 [RapidOCR] download_file.py:60: File exists and is valid: D:\Work\research\FileX\.venv-ai\Lib\site-packages\rapidocr\models\ch_ptocr_mobile_v2.0_cls_mobile.pth[0m
[32m[INFO] 2026-08-31 20:18:57,938 [RapidOCR] main.py:50: Using D:\Work\research\FileX\.venv-ai\Lib\site-packages\rapidocr\models\ch_ptocr_mobile_v2.0_cls_mobile.pth[0m
[32m[INFO] 2026-08-31 20:18:58,124 [RapidOCR] base.py:23: Using engine_name: torch[0m
[32m[INFO] 2026-08-31 20:18:58,126 [RapidOCR] device_config.py:64: Using GPU device with ID: 0[0m
[32m[INFO] 2026-08-31 20:18:58,147 [RapidOCR] download_file.py:60: File exists and is valid: D:\Work\research\FileX\.venv-ai\Lib\site-packages\rapidocr\models\PP-OCRv6_rec_small.pth[0m
[32m[INFO] 2026-08-31 20:18:58,147 [RapidOCR] main.py:50: Using D:\Work\research\FileX\.venv-ai\Lib\site-packages\rapidocr\models\PP-OCRv6_rec_small.pth[0m
[32m[INFO] 2026-08-31 20:18:59,417 [RapidOCR] base.py:23: Using engine_name: torch[0m
[32m[INFO] 2026-08-31 20:18:59,418 [RapidOCR] device_config.py:64: Using GPU device with ID: 0[0m
[32m[INFO] 2026-08-31 20:18:59,429 [RapidOCR] download_file.py:60: File exists and is valid: D:\Work\research\FileX\.venv-ai\Lib\site-packages\rapidocr\models\PP-OCRv6_det_small.pth[0m
[32m[INFO] 2026-08-31 20:18:59,429 [RapidOCR] main.py:50: Using D:\Work\research\FileX\.venv-ai\Lib\site-packages\rapidocr\models\PP-OCRv6_det_small.pth[0m
[32m[INFO] 2026-08-31 20:18:59,762 [RapidOCR] base.py:23: Using engine_name: torch[0m
[32m[INFO] 2026-08-31 20:18:59,763 [RapidOCR] device_config.py:64: Using GPU device with ID: 0[0m
[32m[INFO] 2026-08-31 20:18:59,764 [RapidOCR] download_file.py:60: File exists and is valid: D:\Work\research\FileX\.venv-ai\Lib\site-packages\rapidocr\models\ch_ptocr_mobile_v2.0_cls_mobile.pth[0m
[32m[INFO] 2026-08-31 20:18:59,764 [RapidOCR] main.py:50: Using D:\Work\research\FileX\.venv-ai\Lib\site-packages\rapidocr\models\ch_ptocr_mobile_v2.0_cls_mobile.pth[0m
[32m[INFO] 2026-08-31 20:18:59,946 [RapidOCR] base.py:23: Using engine_name: torch[0m
[32m[INFO] 2026-08-31 20:18:59,947 [RapidOCR] device_config.py:64: Using GPU device with ID: 0[0m
[32m[INFO] 2026-08-31 20:18:59,968 [RapidOCR] download_file.py:60: File exists and is valid: D:\Work\research\FileX\.venv-ai\Lib\site-packages\rapidocr\models\PP-OCRv6_rec_small.pth[0m
[32m[INFO] 2026-08-31 20:18:59,968 [RapidOCR] main.py:50: Using D:\Work\research\FileX\.venv-ai\Lib\site-packages\rapidocr\models\PP-OCRv6_rec_small.pth[0m
[32m[INFO] 2026-08-31 20:19:01,198 [RapidOCR] base.py:23: Using engine_name: torch[0m
[32m[INFO] 2026-08-31 20:19:01,199 [RapidOCR] device_config.py:64: Using GPU device with ID: 0[0m
[32m[INFO] 2026-08-31 20:19:01,211 [RapidOCR] download_file.py:60: File exists and is valid: D:\Work\research\FileX\.venv-ai\Lib\site-packages\rapidocr\models\PP-OCRv6_det_small.pth[0m
[32m[INFO] 2026-08-31 20:19:01,211 [RapidOCR] main.py:50: Using D:\Work\research\FileX\.venv-ai\Lib\site-packages\rapidocr\models\PP-OCRv6_det_small.pth[0m
[32m[INFO] 2026-08-31 20:19:01,811 [RapidOCR] base.py:23: Using engine_name: torch[0m
[32m[INFO] 2026-08-31 20:19:01,812 [RapidOCR] device_config.py:64: Using GPU device with ID: 0[0m
[32m[INFO] 2026-08-31 20:19:01,814 [RapidOCR] download_file.py:60: File exists and is valid: D:\Work\research\FileX\.venv-ai\Lib\site-packages\rapidocr\models\ch_ptocr_mobile_v2.0_cls_mobile.pth[0m
[32m[INFO] 2026-08-31 20:19:01,814 [RapidOCR] main.py:50: Using D:\Work\research\FileX\.venv-ai\Lib\site-packages\rapidocr\models\ch_ptocr_mobile_v2.0_cls_mobile.pth[0m
[32m[INFO] 2026-08-31 20:19:01,985 [RapidOCR] base.py:23: Using engine_name: torch[0m
[32m[INFO] 2026-08-31 20:19:01,985 [RapidOCR] device_config.py:64: Using GPU device with ID: 0[0m
[32m[INFO] 2026-08-31 20:19:02,005 [RapidOCR] download_file.py:60: File exists and is valid: D:\Work\research\FileX\.venv-ai\Lib\site-packages\rapidocr\models\PP-OCRv6_rec_small.pth[0m
[32m[INFO] 2026-08-31 20:19:02,005 [RapidOCR] main.py:50: Using D:\Work\research\FileX\.venv-ai\Lib\site-packages\rapidocr\models\PP-OCRv6_rec_small.pth[0m
[32m[INFO] 2026-08-31 20:19:03,221 [RapidOCR] base.py:23: Using engine_name: torch[0m
[32m[INFO] 2026-08-31 20:19:03,223 [RapidOCR] device_config.py:64: Using GPU device with ID: 0[0m
[32m[INFO] 2026-08-31 20:19:03,240 [RapidOCR] download_file.py:60: File exists and is valid: D:\Work\research\FileX\.venv-ai\Lib\site-packages\rapidocr\models\PP-OCRv6_det_small.pth[0m
[32m[INFO] 2026-08-31 20:19:03,240 [RapidOCR] main.py:50: Using D:\Work\research\FileX\.venv-ai\Lib\site-packages\rapidocr\models\PP-OCRv6_det_small.pth[0m
[32m[INFO] 2026-08-31 20:19:03,553 [RapidOCR] base.py:23: Using engine_name: torch[0m
[32m[INFO] 2026-08-31 20:19:03,553 [RapidOCR] device_config.py:64: Using GPU device with ID: 0[0m
[32m[INFO] 2026-08-31 20:19:03,555 [RapidOCR] download_file.py:60: File exists and is valid: D:\Work\research\FileX\.venv-ai\Lib\site-packages\rapidocr\models\ch_ptocr_mobile_v2.0_cls_mobile.pth[0m
[32m[INFO] 2026-08-31 20:19:03,555 [RapidOCR] main.py:50: Using D:\Work\research\FileX\.venv-ai\Lib\site-packages\rapidocr\models\ch_ptocr_mobile_v2.0_cls_mobile.pth[0m
[32m[INFO] 2026-08-31 20:19:03,730 [RapidOCR] base.py:23: Using engine_name: torch[0m
[32m[INFO] 2026-08-31 20:19:03,732 [RapidOCR] device_config.py:64: Using GPU device with ID: 0[0m
[32m[INFO] 2026-08-31 20:19:03,752 [RapidOCR] download_file.py:60: File exists and is valid: D:\Work\research\FileX\.venv-ai\Lib\site-packages\rapidocr\models\PP-OCRv6_rec_small.pth[0m
[32m[INFO] 2026-08-31 20:19:03,753 [RapidOCR] main.py:50: Using D:\Work\research\FileX\.venv-ai\Lib\site-packages\rapidocr\models\PP-OCRv6_rec_small.pth[0m
[32m[INFO] 2026-08-31 20:19:04,958 [RapidOCR] base.py:23: Using engine_name: torch[0m
[32m[INFO] 2026-08-31 20:19:04,959 [RapidOCR] device_config.py:64: Using GPU device with ID: 0[0m
[32m[INFO] 2026-08-31 20:19:04,968 [RapidOCR] download_file.py:60: File exists and is valid: D:\Work\research\FileX\.venv-ai\Lib\site-packages\rapidocr\models\PP-OCRv6_det_small.pth[0m
[32m[INFO] 2026-08-31 20:19:04,969 [RapidOCR] main.py:50: Using D:\Work\research\FileX\.venv-ai\Lib\site-packages\rapidocr\models\PP-OCRv6_det_small.pth[0m
[32m[INFO] 2026-08-31 20:19:05,364 [RapidOCR] base.py:23: Using engine_name: torch[0m
[32m[INFO] 2026-08-31 20:19:05,364 [RapidOCR] device_config.py:64: Using GPU device with ID: 0[0m
[32m[INFO] 2026-08-31 20:19:05,366 [RapidOCR] download_file.py:60: File exists and is valid: D:\Work\research\FileX\.venv-ai\Lib\site-packages\rapidocr\models\ch_ptocr_mobile_v2.0_cls_mobile.pth[0m
[32m[INFO] 2026-08-31 20:19:05,366 [RapidOCR] main.py:50: Using D:\Work\research\FileX\.venv-ai\Lib\site-packages\rapidocr\models\ch_ptocr_mobile_v2.0_cls_mobile.pth[0m
[32m[INFO] 2026-08-31 20:19:05,631 [RapidOCR] base.py:23: Using engine_name: torch[0m
[32m[INFO] 2026-08-31 20:19:05,632 [RapidOCR] device_config.py:64: Using GPU device with ID: 0[0m
[32m[INFO] 2026-08-31 20:19:05,665 [RapidOCR] download_file.py:60: File exists and is valid: D:\Work\research\FileX\.venv-ai\Lib\site-packages\rapidocr\models\PP-OCRv6_rec_small.pth[0m
[32m[INFO] 2026-08-31 20:19:05,665 [RapidOCR] main.py:50: Using D:\Work\research\FileX\.venv-ai\Lib\site-packages\rapidocr\models\PP-OCRv6_rec_small.pth[0m
[32m[INFO] 2026-08-31 20:19:07,203 [RapidOCR] base.py:23: Using engine_name: torch[0m
[32m[INFO] 2026-08-31 20:19:07,203 [RapidOCR] device_config.py:64: Using GPU device with ID: 0[0m
[32m[INFO] 2026-08-31 20:19:07,214 [RapidOCR] download_file.py:60: File exists and is valid: D:\Work\research\FileX\.venv-ai\Lib\site-packages\rapidocr\models\PP-OCRv6_det_small.pth[0m
[32m[INFO] 2026-08-31 20:19:07,215 [RapidOCR] main.py:50: Using D:\Work\research\FileX\.venv-ai\Lib\site-packages\rapidocr\models\PP-OCRv6_det_small.pth[0m
[32m[INFO] 2026-08-31 20:19:07,803 [RapidOCR] base.py:23: Using engine_name: torch[0m
[32m[INFO] 2026-08-31 20:19:07,805 [RapidOCR] device_config.py:64: Using GPU device with ID: 0[0m
[32m[INFO] 2026-08-31 20:19:07,806 [RapidOCR] download_file.py:60: File exists and is valid: D:\Work\research\FileX\.venv-ai\Lib\site-packages\rapidocr\models\ch_ptocr_mobile_v2.0_cls_mobile.pth[0m
[32m[INFO] 2026-08-31 20:19:07,806 [RapidOCR] main.py:50: Using D:\Work\research\FileX\.venv-ai\Lib\site-packages\rapidocr\models\ch_ptocr_mobile_v2.0_cls_mobile.pth[0m
[32m[INFO] 2026-08-31 20:19:08,005 [RapidOCR] base.py:23: Using engine_name: torch[0m
[32m[INFO] 2026-08-31 20:19:08,006 [RapidOCR] device_config.py:64: Using GPU device with ID: 0[0m
[32m[INFO] 2026-08-31 20:19:08,028 [RapidOCR] download_file.py:60: File exists and is valid: D:\Work\research\FileX\.venv-ai\Lib\site-packages\rapidocr\models\PP-OCRv6_rec_small.pth[0m
[32m[INFO] 2026-08-31 20:19:08,028 [RapidOCR] main.py:50: Using D:\Work\research\FileX\.venv-ai\Lib\site-packages\rapidocr\models\PP-OCRv6_rec_small.pth[0m
[32m[INFO] 2026-08-31 20:19:09,484 [RapidOCR] base.py:23: Using engine_name: torch[0m
[32m[INFO] 2026-08-31 20:19:09,485 [RapidOCR] device_config.py:64: Using GPU device with ID: 0[0m
[32m[INFO] 2026-08-31 20:19:09,508 [RapidOCR] download_file.py:60: File exists and is valid: D:\Work\research\FileX\.venv-ai\Lib\site-packages\rapidocr\models\PP-OCRv6_det_small.pth[0m
[32m[INFO] 2026-08-31 20:19:09,508 [RapidOCR] main.py:50: Using D:\Work\research\FileX\.venv-ai\Lib\site-packages\rapidocr\models\PP-OCRv6_det_small.pth[0m
[32m[INFO] 2026-08-31 20:19:09,818 [RapidOCR] base.py:23: Using engine_name: torch[0m
[32m[INFO] 2026-08-31 20:19:09,818 [RapidOCR] device_config.py:64: Using GPU device with ID: 0[0m
[32m[INFO] 2026-08-31 20:19:09,819 [RapidOCR] download_file.py:60: File exists and is valid: D:\Work\research\FileX\.venv-ai\Lib\site-packages\rapidocr\models\ch_ptocr_mobile_v2.0_cls_mobile.pth[0m
[32m[INFO] 2026-08-31 20:19:09,820 [RapidOCR] main.py:50: Using D:\Work\research\FileX\.venv-ai\Lib\site-packages\rapidocr\models\ch_ptocr_mobile_v2.0_cls_mobile.pth[0m
[32m[INFO] 2026-08-31 20:19:09,998 [RapidOCR] base.py:23: Using engine_name: torch[0m
[32m[INFO] 2026-08-31 20:19:09,999 [RapidOCR] device_config.py:64: Using GPU device with ID: 0[0m
[32m[INFO] 2026-08-31 20:19:10,026 [RapidOCR] download_file.py:60: File exists and is valid: D:\Work\research\FileX\.venv-ai\Lib\site-packages\rapidocr\models\PP-OCRv6_rec_small.pth[0m
[32m[INFO] 2026-08-31 20:19:10,027 [RapidOCR] main.py:50: Using D:\Work\research\FileX\.venv-ai\Lib\site-packages\rapidocr\models\PP-OCRv6_rec_small.pth[0m
[32m[INFO] 2026-08-31 20:19:11,511 [RapidOCR] base.py:23: Using engine_name: torch[0m
[32m[INFO] 2026-08-31 20:19:11,511 [RapidOCR] device_config.py:64: Using GPU device with ID: 0[0m
[32m[INFO] 2026-08-31 20:19:11,522 [RapidOCR] download_file.py:60: File exists and is valid: D:\Work\research\FileX\.venv-ai\Lib\site-packages\rapidocr\models\PP-OCRv6_det_small.pth[0m
[32m[INFO] 2026-08-31 20:19:11,523 [RapidOCR] main.py:50: Using D:\Work\research\FileX\.venv-ai\Lib\site-packages\rapidocr\models\PP-OCRv6_det_small.pth[0m
[32m[INFO] 2026-08-31 20:19:11,908 [RapidOCR] base.py:23: Using engine_name: torch[0m
[32m[INFO] 2026-08-31 20:19:11,909 [RapidOCR] device_config.py:64: Using GPU device with ID: 0[0m
[32m[INFO] 2026-08-31 20:19:11,910 [RapidOCR] download_file.py:60: File exists and is valid: D:\Work\research\FileX\.venv-ai\Lib\site-packages\rapidocr\models\ch_ptocr_mobile_v2.0_cls_mobile.pth[0m
[32m[INFO] 2026-08-31 20:19:11,910 [RapidOCR] main.py:50: Using D:\Work\research\FileX\.venv-ai\Lib\site-packages\rapidocr\models\ch_ptocr_mobile_v2.0_cls_mobile.pth[0m
[32m[INFO] 2026-08-31 20:19:12,172 [RapidOCR] base.py:23: Using engine_name: torch[0m
[32m[INFO] 2026-08-31 20:19:12,174 [RapidOCR] device_config.py:64: Using GPU device with ID: 0[0m
[32m[INFO] 2026-08-31 20:19:12,207 [RapidOCR] download_file.py:60: File exists and is valid: D:\Work\research\FileX\.venv-ai\Lib\site-packages\rapidocr\models\PP-OCRv6_rec_small.pth[0m
[32m[INFO] 2026-08-31 20:19:12,207 [RapidOCR] main.py:50: Using D:\Work\research\FileX\.venv-ai\Lib\site-packages\rapidocr\models\PP-OCRv6_rec_small.pth[0m
{"config": "docling-def", "doc": "escaneado_d5a", "ppp_nativo": 90, "ppp": 90, "factor": 1.0, "png": "ppp090__escaneado_d5a.png", "png_identify": "582x801 35.429999999999999716,35.429999999999999716 PixelsPerCentimeter", "preflight": {"vram_libre_mib": 8740, "mpx_actual": 0.466, "mpx_pendiente_ordenada": 0}, "entrada": "PDF via Docling; scale explicita", "dispositivo": "GPU CUDA", "rc": [1, 1, 1, 1, 1, 1, 1, 1, 1], "error": ["FileNotFoundError: [WinError 3] El sistema no puede encontrar la ruta especificada: '\\\\\\\\?\\\\\\\\wsl.localhost\\\\Ubuntu\\\\'", "FileNotFoundError: [WinError 3] El sistema no puede encontrar la ruta especificada: '\\\\\\\\?\\\\\\\\wsl.localhost\\\\Ubuntu\\\\'", "FileNotFoundError: [WinError 3] El sistema no puede encontrar la ruta especificada: '\\\\\\\\?\\\\\\\\wsl.localhost\\\\Ubuntu\\\\'", "FileNotFoundError: [WinError 3] El sistema no puede encontrar la ruta especificada: '\\\\\\\\?\\\\\\\\wsl.localhost\\\\Ubuntu\\\\'", "FileNotFoundError: [WinError 3] El sistema no puede encontrar la ruta especificada: '\\\\\\\\?\\\\\\\\wsl.localhost\\\\Ubuntu\\\\'", "FileNotFoundError: [WinError 3] El sistema no puede encontrar la ruta especificada: '\\\\\\\\?\\\\\\\\wsl.localhost\\\\Ubuntu\\\\'", "FileNotFoundError: [WinError 3] El sistema no puede encontrar la ruta especificada: '\\\\\\\\?\\\\\\\\wsl.localhost\\\\Ubuntu\\\\'", "FileNotFoundError: [WinError 3] El sistema no puede encontrar la ruta especificada: '\\\\\\\\?\\\\\\\\wsl.localhost\\\\Ubuntu\\\\'", "FileNotFoundError: [WinError 3] El sistema no puede encontrar la ruta especificada: '\\\\\\\\?\\\\\\\\wsl.localhost\\\\Ubuntu\\\\'"], "n": 9, "ms_mediana": 2033.6, "determinista": true, "metrica": "acentos", "cer_pct": 100.0, "cer_acentos_pct": 100.0, "cer_ciego_pct": 100.0, "dist_acentos": 596, "texto": "docling-def__ppp090__escaneado_d5a.txt"}
[32m[INFO] 2026-08-31 20:19:13,655 [RapidOCR] base.py:23: Using engine_name: torch[0m
[32m[INFO] 2026-08-31 20:19:13,656 [RapidOCR] device_config.py:64: Using GPU device with ID: 0[0m
[32m[INFO] 2026-08-31 20:19:13,667 [RapidOCR] download_file.py:60: File exists and is valid: D:\Work\research\FileX\.venv-ai\Lib\site-packages\rapidocr\models\PP-OCRv6_det_small.pth[0m
[32m[INFO] 2026-08-31 20:19:13,667 [RapidOCR] main.py:50: Using D:\Work\research\FileX\.venv-ai\Lib\site-packages\rapidocr\models\PP-OCRv6_det_small.pth[0m
[32m[INFO] 2026-08-31 20:19:13,997 [RapidOCR] base.py:23: Using engine_name: torch[0m
[32m[INFO] 2026-08-31 20:19:13,998 [RapidOCR] device_config.py:64: Using GPU device with ID: 0[0m
[32m[INFO] 2026-08-31 20:19:14,000 [RapidOCR] download_file.py:60: File exists and is valid: D:\Work\research\FileX\.venv-ai\Lib\site-packages\rapidocr\models\ch_ptocr_mobile_v2.0_cls_mobile.pth[0m
[32m[INFO] 2026-08-31 20:19:14,000 [RapidOCR] main.py:50: Using D:\Work\research\FileX\.venv-ai\Lib\site-packages\rapidocr\models\ch_ptocr_mobile_v2.0_cls_mobile.pth[0m
[32m[INFO] 2026-08-31 20:19:14,440 [RapidOCR] base.py:23: Using engine_name: torch[0m
[32m[INFO] 2026-08-31 20:19:14,440 [RapidOCR] device_config.py:64: Using GPU device with ID: 0[0m
[32m[INFO] 2026-08-31 20:19:14,460 [RapidOCR] download_file.py:60: File exists and is valid: D:\Work\research\FileX\.venv-ai\Lib\site-packages\rapidocr\models\PP-OCRv6_rec_small.pth[0m
[32m[INFO] 2026-08-31 20:19:14,460 [RapidOCR] main.py:50: Using D:\Work\research\FileX\.venv-ai\Lib\site-packages\rapidocr\models\PP-OCRv6_rec_small.pth[0m
[32m[INFO] 2026-08-31 20:19:15,860 [RapidOCR] base.py:23: Using engine_name: torch[0m
[32m[INFO] 2026-08-31 20:19:15,861 [RapidOCR] device_config.py:64: Using GPU device with ID: 0[0m
[32m[INFO] 2026-08-31 20:19:15,874 [RapidOCR] download_file.py:60: File exists and is valid: D:\Work\research\FileX\.venv-ai\Lib\site-packages\rapidocr\models\PP-OCRv6_det_small.pth[0m
[32m[INFO] 2026-08-31 20:19:15,874 [RapidOCR] main.py:50: Using D:\Work\research\FileX\.venv-ai\Lib\site-packages\rapidocr\models\PP-OCRv6_det_small.pth[0m
[32m[INFO] 2026-08-31 20:19:16,292 [RapidOCR] base.py:23: Using engine_name: torch[0m
[32m[INFO] 2026-08-31 20:19:16,293 [RapidOCR] device_config.py:64: Using GPU device with ID: 0[0m
[32m[INFO] 2026-08-31 20:19:16,295 [RapidOCR] download_file.py:60: File exists and is valid: D:\Work\research\FileX\.venv-ai\Lib\site-packages\rapidocr\models\ch_ptocr_mobile_v2.0_cls_mobile.pth[0m
[32m[INFO] 2026-08-31 20:19:16,296 [RapidOCR] main.py:50: Using D:\Work\research\FileX\.venv-ai\Lib\site-packages\rapidocr\models\ch_ptocr_mobile_v2.0_cls_mobile.pth[0m
[32m[INFO] 2026-08-31 20:19:16,499 [RapidOCR] base.py:23: Using engine_name: torch[0m
[32m[INFO] 2026-08-31 20:19:16,500 [RapidOCR] device_config.py:64: Using GPU device with ID: 0[0m
[32m[INFO] 2026-08-31 20:19:16,525 [RapidOCR] download_file.py:60: File exists and is valid: D:\Work\research\FileX\.venv-ai\Lib\site-packages\rapidocr\models\PP-OCRv6_rec_small.pth[0m
[32m[INFO] 2026-08-31 20:19:16,525 [RapidOCR] main.py:50: Using D:\Work\research\FileX\.venv-ai\Lib\site-packages\rapidocr\models\PP-OCRv6_rec_small.pth[0m
[32m[INFO] 2026-08-31 20:19:17,940 [RapidOCR] base.py:23: Using engine_name: torch[0m
[32m[INFO] 2026-08-31 20:19:17,941 [RapidOCR] device_config.py:64: Using GPU device with ID: 0[0m
[32m[INFO] 2026-08-31 20:19:17,956 [RapidOCR] download_file.py:60: File exists and is valid: D:\Work\research\FileX\.venv-ai\Lib\site-packages\rapidocr\models\PP-OCRv6_det_small.pth[0m
[32m[INFO] 2026-08-31 20:19:17,957 [RapidOCR] main.py:50: Using D:\Work\research\FileX\.venv-ai\Lib\site-packages\rapidocr\models\PP-OCRv6_det_small.pth[0m
[32m[INFO] 2026-08-31 20:19:18,303 [RapidOCR] base.py:23: Using engine_name: torch[0m
[32m[INFO] 2026-08-31 20:19:18,303 [RapidOCR] device_config.py:64: Using GPU device with ID: 0[0m
[32m[INFO] 2026-08-31 20:19:18,305 [RapidOCR] download_file.py:60: File exists and is valid: D:\Work\research\FileX\.venv-ai\Lib\site-packages\rapidocr\models\ch_ptocr_mobile_v2.0_cls_mobile.pth[0m
[32m[INFO] 2026-08-31 20:19:18,305 [RapidOCR] main.py:50: Using D:\Work\research\FileX\.venv-ai\Lib\site-packages\rapidocr\models\ch_ptocr_mobile_v2.0_cls_mobile.pth[0m
[32m[INFO] 2026-08-31 20:19:18,519 [RapidOCR] base.py:23: Using engine_name: torch[0m
[32m[INFO] 2026-08-31 20:19:18,520 [RapidOCR] device_config.py:64: Using GPU device with ID: 0[0m
[32m[INFO] 2026-08-31 20:19:18,541 [RapidOCR] download_file.py:60: File exists and is valid: D:\Work\research\FileX\.venv-ai\Lib\site-packages\rapidocr\models\PP-OCRv6_rec_small.pth[0m
[32m[INFO] 2026-08-31 20:19:18,541 [RapidOCR] main.py:50: Using D:\Work\research\FileX\.venv-ai\Lib\site-packages\rapidocr\models\PP-OCRv6_rec_small.pth[0m
[32m[INFO] 2026-08-31 20:19:19,898 [RapidOCR] base.py:23: Using engine_name: torch[0m
[32m[INFO] 2026-08-31 20:19:19,899 [RapidOCR] device_config.py:64: Using GPU device with ID: 0[0m
[32m[INFO] 2026-08-31 20:19:19,911 [RapidOCR] download_file.py:60: File exists and is valid: D:\Work\research\FileX\.venv-ai\Lib\site-packages\rapidocr\models\PP-OCRv6_det_small.pth[0m
[32m[INFO] 2026-08-31 20:19:19,912 [RapidOCR] main.py:50: Using D:\Work\research\FileX\.venv-ai\Lib\site-packages\rapidocr\models\PP-OCRv6_det_small.pth[0m
[32m[INFO] 2026-08-31 20:19:20,285 [RapidOCR] base.py:23: Using engine_name: torch[0m
[32m[INFO] 2026-08-31 20:19:20,286 [RapidOCR] device_config.py:64: Using GPU device with ID: 0[0m
[32m[INFO] 2026-08-31 20:19:20,287 [RapidOCR] download_file.py:60: File exists and is valid: D:\Work\research\FileX\.venv-ai\Lib\site-packages\rapidocr\models\ch_ptocr_mobile_v2.0_cls_mobile.pth[0m
[32m[INFO] 2026-08-31 20:19:20,288 [RapidOCR] main.py:50: Using D:\Work\research\FileX\.venv-ai\Lib\site-packages\rapidocr\models\ch_ptocr_mobile_v2.0_cls_mobile.pth[0m
[32m[INFO] 2026-08-31 20:19:20,477 [RapidOCR] base.py:23: Using engine_name: torch[0m
[32m[INFO] 2026-08-31 20:19:20,478 [RapidOCR] device_config.py:64: Using GPU device with ID: 0[0m
[32m[INFO] 2026-08-31 20:19:20,499 [RapidOCR] download_file.py:60: File exists and is valid: D:\Work\research\FileX\.venv-ai\Lib\site-packages\rapidocr\models\PP-OCRv6_rec_small.pth[0m
[32m[INFO] 2026-08-31 20:19:20,499 [RapidOCR] main.py:50: Using D:\Work\research\FileX\.venv-ai\Lib\site-packages\rapidocr\models\PP-OCRv6_rec_small.pth[0m
[32m[INFO] 2026-08-31 20:19:21,922 [RapidOCR] base.py:23: Using engine_name: torch[0m
[32m[INFO] 2026-08-31 20:19:21,922 [RapidOCR] device_config.py:64: Using GPU device with ID: 0[0m
[32m[INFO] 2026-08-31 20:19:21,932 [RapidOCR] download_file.py:60: File exists and is valid: D:\Work\research\FileX\.venv-ai\Lib\site-packages\rapidocr\models\PP-OCRv6_det_small.pth[0m
[32m[INFO] 2026-08-31 20:19:21,932 [RapidOCR] main.py:50: Using D:\Work\research\FileX\.venv-ai\Lib\site-packages\rapidocr\models\PP-OCRv6_det_small.pth[0m
[32m[INFO] 2026-08-31 20:19:22,237 [RapidOCR] base.py:23: Using engine_name: torch[0m
[32m[INFO] 2026-08-31 20:19:22,238 [RapidOCR] device_config.py:64: Using GPU device with ID: 0[0m
[32m[INFO] 2026-08-31 20:19:22,240 [RapidOCR] download_file.py:60: File exists and is valid: D:\Work\research\FileX\.venv-ai\Lib\site-packages\rapidocr\models\ch_ptocr_mobile_v2.0_cls_mobile.pth[0m
[32m[INFO] 2026-08-31 20:19:22,240 [RapidOCR] main.py:50: Using D:\Work\research\FileX\.venv-ai\Lib\site-packages\rapidocr\models\ch_ptocr_mobile_v2.0_cls_mobile.pth[0m
[32m[INFO] 2026-08-31 20:19:22,446 [RapidOCR] base.py:23: Using engine_name: torch[0m
[32m[INFO] 2026-08-31 20:19:22,447 [RapidOCR] device_config.py:64: Using GPU device with ID: 0[0m
[32m[INFO] 2026-08-31 20:19:22,469 [RapidOCR] download_file.py:60: File exists and is valid: D:\Work\research\FileX\.venv-ai\Lib\site-packages\rapidocr\models\PP-OCRv6_rec_small.pth[0m
[32m[INFO] 2026-08-31 20:19:22,470 [RapidOCR] main.py:50: Using D:\Work\research\FileX\.venv-ai\Lib\site-packages\rapidocr\models\PP-OCRv6_rec_small.pth[0m
[32m[INFO] 2026-08-31 20:19:23,672 [RapidOCR] base.py:23: Using engine_name: torch[0m
[32m[INFO] 2026-08-31 20:19:23,672 [RapidOCR] device_config.py:64: Using GPU device with ID: 0[0m
[32m[INFO] 2026-08-31 20:19:23,683 [RapidOCR] download_file.py:60: File exists and is valid: D:\Work\research\FileX\.venv-ai\Lib\site-packages\rapidocr\models\PP-OCRv6_det_small.pth[0m
[32m[INFO] 2026-08-31 20:19:23,683 [RapidOCR] main.py:50: Using D:\Work\research\FileX\.venv-ai\Lib\site-packages\rapidocr\models\PP-OCRv6_det_small.pth[0m
[32m[INFO] 2026-08-31 20:19:23,989 [RapidOCR] base.py:23: Using engine_name: torch[0m
[32m[INFO] 2026-08-31 20:19:23,990 [RapidOCR] device_config.py:64: Using GPU device with ID: 0[0m
[32m[INFO] 2026-08-31 20:19:23,992 [RapidOCR] download_file.py:60: File exists and is valid: D:\Work\research\FileX\.venv-ai\Lib\site-packages\rapidocr\models\ch_ptocr_mobile_v2.0_cls_mobile.pth[0m
[32m[INFO] 2026-08-31 20:19:23,992 [RapidOCR] main.py:50: Using D:\Work\research\FileX\.venv-ai\Lib\site-packages\rapidocr\models\ch_ptocr_mobile_v2.0_cls_mobile.pth[0m
[32m[INFO] 2026-08-31 20:19:24,209 [RapidOCR] base.py:23: Using engine_name: torch[0m
[32m[INFO] 2026-08-31 20:19:24,211 [RapidOCR] device_config.py:64: Using GPU device with ID: 0[0m
[32m[INFO] 2026-08-31 20:19:24,238 [RapidOCR] download_file.py:60: File exists and is valid: D:\Work\research\FileX\.venv-ai\Lib\site-packages\rapidocr\models\PP-OCRv6_rec_small.pth[0m
[32m[INFO] 2026-08-31 20:19:24,238 [RapidOCR] main.py:50: Using D:\Work\research\FileX\.venv-ai\Lib\site-packages\rapidocr\models\PP-OCRv6_rec_small.pth[0m
[32m[INFO] 2026-08-31 20:19:25,614 [RapidOCR] base.py:23: Using engine_name: torch[0m
[32m[INFO] 2026-08-31 20:19:25,615 [RapidOCR] device_config.py:64: Using GPU device with ID: 0[0m
[32m[INFO] 2026-08-31 20:19:25,625 [RapidOCR] download_file.py:60: File exists and is valid: D:\Work\research\FileX\.venv-ai\Lib\site-packages\rapidocr\models\PP-OCRv6_det_small.pth[0m
[32m[INFO] 2026-08-31 20:19:25,626 [RapidOCR] main.py:50: Using D:\Work\research\FileX\.venv-ai\Lib\site-packages\rapidocr\models\PP-OCRv6_det_small.pth[0m
[32m[INFO] 2026-08-31 20:19:25,933 [RapidOCR] base.py:23: Using engine_name: torch[0m
[32m[INFO] 2026-08-31 20:19:25,934 [RapidOCR] device_config.py:64: Using GPU device with ID: 0[0m
[32m[INFO] 2026-08-31 20:19:25,935 [RapidOCR] download_file.py:60: File exists and is valid: D:\Work\research\FileX\.venv-ai\Lib\site-packages\rapidocr\models\ch_ptocr_mobile_v2.0_cls_mobile.pth[0m
[32m[INFO] 2026-08-31 20:19:25,935 [RapidOCR] main.py:50: Using D:\Work\research\FileX\.venv-ai\Lib\site-packages\rapidocr\models\ch_ptocr_mobile_v2.0_cls_mobile.pth[0m
[32m[INFO] 2026-08-31 20:19:26,114 [RapidOCR] base.py:23: Using engine_name: torch[0m
[32m[INFO] 2026-08-31 20:19:26,115 [RapidOCR] device_config.py:64: Using GPU device with ID: 0[0m
[32m[INFO] 2026-08-31 20:19:26,137 [RapidOCR] download_file.py:60: File exists and is valid: D:\Work\research\FileX\.venv-ai\Lib\site-packages\rapidocr\models\PP-OCRv6_rec_small.pth[0m
[32m[INFO] 2026-08-31 20:19:26,137 [RapidOCR] main.py:50: Using D:\Work\research\FileX\.venv-ai\Lib\site-packages\rapidocr\models\PP-OCRv6_rec_small.pth[0m
[32m[INFO] 2026-08-31 20:19:27,522 [RapidOCR] base.py:23: Using engine_name: torch[0m
[32m[INFO] 2026-08-31 20:19:27,523 [RapidOCR] device_config.py:64: Using GPU device with ID: 0[0m
[32m[INFO] 2026-08-31 20:19:27,532 [RapidOCR] download_file.py:60: File exists and is valid: D:\Work\research\FileX\.venv-ai\Lib\site-packages\rapidocr\models\PP-OCRv6_det_small.pth[0m
[32m[INFO] 2026-08-31 20:19:27,533 [RapidOCR] main.py:50: Using D:\Work\research\FileX\.venv-ai\Lib\site-packages\rapidocr\models\PP-OCRv6_det_small.pth[0m
[32m[INFO] 2026-08-31 20:19:27,794 [RapidOCR] base.py:23: Using engine_name: torch[0m
[32m[INFO] 2026-08-31 20:19:27,795 [RapidOCR] device_config.py:64: Using GPU device with ID: 0[0m
[32m[INFO] 2026-08-31 20:19:27,796 [RapidOCR] download_file.py:60: File exists and is valid: D:\Work\research\FileX\.venv-ai\Lib\site-packages\rapidocr\models\ch_ptocr_mobile_v2.0_cls_mobile.pth[0m
[32m[INFO] 2026-08-31 20:19:27,797 [RapidOCR] main.py:50: Using D:\Work\research\FileX\.venv-ai\Lib\site-packages\rapidocr\models\ch_ptocr_mobile_v2.0_cls_mobile.pth[0m
[32m[INFO] 2026-08-31 20:19:27,979 [RapidOCR] base.py:23: Using engine_name: torch[0m
[32m[INFO] 2026-08-31 20:19:27,980 [RapidOCR] device_config.py:64: Using GPU device with ID: 0[0m
[32m[INFO] 2026-08-31 20:19:28,002 [RapidOCR] download_file.py:60: File exists and is valid: D:\Work\research\FileX\.venv-ai\Lib\site-packages\rapidocr\models\PP-OCRv6_rec_small.pth[0m
[32m[INFO] 2026-08-31 20:19:28,002 [RapidOCR] main.py:50: Using D:\Work\research\FileX\.venv-ai\Lib\site-packages\rapidocr\models\PP-OCRv6_rec_small.pth[0m
[32m[INFO] 2026-08-31 20:19:29,417 [RapidOCR] base.py:23: Using engine_name: torch[0m
[32m[INFO] 2026-08-31 20:19:29,418 [RapidOCR] device_config.py:64: Using GPU device with ID: 0[0m
[32m[INFO] 2026-08-31 20:19:29,431 [RapidOCR] download_file.py:60: File exists and is valid: D:\Work\research\FileX\.venv-ai\Lib\site-packages\rapidocr\models\PP-OCRv6_det_small.pth[0m
[32m[INFO] 2026-08-31 20:19:29,431 [RapidOCR] main.py:50: Using D:\Work\research\FileX\.venv-ai\Lib\site-packages\rapidocr\models\PP-OCRv6_det_small.pth[0m
[32m[INFO] 2026-08-31 20:19:29,792 [RapidOCR] base.py:23: Using engine_name: torch[0m
[32m[INFO] 2026-08-31 20:19:29,793 [RapidOCR] device_config.py:64: Using GPU device with ID: 0[0m
[32m[INFO] 2026-08-31 20:19:29,794 [RapidOCR] download_file.py:60: File exists and is valid: D:\Work\research\FileX\.venv-ai\Lib\site-packages\rapidocr\models\ch_ptocr_mobile_v2.0_cls_mobile.pth[0m
[32m[INFO] 2026-08-31 20:19:29,794 [RapidOCR] main.py:50: Using D:\Work\research\FileX\.venv-ai\Lib\site-packages\rapidocr\models\ch_ptocr_mobile_v2.0_cls_mobile.pth[0m
[32m[INFO] 2026-08-31 20:19:30,095 [RapidOCR] base.py:23: Using engine_name: torch[0m
[32m[INFO] 2026-08-31 20:19:30,096 [RapidOCR] device_config.py:64: Using GPU device with ID: 0[0m
[32m[INFO] 2026-08-31 20:19:30,122 [RapidOCR] download_file.py:60: File exists and is valid: D:\Work\research\FileX\.venv-ai\Lib\site-packages\rapidocr\models\PP-OCRv6_rec_small.pth[0m
[32m[INFO] 2026-08-31 20:19:30,122 [RapidOCR] main.py:50: Using D:\Work\research\FileX\.venv-ai\Lib\site-packages\rapidocr\models\PP-OCRv6_rec_small.pth[0m
[32m[INFO] 2026-08-31 20:19:31,526 [RapidOCR] base.py:23: Using engine_name: torch[0m
[32m[INFO] 2026-08-31 20:19:31,526 [RapidOCR] device_config.py:64: Using GPU device with ID: 0[0m
[32m[INFO] 2026-08-31 20:19:31,538 [RapidOCR] download_file.py:60: File exists and is valid: D:\Work\research\FileX\.venv-ai\Lib\site-packages\rapidocr\models\PP-OCRv6_det_small.pth[0m
[32m[INFO] 2026-08-31 20:19:31,539 [RapidOCR] main.py:50: Using D:\Work\research\FileX\.venv-ai\Lib\site-packages\rapidocr\models\PP-OCRv6_det_small.pth[0m
[32m[INFO] 2026-08-31 20:19:31,902 [RapidOCR] base.py:23: Using engine_name: torch[0m
[32m[INFO] 2026-08-31 20:19:31,903 [RapidOCR] device_config.py:64: Using GPU device with ID: 0[0m
[32m[INFO] 2026-08-31 20:19:31,905 [RapidOCR] download_file.py:60: File exists and is valid: D:\Work\research\FileX\.venv-ai\Lib\site-packages\rapidocr\models\ch_ptocr_mobile_v2.0_cls_mobile.pth[0m
[32m[INFO] 2026-08-31 20:19:31,905 [RapidOCR] main.py:50: Using D:\Work\research\FileX\.venv-ai\Lib\site-packages\rapidocr\models\ch_ptocr_mobile_v2.0_cls_mobile.pth[0m
[32m[INFO] 2026-08-31 20:19:32,139 [RapidOCR] base.py:23: Using engine_name: torch[0m
[32m[INFO] 2026-08-31 20:19:32,140 [RapidOCR] device_config.py:64: Using GPU device with ID: 0[0m
[32m[INFO] 2026-08-31 20:19:32,166 [RapidOCR] download_file.py:60: File exists and is valid: D:\Work\research\FileX\.venv-ai\Lib\site-packages\rapidocr\models\PP-OCRv6_rec_small.pth[0m
[32m[INFO] 2026-08-31 20:19:32,167 [RapidOCR] main.py:50: Using D:\Work\research\FileX\.venv-ai\Lib\site-packages\rapidocr\models\PP-OCRv6_rec_small.pth[0m
{"config": "docling-def", "doc": "escaneado_d5a", "ppp_nativo": 90, "ppp": 100, "factor": 1.111, "png": "ppp100__escaneado_d5a.png", "png_identify": "647x890 39.369999999999997442,39.369999999999997442 PixelsPerCentimeter", "preflight": {"vram_libre_mib": 8386, "mpx_actual": 0.576, "mpx_pendiente_ordenada": 0}, "entrada": "PDF via Docling; scale explicita", "dispositivo": "GPU CUDA", "rc": [1, 1, 1, 1, 1, 1, 1, 1, 1], "error": ["FileNotFoundError: [WinError 3] El sistema no puede encontrar la ruta especificada: '\\\\\\\\?\\\\\\\\wsl.localhost\\\\Ubuntu\\\\'", "FileNotFoundError: [WinError 3] El sistema no puede encontrar la ruta especificada: '\\\\\\\\?\\\\\\\\wsl.localhost\\\\Ubuntu\\\\'", "FileNotFoundError: [WinError 3] El sistema no puede encontrar la ruta especificada: '\\\\\\\\?\\\\\\\\wsl.localhost\\\\Ubuntu\\\\'", "FileNotFoundError: [WinError 3] El sistema no puede encontrar la ruta especificada: '\\\\\\\\?\\\\\\\\wsl.localhost\\\\Ubuntu\\\\'", "FileNotFoundError: [WinError 3] El sistema no puede encontrar la ruta especificada: '\\\\\\\\?\\\\\\\\wsl.localhost\\\\Ubuntu\\\\'", "FileNotFoundError: [WinError 3] El sistema no puede encontrar la ruta especificada: '\\\\\\\\?\\\\\\\\wsl.localhost\\\\Ubuntu\\\\'", "FileNotFoundError: [WinError 3] El sistema no puede encontrar la ruta especificada: '\\\\\\\\?\\\\\\\\wsl.localhost\\\\Ubuntu\\\\'", "FileNotFoundError: [WinError 3] El sistema no puede encontrar la ruta especificada: '\\\\\\\\?\\\\\\\\wsl.localhost\\\\Ubuntu\\\\'", "FileNotFoundError: [WinError 3] El sistema no puede encontrar la ruta especificada: '\\\\\\\\?\\\\\\\\wsl.localhost\\\\Ubuntu\\\\'"], "n": 9, "ms_mediana": 1957.3, "determinista": true, "metrica": "acentos", "cer_pct": 100.0, "cer_acentos_pct": 100.0, "cer_ciego_pct": 100.0, "dist_acentos": 596, "texto": "docling-def__ppp100__escaneado_d5a.txt"}
[32m[INFO] 2026-08-31 20:19:33,894 [RapidOCR] base.py:23: Using engine_name: torch[0m
[32m[INFO] 2026-08-31 20:19:33,895 [RapidOCR] device_config.py:64: Using GPU device with ID: 0[0m
[32m[INFO] 2026-08-31 20:19:33,906 [RapidOCR] download_file.py:60: File exists and is valid: D:\Work\research\FileX\.venv-ai\Lib\site-packages\rapidocr\models\PP-OCRv6_det_small.pth[0m
[32m[INFO] 2026-08-31 20:19:33,906 [RapidOCR] main.py:50: Using D:\Work\research\FileX\.venv-ai\Lib\site-packages\rapidocr\models\PP-OCRv6_det_small.pth[0m
[32m[INFO] 2026-08-31 20:19:34,202 [RapidOCR] base.py:23: Using engine_name: torch[0m
[32m[INFO] 2026-08-31 20:19:34,203 [RapidOCR] device_config.py:64: Using GPU device with ID: 0[0m
[32m[INFO] 2026-08-31 20:19:34,204 [RapidOCR] download_file.py:60: File exists and is valid: D:\Work\research\FileX\.venv-ai\Lib\site-packages\rapidocr\models\ch_ptocr_mobile_v2.0_cls_mobile.pth[0m
[32m[INFO] 2026-08-31 20:19:34,204 [RapidOCR] main.py:50: Using D:\Work\research\FileX\.venv-ai\Lib\site-packages\rapidocr\models\ch_ptocr_mobile_v2.0_cls_mobile.pth[0m
[32m[INFO] 2026-08-31 20:19:34,403 [RapidOCR] base.py:23: Using engine_name: torch[0m
[32m[INFO] 2026-08-31 20:19:34,404 [RapidOCR] device_config.py:64: Using GPU device with ID: 0[0m
[32m[INFO] 2026-08-31 20:19:34,429 [RapidOCR] download_file.py:60: File exists and is valid: D:\Work\research\FileX\.venv-ai\Lib\site-packages\rapidocr\models\PP-OCRv6_rec_small.pth[0m
[32m[INFO] 2026-08-31 20:19:34,429 [RapidOCR] main.py:50: Using D:\Work\research\FileX\.venv-ai\Lib\site-packages\rapidocr\models\PP-OCRv6_rec_small.pth[0m
[32m[INFO] 2026-08-31 20:19:35,825 [RapidOCR] base.py:23: Using engine_name: torch[0m
[32m[INFO] 2026-08-31 20:19:35,826 [RapidOCR] device_config.py:64: Using GPU device with ID: 0[0m
[32m[INFO] 2026-08-31 20:19:35,837 [RapidOCR] download_file.py:60: File exists and is valid: D:\Work\research\FileX\.venv-ai\Lib\site-packages\rapidocr\models\PP-OCRv6_det_small.pth[0m
[32m[INFO] 2026-08-31 20:19:35,837 [RapidOCR] main.py:50: Using D:\Work\research\FileX\.venv-ai\Lib\site-packages\rapidocr\models\PP-OCRv6_det_small.pth[0m
[32m[INFO] 2026-08-31 20:19:36,134 [RapidOCR] base.py:23: Using engine_name: torch[0m
[32m[INFO] 2026-08-31 20:19:36,135 [RapidOCR] device_config.py:64: Using GPU device with ID: 0[0m
[32m[INFO] 2026-08-31 20:19:36,137 [RapidOCR] download_file.py:60: File exists and is valid: D:\Work\research\FileX\.venv-ai\Lib\site-packages\rapidocr\models\ch_ptocr_mobile_v2.0_cls_mobile.pth[0m
[32m[INFO] 2026-08-31 20:19:36,137 [RapidOCR] main.py:50: Using D:\Work\research\FileX\.venv-ai\Lib\site-packages\rapidocr\models\ch_ptocr_mobile_v2.0_cls_mobile.pth[0m
[32m[INFO] 2026-08-31 20:19:36,324 [RapidOCR] base.py:23: Using engine_name: torch[0m
[32m[INFO] 2026-08-31 20:19:36,325 [RapidOCR] device_config.py:64: Using GPU device with ID: 0[0m
[32m[INFO] 2026-08-31 20:19:36,346 [RapidOCR] download_file.py:60: File exists and is valid: D:\Work\research\FileX\.venv-ai\Lib\site-packages\rapidocr\models\PP-OCRv6_rec_small.pth[0m
[32m[INFO] 2026-08-31 20:19:36,346 [RapidOCR] main.py:50: Using D:\Work\research\FileX\.venv-ai\Lib\site-packages\rapidocr\models\PP-OCRv6_rec_small.pth[0m
[32m[INFO] 2026-08-31 20:19:39,110 [RapidOCR] base.py:23: Using engine_name: torch[0m
[32m[INFO] 2026-08-31 20:19:39,110 [RapidOCR] device_config.py:64: Using GPU device with ID: 0[0m
[32m[INFO] 2026-08-31 20:19:39,120 [RapidOCR] download_file.py:60: File exists and is valid: D:\Work\research\FileX\.venv-ai\Lib\site-packages\rapidocr\models\PP-OCRv6_det_small.pth[0m
[32m[INFO] 2026-08-31 20:19:39,120 [RapidOCR] main.py:50: Using D:\Work\research\FileX\.venv-ai\Lib\site-packages\rapidocr\models\PP-OCRv6_det_small.pth[0m
[32m[INFO] 2026-08-31 20:19:39,460 [RapidOCR] base.py:23: Using engine_name: torch[0m
[32m[INFO] 2026-08-31 20:19:39,461 [RapidOCR] device_config.py:64: Using GPU device with ID: 0[0m
[32m[INFO] 2026-08-31 20:19:39,462 [RapidOCR] download_file.py:60: File exists and is valid: D:\Work\research\FileX\.venv-ai\Lib\site-packages\rapidocr\models\ch_ptocr_mobile_v2.0_cls_mobile.pth[0m
[32m[INFO] 2026-08-31 20:19:39,462 [RapidOCR] main.py:50: Using D:\Work\research\FileX\.venv-ai\Lib\site-packages\rapidocr\models\ch_ptocr_mobile_v2.0_cls_mobile.pth[0m
[32m[INFO] 2026-08-31 20:19:39,636 [RapidOCR] base.py:23: Using engine_name: torch[0m
[32m[INFO] 2026-08-31 20:19:39,636 [RapidOCR] device_config.py:64: Using GPU device with ID: 0[0m
[32m[INFO] 2026-08-31 20:19:39,657 [RapidOCR] download_file.py:60: File exists and is valid: D:\Work\research\FileX\.venv-ai\Lib\site-packages\rapidocr\models\PP-OCRv6_rec_small.pth[0m
[32m[INFO] 2026-08-31 20:19:39,658 [RapidOCR] main.py:50: Using D:\Work\research\FileX\.venv-ai\Lib\site-packages\rapidocr\models\PP-OCRv6_rec_small.pth[0m
[32m[INFO] 2026-08-31 20:19:41,141 [RapidOCR] base.py:23: Using engine_name: torch[0m
[32m[INFO] 2026-08-31 20:19:41,142 [RapidOCR] device_config.py:64: Using GPU device with ID: 0[0m
[32m[INFO] 2026-08-31 20:19:41,155 [RapidOCR] download_file.py:60: File exists and is valid: D:\Work\research\FileX\.venv-ai\Lib\site-packages\rapidocr\models\PP-OCRv6_det_small.pth[0m
[32m[INFO] 2026-08-31 20:19:41,155 [RapidOCR] main.py:50: Using D:\Work\research\FileX\.venv-ai\Lib\site-packages\rapidocr\models\PP-OCRv6_det_small.pth[0m
[32m[INFO] 2026-08-31 20:19:41,773 [RapidOCR] base.py:23: Using engine_name: torch[0m
[32m[INFO] 2026-08-31 20:19:41,773 [RapidOCR] device_config.py:64: Using GPU device with ID: 0[0m
[32m[INFO] 2026-08-31 20:19:41,775 [RapidOCR] download_file.py:60: File exists and is valid: D:\Work\research\FileX\.venv-ai\Lib\site-packages\rapidocr\models\ch_ptocr_mobile_v2.0_cls_mobile.pth[0m
[32m[INFO] 2026-08-31 20:19:41,775 [RapidOCR] main.py:50: Using D:\Work\research\FileX\.venv-ai\Lib\site-packages\rapidocr\models\ch_ptocr_mobile_v2.0_cls_mobile.pth[0m
[32m[INFO] 2026-08-31 20:19:41,999 [RapidOCR] base.py:23: Using engine_name: torch[0m
[32m[INFO] 2026-08-31 20:19:42,000 [RapidOCR] device_config.py:64: Using GPU device with ID: 0[0m
[32m[INFO] 2026-08-31 20:19:42,025 [RapidOCR] download_file.py:60: File exists and is valid: D:\Work\research\FileX\.venv-ai\Lib\site-packages\rapidocr\models\PP-OCRv6_rec_small.pth[0m
[32m[INFO] 2026-08-31 20:19:42,025 [RapidOCR] main.py:50: Using D:\Work\research\FileX\.venv-ai\Lib\site-packages\rapidocr\models\PP-OCRv6_rec_small.pth[0m
[32m[INFO] 2026-08-31 20:19:43,513 [RapidOCR] base.py:23: Using engine_name: torch[0m
[32m[INFO] 2026-08-31 20:19:43,514 [RapidOCR] device_config.py:64: Using GPU device with ID: 0[0m
[32m[INFO] 2026-08-31 20:19:43,525 [RapidOCR] download_file.py:60: File exists and is valid: D:\Work\research\FileX\.venv-ai\Lib\site-packages\rapidocr\models\PP-OCRv6_det_small.pth[0m
[32m[INFO] 2026-08-31 20:19:43,525 [RapidOCR] main.py:50: Using D:\Work\research\FileX\.venv-ai\Lib\site-packages\rapidocr\models\PP-OCRv6_det_small.pth[0m
[32m[INFO] 2026-08-31 20:19:44,074 [RapidOCR] base.py:23: Using engine_name: torch[0m
[32m[INFO] 2026-08-31 20:19:44,075 [RapidOCR] device_config.py:64: Using GPU device with ID: 0[0m
[32m[INFO] 2026-08-31 20:19:44,077 [RapidOCR] download_file.py:60: File exists and is valid: D:\Work\research\FileX\.venv-ai\Lib\site-packages\rapidocr\models\ch_ptocr_mobile_v2.0_cls_mobile.pth[0m
[32m[INFO] 2026-08-31 20:19:44,078 [RapidOCR] main.py:50: Using D:\Work\research\FileX\.venv-ai\Lib\site-packages\rapidocr\models\ch_ptocr_mobile_v2.0_cls_mobile.pth[0m
[32m[INFO] 2026-08-31 20:19:44,333 [RapidOCR] base.py:23: Using engine_name: torch[0m
[32m[INFO] 2026-08-31 20:19:44,333 [RapidOCR] device_config.py:64: Using GPU device with ID: 0[0m
[32m[INFO] 2026-08-31 20:19:44,364 [RapidOCR] download_file.py:60: File exists and is valid: D:\Work\research\FileX\.venv-ai\Lib\site-packages\rapidocr\models\PP-OCRv6_rec_small.pth[0m
[32m[INFO] 2026-08-31 20:19:44,364 [RapidOCR] main.py:50: Using D:\Work\research\FileX\.venv-ai\Lib\site-packages\rapidocr\models\PP-OCRv6_rec_small.pth[0m
[32m[INFO] 2026-08-31 20:19:45,882 [RapidOCR] base.py:23: Using engine_name: torch[0m
[32m[INFO] 2026-08-31 20:19:45,883 [RapidOCR] device_config.py:64: Using GPU device with ID: 0[0m
[32m[INFO] 2026-08-31 20:19:45,896 [RapidOCR] download_file.py:60: File exists and is valid: D:\Work\research\FileX\.venv-ai\Lib\site-packages\rapidocr\models\PP-OCRv6_det_small.pth[0m
[32m[INFO] 2026-08-31 20:19:45,896 [RapidOCR] main.py:50: Using D:\Work\research\FileX\.venv-ai\Lib\site-packages\rapidocr\models\PP-OCRv6_det_small.pth[0m
[32m[INFO] 2026-08-31 20:19:46,194 [RapidOCR] base.py:23: Using engine_name: torch[0m
[32m[INFO] 2026-08-31 20:19:46,194 [RapidOCR] device_config.py:64: Using GPU device with ID: 0[0m
[32m[INFO] 2026-08-31 20:19:46,197 [RapidOCR] download_file.py:60: File exists and is valid: D:\Work\research\FileX\.venv-ai\Lib\site-packages\rapidocr\models\ch_ptocr_mobile_v2.0_cls_mobile.pth[0m
[32m[INFO] 2026-08-31 20:19:46,197 [RapidOCR] main.py:50: Using D:\Work\research\FileX\.venv-ai\Lib\site-packages\rapidocr\models\ch_ptocr_mobile_v2.0_cls_mobile.pth[0m
[32m[INFO] 2026-08-31 20:19:46,386 [RapidOCR] base.py:23: Using engine_name: torch[0m
[32m[INFO] 2026-08-31 20:19:46,386 [RapidOCR] device_config.py:64: Using GPU device with ID: 0[0m
[32m[INFO] 2026-08-31 20:19:46,410 [RapidOCR] download_file.py:60: File exists and is valid: D:\Work\research\FileX\.venv-ai\Lib\site-packages\rapidocr\models\PP-OCRv6_rec_small.pth[0m
[32m[INFO] 2026-08-31 20:19:46,410 [RapidOCR] main.py:50: Using D:\Work\research\FileX\.venv-ai\Lib\site-packages\rapidocr\models\PP-OCRv6_rec_small.pth[0m
[32m[INFO] 2026-08-31 20:19:47,785 [RapidOCR] base.py:23: Using engine_name: torch[0m
[32m[INFO] 2026-08-31 20:19:47,786 [RapidOCR] device_config.py:64: Using GPU device with ID: 0[0m
[32m[INFO] 2026-08-31 20:19:47,796 [RapidOCR] download_file.py:60: File exists and is valid: D:\Work\research\FileX\.venv-ai\Lib\site-packages\rapidocr\models\PP-OCRv6_det_small.pth[0m
[32m[INFO] 2026-08-31 20:19:47,797 [RapidOCR] main.py:50: Using D:\Work\research\FileX\.venv-ai\Lib\site-packages\rapidocr\models\PP-OCRv6_det_small.pth[0m
[32m[INFO] 2026-08-31 20:19:48,443 [RapidOCR] base.py:23: Using engine_name: torch[0m
[32m[INFO] 2026-08-31 20:19:48,444 [RapidOCR] device_config.py:64: Using GPU device with ID: 0[0m
[32m[INFO] 2026-08-31 20:19:48,446 [RapidOCR] download_file.py:60: File exists and is valid: D:\Work\research\FileX\.venv-ai\Lib\site-packages\rapidocr\models\ch_ptocr_mobile_v2.0_cls_mobile.pth[0m
[32m[INFO] 2026-08-31 20:19:48,446 [RapidOCR] main.py:50: Using D:\Work\research\FileX\.venv-ai\Lib\site-packages\rapidocr\models\ch_ptocr_mobile_v2.0_cls_mobile.pth[0m
[32m[INFO] 2026-08-31 20:19:48,643 [RapidOCR] base.py:23: Using engine_name: torch[0m
[32m[INFO] 2026-08-31 20:19:48,644 [RapidOCR] device_config.py:64: Using GPU device with ID: 0[0m
[32m[INFO] 2026-08-31 20:19:48,666 [RapidOCR] download_file.py:60: File exists and is valid: D:\Work\research\FileX\.venv-ai\Lib\site-packages\rapidocr\models\PP-OCRv6_rec_small.pth[0m
[32m[INFO] 2026-08-31 20:19:48,666 [RapidOCR] main.py:50: Using D:\Work\research\FileX\.venv-ai\Lib\site-packages\rapidocr\models\PP-OCRv6_rec_small.pth[0m
[32m[INFO] 2026-08-31 20:19:50,127 [RapidOCR] base.py:23: Using engine_name: torch[0m
[32m[INFO] 2026-08-31 20:19:50,127 [RapidOCR] device_config.py:64: Using GPU device with ID: 0[0m
[32m[INFO] 2026-08-31 20:19:50,138 [RapidOCR] download_file.py:60: File exists and is valid: D:\Work\research\FileX\.venv-ai\Lib\site-packages\rapidocr\models\PP-OCRv6_det_small.pth[0m
[32m[INFO] 2026-08-31 20:19:50,139 [RapidOCR] main.py:50: Using D:\Work\research\FileX\.venv-ai\Lib\site-packages\rapidocr\models\PP-OCRv6_det_small.pth[0m
[32m[INFO] 2026-08-31 20:19:50,499 [RapidOCR] base.py:23: Using engine_name: torch[0m
[32m[INFO] 2026-08-31 20:19:50,500 [RapidOCR] device_config.py:64: Using GPU device with ID: 0[0m
[32m[INFO] 2026-08-31 20:19:50,501 [RapidOCR] download_file.py:60: File exists and is valid: D:\Work\research\FileX\.venv-ai\Lib\site-packages\rapidocr\models\ch_ptocr_mobile_v2.0_cls_mobile.pth[0m
[32m[INFO] 2026-08-31 20:19:50,501 [RapidOCR] main.py:50: Using D:\Work\research\FileX\.venv-ai\Lib\site-packages\rapidocr\models\ch_ptocr_mobile_v2.0_cls_mobile.pth[0m
[32m[INFO] 2026-08-31 20:19:50,786 [RapidOCR] base.py:23: Using engine_name: torch[0m
[32m[INFO] 2026-08-31 20:19:50,786 [RapidOCR] device_config.py:64: Using GPU device with ID: 0[0m
[32m[INFO] 2026-08-31 20:19:50,814 [RapidOCR] download_file.py:60: File exists and is valid: D:\Work\research\FileX\.venv-ai\Lib\site-packages\rapidocr\models\PP-OCRv6_rec_small.pth[0m
[32m[INFO] 2026-08-31 20:19:50,815 [RapidOCR] main.py:50: Using D:\Work\research\FileX\.venv-ai\Lib\site-packages\rapidocr\models\PP-OCRv6_rec_small.pth[0m
[32m[INFO] 2026-08-31 20:19:52,350 [RapidOCR] base.py:23: Using engine_name: torch[0m
[32m[INFO] 2026-08-31 20:19:52,351 [RapidOCR] device_config.py:64: Using GPU device with ID: 0[0m
[32m[INFO] 2026-08-31 20:19:52,362 [RapidOCR] download_file.py:60: File exists and is valid: D:\Work\research\FileX\.venv-ai\Lib\site-packages\rapidocr\models\PP-OCRv6_det_small.pth[0m
[32m[INFO] 2026-08-31 20:19:52,362 [RapidOCR] main.py:50: Using D:\Work\research\FileX\.venv-ai\Lib\site-packages\rapidocr\models\PP-OCRv6_det_small.pth[0m
[32m[INFO] 2026-08-31 20:19:52,814 [RapidOCR] base.py:23: Using engine_name: torch[0m
[32m[INFO] 2026-08-31 20:19:52,815 [RapidOCR] device_config.py:64: Using GPU device with ID: 0[0m
[32m[INFO] 2026-08-31 20:19:52,816 [RapidOCR] download_file.py:60: File exists and is valid: D:\Work\research\FileX\.venv-ai\Lib\site-packages\rapidocr\models\ch_ptocr_mobile_v2.0_cls_mobile.pth[0m
[32m[INFO] 2026-08-31 20:19:52,817 [RapidOCR] main.py:50: Using D:\Work\research\FileX\.venv-ai\Lib\site-packages\rapidocr\models\ch_ptocr_mobile_v2.0_cls_mobile.pth[0m
[32m[INFO] 2026-08-31 20:19:53,060 [RapidOCR] base.py:23: Using engine_name: torch[0m
[32m[INFO] 2026-08-31 20:19:53,061 [RapidOCR] device_config.py:64: Using GPU device with ID: 0[0m
[32m[INFO] 2026-08-31 20:19:53,084 [RapidOCR] download_file.py:60: File exists and is valid: D:\Work\research\FileX\.venv-ai\Lib\site-packages\rapidocr\models\PP-OCRv6_rec_small.pth[0m
[32m[INFO] 2026-08-31 20:19:53,084 [RapidOCR] main.py:50: Using D:\Work\research\FileX\.venv-ai\Lib\site-packages\rapidocr\models\PP-OCRv6_rec_small.pth[0m
[32m[INFO] 2026-08-31 20:19:54,646 [RapidOCR] base.py:23: Using engine_name: torch[0m
[32m[INFO] 2026-08-31 20:19:54,648 [RapidOCR] device_config.py:64: Using GPU device with ID: 0[0m
[32m[INFO] 2026-08-31 20:19:54,660 [RapidOCR] download_file.py:60: File exists and is valid: D:\Work\research\FileX\.venv-ai\Lib\site-packages\rapidocr\models\PP-OCRv6_det_small.pth[0m
[32m[INFO] 2026-08-31 20:19:54,660 [RapidOCR] main.py:50: Using D:\Work\research\FileX\.venv-ai\Lib\site-packages\rapidocr\models\PP-OCRv6_det_small.pth[0m
[32m[INFO] 2026-08-31 20:19:55,037 [RapidOCR] base.py:23: Using engine_name: torch[0m
[32m[INFO] 2026-08-31 20:19:55,038 [RapidOCR] device_config.py:64: Using GPU device with ID: 0[0m
[32m[INFO] 2026-08-31 20:19:55,040 [RapidOCR] download_file.py:60: File exists and is valid: D:\Work\research\FileX\.venv-ai\Lib\site-packages\rapidocr\models\ch_ptocr_mobile_v2.0_cls_mobile.pth[0m
[32m[INFO] 2026-08-31 20:19:55,040 [RapidOCR] main.py:50: Using D:\Work\research\FileX\.venv-ai\Lib\site-packages\rapidocr\models\ch_ptocr_mobile_v2.0_cls_mobile.pth[0m
[32m[INFO] 2026-08-31 20:19:55,471 [RapidOCR] base.py:23: Using engine_name: torch[0m
[32m[INFO] 2026-08-31 20:19:55,472 [RapidOCR] device_config.py:64: Using GPU device with ID: 0[0m
[32m[INFO] 2026-08-31 20:19:55,494 [RapidOCR] download_file.py:60: File exists and is valid: D:\Work\research\FileX\.venv-ai\Lib\site-packages\rapidocr\models\PP-OCRv6_rec_small.pth[0m
[32m[INFO] 2026-08-31 20:19:55,494 [RapidOCR] main.py:50: Using D:\Work\research\FileX\.venv-ai\Lib\site-packages\rapidocr\models\PP-OCRv6_rec_small.pth[0m
{"config": "docling-def", "doc": "escaneado_d5a", "ppp_nativo": 90, "ppp": 105, "factor": 1.167, "png": "ppp105__escaneado_d5a.png", "png_identify": "679x934 41.329999999999998295,41.340000000000003411 PixelsPerCentimeter", "preflight": {"vram_libre_mib": 8302, "mpx_actual": 0.634, "mpx_pendiente_ordenada": 0}, "entrada": "PDF via Docling; scale explicita", "dispositivo": "GPU CUDA", "rc": [1, 1, 1, 1, 1, 1, 1, 1, 1], "error": ["FileNotFoundError: [WinError 3] El sistema no puede encontrar la ruta especificada: '\\\\\\\\?\\\\\\\\wsl.localhost\\\\Ubuntu\\\\'", "FileNotFoundError: [WinError 3] El sistema no puede encontrar la ruta especificada: '\\\\\\\\?\\\\\\\\wsl.localhost\\\\Ubuntu\\\\'", "FileNotFoundError: [WinError 3] El sistema no puede encontrar la ruta especificada: '\\\\\\\\?\\\\\\\\wsl.localhost\\\\Ubuntu\\\\'", "FileNotFoundError: [WinError 3] El sistema no puede encontrar la ruta especificada: '\\\\\\\\?\\\\\\\\wsl.localhost\\\\Ubuntu\\\\'", "FileNotFoundError: [WinError 3] El sistema no puede encontrar la ruta especificada: '\\\\\\\\?\\\\\\\\wsl.localhost\\\\Ubuntu\\\\'", "FileNotFoundError: [WinError 3] El sistema no puede encontrar la ruta especificada: '\\\\\\\\?\\\\\\\\wsl.localhost\\\\Ubuntu\\\\'", "FileNotFoundError: [WinError 3] El sistema no puede encontrar la ruta especificada: '\\\\\\\\?\\\\\\\\wsl.localhost\\\\Ubuntu\\\\'", "FileNotFoundError: [WinError 3] El sistema no puede encontrar la ruta especificada: '\\\\\\\\?\\\\\\\\wsl.localhost\\\\Ubuntu\\\\'", "FileNotFoundError: [WinError 3] El sistema no puede encontrar la ruta especificada: '\\\\\\\\?\\\\\\\\wsl.localhost\\\\Ubuntu\\\\'"], "n": 9, "ms_mediana": 2319.3, "determinista": true, "metrica": "acentos", "cer_pct": 100.0, "cer_acentos_pct": 100.0, "cer_ciego_pct": 100.0, "dist_acentos": 596, "texto": "docling-def__ppp105__escaneado_d5a.txt"}
[32m[INFO] 2026-08-31 20:19:57,130 [RapidOCR] base.py:23: Using engine_name: torch[0m
[32m[INFO] 2026-08-31 20:19:57,130 [RapidOCR] device_config.py:64: Using GPU device with ID: 0[0m
[32m[INFO] 2026-08-31 20:19:57,142 [RapidOCR] download_file.py:60: File exists and is valid: D:\Work\research\FileX\.venv-ai\Lib\site-packages\rapidocr\models\PP-OCRv6_det_small.pth[0m
[32m[INFO] 2026-08-31 20:19:57,143 [RapidOCR] main.py:50: Using D:\Work\research\FileX\.venv-ai\Lib\site-packages\rapidocr\models\PP-OCRv6_det_small.pth[0m
[32m[INFO] 2026-08-31 20:19:57,504 [RapidOCR] base.py:23: Using engine_name: torch[0m
[32m[INFO] 2026-08-31 20:19:57,505 [RapidOCR] device_config.py:64: Using GPU device with ID: 0[0m
[32m[INFO] 2026-08-31 20:19:57,507 [RapidOCR] download_file.py:60: File exists and is valid: D:\Work\research\FileX\.venv-ai\Lib\site-packages\rapidocr\models\ch_ptocr_mobile_v2.0_cls_mobile.pth[0m
[32m[INFO] 2026-08-31 20:19:57,507 [RapidOCR] main.py:50: Using D:\Work\research\FileX\.venv-ai\Lib\site-packages\rapidocr\models\ch_ptocr_mobile_v2.0_cls_mobile.pth[0m
[32m[INFO] 2026-08-31 20:19:57,716 [RapidOCR] base.py:23: Using engine_name: torch[0m
[32m[INFO] 2026-08-31 20:19:57,717 [RapidOCR] device_config.py:64: Using GPU device with ID: 0[0m
[32m[INFO] 2026-08-31 20:19:57,739 [RapidOCR] download_file.py:60: File exists and is valid: D:\Work\research\FileX\.venv-ai\Lib\site-packages\rapidocr\models\PP-OCRv6_rec_small.pth[0m
[32m[INFO] 2026-08-31 20:19:57,739 [RapidOCR] main.py:50: Using D:\Work\research\FileX\.venv-ai\Lib\site-packages\rapidocr\models\PP-OCRv6_rec_small.pth[0m
[32m[INFO] 2026-08-31 20:19:59,132 [RapidOCR] base.py:23: Using engine_name: torch[0m
[32m[INFO] 2026-08-31 20:19:59,134 [RapidOCR] device_config.py:64: Using GPU device with ID: 0[0m
[32m[INFO] 2026-08-31 20:19:59,144 [RapidOCR] download_file.py:60: File exists and is valid: D:\Work\research\FileX\.venv-ai\Lib\site-packages\rapidocr\models\PP-OCRv6_det_small.pth[0m
[32m[INFO] 2026-08-31 20:19:59,144 [RapidOCR] main.py:50: Using D:\Work\research\FileX\.venv-ai\Lib\site-packages\rapidocr\models\PP-OCRv6_det_small.pth[0m
[32m[INFO] 2026-08-31 20:19:59,496 [RapidOCR] base.py:23: Using engine_name: torch[0m
[32m[INFO] 2026-08-31 20:19:59,497 [RapidOCR] device_config.py:64: Using GPU device with ID: 0[0m
[32m[INFO] 2026-08-31 20:19:59,499 [RapidOCR] download_file.py:60: File exists and is valid: D:\Work\research\FileX\.venv-ai\Lib\site-packages\rapidocr\models\ch_ptocr_mobile_v2.0_cls_mobile.pth[0m
[32m[INFO] 2026-08-31 20:19:59,499 [RapidOCR] main.py:50: Using D:\Work\research\FileX\.venv-ai\Lib\site-packages\rapidocr\models\ch_ptocr_mobile_v2.0_cls_mobile.pth[0m
[32m[INFO] 2026-08-31 20:19:59,696 [RapidOCR] base.py:23: Using engine_name: torch[0m
[32m[INFO] 2026-08-31 20:19:59,696 [RapidOCR] device_config.py:64: Using GPU device with ID: 0[0m
[32m[INFO] 2026-08-31 20:19:59,715 [RapidOCR] download_file.py:60: File exists and is valid: D:\Work\research\FileX\.venv-ai\Lib\site-packages\rapidocr\models\PP-OCRv6_rec_small.pth[0m
[32m[INFO] 2026-08-31 20:19:59,716 [RapidOCR] main.py:50: Using D:\Work\research\FileX\.venv-ai\Lib\site-packages\rapidocr\models\PP-OCRv6_rec_small.pth[0m
[32m[INFO] 2026-08-31 20:20:01,282 [RapidOCR] base.py:23: Using engine_name: torch[0m
[32m[INFO] 2026-08-31 20:20:01,282 [RapidOCR] device_config.py:64: Using GPU device with ID: 0[0m
[32m[INFO] 2026-08-31 20:20:01,295 [RapidOCR] download_file.py:60: File exists and is valid: D:\Work\research\FileX\.venv-ai\Lib\site-packages\rapidocr\models\PP-OCRv6_det_small.pth[0m
[32m[INFO] 2026-08-31 20:20:01,295 [RapidOCR] main.py:50: Using D:\Work\research\FileX\.venv-ai\Lib\site-packages\rapidocr\models\PP-OCRv6_det_small.pth[0m
[32m[INFO] 2026-08-31 20:20:01,619 [RapidOCR] base.py:23: Using engine_name: torch[0m
[32m[INFO] 2026-08-31 20:20:01,620 [RapidOCR] device_config.py:64: Using GPU device with ID: 0[0m
[32m[INFO] 2026-08-31 20:20:01,621 [RapidOCR] download_file.py:60: File exists and is valid: D:\Work\research\FileX\.venv-ai\Lib\site-packages\rapidocr\models\ch_ptocr_mobile_v2.0_cls_mobile.pth[0m
[32m[INFO] 2026-08-31 20:20:01,621 [RapidOCR] main.py:50: Using D:\Work\research\FileX\.venv-ai\Lib\site-packages\rapidocr\models\ch_ptocr_mobile_v2.0_cls_mobile.pth[0m
[32m[INFO] 2026-08-31 20:20:01,806 [RapidOCR] base.py:23: Using engine_name: torch[0m
[32m[INFO] 2026-08-31 20:20:01,807 [RapidOCR] device_config.py:64: Using GPU device with ID: 0[0m
[32m[INFO] 2026-08-31 20:20:01,828 [RapidOCR] download_file.py:60: File exists and is valid: D:\Work\research\FileX\.venv-ai\Lib\site-packages\rapidocr\models\PP-OCRv6_rec_small.pth[0m
[32m[INFO] 2026-08-31 20:20:01,829 [RapidOCR] main.py:50: Using D:\Work\research\FileX\.venv-ai\Lib\site-packages\rapidocr\models\PP-OCRv6_rec_small.pth[0m
[32m[INFO] 2026-08-31 20:20:03,568 [RapidOCR] base.py:23: Using engine_name: torch[0m
[32m[INFO] 2026-08-31 20:20:03,569 [RapidOCR] device_config.py:64: Using GPU device with ID: 0[0m
[32m[INFO] 2026-08-31 20:20:03,582 [RapidOCR] download_file.py:60: File exists and is valid: D:\Work\research\FileX\.venv-ai\Lib\site-packages\rapidocr\models\PP-OCRv6_det_small.pth[0m
[32m[INFO] 2026-08-31 20:20:03,582 [RapidOCR] main.py:50: Using D:\Work\research\FileX\.venv-ai\Lib\site-packages\rapidocr\models\PP-OCRv6_det_small.pth[0m
[32m[INFO] 2026-08-31 20:20:03,993 [RapidOCR] base.py:23: Using engine_name: torch[0m
[32m[INFO] 2026-08-31 20:20:03,994 [RapidOCR] device_config.py:64: Using GPU device with ID: 0[0m
[32m[INFO] 2026-08-31 20:20:03,995 [RapidOCR] download_file.py:60: File exists and is valid: D:\Work\research\FileX\.venv-ai\Lib\site-packages\rapidocr\models\ch_ptocr_mobile_v2.0_cls_mobile.pth[0m
[32m[INFO] 2026-08-31 20:20:03,996 [RapidOCR] main.py:50: Using D:\Work\research\FileX\.venv-ai\Lib\site-packages\rapidocr\models\ch_ptocr_mobile_v2.0_cls_mobile.pth[0m
[32m[INFO] 2026-08-31 20:20:04,194 [RapidOCR] base.py:23: Using engine_name: torch[0m
[32m[INFO] 2026-08-31 20:20:04,194 [RapidOCR] device_config.py:64: Using GPU device with ID: 0[0m
[32m[INFO] 2026-08-31 20:20:04,217 [RapidOCR] download_file.py:60: File exists and is valid: D:\Work\research\FileX\.venv-ai\Lib\site-packages\rapidocr\models\PP-OCRv6_rec_small.pth[0m
[32m[INFO] 2026-08-31 20:20:04,217 [RapidOCR] main.py:50: Using D:\Work\research\FileX\.venv-ai\Lib\site-packages\rapidocr\models\PP-OCRv6_rec_small.pth[0m
[32m[INFO] 2026-08-31 20:20:05,637 [RapidOCR] base.py:23: Using engine_name: torch[0m
[32m[INFO] 2026-08-31 20:20:05,638 [RapidOCR] device_config.py:64: Using GPU device with ID: 0[0m
[32m[INFO] 2026-08-31 20:20:05,650 [RapidOCR] download_file.py:60: File exists and is valid: D:\Work\research\FileX\.venv-ai\Lib\site-packages\rapidocr\models\PP-OCRv6_det_small.pth[0m
[32m[INFO] 2026-08-31 20:20:05,650 [RapidOCR] main.py:50: Using D:\Work\research\FileX\.venv-ai\Lib\site-packages\rapidocr\models\PP-OCRv6_det_small.pth[0m
[32m[INFO] 2026-08-31 20:20:06,031 [RapidOCR] base.py:23: Using engine_name: torch[0m
[32m[INFO] 2026-08-31 20:20:06,032 [RapidOCR] device_config.py:64: Using GPU device with ID: 0[0m
[32m[INFO] 2026-08-31 20:20:06,033 [RapidOCR] download_file.py:60: File exists and is valid: D:\Work\research\FileX\.venv-ai\Lib\site-packages\rapidocr\models\ch_ptocr_mobile_v2.0_cls_mobile.pth[0m
[32m[INFO] 2026-08-31 20:20:06,033 [RapidOCR] main.py:50: Using D:\Work\research\FileX\.venv-ai\Lib\site-packages\rapidocr\models\ch_ptocr_mobile_v2.0_cls_mobile.pth[0m
[32m[INFO] 2026-08-31 20:20:06,283 [RapidOCR] base.py:23: Using engine_name: torch[0m
[32m[INFO] 2026-08-31 20:20:06,284 [RapidOCR] device_config.py:64: Using GPU device with ID: 0[0m
[32m[INFO] 2026-08-31 20:20:06,310 [RapidOCR] download_file.py:60: File exists and is valid: D:\Work\research\FileX\.venv-ai\Lib\site-packages\rapidocr\models\PP-OCRv6_rec_small.pth[0m
[32m[INFO] 2026-08-31 20:20:06,310 [RapidOCR] main.py:50: Using D:\Work\research\FileX\.venv-ai\Lib\site-packages\rapidocr\models\PP-OCRv6_rec_small.pth[0m
[32m[INFO] 2026-08-31 20:20:07,731 [RapidOCR] base.py:23: Using engine_name: torch[0m
[32m[INFO] 2026-08-31 20:20:07,731 [RapidOCR] device_config.py:64: Using GPU device with ID: 0[0m
[32m[INFO] 2026-08-31 20:20:07,741 [RapidOCR] download_file.py:60: File exists and is valid: D:\Work\research\FileX\.venv-ai\Lib\site-packages\rapidocr\models\PP-OCRv6_det_small.pth[0m
[32m[INFO] 2026-08-31 20:20:07,742 [RapidOCR] main.py:50: Using D:\Work\research\FileX\.venv-ai\Lib\site-packages\rapidocr\models\PP-OCRv6_det_small.pth[0m
[32m[INFO] 2026-08-31 20:20:08,076 [RapidOCR] base.py:23: Using engine_name: torch[0m
[32m[INFO] 2026-08-31 20:20:08,077 [RapidOCR] device_config.py:64: Using GPU device with ID: 0[0m
[32m[INFO] 2026-08-31 20:20:08,077 [RapidOCR] download_file.py:60: File exists and is valid: D:\Work\research\FileX\.venv-ai\Lib\site-packages\rapidocr\models\ch_ptocr_mobile_v2.0_cls_mobile.pth[0m
[32m[INFO] 2026-08-31 20:20:08,077 [RapidOCR] main.py:50: Using D:\Work\research\FileX\.venv-ai\Lib\site-packages\rapidocr\models\ch_ptocr_mobile_v2.0_cls_mobile.pth[0m
[32m[INFO] 2026-08-31 20:20:08,269 [RapidOCR] base.py:23: Using engine_name: torch[0m
[32m[INFO] 2026-08-31 20:20:08,270 [RapidOCR] device_config.py:64: Using GPU device with ID: 0[0m
[32m[INFO] 2026-08-31 20:20:08,290 [RapidOCR] download_file.py:60: File exists and is valid: D:\Work\research\FileX\.venv-ai\Lib\site-packages\rapidocr\models\PP-OCRv6_rec_small.pth[0m
[32m[INFO] 2026-08-31 20:20:08,291 [RapidOCR] main.py:50: Using D:\Work\research\FileX\.venv-ai\Lib\site-packages\rapidocr\models\PP-OCRv6_rec_small.pth[0m
[32m[INFO] 2026-08-31 20:20:10,438 [RapidOCR] base.py:23: Using engine_name: torch[0m
[32m[INFO] 2026-08-31 20:20:10,439 [RapidOCR] device_config.py:64: Using GPU device with ID: 0[0m
[32m[INFO] 2026-08-31 20:20:10,453 [RapidOCR] download_file.py:60: File exists and is valid: D:\Work\research\FileX\.venv-ai\Lib\site-packages\rapidocr\models\PP-OCRv6_det_small.pth[0m
[32m[INFO] 2026-08-31 20:20:10,453 [RapidOCR] main.py:50: Using D:\Work\research\FileX\.venv-ai\Lib\site-packages\rapidocr\models\PP-OCRv6_det_small.pth[0m
[32m[INFO] 2026-08-31 20:20:10,896 [RapidOCR] base.py:23: Using engine_name: torch[0m
[32m[INFO] 2026-08-31 20:20:10,896 [RapidOCR] device_config.py:64: Using GPU device with ID: 0[0m
[32m[INFO] 2026-08-31 20:20:10,897 [RapidOCR] download_file.py:60: File exists and is valid: D:\Work\research\FileX\.venv-ai\Lib\site-packages\rapidocr\models\ch_ptocr_mobile_v2.0_cls_mobile.pth[0m
[32m[INFO] 2026-08-31 20:20:10,898 [RapidOCR] main.py:50: Using D:\Work\research\FileX\.venv-ai\Lib\site-packages\rapidocr\models\ch_ptocr_mobile_v2.0_cls_mobile.pth[0m
[32m[INFO] 2026-08-31 20:20:11,163 [RapidOCR] base.py:23: Using engine_name: torch[0m
[32m[INFO] 2026-08-31 20:20:11,166 [RapidOCR] device_config.py:64: Using GPU device with ID: 0[0m
[32m[INFO] 2026-08-31 20:20:11,200 [RapidOCR] download_file.py:60: File exists and is valid: D:\Work\research\FileX\.venv-ai\Lib\site-packages\rapidocr\models\PP-OCRv6_rec_small.pth[0m
[32m[INFO] 2026-08-31 20:20:11,200 [RapidOCR] main.py:50: Using D:\Work\research\FileX\.venv-ai\Lib\site-packages\rapidocr\models\PP-OCRv6_rec_small.pth[0m
[32m[INFO] 2026-08-31 20:20:13,060 [RapidOCR] base.py:23: Using engine_name: torch[0m
[32m[INFO] 2026-08-31 20:20:13,060 [RapidOCR] device_config.py:64: Using GPU device with ID: 0[0m
[32m[INFO] 2026-08-31 20:20:13,072 [RapidOCR] download_file.py:60: File exists and is valid: D:\Work\research\FileX\.venv-ai\Lib\site-packages\rapidocr\models\PP-OCRv6_det_small.pth[0m
[32m[INFO] 2026-08-31 20:20:13,072 [RapidOCR] main.py:50: Using D:\Work\research\FileX\.venv-ai\Lib\site-packages\rapidocr\models\PP-OCRv6_det_small.pth[0m
[32m[INFO] 2026-08-31 20:20:13,521 [RapidOCR] base.py:23: Using engine_name: torch[0m
[32m[INFO] 2026-08-31 20:20:13,522 [RapidOCR] device_config.py:64: Using GPU device with ID: 0[0m
[32m[INFO] 2026-08-31 20:20:13,523 [RapidOCR] download_file.py:60: File exists and is valid: D:\Work\research\FileX\.venv-ai\Lib\site-packages\rapidocr\models\ch_ptocr_mobile_v2.0_cls_mobile.pth[0m
[32m[INFO] 2026-08-31 20:20:13,524 [RapidOCR] main.py:50: Using D:\Work\research\FileX\.venv-ai\Lib\site-packages\rapidocr\models\ch_ptocr_mobile_v2.0_cls_mobile.pth[0m
[32m[INFO] 2026-08-31 20:20:13,734 [RapidOCR] base.py:23: Using engine_name: torch[0m
[32m[INFO] 2026-08-31 20:20:13,734 [RapidOCR] device_config.py:64: Using GPU device with ID: 0[0m
[32m[INFO] 2026-08-31 20:20:13,759 [RapidOCR] download_file.py:60: File exists and is valid: D:\Work\research\FileX\.venv-ai\Lib\site-packages\rapidocr\models\PP-OCRv6_rec_small.pth[0m
[32m[INFO] 2026-08-31 20:20:13,759 [RapidOCR] main.py:50: Using D:\Work\research\FileX\.venv-ai\Lib\site-packages\rapidocr\models\PP-OCRv6_rec_small.pth[0m
[32m[INFO] 2026-08-31 20:20:15,744 [RapidOCR] base.py:23: Using engine_name: torch[0m
[32m[INFO] 2026-08-31 20:20:15,744 [RapidOCR] device_config.py:64: Using GPU device with ID: 0[0m
[32m[INFO] 2026-08-31 20:20:15,758 [RapidOCR] download_file.py:60: File exists and is valid: D:\Work\research\FileX\.venv-ai\Lib\site-packages\rapidocr\models\PP-OCRv6_det_small.pth[0m
[32m[INFO] 2026-08-31 20:20:15,758 [RapidOCR] main.py:50: Using D:\Work\research\FileX\.venv-ai\Lib\site-packages\rapidocr\models\PP-OCRv6_det_small.pth[0m
[32m[INFO] 2026-08-31 20:20:16,151 [RapidOCR] base.py:23: Using engine_name: torch[0m
[32m[INFO] 2026-08-31 20:20:16,152 [RapidOCR] device_config.py:64: Using GPU device with ID: 0[0m
[32m[INFO] 2026-08-31 20:20:16,153 [RapidOCR] download_file.py:60: File exists and is valid: D:\Work\research\FileX\.venv-ai\Lib\site-packages\rapidocr\models\ch_ptocr_mobile_v2.0_cls_mobile.pth[0m
[32m[INFO] 2026-08-31 20:20:16,153 [RapidOCR] main.py:50: Using D:\Work\research\FileX\.venv-ai\Lib\site-packages\rapidocr\models\ch_ptocr_mobile_v2.0_cls_mobile.pth[0m
[32m[INFO] 2026-08-31 20:20:16,315 [RapidOCR] base.py:23: Using engine_name: torch[0m
[32m[INFO] 2026-08-31 20:20:16,316 [RapidOCR] device_config.py:64: Using GPU device with ID: 0[0m
[32m[INFO] 2026-08-31 20:20:16,339 [RapidOCR] download_file.py:60: File exists and is valid: D:\Work\research\FileX\.venv-ai\Lib\site-packages\rapidocr\models\PP-OCRv6_rec_small.pth[0m
[32m[INFO] 2026-08-31 20:20:16,339 [RapidOCR] main.py:50: Using D:\Work\research\FileX\.venv-ai\Lib\site-packages\rapidocr\models\PP-OCRv6_rec_small.pth[0m
[32m[INFO] 2026-08-31 20:20:17,871 [RapidOCR] base.py:23: Using engine_name: torch[0m
[32m[INFO] 2026-08-31 20:20:17,872 [RapidOCR] device_config.py:64: Using GPU device with ID: 0[0m
[32m[INFO] 2026-08-31 20:20:17,883 [RapidOCR] download_file.py:60: File exists and is valid: D:\Work\research\FileX\.venv-ai\Lib\site-packages\rapidocr\models\PP-OCRv6_det_small.pth[0m
[32m[INFO] 2026-08-31 20:20:17,883 [RapidOCR] main.py:50: Using D:\Work\research\FileX\.venv-ai\Lib\site-packages\rapidocr\models\PP-OCRv6_det_small.pth[0m
[32m[INFO] 2026-08-31 20:20:18,609 [RapidOCR] base.py:23: Using engine_name: torch[0m
[32m[INFO] 2026-08-31 20:20:18,610 [RapidOCR] device_config.py:64: Using GPU device with ID: 0[0m
[32m[INFO] 2026-08-31 20:20:18,611 [RapidOCR] download_file.py:60: File exists and is valid: D:\Work\research\FileX\.venv-ai\Lib\site-packages\rapidocr\models\ch_ptocr_mobile_v2.0_cls_mobile.pth[0m
[32m[INFO] 2026-08-31 20:20:18,611 [RapidOCR] main.py:50: Using D:\Work\research\FileX\.venv-ai\Lib\site-packages\rapidocr\models\ch_ptocr_mobile_v2.0_cls_mobile.pth[0m
[32m[INFO] 2026-08-31 20:20:18,824 [RapidOCR] base.py:23: Using engine_name: torch[0m
[32m[INFO] 2026-08-31 20:20:18,825 [RapidOCR] device_config.py:64: Using GPU device with ID: 0[0m
[32m[INFO] 2026-08-31 20:20:18,857 [RapidOCR] download_file.py:60: File exists and is valid: D:\Work\research\FileX\.venv-ai\Lib\site-packages\rapidocr\models\PP-OCRv6_rec_small.pth[0m
[32m[INFO] 2026-08-31 20:20:18,858 [RapidOCR] main.py:50: Using D:\Work\research\FileX\.venv-ai\Lib\site-packages\rapidocr\models\PP-OCRv6_rec_small.pth[0m
{"config": "docling-def", "doc": "escaneado_d5a", "ppp_nativo": 90, "ppp": 110, "factor": 1.222, "png": "ppp110__escaneado_d5a.png", "png_identify": "711x979 43.299999999999997158,43.299999999999997158 PixelsPerCentimeter", "preflight": {"vram_libre_mib": 8476, "mpx_actual": 0.696, "mpx_pendiente_ordenada": 0}, "entrada": "PDF via Docling; scale explicita", "dispositivo": "GPU CUDA", "rc": [1, 1, 1, 1, 1, 1, 1, 1, 1], "error": ["FileNotFoundError: [WinError 3] El sistema no puede encontrar la ruta especificada: '\\\\\\\\?\\\\\\\\wsl.localhost\\\\Ubuntu\\\\'", "FileNotFoundError: [WinError 3] El sistema no puede encontrar la ruta especificada: '\\\\\\\\?\\\\\\\\wsl.localhost\\\\Ubuntu\\\\'", "FileNotFoundError: [WinError 3] El sistema no puede encontrar la ruta especificada: '\\\\\\\\?\\\\\\\\wsl.localhost\\\\Ubuntu\\\\'", "FileNotFoundError: [WinError 3] El sistema no puede encontrar la ruta especificada: '\\\\\\\\?\\\\\\\\wsl.localhost\\\\Ubuntu\\\\'", "FileNotFoundError: [WinError 3] El sistema no puede encontrar la ruta especificada: '\\\\\\\\?\\\\\\\\wsl.localhost\\\\Ubuntu\\\\'", "FileNotFoundError: [WinError 3] El sistema no puede encontrar la ruta especificada: '\\\\\\\\?\\\\\\\\wsl.localhost\\\\Ubuntu\\\\'", "FileNotFoundError: [WinError 3] El sistema no puede encontrar la ruta especificada: '\\\\\\\\?\\\\\\\\wsl.localhost\\\\Ubuntu\\\\'", "FileNotFoundError: [WinError 3] El sistema no puede encontrar la ruta especificada: '\\\\\\\\?\\\\\\\\wsl.localhost\\\\Ubuntu\\\\'", "FileNotFoundError: [WinError 3] El sistema no puede encontrar la ruta especificada: '\\\\\\\\?\\\\\\\\wsl.localhost\\\\Ubuntu\\\\'"], "n": 9, "ms_mediana": 2266.4, "determinista": true, "metrica": "acentos", "cer_pct": 100.0, "cer_acentos_pct": 100.0, "cer_ciego_pct": 100.0, "dist_acentos": 596, "texto": "docling-def__ppp110__escaneado_d5a.txt"}
[32m[INFO] 2026-08-31 20:20:20,674 [RapidOCR] base.py:23: Using engine_name: torch[0m
[32m[INFO] 2026-08-31 20:20:20,675 [RapidOCR] device_config.py:64: Using GPU device with ID: 0[0m
[32m[INFO] 2026-08-31 20:20:20,686 [RapidOCR] download_file.py:60: File exists and is valid: D:\Work\research\FileX\.venv-ai\Lib\site-packages\rapidocr\models\PP-OCRv6_det_small.pth[0m
[32m[INFO] 2026-08-31 20:20:20,686 [RapidOCR] main.py:50: Using D:\Work\research\FileX\.venv-ai\Lib\site-packages\rapidocr\models\PP-OCRv6_det_small.pth[0m
[32m[INFO] 2026-08-31 20:20:21,094 [RapidOCR] base.py:23: Using engine_name: torch[0m
[32m[INFO] 2026-08-31 20:20:21,094 [RapidOCR] device_config.py:64: Using GPU device with ID: 0[0m
[32m[INFO] 2026-08-31 20:20:21,096 [RapidOCR] download_file.py:60: File exists and is valid: D:\Work\research\FileX\.venv-ai\Lib\site-packages\rapidocr\models\ch_ptocr_mobile_v2.0_cls_mobile.pth[0m
[32m[INFO] 2026-08-31 20:20:21,096 [RapidOCR] main.py:50: Using D:\Work\research\FileX\.venv-ai\Lib\site-packages\rapidocr\models\ch_ptocr_mobile_v2.0_cls_mobile.pth[0m
[32m[INFO] 2026-08-31 20:20:21,296 [RapidOCR] base.py:23: Using engine_name: torch[0m
[32m[INFO] 2026-08-31 20:20:21,296 [RapidOCR] device_config.py:64: Using GPU device with ID: 0[0m
[32m[INFO] 2026-08-31 20:20:21,319 [RapidOCR] download_file.py:60: File exists and is valid: D:\Work\research\FileX\.venv-ai\Lib\site-packages\rapidocr\models\PP-OCRv6_rec_small.pth[0m
[32m[INFO] 2026-08-31 20:20:21,320 [RapidOCR] main.py:50: Using D:\Work\research\FileX\.venv-ai\Lib\site-packages\rapidocr\models\PP-OCRv6_rec_small.pth[0m
[32m[INFO] 2026-08-31 20:20:22,962 [RapidOCR] base.py:23: Using engine_name: torch[0m
[32m[INFO] 2026-08-31 20:20:22,963 [RapidOCR] device_config.py:64: Using GPU device with ID: 0[0m
[32m[INFO] 2026-08-31 20:20:22,976 [RapidOCR] download_file.py:60: File exists and is valid: D:\Work\research\FileX\.venv-ai\Lib\site-packages\rapidocr\models\PP-OCRv6_det_small.pth[0m
[32m[INFO] 2026-08-31 20:20:22,976 [RapidOCR] main.py:50: Using D:\Work\research\FileX\.venv-ai\Lib\site-packages\rapidocr\models\PP-OCRv6_det_small.pth[0m
[32m[INFO] 2026-08-31 20:20:23,300 [RapidOCR] base.py:23: Using engine_name: torch[0m
[32m[INFO] 2026-08-31 20:20:23,301 [RapidOCR] device_config.py:64: Using GPU device with ID: 0[0m
[32m[INFO] 2026-08-31 20:20:23,302 [RapidOCR] download_file.py:60: File exists and is valid: D:\Work\research\FileX\.venv-ai\Lib\site-packages\rapidocr\models\ch_ptocr_mobile_v2.0_cls_mobile.pth[0m
[32m[INFO] 2026-08-31 20:20:23,302 [RapidOCR] main.py:50: Using D:\Work\research\FileX\.venv-ai\Lib\site-packages\rapidocr\models\ch_ptocr_mobile_v2.0_cls_mobile.pth[0m
[32m[INFO] 2026-08-31 20:20:23,474 [RapidOCR] base.py:23: Using engine_name: torch[0m
[32m[INFO] 2026-08-31 20:20:23,474 [RapidOCR] device_config.py:64: Using GPU device with ID: 0[0m
[32m[INFO] 2026-08-31 20:20:23,494 [RapidOCR] download_file.py:60: File exists and is valid: D:\Work\research\FileX\.venv-ai\Lib\site-packages\rapidocr\models\PP-OCRv6_rec_small.pth[0m
[32m[INFO] 2026-08-31 20:20:23,495 [RapidOCR] main.py:50: Using D:\Work\research\FileX\.venv-ai\Lib\site-packages\rapidocr\models\PP-OCRv6_rec_small.pth[0m
[32m[INFO] 2026-08-31 20:20:25,098 [RapidOCR] base.py:23: Using engine_name: torch[0m
[32m[INFO] 2026-08-31 20:20:25,100 [RapidOCR] device_config.py:64: Using GPU device with ID: 0[0m
[32m[INFO] 2026-08-31 20:20:25,119 [RapidOCR] download_file.py:60: File exists and is valid: D:\Work\research\FileX\.venv-ai\Lib\site-packages\rapidocr\models\PP-OCRv6_det_small.pth[0m
[32m[INFO] 2026-08-31 20:20:25,119 [RapidOCR] main.py:50: Using D:\Work\research\FileX\.venv-ai\Lib\site-packages\rapidocr\models\PP-OCRv6_det_small.pth[0m
[32m[INFO] 2026-08-31 20:20:25,744 [RapidOCR] base.py:23: Using engine_name: torch[0m
[32m[INFO] 2026-08-31 20:20:25,745 [RapidOCR] device_config.py:64: Using GPU device with ID: 0[0m
[32m[INFO] 2026-08-31 20:20:25,746 [RapidOCR] download_file.py:60: File exists and is valid: D:\Work\research\FileX\.venv-ai\Lib\site-packages\rapidocr\models\ch_ptocr_mobile_v2.0_cls_mobile.pth[0m
[32m[INFO] 2026-08-31 20:20:25,746 [RapidOCR] main.py:50: Using D:\Work\research\FileX\.venv-ai\Lib\site-packages\rapidocr\models\ch_ptocr_mobile_v2.0_cls_mobile.pth[0m
[32m[INFO] 2026-08-31 20:20:25,912 [RapidOCR] base.py:23: Using engine_name: torch[0m
[32m[INFO] 2026-08-31 20:20:25,913 [RapidOCR] device_config.py:64: Using GPU device with ID: 0[0m
[32m[INFO] 2026-08-31 20:20:25,934 [RapidOCR] download_file.py:60: File exists and is valid: D:\Work\research\FileX\.venv-ai\Lib\site-packages\rapidocr\models\PP-OCRv6_rec_small.pth[0m
[32m[INFO] 2026-08-31 20:20:25,935 [RapidOCR] main.py:50: Using D:\Work\research\FileX\.venv-ai\Lib\site-packages\rapidocr\models\PP-OCRv6_rec_small.pth[0m
[32m[INFO] 2026-08-31 20:20:27,642 [RapidOCR] base.py:23: Using engine_name: torch[0m
[32m[INFO] 2026-08-31 20:20:27,645 [RapidOCR] device_config.py:64: Using GPU device with ID: 0[0m
[32m[INFO] 2026-08-31 20:20:27,663 [RapidOCR] download_file.py:60: File exists and is valid: D:\Work\research\FileX\.venv-ai\Lib\site-packages\rapidocr\models\PP-OCRv6_det_small.pth[0m
[32m[INFO] 2026-08-31 20:20:27,663 [RapidOCR] main.py:50: Using D:\Work\research\FileX\.venv-ai\Lib\site-packages\rapidocr\models\PP-OCRv6_det_small.pth[0m
[32m[INFO] 2026-08-31 20:20:28,022 [RapidOCR] base.py:23: Using engine_name: torch[0m
[32m[INFO] 2026-08-31 20:20:28,023 [RapidOCR] device_config.py:64: Using GPU device with ID: 0[0m
[32m[INFO] 2026-08-31 20:20:28,024 [RapidOCR] download_file.py:60: File exists and is valid: D:\Work\research\FileX\.venv-ai\Lib\site-packages\rapidocr\models\ch_ptocr_mobile_v2.0_cls_mobile.pth[0m
[32m[INFO] 2026-08-31 20:20:28,024 [RapidOCR] main.py:50: Using D:\Work\research\FileX\.venv-ai\Lib\site-packages\rapidocr\models\ch_ptocr_mobile_v2.0_cls_mobile.pth[0m
[32m[INFO] 2026-08-31 20:20:28,176 [RapidOCR] base.py:23: Using engine_name: torch[0m
[32m[INFO] 2026-08-31 20:20:28,177 [RapidOCR] device_config.py:64: Using GPU device with ID: 0[0m
[32m[INFO] 2026-08-31 20:20:28,197 [RapidOCR] download_file.py:60: File exists and is valid: D:\Work\research\FileX\.venv-ai\Lib\site-packages\rapidocr\models\PP-OCRv6_rec_small.pth[0m
[32m[INFO] 2026-08-31 20:20:28,198 [RapidOCR] main.py:50: Using D:\Work\research\FileX\.venv-ai\Lib\site-packages\rapidocr\models\PP-OCRv6_rec_small.pth[0m
[32m[INFO] 2026-08-31 20:20:29,691 [RapidOCR] base.py:23: Using engine_name: torch[0m
[32m[INFO] 2026-08-31 20:20:29,692 [RapidOCR] device_config.py:64: Using GPU device with ID: 0[0m
[32m[INFO] 2026-08-31 20:20:29,706 [RapidOCR] download_file.py:60: File exists and is valid: D:\Work\research\FileX\.venv-ai\Lib\site-packages\rapidocr\models\PP-OCRv6_det_small.pth[0m
[32m[INFO] 2026-08-31 20:20:29,707 [RapidOCR] main.py:50: Using D:\Work\research\FileX\.venv-ai\Lib\site-packages\rapidocr\models\PP-OCRv6_det_small.pth[0m
[32m[INFO] 2026-08-31 20:20:30,013 [RapidOCR] base.py:23: Using engine_name: torch[0m
[32m[INFO] 2026-08-31 20:20:30,014 [RapidOCR] device_config.py:64: Using GPU device with ID: 0[0m
[32m[INFO] 2026-08-31 20:20:30,015 [RapidOCR] download_file.py:60: File exists and is valid: D:\Work\research\FileX\.venv-ai\Lib\site-packages\rapidocr\models\ch_ptocr_mobile_v2.0_cls_mobile.pth[0m
[32m[INFO] 2026-08-31 20:20:30,015 [RapidOCR] main.py:50: Using D:\Work\research\FileX\.venv-ai\Lib\site-packages\rapidocr\models\ch_ptocr_mobile_v2.0_cls_mobile.pth[0m
[32m[INFO] 2026-08-31 20:20:30,196 [RapidOCR] base.py:23: Using engine_name: torch[0m
[32m[INFO] 2026-08-31 20:20:30,197 [RapidOCR] device_config.py:64: Using GPU device with ID: 0[0m
[32m[INFO] 2026-08-31 20:20:30,220 [RapidOCR] download_file.py:60: File exists and is valid: D:\Work\research\FileX\.venv-ai\Lib\site-packages\rapidocr\models\PP-OCRv6_rec_small.pth[0m
[32m[INFO] 2026-08-31 20:20:30,221 [RapidOCR] main.py:50: Using D:\Work\research\FileX\.venv-ai\Lib\site-packages\rapidocr\models\PP-OCRv6_rec_small.pth[0m
[32m[INFO] 2026-08-31 20:20:31,600 [RapidOCR] base.py:23: Using engine_name: torch[0m
[32m[INFO] 2026-08-31 20:20:31,601 [RapidOCR] device_config.py:64: Using GPU device with ID: 0[0m
[32m[INFO] 2026-08-31 20:20:31,613 [RapidOCR] download_file.py:60: File exists and is valid: D:\Work\research\FileX\.venv-ai\Lib\site-packages\rapidocr\models\PP-OCRv6_det_small.pth[0m
[32m[INFO] 2026-08-31 20:20:31,613 [RapidOCR] main.py:50: Using D:\Work\research\FileX\.venv-ai\Lib\site-packages\rapidocr\models\PP-OCRv6_det_small.pth[0m
[32m[INFO] 2026-08-31 20:20:32,132 [RapidOCR] base.py:23: Using engine_name: torch[0m
[32m[INFO] 2026-08-31 20:20:32,132 [RapidOCR] device_config.py:64: Using GPU device with ID: 0[0m
[32m[INFO] 2026-08-31 20:20:32,134 [RapidOCR] download_file.py:60: File exists and is valid: D:\Work\research\FileX\.venv-ai\Lib\site-packages\rapidocr\models\ch_ptocr_mobile_v2.0_cls_mobile.pth[0m
[32m[INFO] 2026-08-31 20:20:32,134 [RapidOCR] main.py:50: Using D:\Work\research\FileX\.venv-ai\Lib\site-packages\rapidocr\models\ch_ptocr_mobile_v2.0_cls_mobile.pth[0m
[32m[INFO] 2026-08-31 20:20:32,334 [RapidOCR] base.py:23: Using engine_name: torch[0m
[32m[INFO] 2026-08-31 20:20:32,335 [RapidOCR] device_config.py:64: Using GPU device with ID: 0[0m
[32m[INFO] 2026-08-31 20:20:32,359 [RapidOCR] download_file.py:60: File exists and is valid: D:\Work\research\FileX\.venv-ai\Lib\site-packages\rapidocr\models\PP-OCRv6_rec_small.pth[0m
[32m[INFO] 2026-08-31 20:20:32,359 [RapidOCR] main.py:50: Using D:\Work\research\FileX\.venv-ai\Lib\site-packages\rapidocr\models\PP-OCRv6_rec_small.pth[0m
[32m[INFO] 2026-08-31 20:20:33,742 [RapidOCR] base.py:23: Using engine_name: torch[0m
[32m[INFO] 2026-08-31 20:20:33,743 [RapidOCR] device_config.py:64: Using GPU device with ID: 0[0m
[32m[INFO] 2026-08-31 20:20:33,754 [RapidOCR] download_file.py:60: File exists and is valid: D:\Work\research\FileX\.venv-ai\Lib\site-packages\rapidocr\models\PP-OCRv6_det_small.pth[0m
[32m[INFO] 2026-08-31 20:20:33,755 [RapidOCR] main.py:50: Using D:\Work\research\FileX\.venv-ai\Lib\site-packages\rapidocr\models\PP-OCRv6_det_small.pth[0m
[32m[INFO] 2026-08-31 20:20:34,125 [RapidOCR] base.py:23: Using engine_name: torch[0m
[32m[INFO] 2026-08-31 20:20:34,126 [RapidOCR] device_config.py:64: Using GPU device with ID: 0[0m
[32m[INFO] 2026-08-31 20:20:34,127 [RapidOCR] download_file.py:60: File exists and is valid: D:\Work\research\FileX\.venv-ai\Lib\site-packages\rapidocr\models\ch_ptocr_mobile_v2.0_cls_mobile.pth[0m
[32m[INFO] 2026-08-31 20:20:34,127 [RapidOCR] main.py:50: Using D:\Work\research\FileX\.venv-ai\Lib\site-packages\rapidocr\models\ch_ptocr_mobile_v2.0_cls_mobile.pth[0m
[32m[INFO] 2026-08-31 20:20:34,303 [RapidOCR] base.py:23: Using engine_name: torch[0m
[32m[INFO] 2026-08-31 20:20:34,304 [RapidOCR] device_config.py:64: Using GPU device with ID: 0[0m
[32m[INFO] 2026-08-31 20:20:34,327 [RapidOCR] download_file.py:60: File exists and is valid: D:\Work\research\FileX\.venv-ai\Lib\site-packages\rapidocr\models\PP-OCRv6_rec_small.pth[0m
[32m[INFO] 2026-08-31 20:20:34,327 [RapidOCR] main.py:50: Using D:\Work\research\FileX\.venv-ai\Lib\site-packages\rapidocr\models\PP-OCRv6_rec_small.pth[0m
[32m[INFO] 2026-08-31 20:20:35,726 [RapidOCR] base.py:23: Using engine_name: torch[0m
[32m[INFO] 2026-08-31 20:20:35,727 [RapidOCR] device_config.py:64: Using GPU device with ID: 0[0m
[32m[INFO] 2026-08-31 20:20:35,738 [RapidOCR] download_file.py:60: File exists and is valid: D:\Work\research\FileX\.venv-ai\Lib\site-packages\rapidocr\models\PP-OCRv6_det_small.pth[0m
[32m[INFO] 2026-08-31 20:20:35,738 [RapidOCR] main.py:50: Using D:\Work\research\FileX\.venv-ai\Lib\site-packages\rapidocr\models\PP-OCRv6_det_small.pth[0m
[32m[INFO] 2026-08-31 20:20:36,082 [RapidOCR] base.py:23: Using engine_name: torch[0m
[32m[INFO] 2026-08-31 20:20:36,083 [RapidOCR] device_config.py:64: Using GPU device with ID: 0[0m
[32m[INFO] 2026-08-31 20:20:36,084 [RapidOCR] download_file.py:60: File exists and is valid: D:\Work\research\FileX\.venv-ai\Lib\site-packages\rapidocr\models\ch_ptocr_mobile_v2.0_cls_mobile.pth[0m
[32m[INFO] 2026-08-31 20:20:36,085 [RapidOCR] main.py:50: Using D:\Work\research\FileX\.venv-ai\Lib\site-packages\rapidocr\models\ch_ptocr_mobile_v2.0_cls_mobile.pth[0m
[32m[INFO] 2026-08-31 20:20:36,267 [RapidOCR] base.py:23: Using engine_name: torch[0m
[32m[INFO] 2026-08-31 20:20:36,268 [RapidOCR] device_config.py:64: Using GPU device with ID: 0[0m
[32m[INFO] 2026-08-31 20:20:36,291 [RapidOCR] download_file.py:60: File exists and is valid: D:\Work\research\FileX\.venv-ai\Lib\site-packages\rapidocr\models\PP-OCRv6_rec_small.pth[0m
[32m[INFO] 2026-08-31 20:20:36,291 [RapidOCR] main.py:50: Using D:\Work\research\FileX\.venv-ai\Lib\site-packages\rapidocr\models\PP-OCRv6_rec_small.pth[0m
[32m[INFO] 2026-08-31 20:20:37,755 [RapidOCR] base.py:23: Using engine_name: torch[0m
[32m[INFO] 2026-08-31 20:20:37,756 [RapidOCR] device_config.py:64: Using GPU device with ID: 0[0m
[32m[INFO] 2026-08-31 20:20:37,767 [RapidOCR] download_file.py:60: File exists and is valid: D:\Work\research\FileX\.venv-ai\Lib\site-packages\rapidocr\models\PP-OCRv6_det_small.pth[0m
[32m[INFO] 2026-08-31 20:20:37,768 [RapidOCR] main.py:50: Using D:\Work\research\FileX\.venv-ai\Lib\site-packages\rapidocr\models\PP-OCRv6_det_small.pth[0m
[32m[INFO] 2026-08-31 20:20:38,094 [RapidOCR] base.py:23: Using engine_name: torch[0m
[32m[INFO] 2026-08-31 20:20:38,095 [RapidOCR] device_config.py:64: Using GPU device with ID: 0[0m
[32m[INFO] 2026-08-31 20:20:38,096 [RapidOCR] download_file.py:60: File exists and is valid: D:\Work\research\FileX\.venv-ai\Lib\site-packages\rapidocr\models\ch_ptocr_mobile_v2.0_cls_mobile.pth[0m
[32m[INFO] 2026-08-31 20:20:38,097 [RapidOCR] main.py:50: Using D:\Work\research\FileX\.venv-ai\Lib\site-packages\rapidocr\models\ch_ptocr_mobile_v2.0_cls_mobile.pth[0m
[32m[INFO] 2026-08-31 20:20:38,592 [RapidOCR] base.py:23: Using engine_name: torch[0m
[32m[INFO] 2026-08-31 20:20:38,593 [RapidOCR] device_config.py:64: Using GPU device with ID: 0[0m
[32m[INFO] 2026-08-31 20:20:38,616 [RapidOCR] download_file.py:60: File exists and is valid: D:\Work\research\FileX\.venv-ai\Lib\site-packages\rapidocr\models\PP-OCRv6_rec_small.pth[0m
[32m[INFO] 2026-08-31 20:20:38,617 [RapidOCR] main.py:50: Using D:\Work\research\FileX\.venv-ai\Lib\site-packages\rapidocr\models\PP-OCRv6_rec_small.pth[0m
[32m[INFO] 2026-08-31 20:20:40,140 [RapidOCR] base.py:23: Using engine_name: torch[0m
[32m[INFO] 2026-08-31 20:20:40,141 [RapidOCR] device_config.py:64: Using GPU device with ID: 0[0m
[32m[INFO] 2026-08-31 20:20:40,153 [RapidOCR] download_file.py:60: File exists and is valid: D:\Work\research\FileX\.venv-ai\Lib\site-packages\rapidocr\models\PP-OCRv6_det_small.pth[0m
[32m[INFO] 2026-08-31 20:20:40,154 [RapidOCR] main.py:50: Using D:\Work\research\FileX\.venv-ai\Lib\site-packages\rapidocr\models\PP-OCRv6_det_small.pth[0m
[32m[INFO] 2026-08-31 20:20:40,498 [RapidOCR] base.py:23: Using engine_name: torch[0m
[32m[INFO] 2026-08-31 20:20:40,499 [RapidOCR] device_config.py:64: Using GPU device with ID: 0[0m
[32m[INFO] 2026-08-31 20:20:40,500 [RapidOCR] download_file.py:60: File exists and is valid: D:\Work\research\FileX\.venv-ai\Lib\site-packages\rapidocr\models\ch_ptocr_mobile_v2.0_cls_mobile.pth[0m
[32m[INFO] 2026-08-31 20:20:40,500 [RapidOCR] main.py:50: Using D:\Work\research\FileX\.venv-ai\Lib\site-packages\rapidocr\models\ch_ptocr_mobile_v2.0_cls_mobile.pth[0m
[32m[INFO] 2026-08-31 20:20:40,684 [RapidOCR] base.py:23: Using engine_name: torch[0m
[32m[INFO] 2026-08-31 20:20:40,684 [RapidOCR] device_config.py:64: Using GPU device with ID: 0[0m
[32m[INFO] 2026-08-31 20:20:40,707 [RapidOCR] download_file.py:60: File exists and is valid: D:\Work\research\FileX\.venv-ai\Lib\site-packages\rapidocr\models\PP-OCRv6_rec_small.pth[0m
[32m[INFO] 2026-08-31 20:20:40,707 [RapidOCR] main.py:50: Using D:\Work\research\FileX\.venv-ai\Lib\site-packages\rapidocr\models\PP-OCRv6_rec_small.pth[0m
{"config": "docling-def", "doc": "escaneado_d5a", "ppp_nativo": 90, "ppp": 115, "factor": 1.278, "png": "ppp115__escaneado_d5a.png", "png_identify": "744x1023 45.270000000000003126,45.270000000000003126 PixelsPerCentimeter", "preflight": {"vram_libre_mib": 8475, "mpx_actual": 0.761, "mpx_pendiente_ordenada": 0}, "entrada": "PDF via Docling; scale explicita", "dispositivo": "GPU CUDA", "rc": [1, 1, 1, 1, 1, 1, 1, 1, 1], "error": ["FileNotFoundError: [WinError 3] El sistema no puede encontrar la ruta especificada: '\\\\\\\\?\\\\\\\\wsl.localhost\\\\Ubuntu\\\\'", "FileNotFoundError: [WinError 3] El sistema no puede encontrar la ruta especificada: '\\\\\\\\?\\\\\\\\wsl.localhost\\\\Ubuntu\\\\'", "FileNotFoundError: [WinError 3] El sistema no puede encontrar la ruta especificada: '\\\\\\\\?\\\\\\\\wsl.localhost\\\\Ubuntu\\\\'", "FileNotFoundError: [WinError 3] El sistema no puede encontrar la ruta especificada: '\\\\\\\\?\\\\\\\\wsl.localhost\\\\Ubuntu\\\\'", "FileNotFoundError: [WinError 3] El sistema no puede encontrar la ruta especificada: '\\\\\\\\?\\\\\\\\wsl.localhost\\\\Ubuntu\\\\'", "FileNotFoundError: [WinError 3] El sistema no puede encontrar la ruta especificada: '\\\\\\\\?\\\\\\\\wsl.localhost\\\\Ubuntu\\\\'", "FileNotFoundError: [WinError 3] El sistema no puede encontrar la ruta especificada: '\\\\\\\\?\\\\\\\\wsl.localhost\\\\Ubuntu\\\\'", "FileNotFoundError: [WinError 3] El sistema no puede encontrar la ruta especificada: '\\\\\\\\?\\\\\\\\wsl.localhost\\\\Ubuntu\\\\'", "FileNotFoundError: [WinError 3] El sistema no puede encontrar la ruta especificada: '\\\\\\\\?\\\\\\\\wsl.localhost\\\\Ubuntu\\\\'"], "n": 9, "ms_mediana": 2088.8, "determinista": true, "metrica": "acentos", "cer_pct": 100.0, "cer_acentos_pct": 100.0, "cer_ciego_pct": 100.0, "dist_acentos": 596, "texto": "docling-def__ppp115__escaneado_d5a.txt"}
[32m[INFO] 2026-08-31 20:20:42,251 [RapidOCR] base.py:23: Using engine_name: torch[0m
[32m[INFO] 2026-08-31 20:20:42,251 [RapidOCR] device_config.py:64: Using GPU device with ID: 0[0m
[32m[INFO] 2026-08-31 20:20:42,262 [RapidOCR] download_file.py:60: File exists and is valid: D:\Work\research\FileX\.venv-ai\Lib\site-packages\rapidocr\models\PP-OCRv6_det_small.pth[0m
[32m[INFO] 2026-08-31 20:20:42,262 [RapidOCR] main.py:50: Using D:\Work\research\FileX\.venv-ai\Lib\site-packages\rapidocr\models\PP-OCRv6_det_small.pth[0m
[32m[INFO] 2026-08-31 20:20:42,666 [RapidOCR] base.py:23: Using engine_name: torch[0m
[32m[INFO] 2026-08-31 20:20:42,667 [RapidOCR] device_config.py:64: Using GPU device with ID: 0[0m
[32m[INFO] 2026-08-31 20:20:42,669 [RapidOCR] download_file.py:60: File exists and is valid: D:\Work\research\FileX\.venv-ai\Lib\site-packages\rapidocr\models\ch_ptocr_mobile_v2.0_cls_mobile.pth[0m
[32m[INFO] 2026-08-31 20:20:42,669 [RapidOCR] main.py:50: Using D:\Work\research\FileX\.venv-ai\Lib\site-packages\rapidocr\models\ch_ptocr_mobile_v2.0_cls_mobile.pth[0m
[32m[INFO] 2026-08-31 20:20:42,926 [RapidOCR] base.py:23: Using engine_name: torch[0m
[32m[INFO] 2026-08-31 20:20:42,926 [RapidOCR] device_config.py:64: Using GPU device with ID: 0[0m
[32m[INFO] 2026-08-31 20:20:42,952 [RapidOCR] download_file.py:60: File exists and is valid: D:\Work\research\FileX\.venv-ai\Lib\site-packages\rapidocr\models\PP-OCRv6_rec_small.pth[0m
[32m[INFO] 2026-08-31 20:20:42,952 [RapidOCR] main.py:50: Using D:\Work\research\FileX\.venv-ai\Lib\site-packages\rapidocr\models\PP-OCRv6_rec_small.pth[0m
[32m[INFO] 2026-08-31 20:20:44,514 [RapidOCR] base.py:23: Using engine_name: torch[0m
[32m[INFO] 2026-08-31 20:20:44,515 [RapidOCR] device_config.py:64: Using GPU device with ID: 0[0m
[32m[INFO] 2026-08-31 20:20:44,526 [RapidOCR] download_file.py:60: File exists and is valid: D:\Work\research\FileX\.venv-ai\Lib\site-packages\rapidocr\models\PP-OCRv6_det_small.pth[0m
[32m[INFO] 2026-08-31 20:20:44,526 [RapidOCR] main.py:50: Using D:\Work\research\FileX\.venv-ai\Lib\site-packages\rapidocr\models\PP-OCRv6_det_small.pth[0m
[32m[INFO] 2026-08-31 20:20:44,865 [RapidOCR] base.py:23: Using engine_name: torch[0m
[32m[INFO] 2026-08-31 20:20:44,865 [RapidOCR] device_config.py:64: Using GPU device with ID: 0[0m
[32m[INFO] 2026-08-31 20:20:44,867 [RapidOCR] download_file.py:60: File exists and is valid: D:\Work\research\FileX\.venv-ai\Lib\site-packages\rapidocr\models\ch_ptocr_mobile_v2.0_cls_mobile.pth[0m
[32m[INFO] 2026-08-31 20:20:44,867 [RapidOCR] main.py:50: Using D:\Work\research\FileX\.venv-ai\Lib\site-packages\rapidocr\models\ch_ptocr_mobile_v2.0_cls_mobile.pth[0m
[32m[INFO] 2026-08-31 20:20:45,042 [RapidOCR] base.py:23: Using engine_name: torch[0m
[32m[INFO] 2026-08-31 20:20:45,042 [RapidOCR] device_config.py:64: Using GPU device with ID: 0[0m
[32m[INFO] 2026-08-31 20:20:45,067 [RapidOCR] download_file.py:60: File exists and is valid: D:\Work\research\FileX\.venv-ai\Lib\site-packages\rapidocr\models\PP-OCRv6_rec_small.pth[0m
[32m[INFO] 2026-08-31 20:20:45,067 [RapidOCR] main.py:50: Using D:\Work\research\FileX\.venv-ai\Lib\site-packages\rapidocr\models\PP-OCRv6_rec_small.pth[0m
[32m[INFO] 2026-08-31 20:20:47,000 [RapidOCR] base.py:23: Using engine_name: torch[0m
[32m[INFO] 2026-08-31 20:20:47,001 [RapidOCR] device_config.py:64: Using GPU device with ID: 0[0m
[32m[INFO] 2026-08-31 20:20:47,013 [RapidOCR] download_file.py:60: File exists and is valid: D:\Work\research\FileX\.venv-ai\Lib\site-packages\rapidocr\models\PP-OCRv6_det_small.pth[0m
[32m[INFO] 2026-08-31 20:20:47,013 [RapidOCR] main.py:50: Using D:\Work\research\FileX\.venv-ai\Lib\site-packages\rapidocr\models\PP-OCRv6_det_small.pth[0m
[32m[INFO] 2026-08-31 20:20:47,379 [RapidOCR] base.py:23: Using engine_name: torch[0m
[32m[INFO] 2026-08-31 20:20:47,380 [RapidOCR] device_config.py:64: Using GPU device with ID: 0[0m
[32m[INFO] 2026-08-31 20:20:47,381 [RapidOCR] download_file.py:60: File exists and is valid: D:\Work\research\FileX\.venv-ai\Lib\site-packages\rapidocr\models\ch_ptocr_mobile_v2.0_cls_mobile.pth[0m
[32m[INFO] 2026-08-31 20:20:47,381 [RapidOCR] main.py:50: Using D:\Work\research\FileX\.venv-ai\Lib\site-packages\rapidocr\models\ch_ptocr_mobile_v2.0_cls_mobile.pth[0m
[32m[INFO] 2026-08-31 20:20:47,714 [RapidOCR] base.py:23: Using engine_name: torch[0m
[32m[INFO] 2026-08-31 20:20:47,715 [RapidOCR] device_config.py:64: Using GPU device with ID: 0[0m
[32m[INFO] 2026-08-31 20:20:47,738 [RapidOCR] download_file.py:60: File exists and is valid: D:\Work\research\FileX\.venv-ai\Lib\site-packages\rapidocr\models\PP-OCRv6_rec_small.pth[0m
[32m[INFO] 2026-08-31 20:20:47,738 [RapidOCR] main.py:50: Using D:\Work\research\FileX\.venv-ai\Lib\site-packages\rapidocr\models\PP-OCRv6_rec_small.pth[0m
[32m[INFO] 2026-08-31 20:20:49,268 [RapidOCR] base.py:23: Using engine_name: torch[0m
[32m[INFO] 2026-08-31 20:20:49,269 [RapidOCR] device_config.py:64: Using GPU device with ID: 0[0m
[32m[INFO] 2026-08-31 20:20:49,279 [RapidOCR] download_file.py:60: File exists and is valid: D:\Work\research\FileX\.venv-ai\Lib\site-packages\rapidocr\models\PP-OCRv6_det_small.pth[0m
[32m[INFO] 2026-08-31 20:20:49,280 [RapidOCR] main.py:50: Using D:\Work\research\FileX\.venv-ai\Lib\site-packages\rapidocr\models\PP-OCRv6_det_small.pth[0m
[32m[INFO] 2026-08-31 20:20:49,733 [RapidOCR] base.py:23: Using engine_name: torch[0m
[32m[INFO] 2026-08-31 20:20:49,733 [RapidOCR] device_config.py:64: Using GPU device with ID: 0[0m
[32m[INFO] 2026-08-31 20:20:49,735 [RapidOCR] download_file.py:60: File exists and is valid: D:\Work\research\FileX\.venv-ai\Lib\site-packages\rapidocr\models\ch_ptocr_mobile_v2.0_cls_mobile.pth[0m
[32m[INFO] 2026-08-31 20:20:49,735 [RapidOCR] main.py:50: Using D:\Work\research\FileX\.venv-ai\Lib\site-packages\rapidocr\models\ch_ptocr_mobile_v2.0_cls_mobile.pth[0m
[32m[INFO] 2026-08-31 20:20:49,901 [RapidOCR] base.py:23: Using engine_name: torch[0m
[32m[INFO] 2026-08-31 20:20:49,902 [RapidOCR] device_config.py:64: Using GPU device with ID: 0[0m
[32m[INFO] 2026-08-31 20:20:49,924 [RapidOCR] download_file.py:60: File exists and is valid: D:\Work\research\FileX\.venv-ai\Lib\site-packages\rapidocr\models\PP-OCRv6_rec_small.pth[0m
[32m[INFO] 2026-08-31 20:20:49,924 [RapidOCR] main.py:50: Using D:\Work\research\FileX\.venv-ai\Lib\site-packages\rapidocr\models\PP-OCRv6_rec_small.pth[0m
[32m[INFO] 2026-08-31 20:20:51,481 [RapidOCR] base.py:23: Using engine_name: torch[0m
[32m[INFO] 2026-08-31 20:20:51,482 [RapidOCR] device_config.py:64: Using GPU device with ID: 0[0m
[32m[INFO] 2026-08-31 20:20:51,495 [RapidOCR] download_file.py:60: File exists and is valid: D:\Work\research\FileX\.venv-ai\Lib\site-packages\rapidocr\models\PP-OCRv6_det_small.pth[0m
[32m[INFO] 2026-08-31 20:20:51,495 [RapidOCR] main.py:50: Using D:\Work\research\FileX\.venv-ai\Lib\site-packages\rapidocr\models\PP-OCRv6_det_small.pth[0m
[32m[INFO] 2026-08-31 20:20:51,840 [RapidOCR] base.py:23: Using engine_name: torch[0m
[32m[INFO] 2026-08-31 20:20:51,840 [RapidOCR] device_config.py:64: Using GPU device with ID: 0[0m
[32m[INFO] 2026-08-31 20:20:51,841 [RapidOCR] download_file.py:60: File exists and is valid: D:\Work\research\FileX\.venv-ai\Lib\site-packages\rapidocr\models\ch_ptocr_mobile_v2.0_cls_mobile.pth[0m
[32m[INFO] 2026-08-31 20:20:51,841 [RapidOCR] main.py:50: Using D:\Work\research\FileX\.venv-ai\Lib\site-packages\rapidocr\models\ch_ptocr_mobile_v2.0_cls_mobile.pth[0m
[32m[INFO] 2026-08-31 20:20:52,013 [RapidOCR] base.py:23: Using engine_name: torch[0m
[32m[INFO] 2026-08-31 20:20:52,014 [RapidOCR] device_config.py:64: Using GPU device with ID: 0[0m
[32m[INFO] 2026-08-31 20:20:52,036 [RapidOCR] download_file.py:60: File exists and is valid: D:\Work\research\FileX\.venv-ai\Lib\site-packages\rapidocr\models\PP-OCRv6_rec_small.pth[0m
[32m[INFO] 2026-08-31 20:20:52,036 [RapidOCR] main.py:50: Using D:\Work\research\FileX\.venv-ai\Lib\site-packages\rapidocr\models\PP-OCRv6_rec_small.pth[0m
[32m[INFO] 2026-08-31 20:20:53,759 [RapidOCR] base.py:23: Using engine_name: torch[0m
[32m[INFO] 2026-08-31 20:20:53,760 [RapidOCR] device_config.py:64: Using GPU device with ID: 0[0m
[32m[INFO] 2026-08-31 20:20:53,773 [RapidOCR] download_file.py:60: File exists and is valid: D:\Work\research\FileX\.venv-ai\Lib\site-packages\rapidocr\models\PP-OCRv6_det_small.pth[0m
[32m[INFO] 2026-08-31 20:20:53,774 [RapidOCR] main.py:50: Using D:\Work\research\FileX\.venv-ai\Lib\site-packages\rapidocr\models\PP-OCRv6_det_small.pth[0m
[32m[INFO] 2026-08-31 20:20:54,252 [RapidOCR] base.py:23: Using engine_name: torch[0m
[32m[INFO] 2026-08-31 20:20:54,253 [RapidOCR] device_config.py:64: Using GPU device with ID: 0[0m
[32m[INFO] 2026-08-31 20:20:54,254 [RapidOCR] download_file.py:60: File exists and is valid: D:\Work\research\FileX\.venv-ai\Lib\site-packages\rapidocr\models\ch_ptocr_mobile_v2.0_cls_mobile.pth[0m
[32m[INFO] 2026-08-31 20:20:54,255 [RapidOCR] main.py:50: Using D:\Work\research\FileX\.venv-ai\Lib\site-packages\rapidocr\models\ch_ptocr_mobile_v2.0_cls_mobile.pth[0m
[32m[INFO] 2026-08-31 20:20:54,497 [RapidOCR] base.py:23: Using engine_name: torch[0m
[32m[INFO] 2026-08-31 20:20:54,499 [RapidOCR] device_config.py:64: Using GPU device with ID: 0[0m
[32m[INFO] 2026-08-31 20:20:54,528 [RapidOCR] download_file.py:60: File exists and is valid: D:\Work\research\FileX\.venv-ai\Lib\site-packages\rapidocr\models\PP-OCRv6_rec_small.pth[0m
[32m[INFO] 2026-08-31 20:20:54,529 [RapidOCR] main.py:50: Using D:\Work\research\FileX\.venv-ai\Lib\site-packages\rapidocr\models\PP-OCRv6_rec_small.pth[0m
[32m[INFO] 2026-08-31 20:20:56,757 [RapidOCR] base.py:23: Using engine_name: torch[0m
[32m[INFO] 2026-08-31 20:20:56,758 [RapidOCR] device_config.py:64: Using GPU device with ID: 0[0m
[32m[INFO] 2026-08-31 20:20:56,769 [RapidOCR] download_file.py:60: File exists and is valid: D:\Work\research\FileX\.venv-ai\Lib\site-packages\rapidocr\models\PP-OCRv6_det_small.pth[0m
[32m[INFO] 2026-08-31 20:20:56,770 [RapidOCR] main.py:50: Using D:\Work\research\FileX\.venv-ai\Lib\site-packages\rapidocr\models\PP-OCRv6_det_small.pth[0m
[32m[INFO] 2026-08-31 20:20:57,118 [RapidOCR] base.py:23: Using engine_name: torch[0m
[32m[INFO] 2026-08-31 20:20:57,119 [RapidOCR] device_config.py:64: Using GPU device with ID: 0[0m
[32m[INFO] 2026-08-31 20:20:57,120 [RapidOCR] download_file.py:60: File exists and is valid: D:\Work\research\FileX\.venv-ai\Lib\site-packages\rapidocr\models\ch_ptocr_mobile_v2.0_cls_mobile.pth[0m
[32m[INFO] 2026-08-31 20:20:57,121 [RapidOCR] main.py:50: Using D:\Work\research\FileX\.venv-ai\Lib\site-packages\rapidocr\models\ch_ptocr_mobile_v2.0_cls_mobile.pth[0m
[32m[INFO] 2026-08-31 20:20:57,297 [RapidOCR] base.py:23: Using engine_name: torch[0m
[32m[INFO] 2026-08-31 20:20:57,298 [RapidOCR] device_config.py:64: Using GPU device with ID: 0[0m
[32m[INFO] 2026-08-31 20:20:57,322 [RapidOCR] download_file.py:60: File exists and is valid: D:\Work\research\FileX\.venv-ai\Lib\site-packages\rapidocr\models\PP-OCRv6_rec_small.pth[0m
[32m[INFO] 2026-08-31 20:20:57,322 [RapidOCR] main.py:50: Using D:\Work\research\FileX\.venv-ai\Lib\site-packages\rapidocr\models\PP-OCRv6_rec_small.pth[0m
[32m[INFO] 2026-08-31 20:20:58,951 [RapidOCR] base.py:23: Using engine_name: torch[0m
[32m[INFO] 2026-08-31 20:20:58,952 [RapidOCR] device_config.py:64: Using GPU device with ID: 0[0m
[32m[INFO] 2026-08-31 20:20:58,963 [RapidOCR] download_file.py:60: File exists and is valid: D:\Work\research\FileX\.venv-ai\Lib\site-packages\rapidocr\models\PP-OCRv6_det_small.pth[0m
[32m[INFO] 2026-08-31 20:20:58,963 [RapidOCR] main.py:50: Using D:\Work\research\FileX\.venv-ai\Lib\site-packages\rapidocr\models\PP-OCRv6_det_small.pth[0m
[32m[INFO] 2026-08-31 20:20:59,280 [RapidOCR] base.py:23: Using engine_name: torch[0m
[32m[INFO] 2026-08-31 20:20:59,281 [RapidOCR] device_config.py:64: Using GPU device with ID: 0[0m
[32m[INFO] 2026-08-31 20:20:59,283 [RapidOCR] download_file.py:60: File exists and is valid: D:\Work\research\FileX\.venv-ai\Lib\site-packages\rapidocr\models\ch_ptocr_mobile_v2.0_cls_mobile.pth[0m
[32m[INFO] 2026-08-31 20:20:59,283 [RapidOCR] main.py:50: Using D:\Work\research\FileX\.venv-ai\Lib\site-packages\rapidocr\models\ch_ptocr_mobile_v2.0_cls_mobile.pth[0m
[32m[INFO] 2026-08-31 20:20:59,495 [RapidOCR] base.py:23: Using engine_name: torch[0m
[32m[INFO] 2026-08-31 20:20:59,496 [RapidOCR] device_config.py:64: Using GPU device with ID: 0[0m
[32m[INFO] 2026-08-31 20:20:59,519 [RapidOCR] download_file.py:60: File exists and is valid: D:\Work\research\FileX\.venv-ai\Lib\site-packages\rapidocr\models\PP-OCRv6_rec_small.pth[0m
[32m[INFO] 2026-08-31 20:20:59,519 [RapidOCR] main.py:50: Using D:\Work\research\FileX\.venv-ai\Lib\site-packages\rapidocr\models\PP-OCRv6_rec_small.pth[0m
[32m[INFO] 2026-08-31 20:21:01,359 [RapidOCR] base.py:23: Using engine_name: torch[0m
[32m[INFO] 2026-08-31 20:21:01,360 [RapidOCR] device_config.py:64: Using GPU device with ID: 0[0m
[32m[INFO] 2026-08-31 20:21:01,370 [RapidOCR] download_file.py:60: File exists and is valid: D:\Work\research\FileX\.venv-ai\Lib\site-packages\rapidocr\models\PP-OCRv6_det_small.pth[0m
[32m[INFO] 2026-08-31 20:21:01,370 [RapidOCR] main.py:50: Using D:\Work\research\FileX\.venv-ai\Lib\site-packages\rapidocr\models\PP-OCRv6_det_small.pth[0m
[32m[INFO] 2026-08-31 20:21:01,712 [RapidOCR] base.py:23: Using engine_name: torch[0m
[32m[INFO] 2026-08-31 20:21:01,713 [RapidOCR] device_config.py:64: Using GPU device with ID: 0[0m
[32m[INFO] 2026-08-31 20:21:01,714 [RapidOCR] download_file.py:60: File exists and is valid: D:\Work\research\FileX\.venv-ai\Lib\site-packages\rapidocr\models\ch_ptocr_mobile_v2.0_cls_mobile.pth[0m
[32m[INFO] 2026-08-31 20:21:01,714 [RapidOCR] main.py:50: Using D:\Work\research\FileX\.venv-ai\Lib\site-packages\rapidocr\models\ch_ptocr_mobile_v2.0_cls_mobile.pth[0m
[32m[INFO] 2026-08-31 20:21:01,902 [RapidOCR] base.py:23: Using engine_name: torch[0m
[32m[INFO] 2026-08-31 20:21:01,903 [RapidOCR] device_config.py:64: Using GPU device with ID: 0[0m
[32m[INFO] 2026-08-31 20:21:01,925 [RapidOCR] download_file.py:60: File exists and is valid: D:\Work\research\FileX\.venv-ai\Lib\site-packages\rapidocr\models\PP-OCRv6_rec_small.pth[0m
[32m[INFO] 2026-08-31 20:21:01,926 [RapidOCR] main.py:50: Using D:\Work\research\FileX\.venv-ai\Lib\site-packages\rapidocr\models\PP-OCRv6_rec_small.pth[0m
[32m[INFO] 2026-08-31 20:21:03,423 [RapidOCR] base.py:23: Using engine_name: torch[0m
[32m[INFO] 2026-08-31 20:21:03,424 [RapidOCR] device_config.py:64: Using GPU device with ID: 0[0m
[32m[INFO] 2026-08-31 20:21:03,435 [RapidOCR] download_file.py:60: File exists and is valid: D:\Work\research\FileX\.venv-ai\Lib\site-packages\rapidocr\models\PP-OCRv6_det_small.pth[0m
[32m[INFO] 2026-08-31 20:21:03,435 [RapidOCR] main.py:50: Using D:\Work\research\FileX\.venv-ai\Lib\site-packages\rapidocr\models\PP-OCRv6_det_small.pth[0m
[32m[INFO] 2026-08-31 20:21:03,809 [RapidOCR] base.py:23: Using engine_name: torch[0m
[32m[INFO] 2026-08-31 20:21:03,810 [RapidOCR] device_config.py:64: Using GPU device with ID: 0[0m
[32m[INFO] 2026-08-31 20:21:03,812 [RapidOCR] download_file.py:60: File exists and is valid: D:\Work\research\FileX\.venv-ai\Lib\site-packages\rapidocr\models\ch_ptocr_mobile_v2.0_cls_mobile.pth[0m
[32m[INFO] 2026-08-31 20:21:03,812 [RapidOCR] main.py:50: Using D:\Work\research\FileX\.venv-ai\Lib\site-packages\rapidocr\models\ch_ptocr_mobile_v2.0_cls_mobile.pth[0m
[32m[INFO] 2026-08-31 20:21:04,026 [RapidOCR] base.py:23: Using engine_name: torch[0m
[32m[INFO] 2026-08-31 20:21:04,027 [RapidOCR] device_config.py:64: Using GPU device with ID: 0[0m
[32m[INFO] 2026-08-31 20:21:04,050 [RapidOCR] download_file.py:60: File exists and is valid: D:\Work\research\FileX\.venv-ai\Lib\site-packages\rapidocr\models\PP-OCRv6_rec_small.pth[0m
[32m[INFO] 2026-08-31 20:21:04,050 [RapidOCR] main.py:50: Using D:\Work\research\FileX\.venv-ai\Lib\site-packages\rapidocr\models\PP-OCRv6_rec_small.pth[0m
{"config": "docling-def", "doc": "escaneado_d5a", "ppp_nativo": 90, "ppp": 120, "factor": 1.333, "png": "ppp120__escaneado_d5a.png", "png_identify": "776x1068 47.24000000000000199,47.24000000000000199 PixelsPerCentimeter", "preflight": {"vram_libre_mib": 8558, "mpx_actual": 0.829, "mpx_pendiente_ordenada": 0}, "entrada": "PDF via Docling; scale explicita", "dispositivo": "GPU CUDA", "rc": [1, 1, 1, 1, 1, 1, 1, 1, 1], "error": ["FileNotFoundError: [WinError 3] El sistema no puede encontrar la ruta especificada: '\\\\\\\\?\\\\\\\\wsl.localhost\\\\Ubuntu\\\\'", "FileNotFoundError: [WinError 3] El sistema no puede encontrar la ruta especificada: '\\\\\\\\?\\\\\\\\wsl.localhost\\\\Ubuntu\\\\'", "FileNotFoundError: [WinError 3] El sistema no puede encontrar la ruta especificada: '\\\\\\\\?\\\\\\\\wsl.localhost\\\\Ubuntu\\\\'", "FileNotFoundError: [WinError 3] El sistema no puede encontrar la ruta especificada: '\\\\\\\\?\\\\\\\\wsl.localhost\\\\Ubuntu\\\\'", "FileNotFoundError: [WinError 3] El sistema no puede encontrar la ruta especificada: '\\\\\\\\?\\\\\\\\wsl.localhost\\\\Ubuntu\\\\'", "FileNotFoundError: [WinError 3] El sistema no puede encontrar la ruta especificada: '\\\\\\\\?\\\\\\\\wsl.localhost\\\\Ubuntu\\\\'", "FileNotFoundError: [WinError 3] El sistema no puede encontrar la ruta especificada: '\\\\\\\\?\\\\\\\\wsl.localhost\\\\Ubuntu\\\\'", "FileNotFoundError: [WinError 3] El sistema no puede encontrar la ruta especificada: '\\\\\\\\?\\\\\\\\wsl.localhost\\\\Ubuntu\\\\'", "FileNotFoundError: [WinError 3] El sistema no puede encontrar la ruta especificada: '\\\\\\\\?\\\\\\\\wsl.localhost\\\\Ubuntu\\\\'"], "n": 9, "ms_mediana": 2250.9, "determinista": true, "metrica": "acentos", "cer_pct": 100.0, "cer_acentos_pct": 100.0, "cer_ciego_pct": 100.0, "dist_acentos": 596, "texto": "docling-def__ppp120__escaneado_d5a.txt"}
[32m[INFO] 2026-08-31 20:21:05,784 [RapidOCR] base.py:23: Using engine_name: torch[0m
[32m[INFO] 2026-08-31 20:21:05,785 [RapidOCR] device_config.py:64: Using GPU device with ID: 0[0m
[32m[INFO] 2026-08-31 20:21:05,797 [RapidOCR] download_file.py:60: File exists and is valid: D:\Work\research\FileX\.venv-ai\Lib\site-packages\rapidocr\models\PP-OCRv6_det_small.pth[0m
[32m[INFO] 2026-08-31 20:21:05,797 [RapidOCR] main.py:50: Using D:\Work\research\FileX\.venv-ai\Lib\site-packages\rapidocr\models\PP-OCRv6_det_small.pth[0m
[32m[INFO] 2026-08-31 20:21:06,153 [RapidOCR] base.py:23: Using engine_name: torch[0m
[32m[INFO] 2026-08-31 20:21:06,154 [RapidOCR] device_config.py:64: Using GPU device with ID: 0[0m
[32m[INFO] 2026-08-31 20:21:06,155 [RapidOCR] download_file.py:60: File exists and is valid: D:\Work\research\FileX\.venv-ai\Lib\site-packages\rapidocr\models\ch_ptocr_mobile_v2.0_cls_mobile.pth[0m
[32m[INFO] 2026-08-31 20:21:06,155 [RapidOCR] main.py:50: Using D:\Work\research\FileX\.venv-ai\Lib\site-packages\rapidocr\models\ch_ptocr_mobile_v2.0_cls_mobile.pth[0m
[32m[INFO] 2026-08-31 20:21:06,329 [RapidOCR] base.py:23: Using engine_name: torch[0m
[32m[INFO] 2026-08-31 20:21:06,329 [RapidOCR] device_config.py:64: Using GPU device with ID: 0[0m
[32m[INFO] 2026-08-31 20:21:06,355 [RapidOCR] download_file.py:60: File exists and is valid: D:\Work\research\FileX\.venv-ai\Lib\site-packages\rapidocr\models\PP-OCRv6_rec_small.pth[0m
[32m[INFO] 2026-08-31 20:21:06,355 [RapidOCR] main.py:50: Using D:\Work\research\FileX\.venv-ai\Lib\site-packages\rapidocr\models\PP-OCRv6_rec_small.pth[0m
[32m[INFO] 2026-08-31 20:21:07,851 [RapidOCR] base.py:23: Using engine_name: torch[0m
[32m[INFO] 2026-08-31 20:21:07,852 [RapidOCR] device_config.py:64: Using GPU device with ID: 0[0m
[32m[INFO] 2026-08-31 20:21:07,863 [RapidOCR] download_file.py:60: File exists and is valid: D:\Work\research\FileX\.venv-ai\Lib\site-packages\rapidocr\models\PP-OCRv6_det_small.pth[0m
[32m[INFO] 2026-08-31 20:21:07,864 [RapidOCR] main.py:50: Using D:\Work\research\FileX\.venv-ai\Lib\site-packages\rapidocr\models\PP-OCRv6_det_small.pth[0m
[32m[INFO] 2026-08-31 20:21:08,492 [RapidOCR] base.py:23: Using engine_name: torch[0m
[32m[INFO] 2026-08-31 20:21:08,493 [RapidOCR] device_config.py:64: Using GPU device with ID: 0[0m
[32m[INFO] 2026-08-31 20:21:08,494 [RapidOCR] download_file.py:60: File exists and is valid: D:\Work\research\FileX\.venv-ai\Lib\site-packages\rapidocr\models\ch_ptocr_mobile_v2.0_cls_mobile.pth[0m
[32m[INFO] 2026-08-31 20:21:08,494 [RapidOCR] main.py:50: Using D:\Work\research\FileX\.venv-ai\Lib\site-packages\rapidocr\models\ch_ptocr_mobile_v2.0_cls_mobile.pth[0m
[32m[INFO] 2026-08-31 20:21:08,671 [RapidOCR] base.py:23: Using engine_name: torch[0m
[32m[INFO] 2026-08-31 20:21:08,671 [RapidOCR] device_config.py:64: Using GPU device with ID: 0[0m
[32m[INFO] 2026-08-31 20:21:08,694 [RapidOCR] download_file.py:60: File exists and is valid: D:\Work\research\FileX\.venv-ai\Lib\site-packages\rapidocr\models\PP-OCRv6_rec_small.pth[0m
[32m[INFO] 2026-08-31 20:21:08,694 [RapidOCR] main.py:50: Using D:\Work\research\FileX\.venv-ai\Lib\site-packages\rapidocr\models\PP-OCRv6_rec_small.pth[0m
[32m[INFO] 2026-08-31 20:21:10,319 [RapidOCR] base.py:23: Using engine_name: torch[0m
[32m[INFO] 2026-08-31 20:21:10,320 [RapidOCR] device_config.py:64: Using GPU device with ID: 0[0m
[32m[INFO] 2026-08-31 20:21:10,335 [RapidOCR] download_file.py:60: File exists and is valid: D:\Work\research\FileX\.venv-ai\Lib\site-packages\rapidocr\models\PP-OCRv6_det_small.pth[0m
[32m[INFO] 2026-08-31 20:21:10,335 [RapidOCR] main.py:50: Using D:\Work\research\FileX\.venv-ai\Lib\site-packages\rapidocr\models\PP-OCRv6_det_small.pth[0m
[32m[INFO] 2026-08-31 20:21:10,685 [RapidOCR] base.py:23: Using engine_name: torch[0m
[32m[INFO] 2026-08-31 20:21:10,686 [RapidOCR] device_config.py:64: Using GPU device with ID: 0[0m
[32m[INFO] 2026-08-31 20:21:10,687 [RapidOCR] download_file.py:60: File exists and is valid: D:\Work\research\FileX\.venv-ai\Lib\site-packages\rapidocr\models\ch_ptocr_mobile_v2.0_cls_mobile.pth[0m
[32m[INFO] 2026-08-31 20:21:10,688 [RapidOCR] main.py:50: Using D:\Work\research\FileX\.venv-ai\Lib\site-packages\rapidocr\models\ch_ptocr_mobile_v2.0_cls_mobile.pth[0m
[32m[INFO] 2026-08-31 20:21:10,885 [RapidOCR] base.py:23: Using engine_name: torch[0m
[32m[INFO] 2026-08-31 20:21:10,886 [RapidOCR] device_config.py:64: Using GPU device with ID: 0[0m
[32m[INFO] 2026-08-31 20:21:10,908 [RapidOCR] download_file.py:60: File exists and is valid: D:\Work\research\FileX\.venv-ai\Lib\site-packages\rapidocr\models\PP-OCRv6_rec_small.pth[0m
[32m[INFO] 2026-08-31 20:21:10,908 [RapidOCR] main.py:50: Using D:\Work\research\FileX\.venv-ai\Lib\site-packages\rapidocr\models\PP-OCRv6_rec_small.pth[0m
[32m[INFO] 2026-08-31 20:21:12,443 [RapidOCR] base.py:23: Using engine_name: torch[0m
[32m[INFO] 2026-08-31 20:21:12,444 [RapidOCR] device_config.py:64: Using GPU device with ID: 0[0m
[32m[INFO] 2026-08-31 20:21:12,455 [RapidOCR] download_file.py:60: File exists and is valid: D:\Work\research\FileX\.venv-ai\Lib\site-packages\rapidocr\models\PP-OCRv6_det_small.pth[0m
[32m[INFO] 2026-08-31 20:21:12,455 [RapidOCR] main.py:50: Using D:\Work\research\FileX\.venv-ai\Lib\site-packages\rapidocr\models\PP-OCRv6_det_small.pth[0m
[32m[INFO] 2026-08-31 20:21:12,766 [RapidOCR] base.py:23: Using engine_name: torch[0m
[32m[INFO] 2026-08-31 20:21:12,766 [RapidOCR] device_config.py:64: Using GPU device with ID: 0[0m
[32m[INFO] 2026-08-31 20:21:12,768 [RapidOCR] download_file.py:60: File exists and is valid: D:\Work\research\FileX\.venv-ai\Lib\site-packages\rapidocr\models\ch_ptocr_mobile_v2.0_cls_mobile.pth[0m
[32m[INFO] 2026-08-31 20:21:12,768 [RapidOCR] main.py:50: Using D:\Work\research\FileX\.venv-ai\Lib\site-packages\rapidocr\models\ch_ptocr_mobile_v2.0_cls_mobile.pth[0m
[32m[INFO] 2026-08-31 20:21:12,940 [RapidOCR] base.py:23: Using engine_name: torch[0m
[32m[INFO] 2026-08-31 20:21:12,942 [RapidOCR] device_config.py:64: Using GPU device with ID: 0[0m
[32m[INFO] 2026-08-31 20:21:12,965 [RapidOCR] download_file.py:60: File exists and is valid: D:\Work\research\FileX\.venv-ai\Lib\site-packages\rapidocr\models\PP-OCRv6_rec_small.pth[0m
[32m[INFO] 2026-08-31 20:21:12,965 [RapidOCR] main.py:50: Using D:\Work\research\FileX\.venv-ai\Lib\site-packages\rapidocr\models\PP-OCRv6_rec_small.pth[0m
[32m[INFO] 2026-08-31 20:21:14,440 [RapidOCR] base.py:23: Using engine_name: torch[0m
[32m[INFO] 2026-08-31 20:21:14,441 [RapidOCR] device_config.py:64: Using GPU device with ID: 0[0m
[32m[INFO] 2026-08-31 20:21:14,454 [RapidOCR] download_file.py:60: File exists and is valid: D:\Work\research\FileX\.venv-ai\Lib\site-packages\rapidocr\models\PP-OCRv6_det_small.pth[0m
[32m[INFO] 2026-08-31 20:21:14,454 [RapidOCR] main.py:50: Using D:\Work\research\FileX\.venv-ai\Lib\site-packages\rapidocr\models\PP-OCRv6_det_small.pth[0m
[32m[INFO] 2026-08-31 20:21:15,000 [RapidOCR] base.py:23: Using engine_name: torch[0m
[32m[INFO] 2026-08-31 20:21:15,000 [RapidOCR] device_config.py:64: Using GPU device with ID: 0[0m
[32m[INFO] 2026-08-31 20:21:15,001 [RapidOCR] download_file.py:60: File exists and is valid: D:\Work\research\FileX\.venv-ai\Lib\site-packages\rapidocr\models\ch_ptocr_mobile_v2.0_cls_mobile.pth[0m
[32m[INFO] 2026-08-31 20:21:15,002 [RapidOCR] main.py:50: Using D:\Work\research\FileX\.venv-ai\Lib\site-packages\rapidocr\models\ch_ptocr_mobile_v2.0_cls_mobile.pth[0m
[32m[INFO] 2026-08-31 20:21:15,190 [RapidOCR] base.py:23: Using engine_name: torch[0m
[32m[INFO] 2026-08-31 20:21:15,191 [RapidOCR] device_config.py:64: Using GPU device with ID: 0[0m
[32m[INFO] 2026-08-31 20:21:15,212 [RapidOCR] download_file.py:60: File exists and is valid: D:\Work\research\FileX\.venv-ai\Lib\site-packages\rapidocr\models\PP-OCRv6_rec_small.pth[0m
[32m[INFO] 2026-08-31 20:21:15,213 [RapidOCR] main.py:50: Using D:\Work\research\FileX\.venv-ai\Lib\site-packages\rapidocr\models\PP-OCRv6_rec_small.pth[0m
[32m[INFO] 2026-08-31 20:21:16,681 [RapidOCR] base.py:23: Using engine_name: torch[0m
[32m[INFO] 2026-08-31 20:21:16,681 [RapidOCR] device_config.py:64: Using GPU device with ID: 0[0m
[32m[INFO] 2026-08-31 20:21:16,692 [RapidOCR] download_file.py:60: File exists and is valid: D:\Work\research\FileX\.venv-ai\Lib\site-packages\rapidocr\models\PP-OCRv6_det_small.pth[0m
[32m[INFO] 2026-08-31 20:21:16,693 [RapidOCR] main.py:50: Using D:\Work\research\FileX\.venv-ai\Lib\site-packages\rapidocr\models\PP-OCRv6_det_small.pth[0m
[32m[INFO] 2026-08-31 20:21:17,098 [RapidOCR] base.py:23: Using engine_name: torch[0m
[32m[INFO] 2026-08-31 20:21:17,098 [RapidOCR] device_config.py:64: Using GPU device with ID: 0[0m
[32m[INFO] 2026-08-31 20:21:17,100 [RapidOCR] download_file.py:60: File exists and is valid: D:\Work\research\FileX\.venv-ai\Lib\site-packages\rapidocr\models\ch_ptocr_mobile_v2.0_cls_mobile.pth[0m
[32m[INFO] 2026-08-31 20:21:17,100 [RapidOCR] main.py:50: Using D:\Work\research\FileX\.venv-ai\Lib\site-packages\rapidocr\models\ch_ptocr_mobile_v2.0_cls_mobile.pth[0m
[32m[INFO] 2026-08-31 20:21:17,281 [RapidOCR] base.py:23: Using engine_name: torch[0m
[32m[INFO] 2026-08-31 20:21:17,281 [RapidOCR] device_config.py:64: Using GPU device with ID: 0[0m
[32m[INFO] 2026-08-31 20:21:17,302 [RapidOCR] download_file.py:60: File exists and is valid: D:\Work\research\FileX\.venv-ai\Lib\site-packages\rapidocr\models\PP-OCRv6_rec_small.pth[0m
[32m[INFO] 2026-08-31 20:21:17,303 [RapidOCR] main.py:50: Using D:\Work\research\FileX\.venv-ai\Lib\site-packages\rapidocr\models\PP-OCRv6_rec_small.pth[0m
[32m[INFO] 2026-08-31 20:21:18,754 [RapidOCR] base.py:23: Using engine_name: torch[0m
[32m[INFO] 2026-08-31 20:21:18,755 [RapidOCR] device_config.py:64: Using GPU device with ID: 0[0m
[32m[INFO] 2026-08-31 20:21:18,766 [RapidOCR] download_file.py:60: File exists and is valid: D:\Work\research\FileX\.venv-ai\Lib\site-packages\rapidocr\models\PP-OCRv6_det_small.pth[0m
[32m[INFO] 2026-08-31 20:21:18,766 [RapidOCR] main.py:50: Using D:\Work\research\FileX\.venv-ai\Lib\site-packages\rapidocr\models\PP-OCRv6_det_small.pth[0m
[32m[INFO] 2026-08-31 20:21:19,138 [RapidOCR] base.py:23: Using engine_name: torch[0m
[32m[INFO] 2026-08-31 20:21:19,138 [RapidOCR] device_config.py:64: Using GPU device with ID: 0[0m
[32m[INFO] 2026-08-31 20:21:19,140 [RapidOCR] download_file.py:60: File exists and is valid: D:\Work\research\FileX\.venv-ai\Lib\site-packages\rapidocr\models\ch_ptocr_mobile_v2.0_cls_mobile.pth[0m
[32m[INFO] 2026-08-31 20:21:19,140 [RapidOCR] main.py:50: Using D:\Work\research\FileX\.venv-ai\Lib\site-packages\rapidocr\models\ch_ptocr_mobile_v2.0_cls_mobile.pth[0m
[32m[INFO] 2026-08-31 20:21:19,321 [RapidOCR] base.py:23: Using engine_name: torch[0m
[32m[INFO] 2026-08-31 20:21:19,322 [RapidOCR] device_config.py:64: Using GPU device with ID: 0[0m
[32m[INFO] 2026-08-31 20:21:19,346 [RapidOCR] download_file.py:60: File exists and is valid: D:\Work\research\FileX\.venv-ai\Lib\site-packages\rapidocr\models\PP-OCRv6_rec_small.pth[0m
[32m[INFO] 2026-08-31 20:21:19,347 [RapidOCR] main.py:50: Using D:\Work\research\FileX\.venv-ai\Lib\site-packages\rapidocr\models\PP-OCRv6_rec_small.pth[0m
[32m[INFO] 2026-08-31 20:21:21,027 [RapidOCR] base.py:23: Using engine_name: torch[0m
[32m[INFO] 2026-08-31 20:21:21,028 [RapidOCR] device_config.py:64: Using GPU device with ID: 0[0m
[32m[INFO] 2026-08-31 20:21:21,038 [RapidOCR] download_file.py:60: File exists and is valid: D:\Work\research\FileX\.venv-ai\Lib\site-packages\rapidocr\models\PP-OCRv6_det_small.pth[0m
[32m[INFO] 2026-08-31 20:21:21,039 [RapidOCR] main.py:50: Using D:\Work\research\FileX\.venv-ai\Lib\site-packages\rapidocr\models\PP-OCRv6_det_small.pth[0m
[32m[INFO] 2026-08-31 20:21:21,359 [RapidOCR] base.py:23: Using engine_name: torch[0m
[32m[INFO] 2026-08-31 20:21:21,359 [RapidOCR] device_config.py:64: Using GPU device with ID: 0[0m
[32m[INFO] 2026-08-31 20:21:21,361 [RapidOCR] download_file.py:60: File exists and is valid: D:\Work\research\FileX\.venv-ai\Lib\site-packages\rapidocr\models\ch_ptocr_mobile_v2.0_cls_mobile.pth[0m
[32m[INFO] 2026-08-31 20:21:21,361 [RapidOCR] main.py:50: Using D:\Work\research\FileX\.venv-ai\Lib\site-packages\rapidocr\models\ch_ptocr_mobile_v2.0_cls_mobile.pth[0m
[32m[INFO] 2026-08-31 20:21:21,784 [RapidOCR] base.py:23: Using engine_name: torch[0m
[32m[INFO] 2026-08-31 20:21:21,785 [RapidOCR] device_config.py:64: Using GPU device with ID: 0[0m
[32m[INFO] 2026-08-31 20:21:21,808 [RapidOCR] download_file.py:60: File exists and is valid: D:\Work\research\FileX\.venv-ai\Lib\site-packages\rapidocr\models\PP-OCRv6_rec_small.pth[0m
[32m[INFO] 2026-08-31 20:21:21,808 [RapidOCR] main.py:50: Using D:\Work\research\FileX\.venv-ai\Lib\site-packages\rapidocr\models\PP-OCRv6_rec_small.pth[0m
[32m[INFO] 2026-08-31 20:21:23,256 [RapidOCR] base.py:23: Using engine_name: torch[0m
[32m[INFO] 2026-08-31 20:21:23,257 [RapidOCR] device_config.py:64: Using GPU device with ID: 0[0m
[32m[INFO] 2026-08-31 20:21:23,268 [RapidOCR] download_file.py:60: File exists and is valid: D:\Work\research\FileX\.venv-ai\Lib\site-packages\rapidocr\models\PP-OCRv6_det_small.pth[0m
[32m[INFO] 2026-08-31 20:21:23,268 [RapidOCR] main.py:50: Using D:\Work\research\FileX\.venv-ai\Lib\site-packages\rapidocr\models\PP-OCRv6_det_small.pth[0m
[32m[INFO] 2026-08-31 20:21:23,623 [RapidOCR] base.py:23: Using engine_name: torch[0m
[32m[INFO] 2026-08-31 20:21:23,624 [RapidOCR] device_config.py:64: Using GPU device with ID: 0[0m
[32m[INFO] 2026-08-31 20:21:23,625 [RapidOCR] download_file.py:60: File exists and is valid: D:\Work\research\FileX\.venv-ai\Lib\site-packages\rapidocr\models\ch_ptocr_mobile_v2.0_cls_mobile.pth[0m
[32m[INFO] 2026-08-31 20:21:23,625 [RapidOCR] main.py:50: Using D:\Work\research\FileX\.venv-ai\Lib\site-packages\rapidocr\models\ch_ptocr_mobile_v2.0_cls_mobile.pth[0m
[32m[INFO] 2026-08-31 20:21:23,794 [RapidOCR] base.py:23: Using engine_name: torch[0m
[32m[INFO] 2026-08-31 20:21:23,795 [RapidOCR] device_config.py:64: Using GPU device with ID: 0[0m
[32m[INFO] 2026-08-31 20:21:23,815 [RapidOCR] download_file.py:60: File exists and is valid: D:\Work\research\FileX\.venv-ai\Lib\site-packages\rapidocr\models\PP-OCRv6_rec_small.pth[0m
[32m[INFO] 2026-08-31 20:21:23,815 [RapidOCR] main.py:50: Using D:\Work\research\FileX\.venv-ai\Lib\site-packages\rapidocr\models\PP-OCRv6_rec_small.pth[0m
[32m[INFO] 2026-08-31 20:21:25,175 [RapidOCR] base.py:23: Using engine_name: torch[0m
[32m[INFO] 2026-08-31 20:21:25,176 [RapidOCR] device_config.py:64: Using GPU device with ID: 0[0m
[32m[INFO] 2026-08-31 20:21:25,188 [RapidOCR] download_file.py:60: File exists and is valid: D:\Work\research\FileX\.venv-ai\Lib\site-packages\rapidocr\models\PP-OCRv6_det_small.pth[0m
[32m[INFO] 2026-08-31 20:21:25,188 [RapidOCR] main.py:50: Using D:\Work\research\FileX\.venv-ai\Lib\site-packages\rapidocr\models\PP-OCRv6_det_small.pth[0m
[32m[INFO] 2026-08-31 20:21:25,513 [RapidOCR] base.py:23: Using engine_name: torch[0m
[32m[INFO] 2026-08-31 20:21:25,514 [RapidOCR] device_config.py:64: Using GPU device with ID: 0[0m
[32m[INFO] 2026-08-31 20:21:25,515 [RapidOCR] download_file.py:60: File exists and is valid: D:\Work\research\FileX\.venv-ai\Lib\site-packages\rapidocr\models\ch_ptocr_mobile_v2.0_cls_mobile.pth[0m
[32m[INFO] 2026-08-31 20:21:25,515 [RapidOCR] main.py:50: Using D:\Work\research\FileX\.venv-ai\Lib\site-packages\rapidocr\models\ch_ptocr_mobile_v2.0_cls_mobile.pth[0m
[32m[INFO] 2026-08-31 20:21:25,681 [RapidOCR] base.py:23: Using engine_name: torch[0m
[32m[INFO] 2026-08-31 20:21:25,682 [RapidOCR] device_config.py:64: Using GPU device with ID: 0[0m
[32m[INFO] 2026-08-31 20:21:25,703 [RapidOCR] download_file.py:60: File exists and is valid: D:\Work\research\FileX\.venv-ai\Lib\site-packages\rapidocr\models\PP-OCRv6_rec_small.pth[0m
[32m[INFO] 2026-08-31 20:21:25,703 [RapidOCR] main.py:50: Using D:\Work\research\FileX\.venv-ai\Lib\site-packages\rapidocr\models\PP-OCRv6_rec_small.pth[0m
{"config": "docling-def", "doc": "escaneado_d5a", "ppp_nativo": 90, "ppp": 125, "factor": 1.389, "png": "ppp125__escaneado_d5a.png", "png_identify": "808x1112 49.210000000000000853,49.210000000000000853 PixelsPerCentimeter", "preflight": {"vram_libre_mib": 8559, "mpx_actual": 0.898, "mpx_pendiente_ordenada": 0}, "entrada": "PDF via Docling; scale explicita", "dispositivo": "GPU CUDA", "rc": [1, 1, 1, 1, 1, 1, 1, 1, 1], "error": ["FileNotFoundError: [WinError 3] El sistema no puede encontrar la ruta especificada: '\\\\\\\\?\\\\\\\\wsl.localhost\\\\Ubuntu\\\\'", "FileNotFoundError: [WinError 3] El sistema no puede encontrar la ruta especificada: '\\\\\\\\?\\\\\\\\wsl.localhost\\\\Ubuntu\\\\'", "FileNotFoundError: [WinError 3] El sistema no puede encontrar la ruta especificada: '\\\\\\\\?\\\\\\\\wsl.localhost\\\\Ubuntu\\\\'", "FileNotFoundError: [WinError 3] El sistema no puede encontrar la ruta especificada: '\\\\\\\\?\\\\\\\\wsl.localhost\\\\Ubuntu\\\\'", "FileNotFoundError: [WinError 3] El sistema no puede encontrar la ruta especificada: '\\\\\\\\?\\\\\\\\wsl.localhost\\\\Ubuntu\\\\'", "FileNotFoundError: [WinError 3] El sistema no puede encontrar la ruta especificada: '\\\\\\\\?\\\\\\\\wsl.localhost\\\\Ubuntu\\\\'", "FileNotFoundError: [WinError 3] El sistema no puede encontrar la ruta especificada: '\\\\\\\\?\\\\\\\\wsl.localhost\\\\Ubuntu\\\\'", "FileNotFoundError: [WinError 3] El sistema no puede encontrar la ruta especificada: '\\\\\\\\?\\\\\\\\wsl.localhost\\\\Ubuntu\\\\'", "FileNotFoundError: [WinError 3] El sistema no puede encontrar la ruta especificada: '\\\\\\\\?\\\\\\\\wsl.localhost\\\\Ubuntu\\\\'"], "n": 9, "ms_mediana": 2179.0, "determinista": true, "metrica": "acentos", "cer_pct": 100.0, "cer_acentos_pct": 100.0, "cer_ciego_pct": 100.0, "dist_acentos": 596, "texto": "docling-def__ppp125__escaneado_d5a.txt"}
[32m[INFO] 2026-08-31 20:21:27,154 [RapidOCR] base.py:23: Using engine_name: torch[0m
[32m[INFO] 2026-08-31 20:21:27,154 [RapidOCR] device_config.py:64: Using GPU device with ID: 0[0m
[32m[INFO] 2026-08-31 20:21:27,165 [RapidOCR] download_file.py:60: File exists and is valid: D:\Work\research\FileX\.venv-ai\Lib\site-packages\rapidocr\models\PP-OCRv6_det_small.pth[0m
[32m[INFO] 2026-08-31 20:21:27,165 [RapidOCR] main.py:50: Using D:\Work\research\FileX\.venv-ai\Lib\site-packages\rapidocr\models\PP-OCRv6_det_small.pth[0m
[32m[INFO] 2026-08-31 20:21:27,480 [RapidOCR] base.py:23: Using engine_name: torch[0m
[32m[INFO] 2026-08-31 20:21:27,481 [RapidOCR] device_config.py:64: Using GPU device with ID: 0[0m
[32m[INFO] 2026-08-31 20:21:27,482 [RapidOCR] download_file.py:60: File exists and is valid: D:\Work\research\FileX\.venv-ai\Lib\site-packages\rapidocr\models\ch_ptocr_mobile_v2.0_cls_mobile.pth[0m
[32m[INFO] 2026-08-31 20:21:27,482 [RapidOCR] main.py:50: Using D:\Work\research\FileX\.venv-ai\Lib\site-packages\rapidocr\models\ch_ptocr_mobile_v2.0_cls_mobile.pth[0m
[32m[INFO] 2026-08-31 20:21:27,666 [RapidOCR] base.py:23: Using engine_name: torch[0m
[32m[INFO] 2026-08-31 20:21:27,667 [RapidOCR] device_config.py:64: Using GPU device with ID: 0[0m
[32m[INFO] 2026-08-31 20:21:27,688 [RapidOCR] download_file.py:60: File exists and is valid: D:\Work\research\FileX\.venv-ai\Lib\site-packages\rapidocr\models\PP-OCRv6_rec_small.pth[0m
[32m[INFO] 2026-08-31 20:21:27,689 [RapidOCR] main.py:50: Using D:\Work\research\FileX\.venv-ai\Lib\site-packages\rapidocr\models\PP-OCRv6_rec_small.pth[0m
[32m[INFO] 2026-08-31 20:21:29,328 [RapidOCR] base.py:23: Using engine_name: torch[0m
[32m[INFO] 2026-08-31 20:21:29,328 [RapidOCR] device_config.py:64: Using GPU device with ID: 0[0m
[32m[INFO] 2026-08-31 20:21:29,343 [RapidOCR] download_file.py:60: File exists and is valid: D:\Work\research\FileX\.venv-ai\Lib\site-packages\rapidocr\models\PP-OCRv6_det_small.pth[0m
[32m[INFO] 2026-08-31 20:21:29,343 [RapidOCR] main.py:50: Using D:\Work\research\FileX\.venv-ai\Lib\site-packages\rapidocr\models\PP-OCRv6_det_small.pth[0m
[32m[INFO] 2026-08-31 20:21:29,696 [RapidOCR] base.py:23: Using engine_name: torch[0m
[32m[INFO] 2026-08-31 20:21:29,696 [RapidOCR] device_config.py:64: Using GPU device with ID: 0[0m
[32m[INFO] 2026-08-31 20:21:29,698 [RapidOCR] download_file.py:60: File exists and is valid: D:\Work\research\FileX\.venv-ai\Lib\site-packages\rapidocr\models\ch_ptocr_mobile_v2.0_cls_mobile.pth[0m
[32m[INFO] 2026-08-31 20:21:29,698 [RapidOCR] main.py:50: Using D:\Work\research\FileX\.venv-ai\Lib\site-packages\rapidocr\models\ch_ptocr_mobile_v2.0_cls_mobile.pth[0m
[32m[INFO] 2026-08-31 20:21:29,895 [RapidOCR] base.py:23: Using engine_name: torch[0m
[32m[INFO] 2026-08-31 20:21:29,895 [RapidOCR] device_config.py:64: Using GPU device with ID: 0[0m
[32m[INFO] 2026-08-31 20:21:29,918 [RapidOCR] download_file.py:60: File exists and is valid: D:\Work\research\FileX\.venv-ai\Lib\site-packages\rapidocr\models\PP-OCRv6_rec_small.pth[0m
[32m[INFO] 2026-08-31 20:21:29,918 [RapidOCR] main.py:50: Using D:\Work\research\FileX\.venv-ai\Lib\site-packages\rapidocr\models\PP-OCRv6_rec_small.pth[0m
[32m[INFO] 2026-08-31 20:21:31,366 [RapidOCR] base.py:23: Using engine_name: torch[0m
[32m[INFO] 2026-08-31 20:21:31,367 [RapidOCR] device_config.py:64: Using GPU device with ID: 0[0m
[32m[INFO] 2026-08-31 20:21:31,379 [RapidOCR] download_file.py:60: File exists and is valid: D:\Work\research\FileX\.venv-ai\Lib\site-packages\rapidocr\models\PP-OCRv6_det_small.pth[0m
[32m[INFO] 2026-08-31 20:21:31,379 [RapidOCR] main.py:50: Using D:\Work\research\FileX\.venv-ai\Lib\site-packages\rapidocr\models\PP-OCRv6_det_small.pth[0m
[32m[INFO] 2026-08-31 20:21:31,725 [RapidOCR] base.py:23: Using engine_name: torch[0m
[32m[INFO] 2026-08-31 20:21:31,726 [RapidOCR] device_config.py:64: Using GPU device with ID: 0[0m
[32m[INFO] 2026-08-31 20:21:31,727 [RapidOCR] download_file.py:60: File exists and is valid: D:\Work\research\FileX\.venv-ai\Lib\site-packages\rapidocr\models\ch_ptocr_mobile_v2.0_cls_mobile.pth[0m
[32m[INFO] 2026-08-31 20:21:31,727 [RapidOCR] main.py:50: Using D:\Work\research\FileX\.venv-ai\Lib\site-packages\rapidocr\models\ch_ptocr_mobile_v2.0_cls_mobile.pth[0m
[32m[INFO] 2026-08-31 20:21:31,917 [RapidOCR] base.py:23: Using engine_name: torch[0m
[32m[INFO] 2026-08-31 20:21:31,918 [RapidOCR] device_config.py:64: Using GPU device with ID: 0[0m
[32m[INFO] 2026-08-31 20:21:31,937 [RapidOCR] download_file.py:60: File exists and is valid: D:\Work\research\FileX\.venv-ai\Lib\site-packages\rapidocr\models\PP-OCRv6_rec_small.pth[0m
[32m[INFO] 2026-08-31 20:21:31,937 [RapidOCR] main.py:50: Using D:\Work\research\FileX\.venv-ai\Lib\site-packages\rapidocr\models\PP-OCRv6_rec_small.pth[0m
[32m[INFO] 2026-08-31 20:21:33,290 [RapidOCR] base.py:23: Using engine_name: torch[0m
[32m[INFO] 2026-08-31 20:21:33,291 [RapidOCR] device_config.py:64: Using GPU device with ID: 0[0m
[32m[INFO] 2026-08-31 20:21:33,302 [RapidOCR] download_file.py:60: File exists and is valid: D:\Work\research\FileX\.venv-ai\Lib\site-packages\rapidocr\models\PP-OCRv6_det_small.pth[0m
[32m[INFO] 2026-08-31 20:21:33,302 [RapidOCR] main.py:50: Using D:\Work\research\FileX\.venv-ai\Lib\site-packages\rapidocr\models\PP-OCRv6_det_small.pth[0m
[32m[INFO] 2026-08-31 20:21:33,610 [RapidOCR] base.py:23: Using engine_name: torch[0m
[32m[INFO] 2026-08-31 20:21:33,611 [RapidOCR] device_config.py:64: Using GPU device with ID: 0[0m
[32m[INFO] 2026-08-31 20:21:33,612 [RapidOCR] download_file.py:60: File exists and is valid: D:\Work\research\FileX\.venv-ai\Lib\site-packages\rapidocr\models\ch_ptocr_mobile_v2.0_cls_mobile.pth[0m
[32m[INFO] 2026-08-31 20:21:33,612 [RapidOCR] main.py:50: Using D:\Work\research\FileX\.venv-ai\Lib\site-packages\rapidocr\models\ch_ptocr_mobile_v2.0_cls_mobile.pth[0m
[32m[INFO] 2026-08-31 20:21:33,794 [RapidOCR] base.py:23: Using engine_name: torch[0m
[32m[INFO] 2026-08-31 20:21:33,795 [RapidOCR] device_config.py:64: Using GPU device with ID: 0[0m
[32m[INFO] 2026-08-31 20:21:33,820 [RapidOCR] download_file.py:60: File exists and is valid: D:\Work\research\FileX\.venv-ai\Lib\site-packages\rapidocr\models\PP-OCRv6_rec_small.pth[0m
[32m[INFO] 2026-08-31 20:21:33,821 [RapidOCR] main.py:50: Using D:\Work\research\FileX\.venv-ai\Lib\site-packages\rapidocr\models\PP-OCRv6_rec_small.pth[0m
[32m[INFO] 2026-08-31 20:21:35,555 [RapidOCR] base.py:23: Using engine_name: torch[0m
[32m[INFO] 2026-08-31 20:21:35,556 [RapidOCR] device_config.py:64: Using GPU device with ID: 0[0m
[32m[INFO] 2026-08-31 20:21:35,566 [RapidOCR] download_file.py:60: File exists and is valid: D:\Work\research\FileX\.venv-ai\Lib\site-packages\rapidocr\models\PP-OCRv6_det_small.pth[0m
[32m[INFO] 2026-08-31 20:21:35,566 [RapidOCR] main.py:50: Using D:\Work\research\FileX\.venv-ai\Lib\site-packages\rapidocr\models\PP-OCRv6_det_small.pth[0m
[32m[INFO] 2026-08-31 20:21:35,892 [RapidOCR] base.py:23: Using engine_name: torch[0m
[32m[INFO] 2026-08-31 20:21:35,893 [RapidOCR] device_config.py:64: Using GPU device with ID: 0[0m
[32m[INFO] 2026-08-31 20:21:35,894 [RapidOCR] download_file.py:60: File exists and is valid: D:\Work\research\FileX\.venv-ai\Lib\site-packages\rapidocr\models\ch_ptocr_mobile_v2.0_cls_mobile.pth[0m
[32m[INFO] 2026-08-31 20:21:35,895 [RapidOCR] main.py:50: Using D:\Work\research\FileX\.venv-ai\Lib\site-packages\rapidocr\models\ch_ptocr_mobile_v2.0_cls_mobile.pth[0m
[32m[INFO] 2026-08-31 20:21:36,058 [RapidOCR] base.py:23: Using engine_name: torch[0m
[32m[INFO] 2026-08-31 20:21:36,059 [RapidOCR] device_config.py:64: Using GPU device with ID: 0[0m
[32m[INFO] 2026-08-31 20:21:36,081 [RapidOCR] download_file.py:60: File exists and is valid: D:\Work\research\FileX\.venv-ai\Lib\site-packages\rapidocr\models\PP-OCRv6_rec_small.pth[0m
[32m[INFO] 2026-08-31 20:21:36,081 [RapidOCR] main.py:50: Using D:\Work\research\FileX\.venv-ai\Lib\site-packages\rapidocr\models\PP-OCRv6_rec_small.pth[0m
[32m[INFO] 2026-08-31 20:21:37,445 [RapidOCR] base.py:23: Using engine_name: torch[0m
[32m[INFO] 2026-08-31 20:21:37,445 [RapidOCR] device_config.py:64: Using GPU device with ID: 0[0m
[32m[INFO] 2026-08-31 20:21:37,456 [RapidOCR] download_file.py:60: File exists and is valid: D:\Work\research\FileX\.venv-ai\Lib\site-packages\rapidocr\models\PP-OCRv6_det_small.pth[0m
[32m[INFO] 2026-08-31 20:21:37,456 [RapidOCR] main.py:50: Using D:\Work\research\FileX\.venv-ai\Lib\site-packages\rapidocr\models\PP-OCRv6_det_small.pth[0m
[32m[INFO] 2026-08-31 20:21:37,757 [RapidOCR] base.py:23: Using engine_name: torch[0m
[32m[INFO] 2026-08-31 20:21:37,758 [RapidOCR] device_config.py:64: Using GPU device with ID: 0[0m
[32m[INFO] 2026-08-31 20:21:37,759 [RapidOCR] download_file.py:60: File exists and is valid: D:\Work\research\FileX\.venv-ai\Lib\site-packages\rapidocr\models\ch_ptocr_mobile_v2.0_cls_mobile.pth[0m
[32m[INFO] 2026-08-31 20:21:37,759 [RapidOCR] main.py:50: Using D:\Work\research\FileX\.venv-ai\Lib\site-packages\rapidocr\models\ch_ptocr_mobile_v2.0_cls_mobile.pth[0m
[32m[INFO] 2026-08-31 20:21:37,938 [RapidOCR] base.py:23: Using engine_name: torch[0m
[32m[INFO] 2026-08-31 20:21:37,939 [RapidOCR] device_config.py:64: Using GPU device with ID: 0[0m
[32m[INFO] 2026-08-31 20:21:37,960 [RapidOCR] download_file.py:60: File exists and is valid: D:\Work\research\FileX\.venv-ai\Lib\site-packages\rapidocr\models\PP-OCRv6_rec_small.pth[0m
[32m[INFO] 2026-08-31 20:21:37,961 [RapidOCR] main.py:50: Using D:\Work\research\FileX\.venv-ai\Lib\site-packages\rapidocr\models\PP-OCRv6_rec_small.pth[0m
[32m[INFO] 2026-08-31 20:21:39,476 [RapidOCR] base.py:23: Using engine_name: torch[0m
[32m[INFO] 2026-08-31 20:21:39,477 [RapidOCR] device_config.py:64: Using GPU device with ID: 0[0m
[32m[INFO] 2026-08-31 20:21:39,489 [RapidOCR] download_file.py:60: File exists and is valid: D:\Work\research\FileX\.venv-ai\Lib\site-packages\rapidocr\models\PP-OCRv6_det_small.pth[0m
[32m[INFO] 2026-08-31 20:21:39,489 [RapidOCR] main.py:50: Using D:\Work\research\FileX\.venv-ai\Lib\site-packages\rapidocr\models\PP-OCRv6_det_small.pth[0m
[32m[INFO] 2026-08-31 20:21:39,803 [RapidOCR] base.py:23: Using engine_name: torch[0m
[32m[INFO] 2026-08-31 20:21:39,803 [RapidOCR] device_config.py:64: Using GPU device with ID: 0[0m
[32m[INFO] 2026-08-31 20:21:39,804 [RapidOCR] download_file.py:60: File exists and is valid: D:\Work\research\FileX\.venv-ai\Lib\site-packages\rapidocr\models\ch_ptocr_mobile_v2.0_cls_mobile.pth[0m
[32m[INFO] 2026-08-31 20:21:39,805 [RapidOCR] main.py:50: Using D:\Work\research\FileX\.venv-ai\Lib\site-packages\rapidocr\models\ch_ptocr_mobile_v2.0_cls_mobile.pth[0m
[32m[INFO] 2026-08-31 20:21:39,968 [RapidOCR] base.py:23: Using engine_name: torch[0m
[32m[INFO] 2026-08-31 20:21:39,968 [RapidOCR] device_config.py:64: Using GPU device with ID: 0[0m
[32m[INFO] 2026-08-31 20:21:39,989 [RapidOCR] download_file.py:60: File exists and is valid: D:\Work\research\FileX\.venv-ai\Lib\site-packages\rapidocr\models\PP-OCRv6_rec_small.pth[0m
[32m[INFO] 2026-08-31 20:21:39,990 [RapidOCR] main.py:50: Using D:\Work\research\FileX\.venv-ai\Lib\site-packages\rapidocr\models\PP-OCRv6_rec_small.pth[0m
[32m[INFO] 2026-08-31 20:21:41,606 [RapidOCR] base.py:23: Using engine_name: torch[0m
[32m[INFO] 2026-08-31 20:21:41,607 [RapidOCR] device_config.py:64: Using GPU device with ID: 0[0m
[32m[INFO] 2026-08-31 20:21:41,618 [RapidOCR] download_file.py:60: File exists and is valid: D:\Work\research\FileX\.venv-ai\Lib\site-packages\rapidocr\models\PP-OCRv6_det_small.pth[0m
[32m[INFO] 2026-08-31 20:21:41,618 [RapidOCR] main.py:50: Using D:\Work\research\FileX\.venv-ai\Lib\site-packages\rapidocr\models\PP-OCRv6_det_small.pth[0m
[32m[INFO] 2026-08-31 20:21:41,946 [RapidOCR] base.py:23: Using engine_name: torch[0m
[32m[INFO] 2026-08-31 20:21:41,946 [RapidOCR] device_config.py:64: Using GPU device with ID: 0[0m
[32m[INFO] 2026-08-31 20:21:41,947 [RapidOCR] download_file.py:60: File exists and is valid: D:\Work\research\FileX\.venv-ai\Lib\site-packages\rapidocr\models\ch_ptocr_mobile_v2.0_cls_mobile.pth[0m
[32m[INFO] 2026-08-31 20:21:41,947 [RapidOCR] main.py:50: Using D:\Work\research\FileX\.venv-ai\Lib\site-packages\rapidocr\models\ch_ptocr_mobile_v2.0_cls_mobile.pth[0m
[32m[INFO] 2026-08-31 20:21:42,153 [RapidOCR] base.py:23: Using engine_name: torch[0m
[32m[INFO] 2026-08-31 20:21:42,154 [RapidOCR] device_config.py:64: Using GPU device with ID: 0[0m
[32m[INFO] 2026-08-31 20:21:42,175 [RapidOCR] download_file.py:60: File exists and is valid: D:\Work\research\FileX\.venv-ai\Lib\site-packages\rapidocr\models\PP-OCRv6_rec_small.pth[0m
[32m[INFO] 2026-08-31 20:21:42,176 [RapidOCR] main.py:50: Using D:\Work\research\FileX\.venv-ai\Lib\site-packages\rapidocr\models\PP-OCRv6_rec_small.pth[0m
[32m[INFO] 2026-08-31 20:21:43,655 [RapidOCR] base.py:23: Using engine_name: torch[0m
[32m[INFO] 2026-08-31 20:21:43,656 [RapidOCR] device_config.py:64: Using GPU device with ID: 0[0m
[32m[INFO] 2026-08-31 20:21:43,667 [RapidOCR] download_file.py:60: File exists and is valid: D:\Work\research\FileX\.venv-ai\Lib\site-packages\rapidocr\models\PP-OCRv6_det_small.pth[0m
[32m[INFO] 2026-08-31 20:21:43,667 [RapidOCR] main.py:50: Using D:\Work\research\FileX\.venv-ai\Lib\site-packages\rapidocr\models\PP-OCRv6_det_small.pth[0m
[32m[INFO] 2026-08-31 20:21:44,025 [RapidOCR] base.py:23: Using engine_name: torch[0m
[32m[INFO] 2026-08-31 20:21:44,026 [RapidOCR] device_config.py:64: Using GPU device with ID: 0[0m
[32m[INFO] 2026-08-31 20:21:44,027 [RapidOCR] download_file.py:60: File exists and is valid: D:\Work\research\FileX\.venv-ai\Lib\site-packages\rapidocr\models\ch_ptocr_mobile_v2.0_cls_mobile.pth[0m
[32m[INFO] 2026-08-31 20:21:44,027 [RapidOCR] main.py:50: Using D:\Work\research\FileX\.venv-ai\Lib\site-packages\rapidocr\models\ch_ptocr_mobile_v2.0_cls_mobile.pth[0m
[32m[INFO] 2026-08-31 20:21:44,222 [RapidOCR] base.py:23: Using engine_name: torch[0m
[32m[INFO] 2026-08-31 20:21:44,223 [RapidOCR] device_config.py:64: Using GPU device with ID: 0[0m
[32m[INFO] 2026-08-31 20:21:44,247 [RapidOCR] download_file.py:60: File exists and is valid: D:\Work\research\FileX\.venv-ai\Lib\site-packages\rapidocr\models\PP-OCRv6_rec_small.pth[0m
[32m[INFO] 2026-08-31 20:21:44,248 [RapidOCR] main.py:50: Using D:\Work\research\FileX\.venv-ai\Lib\site-packages\rapidocr\models\PP-OCRv6_rec_small.pth[0m
[32m[INFO] 2026-08-31 20:21:45,988 [RapidOCR] base.py:23: Using engine_name: torch[0m
[32m[INFO] 2026-08-31 20:21:45,989 [RapidOCR] device_config.py:64: Using GPU device with ID: 0[0m
[32m[INFO] 2026-08-31 20:21:46,000 [RapidOCR] download_file.py:60: File exists and is valid: D:\Work\research\FileX\.venv-ai\Lib\site-packages\rapidocr\models\PP-OCRv6_det_small.pth[0m
[32m[INFO] 2026-08-31 20:21:46,000 [RapidOCR] main.py:50: Using D:\Work\research\FileX\.venv-ai\Lib\site-packages\rapidocr\models\PP-OCRv6_det_small.pth[0m
[32m[INFO] 2026-08-31 20:21:46,430 [RapidOCR] base.py:23: Using engine_name: torch[0m
[32m[INFO] 2026-08-31 20:21:46,431 [RapidOCR] device_config.py:64: Using GPU device with ID: 0[0m
[32m[INFO] 2026-08-31 20:21:46,432 [RapidOCR] download_file.py:60: File exists and is valid: D:\Work\research\FileX\.venv-ai\Lib\site-packages\rapidocr\models\ch_ptocr_mobile_v2.0_cls_mobile.pth[0m
[32m[INFO] 2026-08-31 20:21:46,432 [RapidOCR] main.py:50: Using D:\Work\research\FileX\.venv-ai\Lib\site-packages\rapidocr\models\ch_ptocr_mobile_v2.0_cls_mobile.pth[0m
[32m[INFO] 2026-08-31 20:21:46,642 [RapidOCR] base.py:23: Using engine_name: torch[0m
[32m[INFO] 2026-08-31 20:21:46,643 [RapidOCR] device_config.py:64: Using GPU device with ID: 0[0m
[32m[INFO] 2026-08-31 20:21:46,670 [RapidOCR] download_file.py:60: File exists and is valid: D:\Work\research\FileX\.venv-ai\Lib\site-packages\rapidocr\models\PP-OCRv6_rec_small.pth[0m
[32m[INFO] 2026-08-31 20:21:46,670 [RapidOCR] main.py:50: Using D:\Work\research\FileX\.venv-ai\Lib\site-packages\rapidocr\models\PP-OCRv6_rec_small.pth[0m
{"config": "docling-def", "doc": "escaneado_d5a", "ppp_nativo": 90, "ppp": 130, "factor": 1.444, "png": "ppp130__escaneado_d5a.png", "png_identify": "841x1157 51.179999999999999716,51.179999999999999716 PixelsPerCentimeter", "preflight": {"vram_libre_mib": 8487, "mpx_actual": 0.973, "mpx_pendiente_ordenada": 0}, "entrada": "PDF via Docling; scale explicita", "dispositivo": "GPU CUDA", "rc": [1, 1, 1, 1, 1, 1, 1, 1, 1], "error": ["FileNotFoundError: [WinError 3] El sistema no puede encontrar la ruta especificada: '\\\\\\\\?\\\\\\\\wsl.localhost\\\\Ubuntu\\\\'", "FileNotFoundError: [WinError 3] El sistema no puede encontrar la ruta especificada: '\\\\\\\\?\\\\\\\\wsl.localhost\\\\Ubuntu\\\\'", "FileNotFoundError: [WinError 3] El sistema no puede encontrar la ruta especificada: '\\\\\\\\?\\\\\\\\wsl.localhost\\\\Ubuntu\\\\'", "FileNotFoundError: [WinError 3] El sistema no puede encontrar la ruta especificada: '\\\\\\\\?\\\\\\\\wsl.localhost\\\\Ubuntu\\\\'", "FileNotFoundError: [WinError 3] El sistema no puede encontrar la ruta especificada: '\\\\\\\\?\\\\\\\\wsl.localhost\\\\Ubuntu\\\\'", "FileNotFoundError: [WinError 3] El sistema no puede encontrar la ruta especificada: '\\\\\\\\?\\\\\\\\wsl.localhost\\\\Ubuntu\\\\'", "FileNotFoundError: [WinError 3] El sistema no puede encontrar la ruta especificada: '\\\\\\\\?\\\\\\\\wsl.localhost\\\\Ubuntu\\\\'", "FileNotFoundError: [WinError 3] El sistema no puede encontrar la ruta especificada: '\\\\\\\\?\\\\\\\\wsl.localhost\\\\Ubuntu\\\\'", "FileNotFoundError: [WinError 3] El sistema no puede encontrar la ruta especificada: '\\\\\\\\?\\\\\\\\wsl.localhost\\\\Ubuntu\\\\'"], "n": 9, "ms_mediana": 2032.7, "determinista": true, "metrica": "acentos", "cer_pct": 100.0, "cer_acentos_pct": 100.0, "cer_ciego_pct": 100.0, "dist_acentos": 596, "texto": "docling-def__ppp130__escaneado_d5a.txt"}
[32m[INFO] 2026-08-31 20:21:48,387 [RapidOCR] base.py:23: Using engine_name: torch[0m
[32m[INFO] 2026-08-31 20:21:48,389 [RapidOCR] device_config.py:64: Using GPU device with ID: 0[0m
[32m[INFO] 2026-08-31 20:21:48,406 [RapidOCR] download_file.py:60: File exists and is valid: D:\Work\research\FileX\.venv-ai\Lib\site-packages\rapidocr\models\PP-OCRv6_det_small.pth[0m
[32m[INFO] 2026-08-31 20:21:48,406 [RapidOCR] main.py:50: Using D:\Work\research\FileX\.venv-ai\Lib\site-packages\rapidocr\models\PP-OCRv6_det_small.pth[0m
[32m[INFO] 2026-08-31 20:21:49,105 [RapidOCR] base.py:23: Using engine_name: torch[0m
[32m[INFO] 2026-08-31 20:21:49,105 [RapidOCR] device_config.py:64: Using GPU device with ID: 0[0m
[32m[INFO] 2026-08-31 20:21:49,107 [RapidOCR] download_file.py:60: File exists and is valid: D:\Work\research\FileX\.venv-ai\Lib\site-packages\rapidocr\models\ch_ptocr_mobile_v2.0_cls_mobile.pth[0m
[32m[INFO] 2026-08-31 20:21:49,107 [RapidOCR] main.py:50: Using D:\Work\research\FileX\.venv-ai\Lib\site-packages\rapidocr\models\ch_ptocr_mobile_v2.0_cls_mobile.pth[0m
[32m[INFO] 2026-08-31 20:21:49,307 [RapidOCR] base.py:23: Using engine_name: torch[0m
[32m[INFO] 2026-08-31 20:21:49,308 [RapidOCR] device_config.py:64: Using GPU device with ID: 0[0m
[32m[INFO] 2026-08-31 20:21:49,329 [RapidOCR] download_file.py:60: File exists and is valid: D:\Work\research\FileX\.venv-ai\Lib\site-packages\rapidocr\models\PP-OCRv6_rec_small.pth[0m
[32m[INFO] 2026-08-31 20:21:49,330 [RapidOCR] main.py:50: Using D:\Work\research\FileX\.venv-ai\Lib\site-packages\rapidocr\models\PP-OCRv6_rec_small.pth[0m
[32m[INFO] 2026-08-31 20:21:50,990 [RapidOCR] base.py:23: Using engine_name: torch[0m
[32m[INFO] 2026-08-31 20:21:50,992 [RapidOCR] device_config.py:64: Using GPU device with ID: 0[0m
[32m[INFO] 2026-08-31 20:21:51,005 [RapidOCR] download_file.py:60: File exists and is valid: D:\Work\research\FileX\.venv-ai\Lib\site-packages\rapidocr\models\PP-OCRv6_det_small.pth[0m
[32m[INFO] 2026-08-31 20:21:51,005 [RapidOCR] main.py:50: Using D:\Work\research\FileX\.venv-ai\Lib\site-packages\rapidocr\models\PP-OCRv6_det_small.pth[0m
[32m[INFO] 2026-08-31 20:21:51,603 [RapidOCR] base.py:23: Using engine_name: torch[0m
[32m[INFO] 2026-08-31 20:21:51,603 [RapidOCR] device_config.py:64: Using GPU device with ID: 0[0m
[32m[INFO] 2026-08-31 20:21:51,606 [RapidOCR] download_file.py:60: File exists and is valid: D:\Work\research\FileX\.venv-ai\Lib\site-packages\rapidocr\models\ch_ptocr_mobile_v2.0_cls_mobile.pth[0m
[32m[INFO] 2026-08-31 20:21:51,607 [RapidOCR] main.py:50: Using D:\Work\research\FileX\.venv-ai\Lib\site-packages\rapidocr\models\ch_ptocr_mobile_v2.0_cls_mobile.pth[0m
[32m[INFO] 2026-08-31 20:21:51,830 [RapidOCR] base.py:23: Using engine_name: torch[0m
[32m[INFO] 2026-08-31 20:21:51,831 [RapidOCR] device_config.py:64: Using GPU device with ID: 0[0m
[32m[INFO] 2026-08-31 20:21:51,855 [RapidOCR] download_file.py:60: File exists and is valid: D:\Work\research\FileX\.venv-ai\Lib\site-packages\rapidocr\models\PP-OCRv6_rec_small.pth[0m
[32m[INFO] 2026-08-31 20:21:51,855 [RapidOCR] main.py:50: Using D:\Work\research\FileX\.venv-ai\Lib\site-packages\rapidocr\models\PP-OCRv6_rec_small.pth[0m
[32m[INFO] 2026-08-31 20:21:53,491 [RapidOCR] base.py:23: Using engine_name: torch[0m
[32m[INFO] 2026-08-31 20:21:53,492 [RapidOCR] device_config.py:64: Using GPU device with ID: 0[0m
[32m[INFO] 2026-08-31 20:21:53,513 [RapidOCR] download_file.py:60: File exists and is valid: D:\Work\research\FileX\.venv-ai\Lib\site-packages\rapidocr\models\PP-OCRv6_det_small.pth[0m
[32m[INFO] 2026-08-31 20:21:53,513 [RapidOCR] main.py:50: Using D:\Work\research\FileX\.venv-ai\Lib\site-packages\rapidocr\models\PP-OCRv6_det_small.pth[0m
[32m[INFO] 2026-08-31 20:21:53,901 [RapidOCR] base.py:23: Using engine_name: torch[0m
[32m[INFO] 2026-08-31 20:21:53,902 [RapidOCR] device_config.py:64: Using GPU device with ID: 0[0m
[32m[INFO] 2026-08-31 20:21:53,904 [RapidOCR] download_file.py:60: File exists and is valid: D:\Work\research\FileX\.venv-ai\Lib\site-packages\rapidocr\models\ch_ptocr_mobile_v2.0_cls_mobile.pth[0m
[32m[INFO] 2026-08-31 20:21:53,904 [RapidOCR] main.py:50: Using D:\Work\research\FileX\.venv-ai\Lib\site-packages\rapidocr\models\ch_ptocr_mobile_v2.0_cls_mobile.pth[0m
[32m[INFO] 2026-08-31 20:21:54,086 [RapidOCR] base.py:23: Using engine_name: torch[0m
[32m[INFO] 2026-08-31 20:21:54,087 [RapidOCR] device_config.py:64: Using GPU device with ID: 0[0m
[32m[INFO] 2026-08-31 20:21:54,109 [RapidOCR] download_file.py:60: File exists and is valid: D:\Work\research\FileX\.venv-ai\Lib\site-packages\rapidocr\models\PP-OCRv6_rec_small.pth[0m
[32m[INFO] 2026-08-31 20:21:54,109 [RapidOCR] main.py:50: Using D:\Work\research\FileX\.venv-ai\Lib\site-packages\rapidocr\models\PP-OCRv6_rec_small.pth[0m
[32m[INFO] 2026-08-31 20:21:55,838 [RapidOCR] base.py:23: Using engine_name: torch[0m
[32m[INFO] 2026-08-31 20:21:55,839 [RapidOCR] device_config.py:64: Using GPU device with ID: 0[0m
[32m[INFO] 2026-08-31 20:21:55,854 [RapidOCR] download_file.py:60: File exists and is valid: D:\Work\research\FileX\.venv-ai\Lib\site-packages\rapidocr\models\PP-OCRv6_det_small.pth[0m
[32m[INFO] 2026-08-31 20:21:55,855 [RapidOCR] main.py:50: Using D:\Work\research\FileX\.venv-ai\Lib\site-packages\rapidocr\models\PP-OCRv6_det_small.pth[0m
[32m[INFO] 2026-08-31 20:21:56,605 [RapidOCR] base.py:23: Using engine_name: torch[0m
[32m[INFO] 2026-08-31 20:21:56,606 [RapidOCR] device_config.py:64: Using GPU device with ID: 0[0m
[32m[INFO] 2026-08-31 20:21:56,608 [RapidOCR] download_file.py:60: File exists and is valid: D:\Work\research\FileX\.venv-ai\Lib\site-packages\rapidocr\models\ch_ptocr_mobile_v2.0_cls_mobile.pth[0m
[32m[INFO] 2026-08-31 20:21:56,608 [RapidOCR] main.py:50: Using D:\Work\research\FileX\.venv-ai\Lib\site-packages\rapidocr\models\ch_ptocr_mobile_v2.0_cls_mobile.pth[0m
[32m[INFO] 2026-08-31 20:21:56,865 [RapidOCR] base.py:23: Using engine_name: torch[0m
[32m[INFO] 2026-08-31 20:21:56,866 [RapidOCR] device_config.py:64: Using GPU device with ID: 0[0m
[32m[INFO] 2026-08-31 20:21:56,891 [RapidOCR] download_file.py:60: File exists and is valid: D:\Work\research\FileX\.venv-ai\Lib\site-packages\rapidocr\models\PP-OCRv6_rec_small.pth[0m
[32m[INFO] 2026-08-31 20:21:56,891 [RapidOCR] main.py:50: Using D:\Work\research\FileX\.venv-ai\Lib\site-packages\rapidocr\models\PP-OCRv6_rec_small.pth[0m
[32m[INFO] 2026-08-31 20:21:58,470 [RapidOCR] base.py:23: Using engine_name: torch[0m
[32m[INFO] 2026-08-31 20:21:58,471 [RapidOCR] device_config.py:64: Using GPU device with ID: 0[0m
[32m[INFO] 2026-08-31 20:21:58,483 [RapidOCR] download_file.py:60: File exists and is valid: D:\Work\research\FileX\.venv-ai\Lib\site-packages\rapidocr\models\PP-OCRv6_det_small.pth[0m
[32m[INFO] 2026-08-31 20:21:58,484 [RapidOCR] main.py:50: Using D:\Work\research\FileX\.venv-ai\Lib\site-packages\rapidocr\models\PP-OCRv6_det_small.pth[0m
[32m[INFO] 2026-08-31 20:21:58,911 [RapidOCR] base.py:23: Using engine_name: torch[0m
[32m[INFO] 2026-08-31 20:21:58,911 [RapidOCR] device_config.py:64: Using GPU device with ID: 0[0m
[32m[INFO] 2026-08-31 20:21:58,912 [RapidOCR] download_file.py:60: File exists and is valid: D:\Work\research\FileX\.venv-ai\Lib\site-packages\rapidocr\models\ch_ptocr_mobile_v2.0_cls_mobile.pth[0m
[32m[INFO] 2026-08-31 20:21:58,912 [RapidOCR] main.py:50: Using D:\Work\research\FileX\.venv-ai\Lib\site-packages\rapidocr\models\ch_ptocr_mobile_v2.0_cls_mobile.pth[0m
[32m[INFO] 2026-08-31 20:21:59,176 [RapidOCR] base.py:23: Using engine_name: torch[0m
[32m[INFO] 2026-08-31 20:21:59,178 [RapidOCR] device_config.py:64: Using GPU device with ID: 0[0m
[32m[INFO] 2026-08-31 20:21:59,205 [RapidOCR] download_file.py:60: File exists and is valid: D:\Work\research\FileX\.venv-ai\Lib\site-packages\rapidocr\models\PP-OCRv6_rec_small.pth[0m
[32m[INFO] 2026-08-31 20:21:59,206 [RapidOCR] main.py:50: Using D:\Work\research\FileX\.venv-ai\Lib\site-packages\rapidocr\models\PP-OCRv6_rec_small.pth[0m
[32m[INFO] 2026-08-31 20:22:01,054 [RapidOCR] base.py:23: Using engine_name: torch[0m
[32m[INFO] 2026-08-31 20:22:01,055 [RapidOCR] device_config.py:64: Using GPU device with ID: 0[0m
[32m[INFO] 2026-08-31 20:22:01,068 [RapidOCR] download_file.py:60: File exists and is valid: D:\Work\research\FileX\.venv-ai\Lib\site-packages\rapidocr\models\PP-OCRv6_det_small.pth[0m
[32m[INFO] 2026-08-31 20:22:01,068 [RapidOCR] main.py:50: Using D:\Work\research\FileX\.venv-ai\Lib\site-packages\rapidocr\models\PP-OCRv6_det_small.pth[0m
[32m[INFO] 2026-08-31 20:22:01,441 [RapidOCR] base.py:23: Using engine_name: torch[0m
[32m[INFO] 2026-08-31 20:22:01,442 [RapidOCR] device_config.py:64: Using GPU device with ID: 0[0m
[32m[INFO] 2026-08-31 20:22:01,443 [RapidOCR] download_file.py:60: File exists and is valid: D:\Work\research\FileX\.venv-ai\Lib\site-packages\rapidocr\models\ch_ptocr_mobile_v2.0_cls_mobile.pth[0m
[32m[INFO] 2026-08-31 20:22:01,443 [RapidOCR] main.py:50: Using D:\Work\research\FileX\.venv-ai\Lib\site-packages\rapidocr\models\ch_ptocr_mobile_v2.0_cls_mobile.pth[0m
[32m[INFO] 2026-08-31 20:22:01,636 [RapidOCR] base.py:23: Using engine_name: torch[0m
[32m[INFO] 2026-08-31 20:22:01,637 [RapidOCR] device_config.py:64: Using GPU device with ID: 0[0m
[32m[INFO] 2026-08-31 20:22:01,659 [RapidOCR] download_file.py:60: File exists and is valid: D:\Work\research\FileX\.venv-ai\Lib\site-packages\rapidocr\models\PP-OCRv6_rec_small.pth[0m
[32m[INFO] 2026-08-31 20:22:01,660 [RapidOCR] main.py:50: Using D:\Work\research\FileX\.venv-ai\Lib\site-packages\rapidocr\models\PP-OCRv6_rec_small.pth[0m
[32m[INFO] 2026-08-31 20:22:03,204 [RapidOCR] base.py:23: Using engine_name: torch[0m
[32m[INFO] 2026-08-31 20:22:03,204 [RapidOCR] device_config.py:64: Using GPU device with ID: 0[0m
[32m[INFO] 2026-08-31 20:22:03,217 [RapidOCR] download_file.py:60: File exists and is valid: D:\Work\research\FileX\.venv-ai\Lib\site-packages\rapidocr\models\PP-OCRv6_det_small.pth[0m
[32m[INFO] 2026-08-31 20:22:03,217 [RapidOCR] main.py:50: Using D:\Work\research\FileX\.venv-ai\Lib\site-packages\rapidocr\models\PP-OCRv6_det_small.pth[0m
[32m[INFO] 2026-08-31 20:22:03,570 [RapidOCR] base.py:23: Using engine_name: torch[0m
[32m[INFO] 2026-08-31 20:22:03,571 [RapidOCR] device_config.py:64: Using GPU device with ID: 0[0m
[32m[INFO] 2026-08-31 20:22:03,572 [RapidOCR] download_file.py:60: File exists and is valid: D:\Work\research\FileX\.venv-ai\Lib\site-packages\rapidocr\models\ch_ptocr_mobile_v2.0_cls_mobile.pth[0m
[32m[INFO] 2026-08-31 20:22:03,573 [RapidOCR] main.py:50: Using D:\Work\research\FileX\.venv-ai\Lib\site-packages\rapidocr\models\ch_ptocr_mobile_v2.0_cls_mobile.pth[0m
[32m[INFO] 2026-08-31 20:22:04,035 [RapidOCR] base.py:23: Using engine_name: torch[0m
[32m[INFO] 2026-08-31 20:22:04,036 [RapidOCR] device_config.py:64: Using GPU device with ID: 0[0m
[32m[INFO] 2026-08-31 20:22:04,058 [RapidOCR] download_file.py:60: File exists and is valid: D:\Work\research\FileX\.venv-ai\Lib\site-packages\rapidocr\models\PP-OCRv6_rec_small.pth[0m
[32m[INFO] 2026-08-31 20:22:04,058 [RapidOCR] main.py:50: Using D:\Work\research\FileX\.venv-ai\Lib\site-packages\rapidocr\models\PP-OCRv6_rec_small.pth[0m
[32m[INFO] 2026-08-31 20:22:05,637 [RapidOCR] base.py:23: Using engine_name: torch[0m
[32m[INFO] 2026-08-31 20:22:05,638 [RapidOCR] device_config.py:64: Using GPU device with ID: 0[0m
[32m[INFO] 2026-08-31 20:22:05,648 [RapidOCR] download_file.py:60: File exists and is valid: D:\Work\research\FileX\.venv-ai\Lib\site-packages\rapidocr\models\PP-OCRv6_det_small.pth[0m
[32m[INFO] 2026-08-31 20:22:05,648 [RapidOCR] main.py:50: Using D:\Work\research\FileX\.venv-ai\Lib\site-packages\rapidocr\models\PP-OCRv6_det_small.pth[0m
[32m[INFO] 2026-08-31 20:22:05,988 [RapidOCR] base.py:23: Using engine_name: torch[0m
[32m[INFO] 2026-08-31 20:22:05,989 [RapidOCR] device_config.py:64: Using GPU device with ID: 0[0m
[32m[INFO] 2026-08-31 20:22:05,990 [RapidOCR] download_file.py:60: File exists and is valid: D:\Work\research\FileX\.venv-ai\Lib\site-packages\rapidocr\models\ch_ptocr_mobile_v2.0_cls_mobile.pth[0m
[32m[INFO] 2026-08-31 20:22:05,990 [RapidOCR] main.py:50: Using D:\Work\research\FileX\.venv-ai\Lib\site-packages\rapidocr\models\ch_ptocr_mobile_v2.0_cls_mobile.pth[0m
[32m[INFO] 2026-08-31 20:22:06,178 [RapidOCR] base.py:23: Using engine_name: torch[0m
[32m[INFO] 2026-08-31 20:22:06,179 [RapidOCR] device_config.py:64: Using GPU device with ID: 0[0m
[32m[INFO] 2026-08-31 20:22:06,201 [RapidOCR] download_file.py:60: File exists and is valid: D:\Work\research\FileX\.venv-ai\Lib\site-packages\rapidocr\models\PP-OCRv6_rec_small.pth[0m
[32m[INFO] 2026-08-31 20:22:06,201 [RapidOCR] main.py:50: Using D:\Work\research\FileX\.venv-ai\Lib\site-packages\rapidocr\models\PP-OCRv6_rec_small.pth[0m
[32m[INFO] 2026-08-31 20:22:07,665 [RapidOCR] base.py:23: Using engine_name: torch[0m
[32m[INFO] 2026-08-31 20:22:07,667 [RapidOCR] device_config.py:64: Using GPU device with ID: 0[0m
[32m[INFO] 2026-08-31 20:22:07,679 [RapidOCR] download_file.py:60: File exists and is valid: D:\Work\research\FileX\.venv-ai\Lib\site-packages\rapidocr\models\PP-OCRv6_det_small.pth[0m
[32m[INFO] 2026-08-31 20:22:07,679 [RapidOCR] main.py:50: Using D:\Work\research\FileX\.venv-ai\Lib\site-packages\rapidocr\models\PP-OCRv6_det_small.pth[0m
[32m[INFO] 2026-08-31 20:22:08,043 [RapidOCR] base.py:23: Using engine_name: torch[0m
[32m[INFO] 2026-08-31 20:22:08,044 [RapidOCR] device_config.py:64: Using GPU device with ID: 0[0m
[32m[INFO] 2026-08-31 20:22:08,045 [RapidOCR] download_file.py:60: File exists and is valid: D:\Work\research\FileX\.venv-ai\Lib\site-packages\rapidocr\models\ch_ptocr_mobile_v2.0_cls_mobile.pth[0m
[32m[INFO] 2026-08-31 20:22:08,045 [RapidOCR] main.py:50: Using D:\Work\research\FileX\.venv-ai\Lib\site-packages\rapidocr\models\ch_ptocr_mobile_v2.0_cls_mobile.pth[0m
[32m[INFO] 2026-08-31 20:22:08,217 [RapidOCR] base.py:23: Using engine_name: torch[0m
[32m[INFO] 2026-08-31 20:22:08,218 [RapidOCR] device_config.py:64: Using GPU device with ID: 0[0m
[32m[INFO] 2026-08-31 20:22:08,238 [RapidOCR] download_file.py:60: File exists and is valid: D:\Work\research\FileX\.venv-ai\Lib\site-packages\rapidocr\models\PP-OCRv6_rec_small.pth[0m
[32m[INFO] 2026-08-31 20:22:08,238 [RapidOCR] main.py:50: Using D:\Work\research\FileX\.venv-ai\Lib\site-packages\rapidocr\models\PP-OCRv6_rec_small.pth[0m
[32m[INFO] 2026-08-31 20:22:09,743 [RapidOCR] base.py:23: Using engine_name: torch[0m
[32m[INFO] 2026-08-31 20:22:09,744 [RapidOCR] device_config.py:64: Using GPU device with ID: 0[0m
[32m[INFO] 2026-08-31 20:22:09,756 [RapidOCR] download_file.py:60: File exists and is valid: D:\Work\research\FileX\.venv-ai\Lib\site-packages\rapidocr\models\PP-OCRv6_det_small.pth[0m
[32m[INFO] 2026-08-31 20:22:09,756 [RapidOCR] main.py:50: Using D:\Work\research\FileX\.venv-ai\Lib\site-packages\rapidocr\models\PP-OCRv6_det_small.pth[0m
[32m[INFO] 2026-08-31 20:22:10,135 [RapidOCR] base.py:23: Using engine_name: torch[0m
[32m[INFO] 2026-08-31 20:22:10,136 [RapidOCR] device_config.py:64: Using GPU device with ID: 0[0m
[32m[INFO] 2026-08-31 20:22:10,137 [RapidOCR] download_file.py:60: File exists and is valid: D:\Work\research\FileX\.venv-ai\Lib\site-packages\rapidocr\models\ch_ptocr_mobile_v2.0_cls_mobile.pth[0m
[32m[INFO] 2026-08-31 20:22:10,138 [RapidOCR] main.py:50: Using D:\Work\research\FileX\.venv-ai\Lib\site-packages\rapidocr\models\ch_ptocr_mobile_v2.0_cls_mobile.pth[0m
[32m[INFO] 2026-08-31 20:22:10,340 [RapidOCR] base.py:23: Using engine_name: torch[0m
[32m[INFO] 2026-08-31 20:22:10,341 [RapidOCR] device_config.py:64: Using GPU device with ID: 0[0m
[32m[INFO] 2026-08-31 20:22:10,363 [RapidOCR] download_file.py:60: File exists and is valid: D:\Work\research\FileX\.venv-ai\Lib\site-packages\rapidocr\models\PP-OCRv6_rec_small.pth[0m
[32m[INFO] 2026-08-31 20:22:10,363 [RapidOCR] main.py:50: Using D:\Work\research\FileX\.venv-ai\Lib\site-packages\rapidocr\models\PP-OCRv6_rec_small.pth[0m
{"config": "docling-def", "doc": "escaneado_d5a", "ppp_nativo": 90, "ppp": 135, "factor": 1.5, "png": "ppp135__escaneado_d5a.png", "png_identify": "873x1201 53.140000000000000568,53.149999999999998579 PixelsPerCentimeter", "preflight": {"vram_libre_mib": 8466, "mpx_actual": 1.048, "mpx_pendiente_ordenada": 0}, "entrada": "PDF via Docling; scale explicita", "dispositivo": "GPU CUDA", "rc": [1, 1, 1, 1, 1, 1, 1, 1, 1], "error": ["FileNotFoundError: [WinError 3] El sistema no puede encontrar la ruta especificada: '\\\\\\\\?\\\\\\\\wsl.localhost\\\\Ubuntu\\\\'", "FileNotFoundError: [WinError 3] El sistema no puede encontrar la ruta especificada: '\\\\\\\\?\\\\\\\\wsl.localhost\\\\Ubuntu\\\\'", "FileNotFoundError: [WinError 3] El sistema no puede encontrar la ruta especificada: '\\\\\\\\?\\\\\\\\wsl.localhost\\\\Ubuntu\\\\'", "FileNotFoundError: [WinError 3] El sistema no puede encontrar la ruta especificada: '\\\\\\\\?\\\\\\\\wsl.localhost\\\\Ubuntu\\\\'", "FileNotFoundError: [WinError 3] El sistema no puede encontrar la ruta especificada: '\\\\\\\\?\\\\\\\\wsl.localhost\\\\Ubuntu\\\\'", "FileNotFoundError: [WinError 3] El sistema no puede encontrar la ruta especificada: '\\\\\\\\?\\\\\\\\wsl.localhost\\\\Ubuntu\\\\'", "FileNotFoundError: [WinError 3] El sistema no puede encontrar la ruta especificada: '\\\\\\\\?\\\\\\\\wsl.localhost\\\\Ubuntu\\\\'", "FileNotFoundError: [WinError 3] El sistema no puede encontrar la ruta especificada: '\\\\\\\\?\\\\\\\\wsl.localhost\\\\Ubuntu\\\\'", "FileNotFoundError: [WinError 3] El sistema no puede encontrar la ruta especificada: '\\\\\\\\?\\\\\\\\wsl.localhost\\\\Ubuntu\\\\'"], "n": 9, "ms_mediana": 2378.0, "determinista": true, "metrica": "acentos", "cer_pct": 100.0, "cer_acentos_pct": 100.0, "cer_ciego_pct": 100.0, "dist_acentos": 596, "texto": "docling-def__ppp135__escaneado_d5a.txt"}
[32m[INFO] 2026-08-31 20:22:12,237 [RapidOCR] base.py:23: Using engine_name: torch[0m
[32m[INFO] 2026-08-31 20:22:12,238 [RapidOCR] device_config.py:64: Using GPU device with ID: 0[0m
[32m[INFO] 2026-08-31 20:22:12,249 [RapidOCR] download_file.py:60: File exists and is valid: D:\Work\research\FileX\.venv-ai\Lib\site-packages\rapidocr\models\PP-OCRv6_det_small.pth[0m
[32m[INFO] 2026-08-31 20:22:12,249 [RapidOCR] main.py:50: Using D:\Work\research\FileX\.venv-ai\Lib\site-packages\rapidocr\models\PP-OCRv6_det_small.pth[0m
[32m[INFO] 2026-08-31 20:22:12,585 [RapidOCR] base.py:23: Using engine_name: torch[0m
[32m[INFO] 2026-08-31 20:22:12,586 [RapidOCR] device_config.py:64: Using GPU device with ID: 0[0m
[32m[INFO] 2026-08-31 20:22:12,587 [RapidOCR] download_file.py:60: File exists and is valid: D:\Work\research\FileX\.venv-ai\Lib\site-packages\rapidocr\models\ch_ptocr_mobile_v2.0_cls_mobile.pth[0m
[32m[INFO] 2026-08-31 20:22:12,587 [RapidOCR] main.py:50: Using D:\Work\research\FileX\.venv-ai\Lib\site-packages\rapidocr\models\ch_ptocr_mobile_v2.0_cls_mobile.pth[0m
[32m[INFO] 2026-08-31 20:22:12,784 [RapidOCR] base.py:23: Using engine_name: torch[0m
[32m[INFO] 2026-08-31 20:22:12,785 [RapidOCR] device_config.py:64: Using GPU device with ID: 0[0m
[32m[INFO] 2026-08-31 20:22:12,806 [RapidOCR] download_file.py:60: File exists and is valid: D:\Work\research\FileX\.venv-ai\Lib\site-packages\rapidocr\models\PP-OCRv6_rec_small.pth[0m
[32m[INFO] 2026-08-31 20:22:12,806 [RapidOCR] main.py:50: Using D:\Work\research\FileX\.venv-ai\Lib\site-packages\rapidocr\models\PP-OCRv6_rec_small.pth[0m
[32m[INFO] 2026-08-31 20:22:14,277 [RapidOCR] base.py:23: Using engine_name: torch[0m
[32m[INFO] 2026-08-31 20:22:14,278 [RapidOCR] device_config.py:64: Using GPU device with ID: 0[0m
[32m[INFO] 2026-08-31 20:22:14,288 [RapidOCR] download_file.py:60: File exists and is valid: D:\Work\research\FileX\.venv-ai\Lib\site-packages\rapidocr\models\PP-OCRv6_det_small.pth[0m
[32m[INFO] 2026-08-31 20:22:14,288 [RapidOCR] main.py:50: Using D:\Work\research\FileX\.venv-ai\Lib\site-packages\rapidocr\models\PP-OCRv6_det_small.pth[0m
[32m[INFO] 2026-08-31 20:22:14,617 [RapidOCR] base.py:23: Using engine_name: torch[0m
[32m[INFO] 2026-08-31 20:22:14,617 [RapidOCR] device_config.py:64: Using GPU device with ID: 0[0m
[32m[INFO] 2026-08-31 20:22:14,618 [RapidOCR] download_file.py:60: File exists and is valid: D:\Work\research\FileX\.venv-ai\Lib\site-packages\rapidocr\models\ch_ptocr_mobile_v2.0_cls_mobile.pth[0m
[32m[INFO] 2026-08-31 20:22:14,618 [RapidOCR] main.py:50: Using D:\Work\research\FileX\.venv-ai\Lib\site-packages\rapidocr\models\ch_ptocr_mobile_v2.0_cls_mobile.pth[0m
[32m[INFO] 2026-08-31 20:22:14,795 [RapidOCR] base.py:23: Using engine_name: torch[0m
[32m[INFO] 2026-08-31 20:22:14,796 [RapidOCR] device_config.py:64: Using GPU device with ID: 0[0m
[32m[INFO] 2026-08-31 20:22:14,818 [RapidOCR] download_file.py:60: File exists and is valid: D:\Work\research\FileX\.venv-ai\Lib\site-packages\rapidocr\models\PP-OCRv6_rec_small.pth[0m
[32m[INFO] 2026-08-31 20:22:14,818 [RapidOCR] main.py:50: Using D:\Work\research\FileX\.venv-ai\Lib\site-packages\rapidocr\models\PP-OCRv6_rec_small.pth[0m
[32m[INFO] 2026-08-31 20:22:16,291 [RapidOCR] base.py:23: Using engine_name: torch[0m
[32m[INFO] 2026-08-31 20:22:16,291 [RapidOCR] device_config.py:64: Using GPU device with ID: 0[0m
[32m[INFO] 2026-08-31 20:22:16,302 [RapidOCR] download_file.py:60: File exists and is valid: D:\Work\research\FileX\.venv-ai\Lib\site-packages\rapidocr\models\PP-OCRv6_det_small.pth[0m
[32m[INFO] 2026-08-31 20:22:16,302 [RapidOCR] main.py:50: Using D:\Work\research\FileX\.venv-ai\Lib\site-packages\rapidocr\models\PP-OCRv6_det_small.pth[0m
[32m[INFO] 2026-08-31 20:22:16,654 [RapidOCR] base.py:23: Using engine_name: torch[0m
[32m[INFO] 2026-08-31 20:22:16,654 [RapidOCR] device_config.py:64: Using GPU device with ID: 0[0m
[32m[INFO] 2026-08-31 20:22:16,655 [RapidOCR] download_file.py:60: File exists and is valid: D:\Work\research\FileX\.venv-ai\Lib\site-packages\rapidocr\models\ch_ptocr_mobile_v2.0_cls_mobile.pth[0m
[32m[INFO] 2026-08-31 20:22:16,656 [RapidOCR] main.py:50: Using D:\Work\research\FileX\.venv-ai\Lib\site-packages\rapidocr\models\ch_ptocr_mobile_v2.0_cls_mobile.pth[0m
[32m[INFO] 2026-08-31 20:22:16,844 [RapidOCR] base.py:23: Using engine_name: torch[0m
[32m[INFO] 2026-08-31 20:22:16,845 [RapidOCR] device_config.py:64: Using GPU device with ID: 0[0m
[32m[INFO] 2026-08-31 20:22:16,867 [RapidOCR] download_file.py:60: File exists and is valid: D:\Work\research\FileX\.venv-ai\Lib\site-packages\rapidocr\models\PP-OCRv6_rec_small.pth[0m
[32m[INFO] 2026-08-31 20:22:16,868 [RapidOCR] main.py:50: Using D:\Work\research\FileX\.venv-ai\Lib\site-packages\rapidocr\models\PP-OCRv6_rec_small.pth[0m
[32m[INFO] 2026-08-31 20:22:18,577 [RapidOCR] base.py:23: Using engine_name: torch[0m
[32m[INFO] 2026-08-31 20:22:18,578 [RapidOCR] device_config.py:64: Using GPU device with ID: 0[0m
[32m[INFO] 2026-08-31 20:22:18,589 [RapidOCR] download_file.py:60: File exists and is valid: D:\Work\research\FileX\.venv-ai\Lib\site-packages\rapidocr\models\PP-OCRv6_det_small.pth[0m
[32m[INFO] 2026-08-31 20:22:18,589 [RapidOCR] main.py:50: Using D:\Work\research\FileX\.venv-ai\Lib\site-packages\rapidocr\models\PP-OCRv6_det_small.pth[0m
[32m[INFO] 2026-08-31 20:22:18,946 [RapidOCR] base.py:23: Using engine_name: torch[0m
[32m[INFO] 2026-08-31 20:22:18,947 [RapidOCR] device_config.py:64: Using GPU device with ID: 0[0m
[32m[INFO] 2026-08-31 20:22:18,948 [RapidOCR] download_file.py:60: File exists and is valid: D:\Work\research\FileX\.venv-ai\Lib\site-packages\rapidocr\models\ch_ptocr_mobile_v2.0_cls_mobile.pth[0m
[32m[INFO] 2026-08-31 20:22:18,948 [RapidOCR] main.py:50: Using D:\Work\research\FileX\.venv-ai\Lib\site-packages\rapidocr\models\ch_ptocr_mobile_v2.0_cls_mobile.pth[0m
[32m[INFO] 2026-08-31 20:22:19,130 [RapidOCR] base.py:23: Using engine_name: torch[0m
[32m[INFO] 2026-08-31 20:22:19,131 [RapidOCR] device_config.py:64: Using GPU device with ID: 0[0m
[32m[INFO] 2026-08-31 20:22:19,155 [RapidOCR] download_file.py:60: File exists and is valid: D:\Work\research\FileX\.venv-ai\Lib\site-packages\rapidocr\models\PP-OCRv6_rec_small.pth[0m
[32m[INFO] 2026-08-31 20:22:19,155 [RapidOCR] main.py:50: Using D:\Work\research\FileX\.venv-ai\Lib\site-packages\rapidocr\models\PP-OCRv6_rec_small.pth[0m
[32m[INFO] 2026-08-31 20:22:20,720 [RapidOCR] base.py:23: Using engine_name: torch[0m
[32m[INFO] 2026-08-31 20:22:20,721 [RapidOCR] device_config.py:64: Using GPU device with ID: 0[0m
[32m[INFO] 2026-08-31 20:22:20,733 [RapidOCR] download_file.py:60: File exists and is valid: D:\Work\research\FileX\.venv-ai\Lib\site-packages\rapidocr\models\PP-OCRv6_det_small.pth[0m
[32m[INFO] 2026-08-31 20:22:20,733 [RapidOCR] main.py:50: Using D:\Work\research\FileX\.venv-ai\Lib\site-packages\rapidocr\models\PP-OCRv6_det_small.pth[0m
[32m[INFO] 2026-08-31 20:22:21,102 [RapidOCR] base.py:23: Using engine_name: torch[0m
[32m[INFO] 2026-08-31 20:22:21,103 [RapidOCR] device_config.py:64: Using GPU device with ID: 0[0m
[32m[INFO] 2026-08-31 20:22:21,104 [RapidOCR] download_file.py:60: File exists and is valid: D:\Work\research\FileX\.venv-ai\Lib\site-packages\rapidocr\models\ch_ptocr_mobile_v2.0_cls_mobile.pth[0m
[32m[INFO] 2026-08-31 20:22:21,104 [RapidOCR] main.py:50: Using D:\Work\research\FileX\.venv-ai\Lib\site-packages\rapidocr\models\ch_ptocr_mobile_v2.0_cls_mobile.pth[0m
[32m[INFO] 2026-08-31 20:22:21,286 [RapidOCR] base.py:23: Using engine_name: torch[0m
[32m[INFO] 2026-08-31 20:22:21,287 [RapidOCR] device_config.py:64: Using GPU device with ID: 0[0m
[32m[INFO] 2026-08-31 20:22:21,308 [RapidOCR] download_file.py:60: File exists and is valid: D:\Work\research\FileX\.venv-ai\Lib\site-packages\rapidocr\models\PP-OCRv6_rec_small.pth[0m
[32m[INFO] 2026-08-31 20:22:21,308 [RapidOCR] main.py:50: Using D:\Work\research\FileX\.venv-ai\Lib\site-packages\rapidocr\models\PP-OCRv6_rec_small.pth[0m
[32m[INFO] 2026-08-31 20:22:22,789 [RapidOCR] base.py:23: Using engine_name: torch[0m
[32m[INFO] 2026-08-31 20:22:22,790 [RapidOCR] device_config.py:64: Using GPU device with ID: 0[0m
[32m[INFO] 2026-08-31 20:22:22,801 [RapidOCR] download_file.py:60: File exists and is valid: D:\Work\research\FileX\.venv-ai\Lib\site-packages\rapidocr\models\PP-OCRv6_det_small.pth[0m
[32m[INFO] 2026-08-31 20:22:22,802 [RapidOCR] main.py:50: Using D:\Work\research\FileX\.venv-ai\Lib\site-packages\rapidocr\models\PP-OCRv6_det_small.pth[0m
[32m[INFO] 2026-08-31 20:22:23,153 [RapidOCR] base.py:23: Using engine_name: torch[0m
[32m[INFO] 2026-08-31 20:22:23,153 [RapidOCR] device_config.py:64: Using GPU device with ID: 0[0m
[32m[INFO] 2026-08-31 20:22:23,154 [RapidOCR] download_file.py:60: File exists and is valid: D:\Work\research\FileX\.venv-ai\Lib\site-packages\rapidocr\models\ch_ptocr_mobile_v2.0_cls_mobile.pth[0m
[32m[INFO] 2026-08-31 20:22:23,154 [RapidOCR] main.py:50: Using D:\Work\research\FileX\.venv-ai\Lib\site-packages\rapidocr\models\ch_ptocr_mobile_v2.0_cls_mobile.pth[0m
[32m[INFO] 2026-08-31 20:22:23,336 [RapidOCR] base.py:23: Using engine_name: torch[0m
[32m[INFO] 2026-08-31 20:22:23,337 [RapidOCR] device_config.py:64: Using GPU device with ID: 0[0m
[32m[INFO] 2026-08-31 20:22:23,359 [RapidOCR] download_file.py:60: File exists and is valid: D:\Work\research\FileX\.venv-ai\Lib\site-packages\rapidocr\models\PP-OCRv6_rec_small.pth[0m
[32m[INFO] 2026-08-31 20:22:23,359 [RapidOCR] main.py:50: Using D:\Work\research\FileX\.venv-ai\Lib\site-packages\rapidocr\models\PP-OCRv6_rec_small.pth[0m
[32m[INFO] 2026-08-31 20:22:25,059 [RapidOCR] base.py:23: Using engine_name: torch[0m
[32m[INFO] 2026-08-31 20:22:25,060 [RapidOCR] device_config.py:64: Using GPU device with ID: 0[0m
[32m[INFO] 2026-08-31 20:22:25,073 [RapidOCR] download_file.py:60: File exists and is valid: D:\Work\research\FileX\.venv-ai\Lib\site-packages\rapidocr\models\PP-OCRv6_det_small.pth[0m
[32m[INFO] 2026-08-31 20:22:25,073 [RapidOCR] main.py:50: Using D:\Work\research\FileX\.venv-ai\Lib\site-packages\rapidocr\models\PP-OCRv6_det_small.pth[0m
[32m[INFO] 2026-08-31 20:22:25,405 [RapidOCR] base.py:23: Using engine_name: torch[0m
[32m[INFO] 2026-08-31 20:22:25,406 [RapidOCR] device_config.py:64: Using GPU device with ID: 0[0m
[32m[INFO] 2026-08-31 20:22:25,407 [RapidOCR] download_file.py:60: File exists and is valid: D:\Work\research\FileX\.venv-ai\Lib\site-packages\rapidocr\models\ch_ptocr_mobile_v2.0_cls_mobile.pth[0m
[32m[INFO] 2026-08-31 20:22:25,407 [RapidOCR] main.py:50: Using D:\Work\research\FileX\.venv-ai\Lib\site-packages\rapidocr\models\ch_ptocr_mobile_v2.0_cls_mobile.pth[0m
[32m[INFO] 2026-08-31 20:22:25,649 [RapidOCR] base.py:23: Using engine_name: torch[0m
[32m[INFO] 2026-08-31 20:22:25,649 [RapidOCR] device_config.py:64: Using GPU device with ID: 0[0m
[32m[INFO] 2026-08-31 20:22:25,672 [RapidOCR] download_file.py:60: File exists and is valid: D:\Work\research\FileX\.venv-ai\Lib\site-packages\rapidocr\models\PP-OCRv6_rec_small.pth[0m
[32m[INFO] 2026-08-31 20:22:25,672 [RapidOCR] main.py:50: Using D:\Work\research\FileX\.venv-ai\Lib\site-packages\rapidocr\models\PP-OCRv6_rec_small.pth[0m
[32m[INFO] 2026-08-31 20:22:27,096 [RapidOCR] base.py:23: Using engine_name: torch[0m
[32m[INFO] 2026-08-31 20:22:27,097 [RapidOCR] device_config.py:64: Using GPU device with ID: 0[0m
[32m[INFO] 2026-08-31 20:22:27,108 [RapidOCR] download_file.py:60: File exists and is valid: D:\Work\research\FileX\.venv-ai\Lib\site-packages\rapidocr\models\PP-OCRv6_det_small.pth[0m
[32m[INFO] 2026-08-31 20:22:27,108 [RapidOCR] main.py:50: Using D:\Work\research\FileX\.venv-ai\Lib\site-packages\rapidocr\models\PP-OCRv6_det_small.pth[0m
[32m[INFO] 2026-08-31 20:22:27,426 [RapidOCR] base.py:23: Using engine_name: torch[0m
[32m[INFO] 2026-08-31 20:22:27,426 [RapidOCR] device_config.py:64: Using GPU device with ID: 0[0m
[32m[INFO] 2026-08-31 20:22:27,427 [RapidOCR] download_file.py:60: File exists and is valid: D:\Work\research\FileX\.venv-ai\Lib\site-packages\rapidocr\models\ch_ptocr_mobile_v2.0_cls_mobile.pth[0m
[32m[INFO] 2026-08-31 20:22:27,427 [RapidOCR] main.py:50: Using D:\Work\research\FileX\.venv-ai\Lib\site-packages\rapidocr\models\ch_ptocr_mobile_v2.0_cls_mobile.pth[0m
[32m[INFO] 2026-08-31 20:22:27,602 [RapidOCR] base.py:23: Using engine_name: torch[0m
[32m[INFO] 2026-08-31 20:22:27,603 [RapidOCR] device_config.py:64: Using GPU device with ID: 0[0m
[32m[INFO] 2026-08-31 20:22:27,624 [RapidOCR] download_file.py:60: File exists and is valid: D:\Work\research\FileX\.venv-ai\Lib\site-packages\rapidocr\models\PP-OCRv6_rec_small.pth[0m
[32m[INFO] 2026-08-31 20:22:27,624 [RapidOCR] main.py:50: Using D:\Work\research\FileX\.venv-ai\Lib\site-packages\rapidocr\models\PP-OCRv6_rec_small.pth[0m
[32m[INFO] 2026-08-31 20:22:29,117 [RapidOCR] base.py:23: Using engine_name: torch[0m
[32m[INFO] 2026-08-31 20:22:29,118 [RapidOCR] device_config.py:64: Using GPU device with ID: 0[0m
[32m[INFO] 2026-08-31 20:22:29,137 [RapidOCR] download_file.py:60: File exists and is valid: D:\Work\research\FileX\.venv-ai\Lib\site-packages\rapidocr\models\PP-OCRv6_det_small.pth[0m
[32m[INFO] 2026-08-31 20:22:29,137 [RapidOCR] main.py:50: Using D:\Work\research\FileX\.venv-ai\Lib\site-packages\rapidocr\models\PP-OCRv6_det_small.pth[0m
[32m[INFO] 2026-08-31 20:22:29,537 [RapidOCR] base.py:23: Using engine_name: torch[0m
[32m[INFO] 2026-08-31 20:22:29,538 [RapidOCR] device_config.py:64: Using GPU device with ID: 0[0m
[32m[INFO] 2026-08-31 20:22:29,539 [RapidOCR] download_file.py:60: File exists and is valid: D:\Work\research\FileX\.venv-ai\Lib\site-packages\rapidocr\models\ch_ptocr_mobile_v2.0_cls_mobile.pth[0m
[32m[INFO] 2026-08-31 20:22:29,539 [RapidOCR] main.py:50: Using D:\Work\research\FileX\.venv-ai\Lib\site-packages\rapidocr\models\ch_ptocr_mobile_v2.0_cls_mobile.pth[0m
[32m[INFO] 2026-08-31 20:22:29,827 [RapidOCR] base.py:23: Using engine_name: torch[0m
[32m[INFO] 2026-08-31 20:22:29,828 [RapidOCR] device_config.py:64: Using GPU device with ID: 0[0m
[32m[INFO] 2026-08-31 20:22:29,857 [RapidOCR] download_file.py:60: File exists and is valid: D:\Work\research\FileX\.venv-ai\Lib\site-packages\rapidocr\models\PP-OCRv6_rec_small.pth[0m
[32m[INFO] 2026-08-31 20:22:29,857 [RapidOCR] main.py:50: Using D:\Work\research\FileX\.venv-ai\Lib\site-packages\rapidocr\models\PP-OCRv6_rec_small.pth[0m
[32m[INFO] 2026-08-31 20:22:31,640 [RapidOCR] base.py:23: Using engine_name: torch[0m
[32m[INFO] 2026-08-31 20:22:31,642 [RapidOCR] device_config.py:64: Using GPU device with ID: 0[0m
[32m[INFO] 2026-08-31 20:22:31,656 [RapidOCR] download_file.py:60: File exists and is valid: D:\Work\research\FileX\.venv-ai\Lib\site-packages\rapidocr\models\PP-OCRv6_det_small.pth[0m
[32m[INFO] 2026-08-31 20:22:31,656 [RapidOCR] main.py:50: Using D:\Work\research\FileX\.venv-ai\Lib\site-packages\rapidocr\models\PP-OCRv6_det_small.pth[0m
[32m[INFO] 2026-08-31 20:22:32,065 [RapidOCR] base.py:23: Using engine_name: torch[0m
[32m[INFO] 2026-08-31 20:22:32,067 [RapidOCR] device_config.py:64: Using GPU device with ID: 0[0m
[32m[INFO] 2026-08-31 20:22:32,068 [RapidOCR] download_file.py:60: File exists and is valid: D:\Work\research\FileX\.venv-ai\Lib\site-packages\rapidocr\models\ch_ptocr_mobile_v2.0_cls_mobile.pth[0m
[32m[INFO] 2026-08-31 20:22:32,068 [RapidOCR] main.py:50: Using D:\Work\research\FileX\.venv-ai\Lib\site-packages\rapidocr\models\ch_ptocr_mobile_v2.0_cls_mobile.pth[0m
[32m[INFO] 2026-08-31 20:22:32,265 [RapidOCR] base.py:23: Using engine_name: torch[0m
[32m[INFO] 2026-08-31 20:22:32,266 [RapidOCR] device_config.py:64: Using GPU device with ID: 0[0m
[32m[INFO] 2026-08-31 20:22:32,288 [RapidOCR] download_file.py:60: File exists and is valid: D:\Work\research\FileX\.venv-ai\Lib\site-packages\rapidocr\models\PP-OCRv6_rec_small.pth[0m
[32m[INFO] 2026-08-31 20:22:32,289 [RapidOCR] main.py:50: Using D:\Work\research\FileX\.venv-ai\Lib\site-packages\rapidocr\models\PP-OCRv6_rec_small.pth[0m
{"config": "docling-def", "doc": "escaneado_d5a", "ppp_nativo": 90, "ppp": 140, "factor": 1.556, "png": "ppp140__escaneado_d5a.png", "png_identify": "905x1246 55.109999999999999432,55.119999999999997442 PixelsPerCentimeter", "preflight": {"vram_libre_mib": 8680, "mpx_actual": 1.128, "mpx_pendiente_ordenada": 0}, "entrada": "PDF via Docling; scale explicita", "dispositivo": "GPU CUDA", "rc": [1, 1, 1, 1, 1, 1, 1, 1, 1], "error": ["FileNotFoundError: [WinError 3] El sistema no puede encontrar la ruta especificada: '\\\\\\\\?\\\\\\\\wsl.localhost\\\\Ubuntu\\\\'", "FileNotFoundError: [WinError 3] El sistema no puede encontrar la ruta especificada: '\\\\\\\\?\\\\\\\\wsl.localhost\\\\Ubuntu\\\\'", "FileNotFoundError: [WinError 3] El sistema no puede encontrar la ruta especificada: '\\\\\\\\?\\\\\\\\wsl.localhost\\\\Ubuntu\\\\'", "FileNotFoundError: [WinError 3] El sistema no puede encontrar la ruta especificada: '\\\\\\\\?\\\\\\\\wsl.localhost\\\\Ubuntu\\\\'", "FileNotFoundError: [WinError 3] El sistema no puede encontrar la ruta especificada: '\\\\\\\\?\\\\\\\\wsl.localhost\\\\Ubuntu\\\\'", "FileNotFoundError: [WinError 3] El sistema no puede encontrar la ruta especificada: '\\\\\\\\?\\\\\\\\wsl.localhost\\\\Ubuntu\\\\'", "FileNotFoundError: [WinError 3] El sistema no puede encontrar la ruta especificada: '\\\\\\\\?\\\\\\\\wsl.localhost\\\\Ubuntu\\\\'", "FileNotFoundError: [WinError 3] El sistema no puede encontrar la ruta especificada: '\\\\\\\\?\\\\\\\\wsl.localhost\\\\Ubuntu\\\\'", "FileNotFoundError: [WinError 3] El sistema no puede encontrar la ruta especificada: '\\\\\\\\?\\\\\\\\wsl.localhost\\\\Ubuntu\\\\'"], "n": 9, "ms_mediana": 2136.2, "determinista": true, "metrica": "acentos", "cer_pct": 100.0, "cer_acentos_pct": 100.0, "cer_ciego_pct": 100.0, "dist_acentos": 596, "texto": "docling-def__ppp140__escaneado_d5a.txt"}
[32m[INFO] 2026-08-31 20:22:33,955 [RapidOCR] base.py:23: Using engine_name: torch[0m
[32m[INFO] 2026-08-31 20:22:33,957 [RapidOCR] device_config.py:64: Using GPU device with ID: 0[0m
[32m[INFO] 2026-08-31 20:22:33,967 [RapidOCR] download_file.py:60: File exists and is valid: D:\Work\research\FileX\.venv-ai\Lib\site-packages\rapidocr\models\PP-OCRv6_det_small.pth[0m
[32m[INFO] 2026-08-31 20:22:33,968 [RapidOCR] main.py:50: Using D:\Work\research\FileX\.venv-ai\Lib\site-packages\rapidocr\models\PP-OCRv6_det_small.pth[0m
[32m[INFO] 2026-08-31 20:22:34,334 [RapidOCR] base.py:23: Using engine_name: torch[0m
[32m[INFO] 2026-08-31 20:22:34,335 [RapidOCR] device_config.py:64: Using GPU device with ID: 0[0m
[32m[INFO] 2026-08-31 20:22:34,336 [RapidOCR] download_file.py:60: File exists and is valid: D:\Work\research\FileX\.venv-ai\Lib\site-packages\rapidocr\models\ch_ptocr_mobile_v2.0_cls_mobile.pth[0m
[32m[INFO] 2026-08-31 20:22:34,336 [RapidOCR] main.py:50: Using D:\Work\research\FileX\.venv-ai\Lib\site-packages\rapidocr\models\ch_ptocr_mobile_v2.0_cls_mobile.pth[0m
[32m[INFO] 2026-08-31 20:22:34,635 [RapidOCR] base.py:23: Using engine_name: torch[0m
[32m[INFO] 2026-08-31 20:22:34,636 [RapidOCR] device_config.py:64: Using GPU device with ID: 0[0m
[32m[INFO] 2026-08-31 20:22:34,658 [RapidOCR] download_file.py:60: File exists and is valid: D:\Work\research\FileX\.venv-ai\Lib\site-packages\rapidocr\models\PP-OCRv6_rec_small.pth[0m
[32m[INFO] 2026-08-31 20:22:34,659 [RapidOCR] main.py:50: Using D:\Work\research\FileX\.venv-ai\Lib\site-packages\rapidocr\models\PP-OCRv6_rec_small.pth[0m
[32m[INFO] 2026-08-31 20:22:36,350 [RapidOCR] base.py:23: Using engine_name: torch[0m
[32m[INFO] 2026-08-31 20:22:36,351 [RapidOCR] device_config.py:64: Using GPU device with ID: 0[0m
[32m[INFO] 2026-08-31 20:22:36,367 [RapidOCR] download_file.py:60: File exists and is valid: D:\Work\research\FileX\.venv-ai\Lib\site-packages\rapidocr\models\PP-OCRv6_det_small.pth[0m
[32m[INFO] 2026-08-31 20:22:36,367 [RapidOCR] main.py:50: Using D:\Work\research\FileX\.venv-ai\Lib\site-packages\rapidocr\models\PP-OCRv6_det_small.pth[0m
[32m[INFO] 2026-08-31 20:22:36,883 [RapidOCR] base.py:23: Using engine_name: torch[0m
[32m[INFO] 2026-08-31 20:22:36,884 [RapidOCR] device_config.py:64: Using GPU device with ID: 0[0m
[32m[INFO] 2026-08-31 20:22:36,887 [RapidOCR] download_file.py:60: File exists and is valid: D:\Work\research\FileX\.venv-ai\Lib\site-packages\rapidocr\models\ch_ptocr_mobile_v2.0_cls_mobile.pth[0m
[32m[INFO] 2026-08-31 20:22:36,888 [RapidOCR] main.py:50: Using D:\Work\research\FileX\.venv-ai\Lib\site-packages\rapidocr\models\ch_ptocr_mobile_v2.0_cls_mobile.pth[0m
[32m[INFO] 2026-08-31 20:22:37,113 [RapidOCR] base.py:23: Using engine_name: torch[0m
[32m[INFO] 2026-08-31 20:22:37,114 [RapidOCR] device_config.py:64: Using GPU device with ID: 0[0m
[32m[INFO] 2026-08-31 20:22:37,142 [RapidOCR] download_file.py:60: File exists and is valid: D:\Work\research\FileX\.venv-ai\Lib\site-packages\rapidocr\models\PP-OCRv6_rec_small.pth[0m
[32m[INFO] 2026-08-31 20:22:37,142 [RapidOCR] main.py:50: Using D:\Work\research\FileX\.venv-ai\Lib\site-packages\rapidocr\models\PP-OCRv6_rec_small.pth[0m
[32m[INFO] 2026-08-31 20:22:38,987 [RapidOCR] base.py:23: Using engine_name: torch[0m
[32m[INFO] 2026-08-31 20:22:38,988 [RapidOCR] device_config.py:64: Using GPU device with ID: 0[0m
[32m[INFO] 2026-08-31 20:22:39,005 [RapidOCR] download_file.py:60: File exists and is valid: D:\Work\research\FileX\.venv-ai\Lib\site-packages\rapidocr\models\PP-OCRv6_det_small.pth[0m
[32m[INFO] 2026-08-31 20:22:39,006 [RapidOCR] main.py:50: Using D:\Work\research\FileX\.venv-ai\Lib\site-packages\rapidocr\models\PP-OCRv6_det_small.pth[0m
[32m[INFO] 2026-08-31 20:22:39,958 [RapidOCR] base.py:23: Using engine_name: torch[0m
[32m[INFO] 2026-08-31 20:22:39,958 [RapidOCR] device_config.py:64: Using GPU device with ID: 0[0m
[32m[INFO] 2026-08-31 20:22:39,960 [RapidOCR] download_file.py:60: File exists and is valid: D:\Work\research\FileX\.venv-ai\Lib\site-packages\rapidocr\models\ch_ptocr_mobile_v2.0_cls_mobile.pth[0m
[32m[INFO] 2026-08-31 20:22:39,960 [RapidOCR] main.py:50: Using D:\Work\research\FileX\.venv-ai\Lib\site-packages\rapidocr\models\ch_ptocr_mobile_v2.0_cls_mobile.pth[0m
[32m[INFO] 2026-08-31 20:22:40,166 [RapidOCR] base.py:23: Using engine_name: torch[0m
[32m[INFO] 2026-08-31 20:22:40,167 [RapidOCR] device_config.py:64: Using GPU device with ID: 0[0m
[32m[INFO] 2026-08-31 20:22:40,200 [RapidOCR] download_file.py:60: File exists and is valid: D:\Work\research\FileX\.venv-ai\Lib\site-packages\rapidocr\models\PP-OCRv6_rec_small.pth[0m
[32m[INFO] 2026-08-31 20:22:40,201 [RapidOCR] main.py:50: Using D:\Work\research\FileX\.venv-ai\Lib\site-packages\rapidocr\models\PP-OCRv6_rec_small.pth[0m
[32m[INFO] 2026-08-31 20:22:41,984 [RapidOCR] base.py:23: Using engine_name: torch[0m
[32m[INFO] 2026-08-31 20:22:41,984 [RapidOCR] device_config.py:64: Using GPU device with ID: 0[0m
[32m[INFO] 2026-08-31 20:22:41,997 [RapidOCR] download_file.py:60: File exists and is valid: D:\Work\research\FileX\.venv-ai\Lib\site-packages\rapidocr\models\PP-OCRv6_det_small.pth[0m
[32m[INFO] 2026-08-31 20:22:41,998 [RapidOCR] main.py:50: Using D:\Work\research\FileX\.venv-ai\Lib\site-packages\rapidocr\models\PP-OCRv6_det_small.pth[0m
[32m[INFO] 2026-08-31 20:22:42,420 [RapidOCR] base.py:23: Using engine_name: torch[0m
[32m[INFO] 2026-08-31 20:22:42,420 [RapidOCR] device_config.py:64: Using GPU device with ID: 0[0m
[32m[INFO] 2026-08-31 20:22:42,422 [RapidOCR] download_file.py:60: File exists and is valid: D:\Work\research\FileX\.venv-ai\Lib\site-packages\rapidocr\models\ch_ptocr_mobile_v2.0_cls_mobile.pth[0m
[32m[INFO] 2026-08-31 20:22:42,422 [RapidOCR] main.py:50: Using D:\Work\research\FileX\.venv-ai\Lib\site-packages\rapidocr\models\ch_ptocr_mobile_v2.0_cls_mobile.pth[0m
[32m[INFO] 2026-08-31 20:22:42,663 [RapidOCR] base.py:23: Using engine_name: torch[0m
[32m[INFO] 2026-08-31 20:22:42,664 [RapidOCR] device_config.py:64: Using GPU device with ID: 0[0m
[32m[INFO] 2026-08-31 20:22:42,685 [RapidOCR] download_file.py:60: File exists and is valid: D:\Work\research\FileX\.venv-ai\Lib\site-packages\rapidocr\models\PP-OCRv6_rec_small.pth[0m
[32m[INFO] 2026-08-31 20:22:42,685 [RapidOCR] main.py:50: Using D:\Work\research\FileX\.venv-ai\Lib\site-packages\rapidocr\models\PP-OCRv6_rec_small.pth[0m
[32m[INFO] 2026-08-31 20:22:44,405 [RapidOCR] base.py:23: Using engine_name: torch[0m
[32m[INFO] 2026-08-31 20:22:44,406 [RapidOCR] device_config.py:64: Using GPU device with ID: 0[0m
[32m[INFO] 2026-08-31 20:22:44,417 [RapidOCR] download_file.py:60: File exists and is valid: D:\Work\research\FileX\.venv-ai\Lib\site-packages\rapidocr\models\PP-OCRv6_det_small.pth[0m
[32m[INFO] 2026-08-31 20:22:44,418 [RapidOCR] main.py:50: Using D:\Work\research\FileX\.venv-ai\Lib\site-packages\rapidocr\models\PP-OCRv6_det_small.pth[0m
[32m[INFO] 2026-08-31 20:22:44,796 [RapidOCR] base.py:23: Using engine_name: torch[0m
[32m[INFO] 2026-08-31 20:22:44,796 [RapidOCR] device_config.py:64: Using GPU device with ID: 0[0m
[32m[INFO] 2026-08-31 20:22:44,798 [RapidOCR] download_file.py:60: File exists and is valid: D:\Work\research\FileX\.venv-ai\Lib\site-packages\rapidocr\models\ch_ptocr_mobile_v2.0_cls_mobile.pth[0m
[32m[INFO] 2026-08-31 20:22:44,798 [RapidOCR] main.py:50: Using D:\Work\research\FileX\.venv-ai\Lib\site-packages\rapidocr\models\ch_ptocr_mobile_v2.0_cls_mobile.pth[0m
[32m[INFO] 2026-08-31 20:22:44,985 [RapidOCR] base.py:23: Using engine_name: torch[0m
[32m[INFO] 2026-08-31 20:22:44,985 [RapidOCR] device_config.py:64: Using GPU device with ID: 0[0m
[32m[INFO] 2026-08-31 20:22:45,009 [RapidOCR] download_file.py:60: File exists and is valid: D:\Work\research\FileX\.venv-ai\Lib\site-packages\rapidocr\models\PP-OCRv6_rec_small.pth[0m
[32m[INFO] 2026-08-31 20:22:45,009 [RapidOCR] main.py:50: Using D:\Work\research\FileX\.venv-ai\Lib\site-packages\rapidocr\models\PP-OCRv6_rec_small.pth[0m
[32m[INFO] 2026-08-31 20:22:46,446 [RapidOCR] base.py:23: Using engine_name: torch[0m
[32m[INFO] 2026-08-31 20:22:46,446 [RapidOCR] device_config.py:64: Using GPU device with ID: 0[0m
[32m[INFO] 2026-08-31 20:22:46,458 [RapidOCR] download_file.py:60: File exists and is valid: D:\Work\research\FileX\.venv-ai\Lib\site-packages\rapidocr\models\PP-OCRv6_det_small.pth[0m
[32m[INFO] 2026-08-31 20:22:46,458 [RapidOCR] main.py:50: Using D:\Work\research\FileX\.venv-ai\Lib\site-packages\rapidocr\models\PP-OCRv6_det_small.pth[0m
[32m[INFO] 2026-08-31 20:22:46,754 [RapidOCR] base.py:23: Using engine_name: torch[0m
[32m[INFO] 2026-08-31 20:22:46,754 [RapidOCR] device_config.py:64: Using GPU device with ID: 0[0m
[32m[INFO] 2026-08-31 20:22:46,756 [RapidOCR] download_file.py:60: File exists and is valid: D:\Work\research\FileX\.venv-ai\Lib\site-packages\rapidocr\models\ch_ptocr_mobile_v2.0_cls_mobile.pth[0m
[32m[INFO] 2026-08-31 20:22:46,756 [RapidOCR] main.py:50: Using D:\Work\research\FileX\.venv-ai\Lib\site-packages\rapidocr\models\ch_ptocr_mobile_v2.0_cls_mobile.pth[0m
[32m[INFO] 2026-08-31 20:22:47,149 [RapidOCR] base.py:23: Using engine_name: torch[0m
[32m[INFO] 2026-08-31 20:22:47,150 [RapidOCR] device_config.py:64: Using GPU device with ID: 0[0m
[32m[INFO] 2026-08-31 20:22:47,171 [RapidOCR] download_file.py:60: File exists and is valid: D:\Work\research\FileX\.venv-ai\Lib\site-packages\rapidocr\models\PP-OCRv6_rec_small.pth[0m
[32m[INFO] 2026-08-31 20:22:47,171 [RapidOCR] main.py:50: Using D:\Work\research\FileX\.venv-ai\Lib\site-packages\rapidocr\models\PP-OCRv6_rec_small.pth[0m
[32m[INFO] 2026-08-31 20:22:48,577 [RapidOCR] base.py:23: Using engine_name: torch[0m
[32m[INFO] 2026-08-31 20:22:48,578 [RapidOCR] device_config.py:64: Using GPU device with ID: 0[0m
[32m[INFO] 2026-08-31 20:22:48,589 [RapidOCR] download_file.py:60: File exists and is valid: D:\Work\research\FileX\.venv-ai\Lib\site-packages\rapidocr\models\PP-OCRv6_det_small.pth[0m
[32m[INFO] 2026-08-31 20:22:48,589 [RapidOCR] main.py:50: Using D:\Work\research\FileX\.venv-ai\Lib\site-packages\rapidocr\models\PP-OCRv6_det_small.pth[0m
[32m[INFO] 2026-08-31 20:22:48,916 [RapidOCR] base.py:23: Using engine_name: torch[0m
[32m[INFO] 2026-08-31 20:22:48,917 [RapidOCR] device_config.py:64: Using GPU device with ID: 0[0m
[32m[INFO] 2026-08-31 20:22:48,918 [RapidOCR] download_file.py:60: File exists and is valid: D:\Work\research\FileX\.venv-ai\Lib\site-packages\rapidocr\models\ch_ptocr_mobile_v2.0_cls_mobile.pth[0m
[32m[INFO] 2026-08-31 20:22:48,918 [RapidOCR] main.py:50: Using D:\Work\research\FileX\.venv-ai\Lib\site-packages\rapidocr\models\ch_ptocr_mobile_v2.0_cls_mobile.pth[0m
[32m[INFO] 2026-08-31 20:22:49,095 [RapidOCR] base.py:23: Using engine_name: torch[0m
[32m[INFO] 2026-08-31 20:22:49,096 [RapidOCR] device_config.py:64: Using GPU device with ID: 0[0m
[32m[INFO] 2026-08-31 20:22:49,117 [RapidOCR] download_file.py:60: File exists and is valid: D:\Work\research\FileX\.venv-ai\Lib\site-packages\rapidocr\models\PP-OCRv6_rec_small.pth[0m
[32m[INFO] 2026-08-31 20:22:49,118 [RapidOCR] main.py:50: Using D:\Work\research\FileX\.venv-ai\Lib\site-packages\rapidocr\models\PP-OCRv6_rec_small.pth[0m
[32m[INFO] 2026-08-31 20:22:50,534 [RapidOCR] base.py:23: Using engine_name: torch[0m
[32m[INFO] 2026-08-31 20:22:50,534 [RapidOCR] device_config.py:64: Using GPU device with ID: 0[0m
[32m[INFO] 2026-08-31 20:22:50,546 [RapidOCR] download_file.py:60: File exists and is valid: D:\Work\research\FileX\.venv-ai\Lib\site-packages\rapidocr\models\PP-OCRv6_det_small.pth[0m
[32m[INFO] 2026-08-31 20:22:50,546 [RapidOCR] main.py:50: Using D:\Work\research\FileX\.venv-ai\Lib\site-packages\rapidocr\models\PP-OCRv6_det_small.pth[0m
[32m[INFO] 2026-08-31 20:22:50,829 [RapidOCR] base.py:23: Using engine_name: torch[0m
[32m[INFO] 2026-08-31 20:22:50,830 [RapidOCR] device_config.py:64: Using GPU device with ID: 0[0m
[32m[INFO] 2026-08-31 20:22:50,831 [RapidOCR] download_file.py:60: File exists and is valid: D:\Work\research\FileX\.venv-ai\Lib\site-packages\rapidocr\models\ch_ptocr_mobile_v2.0_cls_mobile.pth[0m
[32m[INFO] 2026-08-31 20:22:50,832 [RapidOCR] main.py:50: Using D:\Work\research\FileX\.venv-ai\Lib\site-packages\rapidocr\models\ch_ptocr_mobile_v2.0_cls_mobile.pth[0m
[32m[INFO] 2026-08-31 20:22:50,986 [RapidOCR] base.py:23: Using engine_name: torch[0m
[32m[INFO] 2026-08-31 20:22:50,986 [RapidOCR] device_config.py:64: Using GPU device with ID: 0[0m
[32m[INFO] 2026-08-31 20:22:51,007 [RapidOCR] download_file.py:60: File exists and is valid: D:\Work\research\FileX\.venv-ai\Lib\site-packages\rapidocr\models\PP-OCRv6_rec_small.pth[0m
[32m[INFO] 2026-08-31 20:22:51,007 [RapidOCR] main.py:50: Using D:\Work\research\FileX\.venv-ai\Lib\site-packages\rapidocr\models\PP-OCRv6_rec_small.pth[0m
[32m[INFO] 2026-08-31 20:22:52,287 [RapidOCR] base.py:23: Using engine_name: torch[0m
[32m[INFO] 2026-08-31 20:22:52,288 [RapidOCR] device_config.py:64: Using GPU device with ID: 0[0m
[32m[INFO] 2026-08-31 20:22:52,300 [RapidOCR] download_file.py:60: File exists and is valid: D:\Work\research\FileX\.venv-ai\Lib\site-packages\rapidocr\models\PP-OCRv6_det_small.pth[0m
[32m[INFO] 2026-08-31 20:22:52,300 [RapidOCR] main.py:50: Using D:\Work\research\FileX\.venv-ai\Lib\site-packages\rapidocr\models\PP-OCRv6_det_small.pth[0m
[32m[INFO] 2026-08-31 20:22:52,672 [RapidOCR] base.py:23: Using engine_name: torch[0m
[32m[INFO] 2026-08-31 20:22:52,672 [RapidOCR] device_config.py:64: Using GPU device with ID: 0[0m
[32m[INFO] 2026-08-31 20:22:52,674 [RapidOCR] download_file.py:60: File exists and is valid: D:\Work\research\FileX\.venv-ai\Lib\site-packages\rapidocr\models\ch_ptocr_mobile_v2.0_cls_mobile.pth[0m
[32m[INFO] 2026-08-31 20:22:52,674 [RapidOCR] main.py:50: Using D:\Work\research\FileX\.venv-ai\Lib\site-packages\rapidocr\models\ch_ptocr_mobile_v2.0_cls_mobile.pth[0m
[32m[INFO] 2026-08-31 20:22:52,891 [RapidOCR] base.py:23: Using engine_name: torch[0m
[32m[INFO] 2026-08-31 20:22:52,892 [RapidOCR] device_config.py:64: Using GPU device with ID: 0[0m
[32m[INFO] 2026-08-31 20:22:52,917 [RapidOCR] download_file.py:60: File exists and is valid: D:\Work\research\FileX\.venv-ai\Lib\site-packages\rapidocr\models\PP-OCRv6_rec_small.pth[0m
[32m[INFO] 2026-08-31 20:22:52,917 [RapidOCR] main.py:50: Using D:\Work\research\FileX\.venv-ai\Lib\site-packages\rapidocr\models\PP-OCRv6_rec_small.pth[0m
[32m[INFO] 2026-08-31 20:22:54,689 [RapidOCR] base.py:23: Using engine_name: torch[0m
[32m[INFO] 2026-08-31 20:22:54,689 [RapidOCR] device_config.py:64: Using GPU device with ID: 0[0m
[32m[INFO] 2026-08-31 20:22:54,701 [RapidOCR] download_file.py:60: File exists and is valid: D:\Work\research\FileX\.venv-ai\Lib\site-packages\rapidocr\models\PP-OCRv6_det_small.pth[0m
[32m[INFO] 2026-08-31 20:22:54,702 [RapidOCR] main.py:50: Using D:\Work\research\FileX\.venv-ai\Lib\site-packages\rapidocr\models\PP-OCRv6_det_small.pth[0m
[32m[INFO] 2026-08-31 20:22:55,053 [RapidOCR] base.py:23: Using engine_name: torch[0m
[32m[INFO] 2026-08-31 20:22:55,054 [RapidOCR] device_config.py:64: Using GPU device with ID: 0[0m
[32m[INFO] 2026-08-31 20:22:55,056 [RapidOCR] download_file.py:60: File exists and is valid: D:\Work\research\FileX\.venv-ai\Lib\site-packages\rapidocr\models\ch_ptocr_mobile_v2.0_cls_mobile.pth[0m
[32m[INFO] 2026-08-31 20:22:55,056 [RapidOCR] main.py:50: Using D:\Work\research\FileX\.venv-ai\Lib\site-packages\rapidocr\models\ch_ptocr_mobile_v2.0_cls_mobile.pth[0m
[32m[INFO] 2026-08-31 20:22:55,219 [RapidOCR] base.py:23: Using engine_name: torch[0m
[32m[INFO] 2026-08-31 20:22:55,219 [RapidOCR] device_config.py:64: Using GPU device with ID: 0[0m
[32m[INFO] 2026-08-31 20:22:55,239 [RapidOCR] download_file.py:60: File exists and is valid: D:\Work\research\FileX\.venv-ai\Lib\site-packages\rapidocr\models\PP-OCRv6_rec_small.pth[0m
[32m[INFO] 2026-08-31 20:22:55,240 [RapidOCR] main.py:50: Using D:\Work\research\FileX\.venv-ai\Lib\site-packages\rapidocr\models\PP-OCRv6_rec_small.pth[0m
{"config": "docling-def", "doc": "escaneado_d5a", "ppp_nativo": 90, "ppp": 145, "factor": 1.611, "png": "ppp145__escaneado_d5a.png", "png_identify": "938x1290 57.079999999999998295,57.079999999999998295 PixelsPerCentimeter", "preflight": {"vram_libre_mib": 8626, "mpx_actual": 1.21, "mpx_pendiente_ordenada": 0}, "entrada": "PDF via Docling; scale explicita", "dispositivo": "GPU CUDA", "rc": [1, 1, 1, 1, 1, 1, 1, 1, 1], "error": ["FileNotFoundError: [WinError 3] El sistema no puede encontrar la ruta especificada: '\\\\\\\\?\\\\\\\\wsl.localhost\\\\Ubuntu\\\\'", "FileNotFoundError: [WinError 3] El sistema no puede encontrar la ruta especificada: '\\\\\\\\?\\\\\\\\wsl.localhost\\\\Ubuntu\\\\'", "FileNotFoundError: [WinError 3] El sistema no puede encontrar la ruta especificada: '\\\\\\\\?\\\\\\\\wsl.localhost\\\\Ubuntu\\\\'", "FileNotFoundError: [WinError 3] El sistema no puede encontrar la ruta especificada: '\\\\\\\\?\\\\\\\\wsl.localhost\\\\Ubuntu\\\\'", "FileNotFoundError: [WinError 3] El sistema no puede encontrar la ruta especificada: '\\\\\\\\?\\\\\\\\wsl.localhost\\\\Ubuntu\\\\'", "FileNotFoundError: [WinError 3] El sistema no puede encontrar la ruta especificada: '\\\\\\\\?\\\\\\\\wsl.localhost\\\\Ubuntu\\\\'", "FileNotFoundError: [WinError 3] El sistema no puede encontrar la ruta especificada: '\\\\\\\\?\\\\\\\\wsl.localhost\\\\Ubuntu\\\\'", "FileNotFoundError: [WinError 3] El sistema no puede encontrar la ruta especificada: '\\\\\\\\?\\\\\\\\wsl.localhost\\\\Ubuntu\\\\'", "FileNotFoundError: [WinError 3] El sistema no puede encontrar la ruta especificada: '\\\\\\\\?\\\\\\\\wsl.localhost\\\\Ubuntu\\\\'"], "n": 9, "ms_mediana": 2133.4, "determinista": true, "metrica": "acentos", "cer_pct": 100.0, "cer_acentos_pct": 100.0, "cer_ciego_pct": 100.0, "dist_acentos": 596, "texto": "docling-def__ppp145__escaneado_d5a.txt"}
[32m[INFO] 2026-08-31 20:22:56,701 [RapidOCR] base.py:23: Using engine_name: torch[0m
[32m[INFO] 2026-08-31 20:22:56,702 [RapidOCR] device_config.py:64: Using GPU device with ID: 0[0m
[32m[INFO] 2026-08-31 20:22:56,712 [RapidOCR] download_file.py:60: File exists and is valid: D:\Work\research\FileX\.venv-ai\Lib\site-packages\rapidocr\models\PP-OCRv6_det_small.pth[0m
[32m[INFO] 2026-08-31 20:22:56,713 [RapidOCR] main.py:50: Using D:\Work\research\FileX\.venv-ai\Lib\site-packages\rapidocr\models\PP-OCRv6_det_small.pth[0m
[32m[INFO] 2026-08-31 20:22:57,104 [RapidOCR] base.py:23: Using engine_name: torch[0m
[32m[INFO] 2026-08-31 20:22:57,104 [RapidOCR] device_config.py:64: Using GPU device with ID: 0[0m
[32m[INFO] 2026-08-31 20:22:57,107 [RapidOCR] download_file.py:60: File exists and is valid: D:\Work\research\FileX\.venv-ai\Lib\site-packages\rapidocr\models\ch_ptocr_mobile_v2.0_cls_mobile.pth[0m
[32m[INFO] 2026-08-31 20:22:57,107 [RapidOCR] main.py:50: Using D:\Work\research\FileX\.venv-ai\Lib\site-packages\rapidocr\models\ch_ptocr_mobile_v2.0_cls_mobile.pth[0m
[32m[INFO] 2026-08-31 20:22:57,299 [RapidOCR] base.py:23: Using engine_name: torch[0m
[32m[INFO] 2026-08-31 20:22:57,300 [RapidOCR] device_config.py:64: Using GPU device with ID: 0[0m
[32m[INFO] 2026-08-31 20:22:57,321 [RapidOCR] download_file.py:60: File exists and is valid: D:\Work\research\FileX\.venv-ai\Lib\site-packages\rapidocr\models\PP-OCRv6_rec_small.pth[0m
[32m[INFO] 2026-08-31 20:22:57,321 [RapidOCR] main.py:50: Using D:\Work\research\FileX\.venv-ai\Lib\site-packages\rapidocr\models\PP-OCRv6_rec_small.pth[0m
[32m[INFO] 2026-08-31 20:22:58,838 [RapidOCR] base.py:23: Using engine_name: torch[0m
[32m[INFO] 2026-08-31 20:22:58,839 [RapidOCR] device_config.py:64: Using GPU device with ID: 0[0m
[32m[INFO] 2026-08-31 20:22:58,849 [RapidOCR] download_file.py:60: File exists and is valid: D:\Work\research\FileX\.venv-ai\Lib\site-packages\rapidocr\models\PP-OCRv6_det_small.pth[0m
[32m[INFO] 2026-08-31 20:22:58,849 [RapidOCR] main.py:50: Using D:\Work\research\FileX\.venv-ai\Lib\site-packages\rapidocr\models\PP-OCRv6_det_small.pth[0m
[32m[INFO] 2026-08-31 20:22:59,187 [RapidOCR] base.py:23: Using engine_name: torch[0m
[32m[INFO] 2026-08-31 20:22:59,188 [RapidOCR] device_config.py:64: Using GPU device with ID: 0[0m
[32m[INFO] 2026-08-31 20:22:59,189 [RapidOCR] download_file.py:60: File exists and is valid: D:\Work\research\FileX\.venv-ai\Lib\site-packages\rapidocr\models\ch_ptocr_mobile_v2.0_cls_mobile.pth[0m
[32m[INFO] 2026-08-31 20:22:59,189 [RapidOCR] main.py:50: Using D:\Work\research\FileX\.venv-ai\Lib\site-packages\rapidocr\models\ch_ptocr_mobile_v2.0_cls_mobile.pth[0m
[32m[INFO] 2026-08-31 20:22:59,377 [RapidOCR] base.py:23: Using engine_name: torch[0m
[32m[INFO] 2026-08-31 20:22:59,378 [RapidOCR] device_config.py:64: Using GPU device with ID: 0[0m
[32m[INFO] 2026-08-31 20:22:59,398 [RapidOCR] download_file.py:60: File exists and is valid: D:\Work\research\FileX\.venv-ai\Lib\site-packages\rapidocr\models\PP-OCRv6_rec_small.pth[0m
[32m[INFO] 2026-08-31 20:22:59,399 [RapidOCR] main.py:50: Using D:\Work\research\FileX\.venv-ai\Lib\site-packages\rapidocr\models\PP-OCRv6_rec_small.pth[0m
[32m[INFO] 2026-08-31 20:23:01,231 [RapidOCR] base.py:23: Using engine_name: torch[0m
[32m[INFO] 2026-08-31 20:23:01,232 [RapidOCR] device_config.py:64: Using GPU device with ID: 0[0m
[32m[INFO] 2026-08-31 20:23:01,243 [RapidOCR] download_file.py:60: File exists and is valid: D:\Work\research\FileX\.venv-ai\Lib\site-packages\rapidocr\models\PP-OCRv6_det_small.pth[0m
[32m[INFO] 2026-08-31 20:23:01,243 [RapidOCR] main.py:50: Using D:\Work\research\FileX\.venv-ai\Lib\site-packages\rapidocr\models\PP-OCRv6_det_small.pth[0m
[32m[INFO] 2026-08-31 20:23:01,587 [RapidOCR] base.py:23: Using engine_name: torch[0m
[32m[INFO] 2026-08-31 20:23:01,588 [RapidOCR] device_config.py:64: Using GPU device with ID: 0[0m
[32m[INFO] 2026-08-31 20:23:01,589 [RapidOCR] download_file.py:60: File exists and is valid: D:\Work\research\FileX\.venv-ai\Lib\site-packages\rapidocr\models\ch_ptocr_mobile_v2.0_cls_mobile.pth[0m
[32m[INFO] 2026-08-31 20:23:01,589 [RapidOCR] main.py:50: Using D:\Work\research\FileX\.venv-ai\Lib\site-packages\rapidocr\models\ch_ptocr_mobile_v2.0_cls_mobile.pth[0m
[32m[INFO] 2026-08-31 20:23:01,774 [RapidOCR] base.py:23: Using engine_name: torch[0m
[32m[INFO] 2026-08-31 20:23:01,775 [RapidOCR] device_config.py:64: Using GPU device with ID: 0[0m
[32m[INFO] 2026-08-31 20:23:01,798 [RapidOCR] download_file.py:60: File exists and is valid: D:\Work\research\FileX\.venv-ai\Lib\site-packages\rapidocr\models\PP-OCRv6_rec_small.pth[0m
[32m[INFO] 2026-08-31 20:23:01,799 [RapidOCR] main.py:50: Using D:\Work\research\FileX\.venv-ai\Lib\site-packages\rapidocr\models\PP-OCRv6_rec_small.pth[0m
[32m[INFO] 2026-08-31 20:23:03,223 [RapidOCR] base.py:23: Using engine_name: torch[0m
[32m[INFO] 2026-08-31 20:23:03,224 [RapidOCR] device_config.py:64: Using GPU device with ID: 0[0m
[32m[INFO] 2026-08-31 20:23:03,234 [RapidOCR] download_file.py:60: File exists and is valid: D:\Work\research\FileX\.venv-ai\Lib\site-packages\rapidocr\models\PP-OCRv6_det_small.pth[0m
[32m[INFO] 2026-08-31 20:23:03,234 [RapidOCR] main.py:50: Using D:\Work\research\FileX\.venv-ai\Lib\site-packages\rapidocr\models\PP-OCRv6_det_small.pth[0m
[32m[INFO] 2026-08-31 20:23:03,566 [RapidOCR] base.py:23: Using engine_name: torch[0m
[32m[INFO] 2026-08-31 20:23:03,567 [RapidOCR] device_config.py:64: Using GPU device with ID: 0[0m
[32m[INFO] 2026-08-31 20:23:03,568 [RapidOCR] download_file.py:60: File exists and is valid: D:\Work\research\FileX\.venv-ai\Lib\site-packages\rapidocr\models\ch_ptocr_mobile_v2.0_cls_mobile.pth[0m
[32m[INFO] 2026-08-31 20:23:03,568 [RapidOCR] main.py:50: Using D:\Work\research\FileX\.venv-ai\Lib\site-packages\rapidocr\models\ch_ptocr_mobile_v2.0_cls_mobile.pth[0m
[32m[INFO] 2026-08-31 20:23:03,763 [RapidOCR] base.py:23: Using engine_name: torch[0m
[32m[INFO] 2026-08-31 20:23:03,763 [RapidOCR] device_config.py:64: Using GPU device with ID: 0[0m
[32m[INFO] 2026-08-31 20:23:03,785 [RapidOCR] download_file.py:60: File exists and is valid: D:\Work\research\FileX\.venv-ai\Lib\site-packages\rapidocr\models\PP-OCRv6_rec_small.pth[0m
[32m[INFO] 2026-08-31 20:23:03,785 [RapidOCR] main.py:50: Using D:\Work\research\FileX\.venv-ai\Lib\site-packages\rapidocr\models\PP-OCRv6_rec_small.pth[0m
[32m[INFO] 2026-08-31 20:23:05,170 [RapidOCR] base.py:23: Using engine_name: torch[0m
[32m[INFO] 2026-08-31 20:23:05,171 [RapidOCR] device_config.py:64: Using GPU device with ID: 0[0m
[32m[INFO] 2026-08-31 20:23:05,182 [RapidOCR] download_file.py:60: File exists and is valid: D:\Work\research\FileX\.venv-ai\Lib\site-packages\rapidocr\models\PP-OCRv6_det_small.pth[0m
[32m[INFO] 2026-08-31 20:23:05,182 [RapidOCR] main.py:50: Using D:\Work\research\FileX\.venv-ai\Lib\site-packages\rapidocr\models\PP-OCRv6_det_small.pth[0m
[32m[INFO] 2026-08-31 20:23:05,477 [RapidOCR] base.py:23: Using engine_name: torch[0m
[32m[INFO] 2026-08-31 20:23:05,478 [RapidOCR] device_config.py:64: Using GPU device with ID: 0[0m
[32m[INFO] 2026-08-31 20:23:05,479 [RapidOCR] download_file.py:60: File exists and is valid: D:\Work\research\FileX\.venv-ai\Lib\site-packages\rapidocr\models\ch_ptocr_mobile_v2.0_cls_mobile.pth[0m
[32m[INFO] 2026-08-31 20:23:05,479 [RapidOCR] main.py:50: Using D:\Work\research\FileX\.venv-ai\Lib\site-packages\rapidocr\models\ch_ptocr_mobile_v2.0_cls_mobile.pth[0m
[32m[INFO] 2026-08-31 20:23:05,625 [RapidOCR] base.py:23: Using engine_name: torch[0m
[32m[INFO] 2026-08-31 20:23:05,626 [RapidOCR] device_config.py:64: Using GPU device with ID: 0[0m
[32m[INFO] 2026-08-31 20:23:05,645 [RapidOCR] download_file.py:60: File exists and is valid: D:\Work\research\FileX\.venv-ai\Lib\site-packages\rapidocr\models\PP-OCRv6_rec_small.pth[0m
[32m[INFO] 2026-08-31 20:23:05,645 [RapidOCR] main.py:50: Using D:\Work\research\FileX\.venv-ai\Lib\site-packages\rapidocr\models\PP-OCRv6_rec_small.pth[0m
[32m[INFO] 2026-08-31 20:23:07,250 [RapidOCR] base.py:23: Using engine_name: torch[0m
[32m[INFO] 2026-08-31 20:23:07,250 [RapidOCR] device_config.py:64: Using GPU device with ID: 0[0m
[32m[INFO] 2026-08-31 20:23:07,262 [RapidOCR] download_file.py:60: File exists and is valid: D:\Work\research\FileX\.venv-ai\Lib\site-packages\rapidocr\models\PP-OCRv6_det_small.pth[0m
[32m[INFO] 2026-08-31 20:23:07,262 [RapidOCR] main.py:50: Using D:\Work\research\FileX\.venv-ai\Lib\site-packages\rapidocr\models\PP-OCRv6_det_small.pth[0m
[32m[INFO] 2026-08-31 20:23:07,610 [RapidOCR] base.py:23: Using engine_name: torch[0m
[32m[INFO] 2026-08-31 20:23:07,610 [RapidOCR] device_config.py:64: Using GPU device with ID: 0[0m
[32m[INFO] 2026-08-31 20:23:07,612 [RapidOCR] download_file.py:60: File exists and is valid: D:\Work\research\FileX\.venv-ai\Lib\site-packages\rapidocr\models\ch_ptocr_mobile_v2.0_cls_mobile.pth[0m
[32m[INFO] 2026-08-31 20:23:07,612 [RapidOCR] main.py:50: Using D:\Work\research\FileX\.venv-ai\Lib\site-packages\rapidocr\models\ch_ptocr_mobile_v2.0_cls_mobile.pth[0m
[32m[INFO] 2026-08-31 20:23:07,841 [RapidOCR] base.py:23: Using engine_name: torch[0m
[32m[INFO] 2026-08-31 20:23:07,841 [RapidOCR] device_config.py:64: Using GPU device with ID: 0[0m
[32m[INFO] 2026-08-31 20:23:07,866 [RapidOCR] download_file.py:60: File exists and is valid: D:\Work\research\FileX\.venv-ai\Lib\site-packages\rapidocr\models\PP-OCRv6_rec_small.pth[0m
[32m[INFO] 2026-08-31 20:23:07,867 [RapidOCR] main.py:50: Using D:\Work\research\FileX\.venv-ai\Lib\site-packages\rapidocr\models\PP-OCRv6_rec_small.pth[0m
[32m[INFO] 2026-08-31 20:23:09,485 [RapidOCR] base.py:23: Using engine_name: torch[0m
[32m[INFO] 2026-08-31 20:23:09,486 [RapidOCR] device_config.py:64: Using GPU device with ID: 0[0m
[32m[INFO] 2026-08-31 20:23:09,497 [RapidOCR] download_file.py:60: File exists and is valid: D:\Work\research\FileX\.venv-ai\Lib\site-packages\rapidocr\models\PP-OCRv6_det_small.pth[0m
[32m[INFO] 2026-08-31 20:23:09,497 [RapidOCR] main.py:50: Using D:\Work\research\FileX\.venv-ai\Lib\site-packages\rapidocr\models\PP-OCRv6_det_small.pth[0m
[32m[INFO] 2026-08-31 20:23:09,814 [RapidOCR] base.py:23: Using engine_name: torch[0m
[32m[INFO] 2026-08-31 20:23:09,814 [RapidOCR] device_config.py:64: Using GPU device with ID: 0[0m
[32m[INFO] 2026-08-31 20:23:09,815 [RapidOCR] download_file.py:60: File exists and is valid: D:\Work\research\FileX\.venv-ai\Lib\site-packages\rapidocr\models\ch_ptocr_mobile_v2.0_cls_mobile.pth[0m
[32m[INFO] 2026-08-31 20:23:09,815 [RapidOCR] main.py:50: Using D:\Work\research\FileX\.venv-ai\Lib\site-packages\rapidocr\models\ch_ptocr_mobile_v2.0_cls_mobile.pth[0m
[32m[INFO] 2026-08-31 20:23:09,984 [RapidOCR] base.py:23: Using engine_name: torch[0m
[32m[INFO] 2026-08-31 20:23:09,985 [RapidOCR] device_config.py:64: Using GPU device with ID: 0[0m
[32m[INFO] 2026-08-31 20:23:10,005 [RapidOCR] download_file.py:60: File exists and is valid: D:\Work\research\FileX\.venv-ai\Lib\site-packages\rapidocr\models\PP-OCRv6_rec_small.pth[0m
[32m[INFO] 2026-08-31 20:23:10,005 [RapidOCR] main.py:50: Using D:\Work\research\FileX\.venv-ai\Lib\site-packages\rapidocr\models\PP-OCRv6_rec_small.pth[0m
[32m[INFO] 2026-08-31 20:23:11,482 [RapidOCR] base.py:23: Using engine_name: torch[0m
[32m[INFO] 2026-08-31 20:23:11,483 [RapidOCR] device_config.py:64: Using GPU device with ID: 0[0m
[32m[INFO] 2026-08-31 20:23:11,494 [RapidOCR] download_file.py:60: File exists and is valid: D:\Work\research\FileX\.venv-ai\Lib\site-packages\rapidocr\models\PP-OCRv6_det_small.pth[0m
[32m[INFO] 2026-08-31 20:23:11,494 [RapidOCR] main.py:50: Using D:\Work\research\FileX\.venv-ai\Lib\site-packages\rapidocr\models\PP-OCRv6_det_small.pth[0m
[32m[INFO] 2026-08-31 20:23:11,867 [RapidOCR] base.py:23: Using engine_name: torch[0m
[32m[INFO] 2026-08-31 20:23:11,868 [RapidOCR] device_config.py:64: Using GPU device with ID: 0[0m
[32m[INFO] 2026-08-31 20:23:11,869 [RapidOCR] download_file.py:60: File exists and is valid: D:\Work\research\FileX\.venv-ai\Lib\site-packages\rapidocr\models\ch_ptocr_mobile_v2.0_cls_mobile.pth[0m
[32m[INFO] 2026-08-31 20:23:11,869 [RapidOCR] main.py:50: Using D:\Work\research\FileX\.venv-ai\Lib\site-packages\rapidocr\models\ch_ptocr_mobile_v2.0_cls_mobile.pth[0m
[32m[INFO] 2026-08-31 20:23:12,050 [RapidOCR] base.py:23: Using engine_name: torch[0m
[32m[INFO] 2026-08-31 20:23:12,051 [RapidOCR] device_config.py:64: Using GPU device with ID: 0[0m
[32m[INFO] 2026-08-31 20:23:12,072 [RapidOCR] download_file.py:60: File exists and is valid: D:\Work\research\FileX\.venv-ai\Lib\site-packages\rapidocr\models\PP-OCRv6_rec_small.pth[0m
[32m[INFO] 2026-08-31 20:23:12,072 [RapidOCR] main.py:50: Using D:\Work\research\FileX\.venv-ai\Lib\site-packages\rapidocr\models\PP-OCRv6_rec_small.pth[0m
[32m[INFO] 2026-08-31 20:23:13,333 [RapidOCR] base.py:23: Using engine_name: torch[0m
[32m[INFO] 2026-08-31 20:23:13,334 [RapidOCR] device_config.py:64: Using GPU device with ID: 0[0m
[32m[INFO] 2026-08-31 20:23:13,344 [RapidOCR] download_file.py:60: File exists and is valid: D:\Work\research\FileX\.venv-ai\Lib\site-packages\rapidocr\models\PP-OCRv6_det_small.pth[0m
[32m[INFO] 2026-08-31 20:23:13,345 [RapidOCR] main.py:50: Using D:\Work\research\FileX\.venv-ai\Lib\site-packages\rapidocr\models\PP-OCRv6_det_small.pth[0m
[32m[INFO] 2026-08-31 20:23:13,997 [RapidOCR] base.py:23: Using engine_name: torch[0m
[32m[INFO] 2026-08-31 20:23:13,998 [RapidOCR] device_config.py:64: Using GPU device with ID: 0[0m
[32m[INFO] 2026-08-31 20:23:13,999 [RapidOCR] download_file.py:60: File exists and is valid: D:\Work\research\FileX\.venv-ai\Lib\site-packages\rapidocr\models\ch_ptocr_mobile_v2.0_cls_mobile.pth[0m
[32m[INFO] 2026-08-31 20:23:13,999 [RapidOCR] main.py:50: Using D:\Work\research\FileX\.venv-ai\Lib\site-packages\rapidocr\models\ch_ptocr_mobile_v2.0_cls_mobile.pth[0m
[32m[INFO] 2026-08-31 20:23:14,192 [RapidOCR] base.py:23: Using engine_name: torch[0m
[32m[INFO] 2026-08-31 20:23:14,193 [RapidOCR] device_config.py:64: Using GPU device with ID: 0[0m
[32m[INFO] 2026-08-31 20:23:14,222 [RapidOCR] download_file.py:60: File exists and is valid: D:\Work\research\FileX\.venv-ai\Lib\site-packages\rapidocr\models\PP-OCRv6_rec_small.pth[0m
[32m[INFO] 2026-08-31 20:23:14,223 [RapidOCR] main.py:50: Using D:\Work\research\FileX\.venv-ai\Lib\site-packages\rapidocr\models\PP-OCRv6_rec_small.pth[0m
[32m[INFO] 2026-08-31 20:23:15,682 [RapidOCR] base.py:23: Using engine_name: torch[0m
[32m[INFO] 2026-08-31 20:23:15,682 [RapidOCR] device_config.py:64: Using GPU device with ID: 0[0m
[32m[INFO] 2026-08-31 20:23:15,693 [RapidOCR] download_file.py:60: File exists and is valid: D:\Work\research\FileX\.venv-ai\Lib\site-packages\rapidocr\models\PP-OCRv6_det_small.pth[0m
[32m[INFO] 2026-08-31 20:23:15,693 [RapidOCR] main.py:50: Using D:\Work\research\FileX\.venv-ai\Lib\site-packages\rapidocr\models\PP-OCRv6_det_small.pth[0m
[32m[INFO] 2026-08-31 20:23:16,008 [RapidOCR] base.py:23: Using engine_name: torch[0m
[32m[INFO] 2026-08-31 20:23:16,009 [RapidOCR] device_config.py:64: Using GPU device with ID: 0[0m
[32m[INFO] 2026-08-31 20:23:16,010 [RapidOCR] download_file.py:60: File exists and is valid: D:\Work\research\FileX\.venv-ai\Lib\site-packages\rapidocr\models\ch_ptocr_mobile_v2.0_cls_mobile.pth[0m
[32m[INFO] 2026-08-31 20:23:16,010 [RapidOCR] main.py:50: Using D:\Work\research\FileX\.venv-ai\Lib\site-packages\rapidocr\models\ch_ptocr_mobile_v2.0_cls_mobile.pth[0m
[32m[INFO] 2026-08-31 20:23:16,167 [RapidOCR] base.py:23: Using engine_name: torch[0m
[32m[INFO] 2026-08-31 20:23:16,168 [RapidOCR] device_config.py:64: Using GPU device with ID: 0[0m
[32m[INFO] 2026-08-31 20:23:16,189 [RapidOCR] download_file.py:60: File exists and is valid: D:\Work\research\FileX\.venv-ai\Lib\site-packages\rapidocr\models\PP-OCRv6_rec_small.pth[0m
[32m[INFO] 2026-08-31 20:23:16,190 [RapidOCR] main.py:50: Using D:\Work\research\FileX\.venv-ai\Lib\site-packages\rapidocr\models\PP-OCRv6_rec_small.pth[0m
{"config": "docling-def", "doc": "escaneado_d5a", "ppp_nativo": 90, "ppp": 150, "factor": 1.667, "png": "ppp150__escaneado_d5a.png", "png_identify": "970x1335 59.049999999999997158,59.049999999999997158 PixelsPerCentimeter", "preflight": {"vram_libre_mib": 8522, "mpx_actual": 1.295, "mpx_pendiente_ordenada": 0}, "entrada": "PDF via Docling; scale explicita", "dispositivo": "GPU CUDA", "rc": [1, 1, 1, 1, 1, 1, 1, 1, 1], "error": ["FileNotFoundError: [WinError 3] El sistema no puede encontrar la ruta especificada: '\\\\\\\\?\\\\\\\\wsl.localhost\\\\Ubuntu\\\\'", "FileNotFoundError: [WinError 3] El sistema no puede encontrar la ruta especificada: '\\\\\\\\?\\\\\\\\wsl.localhost\\\\Ubuntu\\\\'", "FileNotFoundError: [WinError 3] El sistema no puede encontrar la ruta especificada: '\\\\\\\\?\\\\\\\\wsl.localhost\\\\Ubuntu\\\\'", "FileNotFoundError: [WinError 3] El sistema no puede encontrar la ruta especificada: '\\\\\\\\?\\\\\\\\wsl.localhost\\\\Ubuntu\\\\'", "FileNotFoundError: [WinError 3] El sistema no puede encontrar la ruta especificada: '\\\\\\\\?\\\\\\\\wsl.localhost\\\\Ubuntu\\\\'", "FileNotFoundError: [WinError 3] El sistema no puede encontrar la ruta especificada: '\\\\\\\\?\\\\\\\\wsl.localhost\\\\Ubuntu\\\\'", "FileNotFoundError: [WinError 3] El sistema no puede encontrar la ruta especificada: '\\\\\\\\?\\\\\\\\wsl.localhost\\\\Ubuntu\\\\'", "FileNotFoundError: [WinError 3] El sistema no puede encontrar la ruta especificada: '\\\\\\\\?\\\\\\\\wsl.localhost\\\\Ubuntu\\\\'", "FileNotFoundError: [WinError 3] El sistema no puede encontrar la ruta especificada: '\\\\\\\\?\\\\\\\\wsl.localhost\\\\Ubuntu\\\\'"], "n": 9, "ms_mediana": 1995.1, "determinista": true, "metrica": "acentos", "cer_pct": 100.0, "cer_acentos_pct": 100.0, "cer_ciego_pct": 100.0, "dist_acentos": 596, "texto": "docling-def__ppp150__escaneado_d5a.txt"}
[32m[INFO] 2026-08-31 20:23:17,851 [RapidOCR] base.py:23: Using engine_name: torch[0m
[32m[INFO] 2026-08-31 20:23:17,852 [RapidOCR] device_config.py:64: Using GPU device with ID: 0[0m
[32m[INFO] 2026-08-31 20:23:17,863 [RapidOCR] download_file.py:60: File exists and is valid: D:\Work\research\FileX\.venv-ai\Lib\site-packages\rapidocr\models\PP-OCRv6_det_small.pth[0m
[32m[INFO] 2026-08-31 20:23:17,863 [RapidOCR] main.py:50: Using D:\Work\research\FileX\.venv-ai\Lib\site-packages\rapidocr\models\PP-OCRv6_det_small.pth[0m
[32m[INFO] 2026-08-31 20:23:18,294 [RapidOCR] base.py:23: Using engine_name: torch[0m
[32m[INFO] 2026-08-31 20:23:18,294 [RapidOCR] device_config.py:64: Using GPU device with ID: 0[0m
[32m[INFO] 2026-08-31 20:23:18,297 [RapidOCR] download_file.py:60: File exists and is valid: D:\Work\research\FileX\.venv-ai\Lib\site-packages\rapidocr\models\ch_ptocr_mobile_v2.0_cls_mobile.pth[0m
[32m[INFO] 2026-08-31 20:23:18,297 [RapidOCR] main.py:50: Using D:\Work\research\FileX\.venv-ai\Lib\site-packages\rapidocr\models\ch_ptocr_mobile_v2.0_cls_mobile.pth[0m
[32m[INFO] 2026-08-31 20:23:18,522 [RapidOCR] base.py:23: Using engine_name: torch[0m
[32m[INFO] 2026-08-31 20:23:18,523 [RapidOCR] device_config.py:64: Using GPU device with ID: 0[0m
[32m[INFO] 2026-08-31 20:23:18,554 [RapidOCR] download_file.py:60: File exists and is valid: D:\Work\research\FileX\.venv-ai\Lib\site-packages\rapidocr\models\PP-OCRv6_rec_small.pth[0m
[32m[INFO] 2026-08-31 20:23:18,554 [RapidOCR] main.py:50: Using D:\Work\research\FileX\.venv-ai\Lib\site-packages\rapidocr\models\PP-OCRv6_rec_small.pth[0m
[32m[INFO] 2026-08-31 20:23:20,281 [RapidOCR] base.py:23: Using engine_name: torch[0m
[32m[INFO] 2026-08-31 20:23:20,282 [RapidOCR] device_config.py:64: Using GPU device with ID: 0[0m
[32m[INFO] 2026-08-31 20:23:20,294 [RapidOCR] download_file.py:60: File exists and is valid: D:\Work\research\FileX\.venv-ai\Lib\site-packages\rapidocr\models\PP-OCRv6_det_small.pth[0m
[32m[INFO] 2026-08-31 20:23:20,295 [RapidOCR] main.py:50: Using D:\Work\research\FileX\.venv-ai\Lib\site-packages\rapidocr\models\PP-OCRv6_det_small.pth[0m
[32m[INFO] 2026-08-31 20:23:20,855 [RapidOCR] base.py:23: Using engine_name: torch[0m
[32m[INFO] 2026-08-31 20:23:20,855 [RapidOCR] device_config.py:64: Using GPU device with ID: 0[0m
[32m[INFO] 2026-08-31 20:23:20,856 [RapidOCR] download_file.py:60: File exists and is valid: D:\Work\research\FileX\.venv-ai\Lib\site-packages\rapidocr\models\ch_ptocr_mobile_v2.0_cls_mobile.pth[0m
[32m[INFO] 2026-08-31 20:23:20,857 [RapidOCR] main.py:50: Using D:\Work\research\FileX\.venv-ai\Lib\site-packages\rapidocr\models\ch_ptocr_mobile_v2.0_cls_mobile.pth[0m
[32m[INFO] 2026-08-31 20:23:21,030 [RapidOCR] base.py:23: Using engine_name: torch[0m
[32m[INFO] 2026-08-31 20:23:21,030 [RapidOCR] device_config.py:64: Using GPU device with ID: 0[0m
[32m[INFO] 2026-08-31 20:23:21,052 [RapidOCR] download_file.py:60: File exists and is valid: D:\Work\research\FileX\.venv-ai\Lib\site-packages\rapidocr\models\PP-OCRv6_rec_small.pth[0m
[32m[INFO] 2026-08-31 20:23:21,053 [RapidOCR] main.py:50: Using D:\Work\research\FileX\.venv-ai\Lib\site-packages\rapidocr\models\PP-OCRv6_rec_small.pth[0m
[32m[INFO] 2026-08-31 20:23:22,532 [RapidOCR] base.py:23: Using engine_name: torch[0m
[32m[INFO] 2026-08-31 20:23:22,533 [RapidOCR] device_config.py:64: Using GPU device with ID: 0[0m
[32m[INFO] 2026-08-31 20:23:22,543 [RapidOCR] download_file.py:60: File exists and is valid: D:\Work\research\FileX\.venv-ai\Lib\site-packages\rapidocr\models\PP-OCRv6_det_small.pth[0m
[32m[INFO] 2026-08-31 20:23:22,544 [RapidOCR] main.py:50: Using D:\Work\research\FileX\.venv-ai\Lib\site-packages\rapidocr\models\PP-OCRv6_det_small.pth[0m
[32m[INFO] 2026-08-31 20:23:22,801 [RapidOCR] base.py:23: Using engine_name: torch[0m
[32m[INFO] 2026-08-31 20:23:22,802 [RapidOCR] device_config.py:64: Using GPU device with ID: 0[0m
[32m[INFO] 2026-08-31 20:23:22,803 [RapidOCR] download_file.py:60: File exists and is valid: D:\Work\research\FileX\.venv-ai\Lib\site-packages\rapidocr\models\ch_ptocr_mobile_v2.0_cls_mobile.pth[0m
[32m[INFO] 2026-08-31 20:23:22,803 [RapidOCR] main.py:50: Using D:\Work\research\FileX\.venv-ai\Lib\site-packages\rapidocr\models\ch_ptocr_mobile_v2.0_cls_mobile.pth[0m
[32m[INFO] 2026-08-31 20:23:22,952 [RapidOCR] base.py:23: Using engine_name: torch[0m
[32m[INFO] 2026-08-31 20:23:22,952 [RapidOCR] device_config.py:64: Using GPU device with ID: 0[0m
[32m[INFO] 2026-08-31 20:23:22,973 [RapidOCR] download_file.py:60: File exists and is valid: D:\Work\research\FileX\.venv-ai\Lib\site-packages\rapidocr\models\PP-OCRv6_rec_small.pth[0m
[32m[INFO] 2026-08-31 20:23:22,973 [RapidOCR] main.py:50: Using D:\Work\research\FileX\.venv-ai\Lib\site-packages\rapidocr\models\PP-OCRv6_rec_small.pth[0m
[32m[INFO] 2026-08-31 20:23:24,234 [RapidOCR] base.py:23: Using engine_name: torch[0m
[32m[INFO] 2026-08-31 20:23:24,234 [RapidOCR] device_config.py:64: Using GPU device with ID: 0[0m
[32m[INFO] 2026-08-31 20:23:24,245 [RapidOCR] download_file.py:60: File exists and is valid: D:\Work\research\FileX\.venv-ai\Lib\site-packages\rapidocr\models\PP-OCRv6_det_small.pth[0m
[32m[INFO] 2026-08-31 20:23:24,245 [RapidOCR] main.py:50: Using D:\Work\research\FileX\.venv-ai\Lib\site-packages\rapidocr\models\PP-OCRv6_det_small.pth[0m
[32m[INFO] 2026-08-31 20:23:24,521 [RapidOCR] base.py:23: Using engine_name: torch[0m
[32m[INFO] 2026-08-31 20:23:24,522 [RapidOCR] device_config.py:64: Using GPU device with ID: 0[0m
[32m[INFO] 2026-08-31 20:23:24,523 [RapidOCR] download_file.py:60: File exists and is valid: D:\Work\research\FileX\.venv-ai\Lib\site-packages\rapidocr\models\ch_ptocr_mobile_v2.0_cls_mobile.pth[0m
[32m[INFO] 2026-08-31 20:23:24,523 [RapidOCR] main.py:50: Using D:\Work\research\FileX\.venv-ai\Lib\site-packages\rapidocr\models\ch_ptocr_mobile_v2.0_cls_mobile.pth[0m
[32m[INFO] 2026-08-31 20:23:24,679 [RapidOCR] base.py:23: Using engine_name: torch[0m
[32m[INFO] 2026-08-31 20:23:24,680 [RapidOCR] device_config.py:64: Using GPU device with ID: 0[0m
[32m[INFO] 2026-08-31 20:23:24,701 [RapidOCR] download_file.py:60: File exists and is valid: D:\Work\research\FileX\.venv-ai\Lib\site-packages\rapidocr\models\PP-OCRv6_rec_small.pth[0m
[32m[INFO] 2026-08-31 20:23:24,702 [RapidOCR] main.py:50: Using D:\Work\research\FileX\.venv-ai\Lib\site-packages\rapidocr\models\PP-OCRv6_rec_small.pth[0m
[32m[INFO] 2026-08-31 20:23:26,048 [RapidOCR] base.py:23: Using engine_name: torch[0m
[32m[INFO] 2026-08-31 20:23:26,048 [RapidOCR] device_config.py:64: Using GPU device with ID: 0[0m
[32m[INFO] 2026-08-31 20:23:26,058 [RapidOCR] download_file.py:60: File exists and is valid: D:\Work\research\FileX\.venv-ai\Lib\site-packages\rapidocr\models\PP-OCRv6_det_small.pth[0m
[32m[INFO] 2026-08-31 20:23:26,058 [RapidOCR] main.py:50: Using D:\Work\research\FileX\.venv-ai\Lib\site-packages\rapidocr\models\PP-OCRv6_det_small.pth[0m
[32m[INFO] 2026-08-31 20:23:26,397 [RapidOCR] base.py:23: Using engine_name: torch[0m
[32m[INFO] 2026-08-31 20:23:26,398 [RapidOCR] device_config.py:64: Using GPU device with ID: 0[0m
[32m[INFO] 2026-08-31 20:23:26,399 [RapidOCR] download_file.py:60: File exists and is valid: D:\Work\research\FileX\.venv-ai\Lib\site-packages\rapidocr\models\ch_ptocr_mobile_v2.0_cls_mobile.pth[0m
[32m[INFO] 2026-08-31 20:23:26,400 [RapidOCR] main.py:50: Using D:\Work\research\FileX\.venv-ai\Lib\site-packages\rapidocr\models\ch_ptocr_mobile_v2.0_cls_mobile.pth[0m
[32m[INFO] 2026-08-31 20:23:26,796 [RapidOCR] base.py:23: Using engine_name: torch[0m
[32m[INFO] 2026-08-31 20:23:26,797 [RapidOCR] device_config.py:64: Using GPU device with ID: 0[0m
[32m[INFO] 2026-08-31 20:23:26,819 [RapidOCR] download_file.py:60: File exists and is valid: D:\Work\research\FileX\.venv-ai\Lib\site-packages\rapidocr\models\PP-OCRv6_rec_small.pth[0m
[32m[INFO] 2026-08-31 20:23:26,819 [RapidOCR] main.py:50: Using D:\Work\research\FileX\.venv-ai\Lib\site-packages\rapidocr\models\PP-OCRv6_rec_small.pth[0m
[32m[INFO] 2026-08-31 20:23:28,097 [RapidOCR] base.py:23: Using engine_name: torch[0m
[32m[INFO] 2026-08-31 20:23:28,098 [RapidOCR] device_config.py:64: Using GPU device with ID: 0[0m
[32m[INFO] 2026-08-31 20:23:28,107 [RapidOCR] download_file.py:60: File exists and is valid: D:\Work\research\FileX\.venv-ai\Lib\site-packages\rapidocr\models\PP-OCRv6_det_small.pth[0m
[32m[INFO] 2026-08-31 20:23:28,108 [RapidOCR] main.py:50: Using D:\Work\research\FileX\.venv-ai\Lib\site-packages\rapidocr\models\PP-OCRv6_det_small.pth[0m
[32m[INFO] 2026-08-31 20:23:28,419 [RapidOCR] base.py:23: Using engine_name: torch[0m
[32m[INFO] 2026-08-31 20:23:28,420 [RapidOCR] device_config.py:64: Using GPU device with ID: 0[0m
[32m[INFO] 2026-08-31 20:23:28,421 [RapidOCR] download_file.py:60: File exists and is valid: D:\Work\research\FileX\.venv-ai\Lib\site-packages\rapidocr\models\ch_ptocr_mobile_v2.0_cls_mobile.pth[0m
[32m[INFO] 2026-08-31 20:23:28,421 [RapidOCR] main.py:50: Using D:\Work\research\FileX\.venv-ai\Lib\site-packages\rapidocr\models\ch_ptocr_mobile_v2.0_cls_mobile.pth[0m
[32m[INFO] 2026-08-31 20:23:28,593 [RapidOCR] base.py:23: Using engine_name: torch[0m
[32m[INFO] 2026-08-31 20:23:28,593 [RapidOCR] device_config.py:64: Using GPU device with ID: 0[0m
[32m[INFO] 2026-08-31 20:23:28,614 [RapidOCR] download_file.py:60: File exists and is valid: D:\Work\research\FileX\.venv-ai\Lib\site-packages\rapidocr\models\PP-OCRv6_rec_small.pth[0m
[32m[INFO] 2026-08-31 20:23:28,614 [RapidOCR] main.py:50: Using D:\Work\research\FileX\.venv-ai\Lib\site-packages\rapidocr\models\PP-OCRv6_rec_small.pth[0m
[32m[INFO] 2026-08-31 20:23:29,907 [RapidOCR] base.py:23: Using engine_name: torch[0m
[32m[INFO] 2026-08-31 20:23:29,908 [RapidOCR] device_config.py:64: Using GPU device with ID: 0[0m
[32m[INFO] 2026-08-31 20:23:29,919 [RapidOCR] download_file.py:60: File exists and is valid: D:\Work\research\FileX\.venv-ai\Lib\site-packages\rapidocr\models\PP-OCRv6_det_small.pth[0m
[32m[INFO] 2026-08-31 20:23:29,919 [RapidOCR] main.py:50: Using D:\Work\research\FileX\.venv-ai\Lib\site-packages\rapidocr\models\PP-OCRv6_det_small.pth[0m
[32m[INFO] 2026-08-31 20:23:30,225 [RapidOCR] base.py:23: Using engine_name: torch[0m
[32m[INFO] 2026-08-31 20:23:30,226 [RapidOCR] device_config.py:64: Using GPU device with ID: 0[0m
[32m[INFO] 2026-08-31 20:23:30,228 [RapidOCR] download_file.py:60: File exists and is valid: D:\Work\research\FileX\.venv-ai\Lib\site-packages\rapidocr\models\ch_ptocr_mobile_v2.0_cls_mobile.pth[0m
[32m[INFO] 2026-08-31 20:23:30,228 [RapidOCR] main.py:50: Using D:\Work\research\FileX\.venv-ai\Lib\site-packages\rapidocr\models\ch_ptocr_mobile_v2.0_cls_mobile.pth[0m
[32m[INFO] 2026-08-31 20:23:30,400 [RapidOCR] base.py:23: Using engine_name: torch[0m
[32m[INFO] 2026-08-31 20:23:30,401 [RapidOCR] device_config.py:64: Using GPU device with ID: 0[0m
[32m[INFO] 2026-08-31 20:23:30,420 [RapidOCR] download_file.py:60: File exists and is valid: D:\Work\research\FileX\.venv-ai\Lib\site-packages\rapidocr\models\PP-OCRv6_rec_small.pth[0m
[32m[INFO] 2026-08-31 20:23:30,420 [RapidOCR] main.py:50: Using D:\Work\research\FileX\.venv-ai\Lib\site-packages\rapidocr\models\PP-OCRv6_rec_small.pth[0m
[32m[INFO] 2026-08-31 20:23:31,736 [RapidOCR] base.py:23: Using engine_name: torch[0m
[32m[INFO] 2026-08-31 20:23:31,737 [RapidOCR] device_config.py:64: Using GPU device with ID: 0[0m
[32m[INFO] 2026-08-31 20:23:31,746 [RapidOCR] download_file.py:60: File exists and is valid: D:\Work\research\FileX\.venv-ai\Lib\site-packages\rapidocr\models\PP-OCRv6_det_small.pth[0m
[32m[INFO] 2026-08-31 20:23:31,746 [RapidOCR] main.py:50: Using D:\Work\research\FileX\.venv-ai\Lib\site-packages\rapidocr\models\PP-OCRv6_det_small.pth[0m
[32m[INFO] 2026-08-31 20:23:32,068 [RapidOCR] base.py:23: Using engine_name: torch[0m
[32m[INFO] 2026-08-31 20:23:32,068 [RapidOCR] device_config.py:64: Using GPU device with ID: 0[0m
[32m[INFO] 2026-08-31 20:23:32,070 [RapidOCR] download_file.py:60: File exists and is valid: D:\Work\research\FileX\.venv-ai\Lib\site-packages\rapidocr\models\ch_ptocr_mobile_v2.0_cls_mobile.pth[0m
[32m[INFO] 2026-08-31 20:23:32,070 [RapidOCR] main.py:50: Using D:\Work\research\FileX\.venv-ai\Lib\site-packages\rapidocr\models\ch_ptocr_mobile_v2.0_cls_mobile.pth[0m
[32m[INFO] 2026-08-31 20:23:32,241 [RapidOCR] base.py:23: Using engine_name: torch[0m
[32m[INFO] 2026-08-31 20:23:32,242 [RapidOCR] device_config.py:64: Using GPU device with ID: 0[0m
[32m[INFO] 2026-08-31 20:23:32,261 [RapidOCR] download_file.py:60: File exists and is valid: D:\Work\research\FileX\.venv-ai\Lib\site-packages\rapidocr\models\PP-OCRv6_rec_small.pth[0m
[32m[INFO] 2026-08-31 20:23:32,261 [RapidOCR] main.py:50: Using D:\Work\research\FileX\.venv-ai\Lib\site-packages\rapidocr\models\PP-OCRv6_rec_small.pth[0m
[32m[INFO] 2026-08-31 20:23:33,730 [RapidOCR] base.py:23: Using engine_name: torch[0m
[32m[INFO] 2026-08-31 20:23:33,731 [RapidOCR] device_config.py:64: Using GPU device with ID: 0[0m
[32m[INFO] 2026-08-31 20:23:33,741 [RapidOCR] download_file.py:60: File exists and is valid: D:\Work\research\FileX\.venv-ai\Lib\site-packages\rapidocr\models\PP-OCRv6_det_small.pth[0m
[32m[INFO] 2026-08-31 20:23:33,741 [RapidOCR] main.py:50: Using D:\Work\research\FileX\.venv-ai\Lib\site-packages\rapidocr\models\PP-OCRv6_det_small.pth[0m
[32m[INFO] 2026-08-31 20:23:34,042 [RapidOCR] base.py:23: Using engine_name: torch[0m
[32m[INFO] 2026-08-31 20:23:34,042 [RapidOCR] device_config.py:64: Using GPU device with ID: 0[0m
[32m[INFO] 2026-08-31 20:23:34,044 [RapidOCR] download_file.py:60: File exists and is valid: D:\Work\research\FileX\.venv-ai\Lib\site-packages\rapidocr\models\ch_ptocr_mobile_v2.0_cls_mobile.pth[0m
[32m[INFO] 2026-08-31 20:23:34,044 [RapidOCR] main.py:50: Using D:\Work\research\FileX\.venv-ai\Lib\site-packages\rapidocr\models\ch_ptocr_mobile_v2.0_cls_mobile.pth[0m
[32m[INFO] 2026-08-31 20:23:34,213 [RapidOCR] base.py:23: Using engine_name: torch[0m
[32m[INFO] 2026-08-31 20:23:34,214 [RapidOCR] device_config.py:64: Using GPU device with ID: 0[0m
[32m[INFO] 2026-08-31 20:23:34,235 [RapidOCR] download_file.py:60: File exists and is valid: D:\Work\research\FileX\.venv-ai\Lib\site-packages\rapidocr\models\PP-OCRv6_rec_small.pth[0m
[32m[INFO] 2026-08-31 20:23:34,236 [RapidOCR] main.py:50: Using D:\Work\research\FileX\.venv-ai\Lib\site-packages\rapidocr\models\PP-OCRv6_rec_small.pth[0m
[32m[INFO] 2026-08-31 20:23:35,572 [RapidOCR] base.py:23: Using engine_name: torch[0m
[32m[INFO] 2026-08-31 20:23:35,573 [RapidOCR] device_config.py:64: Using GPU device with ID: 0[0m
[32m[INFO] 2026-08-31 20:23:35,584 [RapidOCR] download_file.py:60: File exists and is valid: D:\Work\research\FileX\.venv-ai\Lib\site-packages\rapidocr\models\PP-OCRv6_det_small.pth[0m
[32m[INFO] 2026-08-31 20:23:35,585 [RapidOCR] main.py:50: Using D:\Work\research\FileX\.venv-ai\Lib\site-packages\rapidocr\models\PP-OCRv6_det_small.pth[0m
[32m[INFO] 2026-08-31 20:23:35,894 [RapidOCR] base.py:23: Using engine_name: torch[0m
[32m[INFO] 2026-08-31 20:23:35,894 [RapidOCR] device_config.py:64: Using GPU device with ID: 0[0m
[32m[INFO] 2026-08-31 20:23:35,895 [RapidOCR] download_file.py:60: File exists and is valid: D:\Work\research\FileX\.venv-ai\Lib\site-packages\rapidocr\models\ch_ptocr_mobile_v2.0_cls_mobile.pth[0m
[32m[INFO] 2026-08-31 20:23:35,895 [RapidOCR] main.py:50: Using D:\Work\research\FileX\.venv-ai\Lib\site-packages\rapidocr\models\ch_ptocr_mobile_v2.0_cls_mobile.pth[0m
[32m[INFO] 2026-08-31 20:23:36,068 [RapidOCR] base.py:23: Using engine_name: torch[0m
[32m[INFO] 2026-08-31 20:23:36,068 [RapidOCR] device_config.py:64: Using GPU device with ID: 0[0m
[32m[INFO] 2026-08-31 20:23:36,089 [RapidOCR] download_file.py:60: File exists and is valid: D:\Work\research\FileX\.venv-ai\Lib\site-packages\rapidocr\models\PP-OCRv6_rec_small.pth[0m
[32m[INFO] 2026-08-31 20:23:36,089 [RapidOCR] main.py:50: Using D:\Work\research\FileX\.venv-ai\Lib\site-packages\rapidocr\models\PP-OCRv6_rec_small.pth[0m
{"config": "docling-def", "doc": "escaneado_d5c", "ppp_nativo": 80, "ppp": 80, "factor": 1.0, "png": "ppp080__escaneado_d5c.png", "png_identify": "517x708 31.489999999999998437,31.489999999999998437 PixelsPerCentimeter", "preflight": {"vram_libre_mib": 8707, "mpx_actual": 0.366, "mpx_pendiente_ordenada": 0}, "entrada": "PDF via Docling; scale explicita", "dispositivo": "GPU CUDA", "rc": [1, 1, 1, 1, 1, 1, 1, 1, 1], "error": ["FileNotFoundError: [WinError 3] El sistema no puede encontrar la ruta especificada: '\\\\\\\\?\\\\\\\\wsl.localhost\\\\Ubuntu\\\\'", "FileNotFoundError: [WinError 3] El sistema no puede encontrar la ruta especificada: '\\\\\\\\?\\\\\\\\wsl.localhost\\\\Ubuntu\\\\'", "FileNotFoundError: [WinError 3] El sistema no puede encontrar la ruta especificada: '\\\\\\\\?\\\\\\\\wsl.localhost\\\\Ubuntu\\\\'", "FileNotFoundError: [WinError 3] El sistema no puede encontrar la ruta especificada: '\\\\\\\\?\\\\\\\\wsl.localhost\\\\Ubuntu\\\\'", "FileNotFoundError: [WinError 3] El sistema no puede encontrar la ruta especificada: '\\\\\\\\?\\\\\\\\wsl.localhost\\\\Ubuntu\\\\'", "FileNotFoundError: [WinError 3] El sistema no puede encontrar la ruta especificada: '\\\\\\\\?\\\\\\\\wsl.localhost\\\\Ubuntu\\\\'", "FileNotFoundError: [WinError 3] El sistema no puede encontrar la ruta especificada: '\\\\\\\\?\\\\\\\\wsl.localhost\\\\Ubuntu\\\\'", "FileNotFoundError: [WinError 3] El sistema no puede encontrar la ruta especificada: '\\\\\\\\?\\\\\\\\wsl.localhost\\\\Ubuntu\\\\'", "FileNotFoundError: [WinError 3] El sistema no puede encontrar la ruta especificada: '\\\\\\\\?\\\\\\\\wsl.localhost\\\\Ubuntu\\\\'"], "n": 9, "ms_mediana": 1842.0, "determinista": true, "metrica": "acentos", "cer_pct": 100.0, "cer_acentos_pct": 100.0, "cer_ciego_pct": 100.0, "dist_acentos": 596, "texto": "docling-def__ppp080__escaneado_d5c.txt"}
[32m[INFO] 2026-08-31 20:23:37,525 [RapidOCR] base.py:23: Using engine_name: torch[0m
[32m[INFO] 2026-08-31 20:23:37,526 [RapidOCR] device_config.py:64: Using GPU device with ID: 0[0m
[32m[INFO] 2026-08-31 20:23:37,537 [RapidOCR] download_file.py:60: File exists and is valid: D:\Work\research\FileX\.venv-ai\Lib\site-packages\rapidocr\models\PP-OCRv6_det_small.pth[0m
[32m[INFO] 2026-08-31 20:23:37,537 [RapidOCR] main.py:50: Using D:\Work\research\FileX\.venv-ai\Lib\site-packages\rapidocr\models\PP-OCRv6_det_small.pth[0m
[32m[INFO] 2026-08-31 20:23:37,858 [RapidOCR] base.py:23: Using engine_name: torch[0m
[32m[INFO] 2026-08-31 20:23:37,858 [RapidOCR] device_config.py:64: Using GPU device with ID: 0[0m
[32m[INFO] 2026-08-31 20:23:37,859 [RapidOCR] download_file.py:60: File exists and is valid: D:\Work\research\FileX\.venv-ai\Lib\site-packages\rapidocr\models\ch_ptocr_mobile_v2.0_cls_mobile.pth[0m
[32m[INFO] 2026-08-31 20:23:37,859 [RapidOCR] main.py:50: Using D:\Work\research\FileX\.venv-ai\Lib\site-packages\rapidocr\models\ch_ptocr_mobile_v2.0_cls_mobile.pth[0m
[32m[INFO] 2026-08-31 20:23:38,038 [RapidOCR] base.py:23: Using engine_name: torch[0m
[32m[INFO] 2026-08-31 20:23:38,038 [RapidOCR] device_config.py:64: Using GPU device with ID: 0[0m
[32m[INFO] 2026-08-31 20:23:38,060 [RapidOCR] download_file.py:60: File exists and is valid: D:\Work\research\FileX\.venv-ai\Lib\site-packages\rapidocr\models\PP-OCRv6_rec_small.pth[0m
[32m[INFO] 2026-08-31 20:23:38,061 [RapidOCR] main.py:50: Using D:\Work\research\FileX\.venv-ai\Lib\site-packages\rapidocr\models\PP-OCRv6_rec_small.pth[0m
[32m[INFO] 2026-08-31 20:23:39,580 [RapidOCR] base.py:23: Using engine_name: torch[0m
[32m[INFO] 2026-08-31 20:23:39,580 [RapidOCR] device_config.py:64: Using GPU device with ID: 0[0m
[32m[INFO] 2026-08-31 20:23:39,591 [RapidOCR] download_file.py:60: File exists and is valid: D:\Work\research\FileX\.venv-ai\Lib\site-packages\rapidocr\models\PP-OCRv6_det_small.pth[0m
[32m[INFO] 2026-08-31 20:23:39,591 [RapidOCR] main.py:50: Using D:\Work\research\FileX\.venv-ai\Lib\site-packages\rapidocr\models\PP-OCRv6_det_small.pth[0m
[32m[INFO] 2026-08-31 20:23:39,914 [RapidOCR] base.py:23: Using engine_name: torch[0m
[32m[INFO] 2026-08-31 20:23:39,914 [RapidOCR] device_config.py:64: Using GPU device with ID: 0[0m
[32m[INFO] 2026-08-31 20:23:39,915 [RapidOCR] download_file.py:60: File exists and is valid: D:\Work\research\FileX\.venv-ai\Lib\site-packages\rapidocr\models\ch_ptocr_mobile_v2.0_cls_mobile.pth[0m
[32m[INFO] 2026-08-31 20:23:39,915 [RapidOCR] main.py:50: Using D:\Work\research\FileX\.venv-ai\Lib\site-packages\rapidocr\models\ch_ptocr_mobile_v2.0_cls_mobile.pth[0m
[32m[INFO] 2026-08-31 20:23:40,101 [RapidOCR] base.py:23: Using engine_name: torch[0m
[32m[INFO] 2026-08-31 20:23:40,102 [RapidOCR] device_config.py:64: Using GPU device with ID: 0[0m
[32m[INFO] 2026-08-31 20:23:40,124 [RapidOCR] download_file.py:60: File exists and is valid: D:\Work\research\FileX\.venv-ai\Lib\site-packages\rapidocr\models\PP-OCRv6_rec_small.pth[0m
[32m[INFO] 2026-08-31 20:23:40,125 [RapidOCR] main.py:50: Using D:\Work\research\FileX\.venv-ai\Lib\site-packages\rapidocr\models\PP-OCRv6_rec_small.pth[0m
[32m[INFO] 2026-08-31 20:23:41,430 [RapidOCR] base.py:23: Using engine_name: torch[0m
[32m[INFO] 2026-08-31 20:23:41,431 [RapidOCR] device_config.py:64: Using GPU device with ID: 0[0m
[32m[INFO] 2026-08-31 20:23:41,441 [RapidOCR] download_file.py:60: File exists and is valid: D:\Work\research\FileX\.venv-ai\Lib\site-packages\rapidocr\models\PP-OCRv6_det_small.pth[0m
[32m[INFO] 2026-08-31 20:23:41,441 [RapidOCR] main.py:50: Using D:\Work\research\FileX\.venv-ai\Lib\site-packages\rapidocr\models\PP-OCRv6_det_small.pth[0m
[32m[INFO] 2026-08-31 20:23:41,742 [RapidOCR] base.py:23: Using engine_name: torch[0m
[32m[INFO] 2026-08-31 20:23:41,742 [RapidOCR] device_config.py:64: Using GPU device with ID: 0[0m
[32m[INFO] 2026-08-31 20:23:41,743 [RapidOCR] download_file.py:60: File exists and is valid: D:\Work\research\FileX\.venv-ai\Lib\site-packages\rapidocr\models\ch_ptocr_mobile_v2.0_cls_mobile.pth[0m
[32m[INFO] 2026-08-31 20:23:41,744 [RapidOCR] main.py:50: Using D:\Work\research\FileX\.venv-ai\Lib\site-packages\rapidocr\models\ch_ptocr_mobile_v2.0_cls_mobile.pth[0m
[32m[INFO] 2026-08-31 20:23:41,899 [RapidOCR] base.py:23: Using engine_name: torch[0m
[32m[INFO] 2026-08-31 20:23:41,900 [RapidOCR] device_config.py:64: Using GPU device with ID: 0[0m
[32m[INFO] 2026-08-31 20:23:41,921 [RapidOCR] download_file.py:60: File exists and is valid: D:\Work\research\FileX\.venv-ai\Lib\site-packages\rapidocr\models\PP-OCRv6_rec_small.pth[0m
[32m[INFO] 2026-08-31 20:23:41,921 [RapidOCR] main.py:50: Using D:\Work\research\FileX\.venv-ai\Lib\site-packages\rapidocr\models\PP-OCRv6_rec_small.pth[0m
[32m[INFO] 2026-08-31 20:23:43,234 [RapidOCR] base.py:23: Using engine_name: torch[0m
[32m[INFO] 2026-08-31 20:23:43,235 [RapidOCR] device_config.py:64: Using GPU device with ID: 0[0m
[32m[INFO] 2026-08-31 20:23:43,246 [RapidOCR] download_file.py:60: File exists and is valid: D:\Work\research\FileX\.venv-ai\Lib\site-packages\rapidocr\models\PP-OCRv6_det_small.pth[0m
[32m[INFO] 2026-08-31 20:23:43,247 [RapidOCR] main.py:50: Using D:\Work\research\FileX\.venv-ai\Lib\site-packages\rapidocr\models\PP-OCRv6_det_small.pth[0m
[32m[INFO] 2026-08-31 20:23:43,547 [RapidOCR] base.py:23: Using engine_name: torch[0m
[32m[INFO] 2026-08-31 20:23:43,547 [RapidOCR] device_config.py:64: Using GPU device with ID: 0[0m
[32m[INFO] 2026-08-31 20:23:43,548 [RapidOCR] download_file.py:60: File exists and is valid: D:\Work\research\FileX\.venv-ai\Lib\site-packages\rapidocr\models\ch_ptocr_mobile_v2.0_cls_mobile.pth[0m
[32m[INFO] 2026-08-31 20:23:43,548 [RapidOCR] main.py:50: Using D:\Work\research\FileX\.venv-ai\Lib\site-packages\rapidocr\models\ch_ptocr_mobile_v2.0_cls_mobile.pth[0m
[32m[INFO] 2026-08-31 20:23:43,728 [RapidOCR] base.py:23: Using engine_name: torch[0m
[32m[INFO] 2026-08-31 20:23:43,730 [RapidOCR] device_config.py:64: Using GPU device with ID: 0[0m
[32m[INFO] 2026-08-31 20:23:43,749 [RapidOCR] download_file.py:60: File exists and is valid: D:\Work\research\FileX\.venv-ai\Lib\site-packages\rapidocr\models\PP-OCRv6_rec_small.pth[0m
[32m[INFO] 2026-08-31 20:23:43,750 [RapidOCR] main.py:50: Using D:\Work\research\FileX\.venv-ai\Lib\site-packages\rapidocr\models\PP-OCRv6_rec_small.pth[0m
[32m[INFO] 2026-08-31 20:23:45,331 [RapidOCR] base.py:23: Using engine_name: torch[0m
[32m[INFO] 2026-08-31 20:23:45,331 [RapidOCR] device_config.py:64: Using GPU device with ID: 0[0m
[32m[INFO] 2026-08-31 20:23:45,342 [RapidOCR] download_file.py:60: File exists and is valid: D:\Work\research\FileX\.venv-ai\Lib\site-packages\rapidocr\models\PP-OCRv6_det_small.pth[0m
[32m[INFO] 2026-08-31 20:23:45,342 [RapidOCR] main.py:50: Using D:\Work\research\FileX\.venv-ai\Lib\site-packages\rapidocr\models\PP-OCRv6_det_small.pth[0m
[32m[INFO] 2026-08-31 20:23:45,652 [RapidOCR] base.py:23: Using engine_name: torch[0m
[32m[INFO] 2026-08-31 20:23:45,653 [RapidOCR] device_config.py:64: Using GPU device with ID: 0[0m
[32m[INFO] 2026-08-31 20:23:45,654 [RapidOCR] download_file.py:60: File exists and is valid: D:\Work\research\FileX\.venv-ai\Lib\site-packages\rapidocr\models\ch_ptocr_mobile_v2.0_cls_mobile.pth[0m
[32m[INFO] 2026-08-31 20:23:45,654 [RapidOCR] main.py:50: Using D:\Work\research\FileX\.venv-ai\Lib\site-packages\rapidocr\models\ch_ptocr_mobile_v2.0_cls_mobile.pth[0m
[32m[INFO] 2026-08-31 20:23:45,835 [RapidOCR] base.py:23: Using engine_name: torch[0m
[32m[INFO] 2026-08-31 20:23:45,836 [RapidOCR] device_config.py:64: Using GPU device with ID: 0[0m
[32m[INFO] 2026-08-31 20:23:45,859 [RapidOCR] download_file.py:60: File exists and is valid: D:\Work\research\FileX\.venv-ai\Lib\site-packages\rapidocr\models\PP-OCRv6_rec_small.pth[0m
[32m[INFO] 2026-08-31 20:23:45,859 [RapidOCR] main.py:50: Using D:\Work\research\FileX\.venv-ai\Lib\site-packages\rapidocr\models\PP-OCRv6_rec_small.pth[0m
[32m[INFO] 2026-08-31 20:23:47,167 [RapidOCR] base.py:23: Using engine_name: torch[0m
[32m[INFO] 2026-08-31 20:23:47,168 [RapidOCR] device_config.py:64: Using GPU device with ID: 0[0m
[32m[INFO] 2026-08-31 20:23:47,179 [RapidOCR] download_file.py:60: File exists and is valid: D:\Work\research\FileX\.venv-ai\Lib\site-packages\rapidocr\models\PP-OCRv6_det_small.pth[0m
[32m[INFO] 2026-08-31 20:23:47,179 [RapidOCR] main.py:50: Using D:\Work\research\FileX\.venv-ai\Lib\site-packages\rapidocr\models\PP-OCRv6_det_small.pth[0m
[32m[INFO] 2026-08-31 20:23:47,493 [RapidOCR] base.py:23: Using engine_name: torch[0m
[32m[INFO] 2026-08-31 20:23:47,494 [RapidOCR] device_config.py:64: Using GPU device with ID: 0[0m
[32m[INFO] 2026-08-31 20:23:47,495 [RapidOCR] download_file.py:60: File exists and is valid: D:\Work\research\FileX\.venv-ai\Lib\site-packages\rapidocr\models\ch_ptocr_mobile_v2.0_cls_mobile.pth[0m
[32m[INFO] 2026-08-31 20:23:47,495 [RapidOCR] main.py:50: Using D:\Work\research\FileX\.venv-ai\Lib\site-packages\rapidocr\models\ch_ptocr_mobile_v2.0_cls_mobile.pth[0m
[32m[INFO] 2026-08-31 20:23:47,667 [RapidOCR] base.py:23: Using engine_name: torch[0m
[32m[INFO] 2026-08-31 20:23:47,668 [RapidOCR] device_config.py:64: Using GPU device with ID: 0[0m
[32m[INFO] 2026-08-31 20:23:47,689 [RapidOCR] download_file.py:60: File exists and is valid: D:\Work\research\FileX\.venv-ai\Lib\site-packages\rapidocr\models\PP-OCRv6_rec_small.pth[0m
[32m[INFO] 2026-08-31 20:23:47,689 [RapidOCR] main.py:50: Using D:\Work\research\FileX\.venv-ai\Lib\site-packages\rapidocr\models\PP-OCRv6_rec_small.pth[0m
[32m[INFO] 2026-08-31 20:23:49,017 [RapidOCR] base.py:23: Using engine_name: torch[0m
[32m[INFO] 2026-08-31 20:23:49,017 [RapidOCR] device_config.py:64: Using GPU device with ID: 0[0m
[32m[INFO] 2026-08-31 20:23:49,029 [RapidOCR] download_file.py:60: File exists and is valid: D:\Work\research\FileX\.venv-ai\Lib\site-packages\rapidocr\models\PP-OCRv6_det_small.pth[0m
[32m[INFO] 2026-08-31 20:23:49,029 [RapidOCR] main.py:50: Using D:\Work\research\FileX\.venv-ai\Lib\site-packages\rapidocr\models\PP-OCRv6_det_small.pth[0m
[32m[INFO] 2026-08-31 20:23:49,356 [RapidOCR] base.py:23: Using engine_name: torch[0m
[32m[INFO] 2026-08-31 20:23:49,356 [RapidOCR] device_config.py:64: Using GPU device with ID: 0[0m
[32m[INFO] 2026-08-31 20:23:49,358 [RapidOCR] download_file.py:60: File exists and is valid: D:\Work\research\FileX\.venv-ai\Lib\site-packages\rapidocr\models\ch_ptocr_mobile_v2.0_cls_mobile.pth[0m
[32m[INFO] 2026-08-31 20:23:49,358 [RapidOCR] main.py:50: Using D:\Work\research\FileX\.venv-ai\Lib\site-packages\rapidocr\models\ch_ptocr_mobile_v2.0_cls_mobile.pth[0m
[32m[INFO] 2026-08-31 20:23:49,540 [RapidOCR] base.py:23: Using engine_name: torch[0m
[32m[INFO] 2026-08-31 20:23:49,541 [RapidOCR] device_config.py:64: Using GPU device with ID: 0[0m
[32m[INFO] 2026-08-31 20:23:49,562 [RapidOCR] download_file.py:60: File exists and is valid: D:\Work\research\FileX\.venv-ai\Lib\site-packages\rapidocr\models\PP-OCRv6_rec_small.pth[0m
[32m[INFO] 2026-08-31 20:23:49,562 [RapidOCR] main.py:50: Using D:\Work\research\FileX\.venv-ai\Lib\site-packages\rapidocr\models\PP-OCRv6_rec_small.pth[0m
[32m[INFO] 2026-08-31 20:23:51,189 [RapidOCR] base.py:23: Using engine_name: torch[0m
[32m[INFO] 2026-08-31 20:23:51,190 [RapidOCR] device_config.py:64: Using GPU device with ID: 0[0m
[32m[INFO] 2026-08-31 20:23:51,201 [RapidOCR] download_file.py:60: File exists and is valid: D:\Work\research\FileX\.venv-ai\Lib\site-packages\rapidocr\models\PP-OCRv6_det_small.pth[0m
[32m[INFO] 2026-08-31 20:23:51,201 [RapidOCR] main.py:50: Using D:\Work\research\FileX\.venv-ai\Lib\site-packages\rapidocr\models\PP-OCRv6_det_small.pth[0m
[32m[INFO] 2026-08-31 20:23:51,529 [RapidOCR] base.py:23: Using engine_name: torch[0m
[32m[INFO] 2026-08-31 20:23:51,529 [RapidOCR] device_config.py:64: Using GPU device with ID: 0[0m
[32m[INFO] 2026-08-31 20:23:51,531 [RapidOCR] download_file.py:60: File exists and is valid: D:\Work\research\FileX\.venv-ai\Lib\site-packages\rapidocr\models\ch_ptocr_mobile_v2.0_cls_mobile.pth[0m
[32m[INFO] 2026-08-31 20:23:51,531 [RapidOCR] main.py:50: Using D:\Work\research\FileX\.venv-ai\Lib\site-packages\rapidocr\models\ch_ptocr_mobile_v2.0_cls_mobile.pth[0m
[32m[INFO] 2026-08-31 20:23:51,710 [RapidOCR] base.py:23: Using engine_name: torch[0m
[32m[INFO] 2026-08-31 20:23:51,710 [RapidOCR] device_config.py:64: Using GPU device with ID: 0[0m
[32m[INFO] 2026-08-31 20:23:51,731 [RapidOCR] download_file.py:60: File exists and is valid: D:\Work\research\FileX\.venv-ai\Lib\site-packages\rapidocr\models\PP-OCRv6_rec_small.pth[0m
[32m[INFO] 2026-08-31 20:23:51,731 [RapidOCR] main.py:50: Using D:\Work\research\FileX\.venv-ai\Lib\site-packages\rapidocr\models\PP-OCRv6_rec_small.pth[0m
[32m[INFO] 2026-08-31 20:23:53,098 [RapidOCR] base.py:23: Using engine_name: torch[0m
[32m[INFO] 2026-08-31 20:23:53,099 [RapidOCR] device_config.py:64: Using GPU device with ID: 0[0m
[32m[INFO] 2026-08-31 20:23:53,111 [RapidOCR] download_file.py:60: File exists and is valid: D:\Work\research\FileX\.venv-ai\Lib\site-packages\rapidocr\models\PP-OCRv6_det_small.pth[0m
[32m[INFO] 2026-08-31 20:23:53,112 [RapidOCR] main.py:50: Using D:\Work\research\FileX\.venv-ai\Lib\site-packages\rapidocr\models\PP-OCRv6_det_small.pth[0m
[32m[INFO] 2026-08-31 20:23:53,437 [RapidOCR] base.py:23: Using engine_name: torch[0m
[32m[INFO] 2026-08-31 20:23:53,437 [RapidOCR] device_config.py:64: Using GPU device with ID: 0[0m
[32m[INFO] 2026-08-31 20:23:53,439 [RapidOCR] download_file.py:60: File exists and is valid: D:\Work\research\FileX\.venv-ai\Lib\site-packages\rapidocr\models\ch_ptocr_mobile_v2.0_cls_mobile.pth[0m
[32m[INFO] 2026-08-31 20:23:53,439 [RapidOCR] main.py:50: Using D:\Work\research\FileX\.venv-ai\Lib\site-packages\rapidocr\models\ch_ptocr_mobile_v2.0_cls_mobile.pth[0m
[32m[INFO] 2026-08-31 20:23:53,626 [RapidOCR] base.py:23: Using engine_name: torch[0m
[32m[INFO] 2026-08-31 20:23:53,627 [RapidOCR] device_config.py:64: Using GPU device with ID: 0[0m
[32m[INFO] 2026-08-31 20:23:53,651 [RapidOCR] download_file.py:60: File exists and is valid: D:\Work\research\FileX\.venv-ai\Lib\site-packages\rapidocr\models\PP-OCRv6_rec_small.pth[0m
[32m[INFO] 2026-08-31 20:23:53,651 [RapidOCR] main.py:50: Using D:\Work\research\FileX\.venv-ai\Lib\site-packages\rapidocr\models\PP-OCRv6_rec_small.pth[0m
[32m[INFO] 2026-08-31 20:23:54,975 [RapidOCR] base.py:23: Using engine_name: torch[0m
[32m[INFO] 2026-08-31 20:23:54,975 [RapidOCR] device_config.py:64: Using GPU device with ID: 0[0m
[32m[INFO] 2026-08-31 20:23:54,985 [RapidOCR] download_file.py:60: File exists and is valid: D:\Work\research\FileX\.venv-ai\Lib\site-packages\rapidocr\models\PP-OCRv6_det_small.pth[0m
[32m[INFO] 2026-08-31 20:23:54,985 [RapidOCR] main.py:50: Using D:\Work\research\FileX\.venv-ai\Lib\site-packages\rapidocr\models\PP-OCRv6_det_small.pth[0m
[32m[INFO] 2026-08-31 20:23:55,286 [RapidOCR] base.py:23: Using engine_name: torch[0m
[32m[INFO] 2026-08-31 20:23:55,287 [RapidOCR] device_config.py:64: Using GPU device with ID: 0[0m
[32m[INFO] 2026-08-31 20:23:55,288 [RapidOCR] download_file.py:60: File exists and is valid: D:\Work\research\FileX\.venv-ai\Lib\site-packages\rapidocr\models\ch_ptocr_mobile_v2.0_cls_mobile.pth[0m
[32m[INFO] 2026-08-31 20:23:55,288 [RapidOCR] main.py:50: Using D:\Work\research\FileX\.venv-ai\Lib\site-packages\rapidocr\models\ch_ptocr_mobile_v2.0_cls_mobile.pth[0m
[32m[INFO] 2026-08-31 20:23:55,448 [RapidOCR] base.py:23: Using engine_name: torch[0m
[32m[INFO] 2026-08-31 20:23:55,449 [RapidOCR] device_config.py:64: Using GPU device with ID: 0[0m
[32m[INFO] 2026-08-31 20:23:55,470 [RapidOCR] download_file.py:60: File exists and is valid: D:\Work\research\FileX\.venv-ai\Lib\site-packages\rapidocr\models\PP-OCRv6_rec_small.pth[0m
[32m[INFO] 2026-08-31 20:23:55,470 [RapidOCR] main.py:50: Using D:\Work\research\FileX\.venv-ai\Lib\site-packages\rapidocr\models\PP-OCRv6_rec_small.pth[0m
{"config": "docling-def", "doc": "escaneado_d5c", "ppp_nativo": 80, "ppp": 100, "factor": 1.25, "png": "ppp100__escaneado_d5c.png", "png_identify": "646x885 39.369999999999997442,39.369999999999997442 PixelsPerCentimeter", "preflight": {"vram_libre_mib": 8696, "mpx_actual": 0.572, "mpx_pendiente_ordenada": 0}, "entrada": "PDF via Docling; scale explicita", "dispositivo": "GPU CUDA", "rc": [1, 1, 1, 1, 1, 1, 1, 1, 1], "error": ["FileNotFoundError: [WinError 3] El sistema no puede encontrar la ruta especificada: '\\\\\\\\?\\\\\\\\wsl.localhost\\\\Ubuntu\\\\'", "FileNotFoundError: [WinError 3] El sistema no puede encontrar la ruta especificada: '\\\\\\\\?\\\\\\\\wsl.localhost\\\\Ubuntu\\\\'", "FileNotFoundError: [WinError 3] El sistema no puede encontrar la ruta especificada: '\\\\\\\\?\\\\\\\\wsl.localhost\\\\Ubuntu\\\\'", "FileNotFoundError: [WinError 3] El sistema no puede encontrar la ruta especificada: '\\\\\\\\?\\\\\\\\wsl.localhost\\\\Ubuntu\\\\'", "FileNotFoundError: [WinError 3] El sistema no puede encontrar la ruta especificada: '\\\\\\\\?\\\\\\\\wsl.localhost\\\\Ubuntu\\\\'", "FileNotFoundError: [WinError 3] El sistema no puede encontrar la ruta especificada: '\\\\\\\\?\\\\\\\\wsl.localhost\\\\Ubuntu\\\\'", "FileNotFoundError: [WinError 3] El sistema no puede encontrar la ruta especificada: '\\\\\\\\?\\\\\\\\wsl.localhost\\\\Ubuntu\\\\'", "FileNotFoundError: [WinError 3] El sistema no puede encontrar la ruta especificada: '\\\\\\\\?\\\\\\\\wsl.localhost\\\\Ubuntu\\\\'", "FileNotFoundError: [WinError 3] El sistema no puede encontrar la ruta especificada: '\\\\\\\\?\\\\\\\\wsl.localhost\\\\Ubuntu\\\\'"], "n": 9, "ms_mediana": 1851.9, "determinista": true, "metrica": "acentos", "cer_pct": 100.0, "cer_acentos_pct": 100.0, "cer_ciego_pct": 100.0, "dist_acentos": 596, "texto": "docling-def__ppp100__escaneado_d5c.txt"}
[32m[INFO] 2026-08-31 20:23:56,901 [RapidOCR] base.py:23: Using engine_name: torch[0m
[32m[INFO] 2026-08-31 20:23:56,902 [RapidOCR] device_config.py:64: Using GPU device with ID: 0[0m
[32m[INFO] 2026-08-31 20:23:56,912 [RapidOCR] download_file.py:60: File exists and is valid: D:\Work\research\FileX\.venv-ai\Lib\site-packages\rapidocr\models\PP-OCRv6_det_small.pth[0m
[32m[INFO] 2026-08-31 20:23:56,913 [RapidOCR] main.py:50: Using D:\Work\research\FileX\.venv-ai\Lib\site-packages\rapidocr\models\PP-OCRv6_det_small.pth[0m
[32m[INFO] 2026-08-31 20:23:57,460 [RapidOCR] base.py:23: Using engine_name: torch[0m
[32m[INFO] 2026-08-31 20:23:57,460 [RapidOCR] device_config.py:64: Using GPU device with ID: 0[0m
[32m[INFO] 2026-08-31 20:23:57,462 [RapidOCR] download_file.py:60: File exists and is valid: D:\Work\research\FileX\.venv-ai\Lib\site-packages\rapidocr\models\ch_ptocr_mobile_v2.0_cls_mobile.pth[0m
[32m[INFO] 2026-08-31 20:23:57,462 [RapidOCR] main.py:50: Using D:\Work\research\FileX\.venv-ai\Lib\site-packages\rapidocr\models\ch_ptocr_mobile_v2.0_cls_mobile.pth[0m
[32m[INFO] 2026-08-31 20:23:57,658 [RapidOCR] base.py:23: Using engine_name: torch[0m
[32m[INFO] 2026-08-31 20:23:57,659 [RapidOCR] device_config.py:64: Using GPU device with ID: 0[0m
[32m[INFO] 2026-08-31 20:23:57,679 [RapidOCR] download_file.py:60: File exists and is valid: D:\Work\research\FileX\.venv-ai\Lib\site-packages\rapidocr\models\PP-OCRv6_rec_small.pth[0m
[32m[INFO] 2026-08-31 20:23:57,679 [RapidOCR] main.py:50: Using D:\Work\research\FileX\.venv-ai\Lib\site-packages\rapidocr\models\PP-OCRv6_rec_small.pth[0m
[32m[INFO] 2026-08-31 20:23:59,092 [RapidOCR] base.py:23: Using engine_name: torch[0m
[32m[INFO] 2026-08-31 20:23:59,093 [RapidOCR] device_config.py:64: Using GPU device with ID: 0[0m
[32m[INFO] 2026-08-31 20:23:59,104 [RapidOCR] download_file.py:60: File exists and is valid: D:\Work\research\FileX\.venv-ai\Lib\site-packages\rapidocr\models\PP-OCRv6_det_small.pth[0m
[32m[INFO] 2026-08-31 20:23:59,105 [RapidOCR] main.py:50: Using D:\Work\research\FileX\.venv-ai\Lib\site-packages\rapidocr\models\PP-OCRv6_det_small.pth[0m
[32m[INFO] 2026-08-31 20:23:59,443 [RapidOCR] base.py:23: Using engine_name: torch[0m
[32m[INFO] 2026-08-31 20:23:59,444 [RapidOCR] device_config.py:64: Using GPU device with ID: 0[0m
[32m[INFO] 2026-08-31 20:23:59,445 [RapidOCR] download_file.py:60: File exists and is valid: D:\Work\research\FileX\.venv-ai\Lib\site-packages\rapidocr\models\ch_ptocr_mobile_v2.0_cls_mobile.pth[0m
[32m[INFO] 2026-08-31 20:23:59,445 [RapidOCR] main.py:50: Using D:\Work\research\FileX\.venv-ai\Lib\site-packages\rapidocr\models\ch_ptocr_mobile_v2.0_cls_mobile.pth[0m
[32m[INFO] 2026-08-31 20:23:59,630 [RapidOCR] base.py:23: Using engine_name: torch[0m
[32m[INFO] 2026-08-31 20:23:59,630 [RapidOCR] device_config.py:64: Using GPU device with ID: 0[0m
[32m[INFO] 2026-08-31 20:23:59,652 [RapidOCR] download_file.py:60: File exists and is valid: D:\Work\research\FileX\.venv-ai\Lib\site-packages\rapidocr\models\PP-OCRv6_rec_small.pth[0m
[32m[INFO] 2026-08-31 20:23:59,652 [RapidOCR] main.py:50: Using D:\Work\research\FileX\.venv-ai\Lib\site-packages\rapidocr\models\PP-OCRv6_rec_small.pth[0m
[32m[INFO] 2026-08-31 20:24:00,982 [RapidOCR] base.py:23: Using engine_name: torch[0m
[32m[INFO] 2026-08-31 20:24:00,982 [RapidOCR] device_config.py:64: Using GPU device with ID: 0[0m
[32m[INFO] 2026-08-31 20:24:00,992 [RapidOCR] download_file.py:60: File exists and is valid: D:\Work\research\FileX\.venv-ai\Lib\site-packages\rapidocr\models\PP-OCRv6_det_small.pth[0m
[32m[INFO] 2026-08-31 20:24:00,992 [RapidOCR] main.py:50: Using D:\Work\research\FileX\.venv-ai\Lib\site-packages\rapidocr\models\PP-OCRv6_det_small.pth[0m
[32m[INFO] 2026-08-31 20:24:01,281 [RapidOCR] base.py:23: Using engine_name: torch[0m
[32m[INFO] 2026-08-31 20:24:01,281 [RapidOCR] device_config.py:64: Using GPU device with ID: 0[0m
[32m[INFO] 2026-08-31 20:24:01,283 [RapidOCR] download_file.py:60: File exists and is valid: D:\Work\research\FileX\.venv-ai\Lib\site-packages\rapidocr\models\ch_ptocr_mobile_v2.0_cls_mobile.pth[0m
[32m[INFO] 2026-08-31 20:24:01,283 [RapidOCR] main.py:50: Using D:\Work\research\FileX\.venv-ai\Lib\site-packages\rapidocr\models\ch_ptocr_mobile_v2.0_cls_mobile.pth[0m
[32m[INFO] 2026-08-31 20:24:01,472 [RapidOCR] base.py:23: Using engine_name: torch[0m
[32m[INFO] 2026-08-31 20:24:01,473 [RapidOCR] device_config.py:64: Using GPU device with ID: 0[0m
[32m[INFO] 2026-08-31 20:24:01,494 [RapidOCR] download_file.py:60: File exists and is valid: D:\Work\research\FileX\.venv-ai\Lib\site-packages\rapidocr\models\PP-OCRv6_rec_small.pth[0m
[32m[INFO] 2026-08-31 20:24:01,495 [RapidOCR] main.py:50: Using D:\Work\research\FileX\.venv-ai\Lib\site-packages\rapidocr\models\PP-OCRv6_rec_small.pth[0m
[32m[INFO] 2026-08-31 20:24:02,919 [RapidOCR] base.py:23: Using engine_name: torch[0m
[32m[INFO] 2026-08-31 20:24:02,919 [RapidOCR] device_config.py:64: Using GPU device with ID: 0[0m
[32m[INFO] 2026-08-31 20:24:02,931 [RapidOCR] download_file.py:60: File exists and is valid: D:\Work\research\FileX\.venv-ai\Lib\site-packages\rapidocr\models\PP-OCRv6_det_small.pth[0m
[32m[INFO] 2026-08-31 20:24:02,931 [RapidOCR] main.py:50: Using D:\Work\research\FileX\.venv-ai\Lib\site-packages\rapidocr\models\PP-OCRv6_det_small.pth[0m
[32m[INFO] 2026-08-31 20:24:03,248 [RapidOCR] base.py:23: Using engine_name: torch[0m
[32m[INFO] 2026-08-31 20:24:03,249 [RapidOCR] device_config.py:64: Using GPU device with ID: 0[0m
[32m[INFO] 2026-08-31 20:24:03,250 [RapidOCR] download_file.py:60: File exists and is valid: D:\Work\research\FileX\.venv-ai\Lib\site-packages\rapidocr\models\ch_ptocr_mobile_v2.0_cls_mobile.pth[0m
[32m[INFO] 2026-08-31 20:24:03,250 [RapidOCR] main.py:50: Using D:\Work\research\FileX\.venv-ai\Lib\site-packages\rapidocr\models\ch_ptocr_mobile_v2.0_cls_mobile.pth[0m
[32m[INFO] 2026-08-31 20:24:03,644 [RapidOCR] base.py:23: Using engine_name: torch[0m
[32m[INFO] 2026-08-31 20:24:03,645 [RapidOCR] device_config.py:64: Using GPU device with ID: 0[0m
[32m[INFO] 2026-08-31 20:24:03,668 [RapidOCR] download_file.py:60: File exists and is valid: D:\Work\research\FileX\.venv-ai\Lib\site-packages\rapidocr\models\PP-OCRv6_rec_small.pth[0m
[32m[INFO] 2026-08-31 20:24:03,668 [RapidOCR] main.py:50: Using D:\Work\research\FileX\.venv-ai\Lib\site-packages\rapidocr\models\PP-OCRv6_rec_small.pth[0m
[32m[INFO] 2026-08-31 20:24:05,087 [RapidOCR] base.py:23: Using engine_name: torch[0m
[32m[INFO] 2026-08-31 20:24:05,088 [RapidOCR] device_config.py:64: Using GPU device with ID: 0[0m
[32m[INFO] 2026-08-31 20:24:05,100 [RapidOCR] download_file.py:60: File exists and is valid: D:\Work\research\FileX\.venv-ai\Lib\site-packages\rapidocr\models\PP-OCRv6_det_small.pth[0m
[32m[INFO] 2026-08-31 20:24:05,100 [RapidOCR] main.py:50: Using D:\Work\research\FileX\.venv-ai\Lib\site-packages\rapidocr\models\PP-OCRv6_det_small.pth[0m
[32m[INFO] 2026-08-31 20:24:05,447 [RapidOCR] base.py:23: Using engine_name: torch[0m
[32m[INFO] 2026-08-31 20:24:05,447 [RapidOCR] device_config.py:64: Using GPU device with ID: 0[0m
[32m[INFO] 2026-08-31 20:24:05,449 [RapidOCR] download_file.py:60: File exists and is valid: D:\Work\research\FileX\.venv-ai\Lib\site-packages\rapidocr\models\ch_ptocr_mobile_v2.0_cls_mobile.pth[0m
[32m[INFO] 2026-08-31 20:24:05,449 [RapidOCR] main.py:50: Using D:\Work\research\FileX\.venv-ai\Lib\site-packages\rapidocr\models\ch_ptocr_mobile_v2.0_cls_mobile.pth[0m
[32m[INFO] 2026-08-31 20:24:05,664 [RapidOCR] base.py:23: Using engine_name: torch[0m
[32m[INFO] 2026-08-31 20:24:05,665 [RapidOCR] device_config.py:64: Using GPU device with ID: 0[0m
[32m[INFO] 2026-08-31 20:24:05,689 [RapidOCR] download_file.py:60: File exists and is valid: D:\Work\research\FileX\.venv-ai\Lib\site-packages\rapidocr\models\PP-OCRv6_rec_small.pth[0m
[32m[INFO] 2026-08-31 20:24:05,689 [RapidOCR] main.py:50: Using D:\Work\research\FileX\.venv-ai\Lib\site-packages\rapidocr\models\PP-OCRv6_rec_small.pth[0m
[32m[INFO] 2026-08-31 20:24:07,149 [RapidOCR] base.py:23: Using engine_name: torch[0m
[32m[INFO] 2026-08-31 20:24:07,149 [RapidOCR] device_config.py:64: Using GPU device with ID: 0[0m
[32m[INFO] 2026-08-31 20:24:07,164 [RapidOCR] download_file.py:60: File exists and is valid: D:\Work\research\FileX\.venv-ai\Lib\site-packages\rapidocr\models\PP-OCRv6_det_small.pth[0m
[32m[INFO] 2026-08-31 20:24:07,164 [RapidOCR] main.py:50: Using D:\Work\research\FileX\.venv-ai\Lib\site-packages\rapidocr\models\PP-OCRv6_det_small.pth[0m
[32m[INFO] 2026-08-31 20:24:07,503 [RapidOCR] base.py:23: Using engine_name: torch[0m
[32m[INFO] 2026-08-31 20:24:07,504 [RapidOCR] device_config.py:64: Using GPU device with ID: 0[0m
[32m[INFO] 2026-08-31 20:24:07,505 [RapidOCR] download_file.py:60: File exists and is valid: D:\Work\research\FileX\.venv-ai\Lib\site-packages\rapidocr\models\ch_ptocr_mobile_v2.0_cls_mobile.pth[0m
[32m[INFO] 2026-08-31 20:24:07,505 [RapidOCR] main.py:50: Using D:\Work\research\FileX\.venv-ai\Lib\site-packages\rapidocr\models\ch_ptocr_mobile_v2.0_cls_mobile.pth[0m
[32m[INFO] 2026-08-31 20:24:07,693 [RapidOCR] base.py:23: Using engine_name: torch[0m
[32m[INFO] 2026-08-31 20:24:07,693 [RapidOCR] device_config.py:64: Using GPU device with ID: 0[0m
[32m[INFO] 2026-08-31 20:24:07,715 [RapidOCR] download_file.py:60: File exists and is valid: D:\Work\research\FileX\.venv-ai\Lib\site-packages\rapidocr\models\PP-OCRv6_rec_small.pth[0m
[32m[INFO] 2026-08-31 20:24:07,715 [RapidOCR] main.py:50: Using D:\Work\research\FileX\.venv-ai\Lib\site-packages\rapidocr\models\PP-OCRv6_rec_small.pth[0m
[32m[INFO] 2026-08-31 20:24:09,059 [RapidOCR] base.py:23: Using engine_name: torch[0m
[32m[INFO] 2026-08-31 20:24:09,059 [RapidOCR] device_config.py:64: Using GPU device with ID: 0[0m
[32m[INFO] 2026-08-31 20:24:09,070 [RapidOCR] download_file.py:60: File exists and is valid: D:\Work\research\FileX\.venv-ai\Lib\site-packages\rapidocr\models\PP-OCRv6_det_small.pth[0m
[32m[INFO] 2026-08-31 20:24:09,070 [RapidOCR] main.py:50: Using D:\Work\research\FileX\.venv-ai\Lib\site-packages\rapidocr\models\PP-OCRv6_det_small.pth[0m
[32m[INFO] 2026-08-31 20:24:09,395 [RapidOCR] base.py:23: Using engine_name: torch[0m
[32m[INFO] 2026-08-31 20:24:09,396 [RapidOCR] device_config.py:64: Using GPU device with ID: 0[0m
[32m[INFO] 2026-08-31 20:24:09,398 [RapidOCR] download_file.py:60: File exists and is valid: D:\Work\research\FileX\.venv-ai\Lib\site-packages\rapidocr\models\ch_ptocr_mobile_v2.0_cls_mobile.pth[0m
[32m[INFO] 2026-08-31 20:24:09,398 [RapidOCR] main.py:50: Using D:\Work\research\FileX\.venv-ai\Lib\site-packages\rapidocr\models\ch_ptocr_mobile_v2.0_cls_mobile.pth[0m
[32m[INFO] 2026-08-31 20:24:09,572 [RapidOCR] base.py:23: Using engine_name: torch[0m
[32m[INFO] 2026-08-31 20:24:09,572 [RapidOCR] device_config.py:64: Using GPU device with ID: 0[0m
[32m[INFO] 2026-08-31 20:24:09,594 [RapidOCR] download_file.py:60: File exists and is valid: D:\Work\research\FileX\.venv-ai\Lib\site-packages\rapidocr\models\PP-OCRv6_rec_small.pth[0m
[32m[INFO] 2026-08-31 20:24:09,594 [RapidOCR] main.py:50: Using D:\Work\research\FileX\.venv-ai\Lib\site-packages\rapidocr\models\PP-OCRv6_rec_small.pth[0m
[32m[INFO] 2026-08-31 20:24:11,156 [RapidOCR] base.py:23: Using engine_name: torch[0m
[32m[INFO] 2026-08-31 20:24:11,157 [RapidOCR] device_config.py:64: Using GPU device with ID: 0[0m
[32m[INFO] 2026-08-31 20:24:11,170 [RapidOCR] download_file.py:60: File exists and is valid: D:\Work\research\FileX\.venv-ai\Lib\site-packages\rapidocr\models\PP-OCRv6_det_small.pth[0m
[32m[INFO] 2026-08-31 20:24:11,170 [RapidOCR] main.py:50: Using D:\Work\research\FileX\.venv-ai\Lib\site-packages\rapidocr\models\PP-OCRv6_det_small.pth[0m
[32m[INFO] 2026-08-31 20:24:11,462 [RapidOCR] base.py:23: Using engine_name: torch[0m
[32m[INFO] 2026-08-31 20:24:11,463 [RapidOCR] device_config.py:64: Using GPU device with ID: 0[0m
[32m[INFO] 2026-08-31 20:24:11,464 [RapidOCR] download_file.py:60: File exists and is valid: D:\Work\research\FileX\.venv-ai\Lib\site-packages\rapidocr\models\ch_ptocr_mobile_v2.0_cls_mobile.pth[0m
[32m[INFO] 2026-08-31 20:24:11,464 [RapidOCR] main.py:50: Using D:\Work\research\FileX\.venv-ai\Lib\site-packages\rapidocr\models\ch_ptocr_mobile_v2.0_cls_mobile.pth[0m
[32m[INFO] 2026-08-31 20:24:11,632 [RapidOCR] base.py:23: Using engine_name: torch[0m
[32m[INFO] 2026-08-31 20:24:11,633 [RapidOCR] device_config.py:64: Using GPU device with ID: 0[0m
[32m[INFO] 2026-08-31 20:24:11,657 [RapidOCR] download_file.py:60: File exists and is valid: D:\Work\research\FileX\.venv-ai\Lib\site-packages\rapidocr\models\PP-OCRv6_rec_small.pth[0m
[32m[INFO] 2026-08-31 20:24:11,657 [RapidOCR] main.py:50: Using D:\Work\research\FileX\.venv-ai\Lib\site-packages\rapidocr\models\PP-OCRv6_rec_small.pth[0m
[32m[INFO] 2026-08-31 20:24:13,008 [RapidOCR] base.py:23: Using engine_name: torch[0m
[32m[INFO] 2026-08-31 20:24:13,009 [RapidOCR] device_config.py:64: Using GPU device with ID: 0[0m
[32m[INFO] 2026-08-31 20:24:13,019 [RapidOCR] download_file.py:60: File exists and is valid: D:\Work\research\FileX\.venv-ai\Lib\site-packages\rapidocr\models\PP-OCRv6_det_small.pth[0m
[32m[INFO] 2026-08-31 20:24:13,019 [RapidOCR] main.py:50: Using D:\Work\research\FileX\.venv-ai\Lib\site-packages\rapidocr\models\PP-OCRv6_det_small.pth[0m
[32m[INFO] 2026-08-31 20:24:13,322 [RapidOCR] base.py:23: Using engine_name: torch[0m
[32m[INFO] 2026-08-31 20:24:13,323 [RapidOCR] device_config.py:64: Using GPU device with ID: 0[0m
[32m[INFO] 2026-08-31 20:24:13,324 [RapidOCR] download_file.py:60: File exists and is valid: D:\Work\research\FileX\.venv-ai\Lib\site-packages\rapidocr\models\ch_ptocr_mobile_v2.0_cls_mobile.pth[0m
[32m[INFO] 2026-08-31 20:24:13,324 [RapidOCR] main.py:50: Using D:\Work\research\FileX\.venv-ai\Lib\site-packages\rapidocr\models\ch_ptocr_mobile_v2.0_cls_mobile.pth[0m
[32m[INFO] 2026-08-31 20:24:13,487 [RapidOCR] base.py:23: Using engine_name: torch[0m
[32m[INFO] 2026-08-31 20:24:13,488 [RapidOCR] device_config.py:64: Using GPU device with ID: 0[0m
[32m[INFO] 2026-08-31 20:24:13,507 [RapidOCR] download_file.py:60: File exists and is valid: D:\Work\research\FileX\.venv-ai\Lib\site-packages\rapidocr\models\PP-OCRv6_rec_small.pth[0m
[32m[INFO] 2026-08-31 20:24:13,507 [RapidOCR] main.py:50: Using D:\Work\research\FileX\.venv-ai\Lib\site-packages\rapidocr\models\PP-OCRv6_rec_small.pth[0m
[32m[INFO] 2026-08-31 20:24:14,896 [RapidOCR] base.py:23: Using engine_name: torch[0m
[32m[INFO] 2026-08-31 20:24:14,897 [RapidOCR] device_config.py:64: Using GPU device with ID: 0[0m
[32m[INFO] 2026-08-31 20:24:14,908 [RapidOCR] download_file.py:60: File exists and is valid: D:\Work\research\FileX\.venv-ai\Lib\site-packages\rapidocr\models\PP-OCRv6_det_small.pth[0m
[32m[INFO] 2026-08-31 20:24:14,909 [RapidOCR] main.py:50: Using D:\Work\research\FileX\.venv-ai\Lib\site-packages\rapidocr\models\PP-OCRv6_det_small.pth[0m
[32m[INFO] 2026-08-31 20:24:15,218 [RapidOCR] base.py:23: Using engine_name: torch[0m
[32m[INFO] 2026-08-31 20:24:15,218 [RapidOCR] device_config.py:64: Using GPU device with ID: 0[0m
[32m[INFO] 2026-08-31 20:24:15,219 [RapidOCR] download_file.py:60: File exists and is valid: D:\Work\research\FileX\.venv-ai\Lib\site-packages\rapidocr\models\ch_ptocr_mobile_v2.0_cls_mobile.pth[0m
[32m[INFO] 2026-08-31 20:24:15,219 [RapidOCR] main.py:50: Using D:\Work\research\FileX\.venv-ai\Lib\site-packages\rapidocr\models\ch_ptocr_mobile_v2.0_cls_mobile.pth[0m
[32m[INFO] 2026-08-31 20:24:15,384 [RapidOCR] base.py:23: Using engine_name: torch[0m
[32m[INFO] 2026-08-31 20:24:15,385 [RapidOCR] device_config.py:64: Using GPU device with ID: 0[0m
[32m[INFO] 2026-08-31 20:24:15,406 [RapidOCR] download_file.py:60: File exists and is valid: D:\Work\research\FileX\.venv-ai\Lib\site-packages\rapidocr\models\PP-OCRv6_rec_small.pth[0m
[32m[INFO] 2026-08-31 20:24:15,406 [RapidOCR] main.py:50: Using D:\Work\research\FileX\.venv-ai\Lib\site-packages\rapidocr\models\PP-OCRv6_rec_small.pth[0m
{"config": "docling-def", "doc": "escaneado_d5c", "ppp_nativo": 80, "ppp": 105, "factor": 1.312, "png": "ppp105__escaneado_d5c.png", "png_identify": "679x929 41.329999999999998295,41.340000000000003411 PixelsPerCentimeter", "preflight": {"vram_libre_mib": 8732, "mpx_actual": 0.631, "mpx_pendiente_ordenada": 0}, "entrada": "PDF via Docling; scale explicita", "dispositivo": "GPU CUDA", "rc": [1, 1, 1, 1, 1, 1, 1, 1, 1], "error": ["FileNotFoundError: [WinError 3] El sistema no puede encontrar la ruta especificada: '\\\\\\\\?\\\\\\\\wsl.localhost\\\\Ubuntu\\\\'", "FileNotFoundError: [WinError 3] El sistema no puede encontrar la ruta especificada: '\\\\\\\\?\\\\\\\\wsl.localhost\\\\Ubuntu\\\\'", "FileNotFoundError: [WinError 3] El sistema no puede encontrar la ruta especificada: '\\\\\\\\?\\\\\\\\wsl.localhost\\\\Ubuntu\\\\'", "FileNotFoundError: [WinError 3] El sistema no puede encontrar la ruta especificada: '\\\\\\\\?\\\\\\\\wsl.localhost\\\\Ubuntu\\\\'", "FileNotFoundError: [WinError 3] El sistema no puede encontrar la ruta especificada: '\\\\\\\\?\\\\\\\\wsl.localhost\\\\Ubuntu\\\\'", "FileNotFoundError: [WinError 3] El sistema no puede encontrar la ruta especificada: '\\\\\\\\?\\\\\\\\wsl.localhost\\\\Ubuntu\\\\'", "FileNotFoundError: [WinError 3] El sistema no puede encontrar la ruta especificada: '\\\\\\\\?\\\\\\\\wsl.localhost\\\\Ubuntu\\\\'", "FileNotFoundError: [WinError 3] El sistema no puede encontrar la ruta especificada: '\\\\\\\\?\\\\\\\\wsl.localhost\\\\Ubuntu\\\\'", "FileNotFoundError: [WinError 3] El sistema no puede encontrar la ruta especificada: '\\\\\\\\?\\\\\\\\wsl.localhost\\\\Ubuntu\\\\'"], "n": 9, "ms_mediana": 1954.6, "determinista": true, "metrica": "acentos", "cer_pct": 100.0, "cer_acentos_pct": 100.0, "cer_ciego_pct": 100.0, "dist_acentos": 596, "texto": "docling-def__ppp105__escaneado_d5c.txt"}
[32m[INFO] 2026-08-31 20:24:17,046 [RapidOCR] base.py:23: Using engine_name: torch[0m
[32m[INFO] 2026-08-31 20:24:17,046 [RapidOCR] device_config.py:64: Using GPU device with ID: 0[0m
[32m[INFO] 2026-08-31 20:24:17,057 [RapidOCR] download_file.py:60: File exists and is valid: D:\Work\research\FileX\.venv-ai\Lib\site-packages\rapidocr\models\PP-OCRv6_det_small.pth[0m
[32m[INFO] 2026-08-31 20:24:17,057 [RapidOCR] main.py:50: Using D:\Work\research\FileX\.venv-ai\Lib\site-packages\rapidocr\models\PP-OCRv6_det_small.pth[0m
[32m[INFO] 2026-08-31 20:24:17,388 [RapidOCR] base.py:23: Using engine_name: torch[0m
[32m[INFO] 2026-08-31 20:24:17,388 [RapidOCR] device_config.py:64: Using GPU device with ID: 0[0m
[32m[INFO] 2026-08-31 20:24:17,390 [RapidOCR] download_file.py:60: File exists and is valid: D:\Work\research\FileX\.venv-ai\Lib\site-packages\rapidocr\models\ch_ptocr_mobile_v2.0_cls_mobile.pth[0m
[32m[INFO] 2026-08-31 20:24:17,390 [RapidOCR] main.py:50: Using D:\Work\research\FileX\.venv-ai\Lib\site-packages\rapidocr\models\ch_ptocr_mobile_v2.0_cls_mobile.pth[0m
[32m[INFO] 2026-08-31 20:24:17,553 [RapidOCR] base.py:23: Using engine_name: torch[0m
[32m[INFO] 2026-08-31 20:24:17,553 [RapidOCR] device_config.py:64: Using GPU device with ID: 0[0m
[32m[INFO] 2026-08-31 20:24:17,574 [RapidOCR] download_file.py:60: File exists and is valid: D:\Work\research\FileX\.venv-ai\Lib\site-packages\rapidocr\models\PP-OCRv6_rec_small.pth[0m
[32m[INFO] 2026-08-31 20:24:17,575 [RapidOCR] main.py:50: Using D:\Work\research\FileX\.venv-ai\Lib\site-packages\rapidocr\models\PP-OCRv6_rec_small.pth[0m
[32m[INFO] 2026-08-31 20:24:18,934 [RapidOCR] base.py:23: Using engine_name: torch[0m
[32m[INFO] 2026-08-31 20:24:18,935 [RapidOCR] device_config.py:64: Using GPU device with ID: 0[0m
[32m[INFO] 2026-08-31 20:24:18,947 [RapidOCR] download_file.py:60: File exists and is valid: D:\Work\research\FileX\.venv-ai\Lib\site-packages\rapidocr\models\PP-OCRv6_det_small.pth[0m
[32m[INFO] 2026-08-31 20:24:18,947 [RapidOCR] main.py:50: Using D:\Work\research\FileX\.venv-ai\Lib\site-packages\rapidocr\models\PP-OCRv6_det_small.pth[0m
[32m[INFO] 2026-08-31 20:24:19,270 [RapidOCR] base.py:23: Using engine_name: torch[0m
[32m[INFO] 2026-08-31 20:24:19,271 [RapidOCR] device_config.py:64: Using GPU device with ID: 0[0m
[32m[INFO] 2026-08-31 20:24:19,272 [RapidOCR] download_file.py:60: File exists and is valid: D:\Work\research\FileX\.venv-ai\Lib\site-packages\rapidocr\models\ch_ptocr_mobile_v2.0_cls_mobile.pth[0m
[32m[INFO] 2026-08-31 20:24:19,272 [RapidOCR] main.py:50: Using D:\Work\research\FileX\.venv-ai\Lib\site-packages\rapidocr\models\ch_ptocr_mobile_v2.0_cls_mobile.pth[0m
[32m[INFO] 2026-08-31 20:24:19,443 [RapidOCR] base.py:23: Using engine_name: torch[0m
[32m[INFO] 2026-08-31 20:24:19,444 [RapidOCR] device_config.py:64: Using GPU device with ID: 0[0m
[32m[INFO] 2026-08-31 20:24:19,467 [RapidOCR] download_file.py:60: File exists and is valid: D:\Work\research\FileX\.venv-ai\Lib\site-packages\rapidocr\models\PP-OCRv6_rec_small.pth[0m
[32m[INFO] 2026-08-31 20:24:19,468 [RapidOCR] main.py:50: Using D:\Work\research\FileX\.venv-ai\Lib\site-packages\rapidocr\models\PP-OCRv6_rec_small.pth[0m
[32m[INFO] 2026-08-31 20:24:20,915 [RapidOCR] base.py:23: Using engine_name: torch[0m
[32m[INFO] 2026-08-31 20:24:20,916 [RapidOCR] device_config.py:64: Using GPU device with ID: 0[0m
[32m[INFO] 2026-08-31 20:24:20,928 [RapidOCR] download_file.py:60: File exists and is valid: D:\Work\research\FileX\.venv-ai\Lib\site-packages\rapidocr\models\PP-OCRv6_det_small.pth[0m
[32m[INFO] 2026-08-31 20:24:20,928 [RapidOCR] main.py:50: Using D:\Work\research\FileX\.venv-ai\Lib\site-packages\rapidocr\models\PP-OCRv6_det_small.pth[0m
[32m[INFO] 2026-08-31 20:24:21,243 [RapidOCR] base.py:23: Using engine_name: torch[0m
[32m[INFO] 2026-08-31 20:24:21,244 [RapidOCR] device_config.py:64: Using GPU device with ID: 0[0m
[32m[INFO] 2026-08-31 20:24:21,245 [RapidOCR] download_file.py:60: File exists and is valid: D:\Work\research\FileX\.venv-ai\Lib\site-packages\rapidocr\models\ch_ptocr_mobile_v2.0_cls_mobile.pth[0m
[32m[INFO] 2026-08-31 20:24:21,245 [RapidOCR] main.py:50: Using D:\Work\research\FileX\.venv-ai\Lib\site-packages\rapidocr\models\ch_ptocr_mobile_v2.0_cls_mobile.pth[0m
[32m[INFO] 2026-08-31 20:24:21,409 [RapidOCR] base.py:23: Using engine_name: torch[0m
[32m[INFO] 2026-08-31 20:24:21,409 [RapidOCR] device_config.py:64: Using GPU device with ID: 0[0m
[32m[INFO] 2026-08-31 20:24:21,430 [RapidOCR] download_file.py:60: File exists and is valid: D:\Work\research\FileX\.venv-ai\Lib\site-packages\rapidocr\models\PP-OCRv6_rec_small.pth[0m
[32m[INFO] 2026-08-31 20:24:21,431 [RapidOCR] main.py:50: Using D:\Work\research\FileX\.venv-ai\Lib\site-packages\rapidocr\models\PP-OCRv6_rec_small.pth[0m
[32m[INFO] 2026-08-31 20:24:22,987 [RapidOCR] base.py:23: Using engine_name: torch[0m
[32m[INFO] 2026-08-31 20:24:22,988 [RapidOCR] device_config.py:64: Using GPU device with ID: 0[0m
[32m[INFO] 2026-08-31 20:24:22,999 [RapidOCR] download_file.py:60: File exists and is valid: D:\Work\research\FileX\.venv-ai\Lib\site-packages\rapidocr\models\PP-OCRv6_det_small.pth[0m
[32m[INFO] 2026-08-31 20:24:22,999 [RapidOCR] main.py:50: Using D:\Work\research\FileX\.venv-ai\Lib\site-packages\rapidocr\models\PP-OCRv6_det_small.pth[0m
[32m[INFO] 2026-08-31 20:24:23,338 [RapidOCR] base.py:23: Using engine_name: torch[0m
[32m[INFO] 2026-08-31 20:24:23,338 [RapidOCR] device_config.py:64: Using GPU device with ID: 0[0m
[32m[INFO] 2026-08-31 20:24:23,340 [RapidOCR] download_file.py:60: File exists and is valid: D:\Work\research\FileX\.venv-ai\Lib\site-packages\rapidocr\models\ch_ptocr_mobile_v2.0_cls_mobile.pth[0m
[32m[INFO] 2026-08-31 20:24:23,340 [RapidOCR] main.py:50: Using D:\Work\research\FileX\.venv-ai\Lib\site-packages\rapidocr\models\ch_ptocr_mobile_v2.0_cls_mobile.pth[0m
[32m[INFO] 2026-08-31 20:24:23,523 [RapidOCR] base.py:23: Using engine_name: torch[0m
[32m[INFO] 2026-08-31 20:24:23,524 [RapidOCR] device_config.py:64: Using GPU device with ID: 0[0m
[32m[INFO] 2026-08-31 20:24:23,545 [RapidOCR] download_file.py:60: File exists and is valid: D:\Work\research\FileX\.venv-ai\Lib\site-packages\rapidocr\models\PP-OCRv6_rec_small.pth[0m
[32m[INFO] 2026-08-31 20:24:23,545 [RapidOCR] main.py:50: Using D:\Work\research\FileX\.venv-ai\Lib\site-packages\rapidocr\models\PP-OCRv6_rec_small.pth[0m
[32m[INFO] 2026-08-31 20:24:24,909 [RapidOCR] base.py:23: Using engine_name: torch[0m
[32m[INFO] 2026-08-31 20:24:24,909 [RapidOCR] device_config.py:64: Using GPU device with ID: 0[0m
[32m[INFO] 2026-08-31 20:24:24,920 [RapidOCR] download_file.py:60: File exists and is valid: D:\Work\research\FileX\.venv-ai\Lib\site-packages\rapidocr\models\PP-OCRv6_det_small.pth[0m
[32m[INFO] 2026-08-31 20:24:24,921 [RapidOCR] main.py:50: Using D:\Work\research\FileX\.venv-ai\Lib\site-packages\rapidocr\models\PP-OCRv6_det_small.pth[0m
[32m[INFO] 2026-08-31 20:24:25,244 [RapidOCR] base.py:23: Using engine_name: torch[0m
[32m[INFO] 2026-08-31 20:24:25,245 [RapidOCR] device_config.py:64: Using GPU device with ID: 0[0m
[32m[INFO] 2026-08-31 20:24:25,246 [RapidOCR] download_file.py:60: File exists and is valid: D:\Work\research\FileX\.venv-ai\Lib\site-packages\rapidocr\models\ch_ptocr_mobile_v2.0_cls_mobile.pth[0m
[32m[INFO] 2026-08-31 20:24:25,246 [RapidOCR] main.py:50: Using D:\Work\research\FileX\.venv-ai\Lib\site-packages\rapidocr\models\ch_ptocr_mobile_v2.0_cls_mobile.pth[0m
[32m[INFO] 2026-08-31 20:24:25,437 [RapidOCR] base.py:23: Using engine_name: torch[0m
[32m[INFO] 2026-08-31 20:24:25,437 [RapidOCR] device_config.py:64: Using GPU device with ID: 0[0m
[32m[INFO] 2026-08-31 20:24:25,459 [RapidOCR] download_file.py:60: File exists and is valid: D:\Work\research\FileX\.venv-ai\Lib\site-packages\rapidocr\models\PP-OCRv6_rec_small.pth[0m
[32m[INFO] 2026-08-31 20:24:25,459 [RapidOCR] main.py:50: Using D:\Work\research\FileX\.venv-ai\Lib\site-packages\rapidocr\models\PP-OCRv6_rec_small.pth[0m
[32m[INFO] 2026-08-31 20:24:26,884 [RapidOCR] base.py:23: Using engine_name: torch[0m
[32m[INFO] 2026-08-31 20:24:26,885 [RapidOCR] device_config.py:64: Using GPU device with ID: 0[0m
[32m[INFO] 2026-08-31 20:24:26,896 [RapidOCR] download_file.py:60: File exists and is valid: D:\Work\research\FileX\.venv-ai\Lib\site-packages\rapidocr\models\PP-OCRv6_det_small.pth[0m
[32m[INFO] 2026-08-31 20:24:26,896 [RapidOCR] main.py:50: Using D:\Work\research\FileX\.venv-ai\Lib\site-packages\rapidocr\models\PP-OCRv6_det_small.pth[0m
[32m[INFO] 2026-08-31 20:24:27,214 [RapidOCR] base.py:23: Using engine_name: torch[0m
[32m[INFO] 2026-08-31 20:24:27,214 [RapidOCR] device_config.py:64: Using GPU device with ID: 0[0m
[32m[INFO] 2026-08-31 20:24:27,216 [RapidOCR] download_file.py:60: File exists and is valid: D:\Work\research\FileX\.venv-ai\Lib\site-packages\rapidocr\models\ch_ptocr_mobile_v2.0_cls_mobile.pth[0m
[32m[INFO] 2026-08-31 20:24:27,216 [RapidOCR] main.py:50: Using D:\Work\research\FileX\.venv-ai\Lib\site-packages\rapidocr\models\ch_ptocr_mobile_v2.0_cls_mobile.pth[0m
[32m[INFO] 2026-08-31 20:24:27,397 [RapidOCR] base.py:23: Using engine_name: torch[0m
[32m[INFO] 2026-08-31 20:24:27,398 [RapidOCR] device_config.py:64: Using GPU device with ID: 0[0m
[32m[INFO] 2026-08-31 20:24:27,420 [RapidOCR] download_file.py:60: File exists and is valid: D:\Work\research\FileX\.venv-ai\Lib\site-packages\rapidocr\models\PP-OCRv6_rec_small.pth[0m
[32m[INFO] 2026-08-31 20:24:27,421 [RapidOCR] main.py:50: Using D:\Work\research\FileX\.venv-ai\Lib\site-packages\rapidocr\models\PP-OCRv6_rec_small.pth[0m
[32m[INFO] 2026-08-31 20:24:28,708 [RapidOCR] base.py:23: Using engine_name: torch[0m
[32m[INFO] 2026-08-31 20:24:28,709 [RapidOCR] device_config.py:64: Using GPU device with ID: 0[0m
[32m[INFO] 2026-08-31 20:24:28,719 [RapidOCR] download_file.py:60: File exists and is valid: D:\Work\research\FileX\.venv-ai\Lib\site-packages\rapidocr\models\PP-OCRv6_det_small.pth[0m
[32m[INFO] 2026-08-31 20:24:28,720 [RapidOCR] main.py:50: Using D:\Work\research\FileX\.venv-ai\Lib\site-packages\rapidocr\models\PP-OCRv6_det_small.pth[0m
[32m[INFO] 2026-08-31 20:24:29,278 [RapidOCR] base.py:23: Using engine_name: torch[0m
[32m[INFO] 2026-08-31 20:24:29,279 [RapidOCR] device_config.py:64: Using GPU device with ID: 0[0m
[32m[INFO] 2026-08-31 20:24:29,280 [RapidOCR] download_file.py:60: File exists and is valid: D:\Work\research\FileX\.venv-ai\Lib\site-packages\rapidocr\models\ch_ptocr_mobile_v2.0_cls_mobile.pth[0m
[32m[INFO] 2026-08-31 20:24:29,281 [RapidOCR] main.py:50: Using D:\Work\research\FileX\.venv-ai\Lib\site-packages\rapidocr\models\ch_ptocr_mobile_v2.0_cls_mobile.pth[0m
[32m[INFO] 2026-08-31 20:24:29,468 [RapidOCR] base.py:23: Using engine_name: torch[0m
[32m[INFO] 2026-08-31 20:24:29,469 [RapidOCR] device_config.py:64: Using GPU device with ID: 0[0m
[32m[INFO] 2026-08-31 20:24:29,491 [RapidOCR] download_file.py:60: File exists and is valid: D:\Work\research\FileX\.venv-ai\Lib\site-packages\rapidocr\models\PP-OCRv6_rec_small.pth[0m
[32m[INFO] 2026-08-31 20:24:29,491 [RapidOCR] main.py:50: Using D:\Work\research\FileX\.venv-ai\Lib\site-packages\rapidocr\models\PP-OCRv6_rec_small.pth[0m
[32m[INFO] 2026-08-31 20:24:30,873 [RapidOCR] base.py:23: Using engine_name: torch[0m
[32m[INFO] 2026-08-31 20:24:30,874 [RapidOCR] device_config.py:64: Using GPU device with ID: 0[0m
[32m[INFO] 2026-08-31 20:24:30,885 [RapidOCR] download_file.py:60: File exists and is valid: D:\Work\research\FileX\.venv-ai\Lib\site-packages\rapidocr\models\PP-OCRv6_det_small.pth[0m
[32m[INFO] 2026-08-31 20:24:30,886 [RapidOCR] main.py:50: Using D:\Work\research\FileX\.venv-ai\Lib\site-packages\rapidocr\models\PP-OCRv6_det_small.pth[0m
[32m[INFO] 2026-08-31 20:24:31,205 [RapidOCR] base.py:23: Using engine_name: torch[0m
[32m[INFO] 2026-08-31 20:24:31,206 [RapidOCR] device_config.py:64: Using GPU device with ID: 0[0m
[32m[INFO] 2026-08-31 20:24:31,207 [RapidOCR] download_file.py:60: File exists and is valid: D:\Work\research\FileX\.venv-ai\Lib\site-packages\rapidocr\models\ch_ptocr_mobile_v2.0_cls_mobile.pth[0m
[32m[INFO] 2026-08-31 20:24:31,207 [RapidOCR] main.py:50: Using D:\Work\research\FileX\.venv-ai\Lib\site-packages\rapidocr\models\ch_ptocr_mobile_v2.0_cls_mobile.pth[0m
[32m[INFO] 2026-08-31 20:24:31,370 [RapidOCR] base.py:23: Using engine_name: torch[0m
[32m[INFO] 2026-08-31 20:24:31,371 [RapidOCR] device_config.py:64: Using GPU device with ID: 0[0m
[32m[INFO] 2026-08-31 20:24:31,393 [RapidOCR] download_file.py:60: File exists and is valid: D:\Work\research\FileX\.venv-ai\Lib\site-packages\rapidocr\models\PP-OCRv6_rec_small.pth[0m
[32m[INFO] 2026-08-31 20:24:31,393 [RapidOCR] main.py:50: Using D:\Work\research\FileX\.venv-ai\Lib\site-packages\rapidocr\models\PP-OCRv6_rec_small.pth[0m
[32m[INFO] 2026-08-31 20:24:32,866 [RapidOCR] base.py:23: Using engine_name: torch[0m
[32m[INFO] 2026-08-31 20:24:32,866 [RapidOCR] device_config.py:64: Using GPU device with ID: 0[0m
[32m[INFO] 2026-08-31 20:24:32,878 [RapidOCR] download_file.py:60: File exists and is valid: D:\Work\research\FileX\.venv-ai\Lib\site-packages\rapidocr\models\PP-OCRv6_det_small.pth[0m
[32m[INFO] 2026-08-31 20:24:32,879 [RapidOCR] main.py:50: Using D:\Work\research\FileX\.venv-ai\Lib\site-packages\rapidocr\models\PP-OCRv6_det_small.pth[0m
[32m[INFO] 2026-08-31 20:24:33,211 [RapidOCR] base.py:23: Using engine_name: torch[0m
[32m[INFO] 2026-08-31 20:24:33,211 [RapidOCR] device_config.py:64: Using GPU device with ID: 0[0m
[32m[INFO] 2026-08-31 20:24:33,212 [RapidOCR] download_file.py:60: File exists and is valid: D:\Work\research\FileX\.venv-ai\Lib\site-packages\rapidocr\models\ch_ptocr_mobile_v2.0_cls_mobile.pth[0m
[32m[INFO] 2026-08-31 20:24:33,213 [RapidOCR] main.py:50: Using D:\Work\research\FileX\.venv-ai\Lib\site-packages\rapidocr\models\ch_ptocr_mobile_v2.0_cls_mobile.pth[0m
[32m[INFO] 2026-08-31 20:24:33,395 [RapidOCR] base.py:23: Using engine_name: torch[0m
[32m[INFO] 2026-08-31 20:24:33,396 [RapidOCR] device_config.py:64: Using GPU device with ID: 0[0m
[32m[INFO] 2026-08-31 20:24:33,421 [RapidOCR] download_file.py:60: File exists and is valid: D:\Work\research\FileX\.venv-ai\Lib\site-packages\rapidocr\models\PP-OCRv6_rec_small.pth[0m
[32m[INFO] 2026-08-31 20:24:33,421 [RapidOCR] main.py:50: Using D:\Work\research\FileX\.venv-ai\Lib\site-packages\rapidocr\models\PP-OCRv6_rec_small.pth[0m
[32m[INFO] 2026-08-31 20:24:35,041 [RapidOCR] base.py:23: Using engine_name: torch[0m
[32m[INFO] 2026-08-31 20:24:35,041 [RapidOCR] device_config.py:64: Using GPU device with ID: 0[0m
[32m[INFO] 2026-08-31 20:24:35,053 [RapidOCR] download_file.py:60: File exists and is valid: D:\Work\research\FileX\.venv-ai\Lib\site-packages\rapidocr\models\PP-OCRv6_det_small.pth[0m
[32m[INFO] 2026-08-31 20:24:35,053 [RapidOCR] main.py:50: Using D:\Work\research\FileX\.venv-ai\Lib\site-packages\rapidocr\models\PP-OCRv6_det_small.pth[0m
[32m[INFO] 2026-08-31 20:24:35,618 [RapidOCR] base.py:23: Using engine_name: torch[0m
[32m[INFO] 2026-08-31 20:24:35,618 [RapidOCR] device_config.py:64: Using GPU device with ID: 0[0m
[32m[INFO] 2026-08-31 20:24:35,620 [RapidOCR] download_file.py:60: File exists and is valid: D:\Work\research\FileX\.venv-ai\Lib\site-packages\rapidocr\models\ch_ptocr_mobile_v2.0_cls_mobile.pth[0m
[32m[INFO] 2026-08-31 20:24:35,620 [RapidOCR] main.py:50: Using D:\Work\research\FileX\.venv-ai\Lib\site-packages\rapidocr\models\ch_ptocr_mobile_v2.0_cls_mobile.pth[0m
[32m[INFO] 2026-08-31 20:24:35,799 [RapidOCR] base.py:23: Using engine_name: torch[0m
[32m[INFO] 2026-08-31 20:24:35,800 [RapidOCR] device_config.py:64: Using GPU device with ID: 0[0m
[32m[INFO] 2026-08-31 20:24:35,835 [RapidOCR] download_file.py:60: File exists and is valid: D:\Work\research\FileX\.venv-ai\Lib\site-packages\rapidocr\models\PP-OCRv6_rec_small.pth[0m
[32m[INFO] 2026-08-31 20:24:35,835 [RapidOCR] main.py:50: Using D:\Work\research\FileX\.venv-ai\Lib\site-packages\rapidocr\models\PP-OCRv6_rec_small.pth[0m
{"config": "docling-def", "doc": "escaneado_d5c", "ppp_nativo": 80, "ppp": 110, "factor": 1.375, "png": "ppp110__escaneado_d5c.png", "png_identify": "711x974 43.299999999999997158,43.299999999999997158 PixelsPerCentimeter", "preflight": {"vram_libre_mib": 8776, "mpx_actual": 0.693, "mpx_pendiente_ordenada": 0}, "entrada": "PDF via Docling; scale explicita", "dispositivo": "GPU CUDA", "rc": [1, 1, 1, 1, 1, 1, 1, 1, 1], "error": ["FileNotFoundError: [WinError 3] El sistema no puede encontrar la ruta especificada: '\\\\\\\\?\\\\\\\\wsl.localhost\\\\Ubuntu\\\\'", "FileNotFoundError: [WinError 3] El sistema no puede encontrar la ruta especificada: '\\\\\\\\?\\\\\\\\wsl.localhost\\\\Ubuntu\\\\'", "FileNotFoundError: [WinError 3] El sistema no puede encontrar la ruta especificada: '\\\\\\\\?\\\\\\\\wsl.localhost\\\\Ubuntu\\\\'", "FileNotFoundError: [WinError 3] El sistema no puede encontrar la ruta especificada: '\\\\\\\\?\\\\\\\\wsl.localhost\\\\Ubuntu\\\\'", "FileNotFoundError: [WinError 3] El sistema no puede encontrar la ruta especificada: '\\\\\\\\?\\\\\\\\wsl.localhost\\\\Ubuntu\\\\'", "FileNotFoundError: [WinError 3] El sistema no puede encontrar la ruta especificada: '\\\\\\\\?\\\\\\\\wsl.localhost\\\\Ubuntu\\\\'", "FileNotFoundError: [WinError 3] El sistema no puede encontrar la ruta especificada: '\\\\\\\\?\\\\\\\\wsl.localhost\\\\Ubuntu\\\\'", "FileNotFoundError: [WinError 3] El sistema no puede encontrar la ruta especificada: '\\\\\\\\?\\\\\\\\wsl.localhost\\\\Ubuntu\\\\'", "FileNotFoundError: [WinError 3] El sistema no puede encontrar la ruta especificada: '\\\\\\\\?\\\\\\\\wsl.localhost\\\\Ubuntu\\\\'"], "n": 9, "ms_mediana": 1995.4, "determinista": true, "metrica": "acentos", "cer_pct": 100.0, "cer_acentos_pct": 100.0, "cer_ciego_pct": 100.0, "dist_acentos": 596, "texto": "docling-def__ppp110__escaneado_d5c.txt"}
[32m[INFO] 2026-08-31 20:24:37,311 [RapidOCR] base.py:23: Using engine_name: torch[0m
[32m[INFO] 2026-08-31 20:24:37,312 [RapidOCR] device_config.py:64: Using GPU device with ID: 0[0m
[32m[INFO] 2026-08-31 20:24:37,323 [RapidOCR] download_file.py:60: File exists and is valid: D:\Work\research\FileX\.venv-ai\Lib\site-packages\rapidocr\models\PP-OCRv6_det_small.pth[0m
[32m[INFO] 2026-08-31 20:24:37,324 [RapidOCR] main.py:50: Using D:\Work\research\FileX\.venv-ai\Lib\site-packages\rapidocr\models\PP-OCRv6_det_small.pth[0m
[32m[INFO] 2026-08-31 20:24:37,634 [RapidOCR] base.py:23: Using engine_name: torch[0m
[32m[INFO] 2026-08-31 20:24:37,635 [RapidOCR] device_config.py:64: Using GPU device with ID: 0[0m
[32m[INFO] 2026-08-31 20:24:37,638 [RapidOCR] download_file.py:60: File exists and is valid: D:\Work\research\FileX\.venv-ai\Lib\site-packages\rapidocr\models\ch_ptocr_mobile_v2.0_cls_mobile.pth[0m
[32m[INFO] 2026-08-31 20:24:37,638 [RapidOCR] main.py:50: Using D:\Work\research\FileX\.venv-ai\Lib\site-packages\rapidocr\models\ch_ptocr_mobile_v2.0_cls_mobile.pth[0m
[32m[INFO] 2026-08-31 20:24:37,833 [RapidOCR] base.py:23: Using engine_name: torch[0m
[32m[INFO] 2026-08-31 20:24:37,834 [RapidOCR] device_config.py:64: Using GPU device with ID: 0[0m
[32m[INFO] 2026-08-31 20:24:37,864 [RapidOCR] download_file.py:60: File exists and is valid: D:\Work\research\FileX\.venv-ai\Lib\site-packages\rapidocr\models\PP-OCRv6_rec_small.pth[0m
[32m[INFO] 2026-08-31 20:24:37,864 [RapidOCR] main.py:50: Using D:\Work\research\FileX\.venv-ai\Lib\site-packages\rapidocr\models\PP-OCRv6_rec_small.pth[0m
[32m[INFO] 2026-08-31 20:24:39,352 [RapidOCR] base.py:23: Using engine_name: torch[0m
[32m[INFO] 2026-08-31 20:24:39,352 [RapidOCR] device_config.py:64: Using GPU device with ID: 0[0m
[32m[INFO] 2026-08-31 20:24:39,364 [RapidOCR] download_file.py:60: File exists and is valid: D:\Work\research\FileX\.venv-ai\Lib\site-packages\rapidocr\models\PP-OCRv6_det_small.pth[0m
[32m[INFO] 2026-08-31 20:24:39,364 [RapidOCR] main.py:50: Using D:\Work\research\FileX\.venv-ai\Lib\site-packages\rapidocr\models\PP-OCRv6_det_small.pth[0m
[32m[INFO] 2026-08-31 20:24:39,686 [RapidOCR] base.py:23: Using engine_name: torch[0m
[32m[INFO] 2026-08-31 20:24:39,687 [RapidOCR] device_config.py:64: Using GPU device with ID: 0[0m
[32m[INFO] 2026-08-31 20:24:39,688 [RapidOCR] download_file.py:60: File exists and is valid: D:\Work\research\FileX\.venv-ai\Lib\site-packages\rapidocr\models\ch_ptocr_mobile_v2.0_cls_mobile.pth[0m
[32m[INFO] 2026-08-31 20:24:39,689 [RapidOCR] main.py:50: Using D:\Work\research\FileX\.venv-ai\Lib\site-packages\rapidocr\models\ch_ptocr_mobile_v2.0_cls_mobile.pth[0m
[32m[INFO] 2026-08-31 20:24:39,857 [RapidOCR] base.py:23: Using engine_name: torch[0m
[32m[INFO] 2026-08-31 20:24:39,858 [RapidOCR] device_config.py:64: Using GPU device with ID: 0[0m
[32m[INFO] 2026-08-31 20:24:39,880 [RapidOCR] download_file.py:60: File exists and is valid: D:\Work\research\FileX\.venv-ai\Lib\site-packages\rapidocr\models\PP-OCRv6_rec_small.pth[0m
[32m[INFO] 2026-08-31 20:24:39,880 [RapidOCR] main.py:50: Using D:\Work\research\FileX\.venv-ai\Lib\site-packages\rapidocr\models\PP-OCRv6_rec_small.pth[0m
[32m[INFO] 2026-08-31 20:24:41,367 [RapidOCR] base.py:23: Using engine_name: torch[0m
[32m[INFO] 2026-08-31 20:24:41,368 [RapidOCR] device_config.py:64: Using GPU device with ID: 0[0m
[32m[INFO] 2026-08-31 20:24:41,383 [RapidOCR] download_file.py:60: File exists and is valid: D:\Work\research\FileX\.venv-ai\Lib\site-packages\rapidocr\models\PP-OCRv6_det_small.pth[0m
[32m[INFO] 2026-08-31 20:24:41,384 [RapidOCR] main.py:50: Using D:\Work\research\FileX\.venv-ai\Lib\site-packages\rapidocr\models\PP-OCRv6_det_small.pth[0m
[32m[INFO] 2026-08-31 20:24:41,747 [RapidOCR] base.py:23: Using engine_name: torch[0m
[32m[INFO] 2026-08-31 20:24:41,747 [RapidOCR] device_config.py:64: Using GPU device with ID: 0[0m
[32m[INFO] 2026-08-31 20:24:41,749 [RapidOCR] download_file.py:60: File exists and is valid: D:\Work\research\FileX\.venv-ai\Lib\site-packages\rapidocr\models\ch_ptocr_mobile_v2.0_cls_mobile.pth[0m
[32m[INFO] 2026-08-31 20:24:41,749 [RapidOCR] main.py:50: Using D:\Work\research\FileX\.venv-ai\Lib\site-packages\rapidocr\models\ch_ptocr_mobile_v2.0_cls_mobile.pth[0m
[32m[INFO] 2026-08-31 20:24:42,305 [RapidOCR] base.py:23: Using engine_name: torch[0m
[32m[INFO] 2026-08-31 20:24:42,306 [RapidOCR] device_config.py:64: Using GPU device with ID: 0[0m
[32m[INFO] 2026-08-31 20:24:42,328 [RapidOCR] download_file.py:60: File exists and is valid: D:\Work\research\FileX\.venv-ai\Lib\site-packages\rapidocr\models\PP-OCRv6_rec_small.pth[0m
[32m[INFO] 2026-08-31 20:24:42,328 [RapidOCR] main.py:50: Using D:\Work\research\FileX\.venv-ai\Lib\site-packages\rapidocr\models\PP-OCRv6_rec_small.pth[0m
[32m[INFO] 2026-08-31 20:24:43,765 [RapidOCR] base.py:23: Using engine_name: torch[0m
[32m[INFO] 2026-08-31 20:24:43,766 [RapidOCR] device_config.py:64: Using GPU device with ID: 0[0m
[32m[INFO] 2026-08-31 20:24:43,777 [RapidOCR] download_file.py:60: File exists and is valid: D:\Work\research\FileX\.venv-ai\Lib\site-packages\rapidocr\models\PP-OCRv6_det_small.pth[0m
[32m[INFO] 2026-08-31 20:24:43,777 [RapidOCR] main.py:50: Using D:\Work\research\FileX\.venv-ai\Lib\site-packages\rapidocr\models\PP-OCRv6_det_small.pth[0m
[32m[INFO] 2026-08-31 20:24:44,198 [RapidOCR] base.py:23: Using engine_name: torch[0m
[32m[INFO] 2026-08-31 20:24:44,198 [RapidOCR] device_config.py:64: Using GPU device with ID: 0[0m
[32m[INFO] 2026-08-31 20:24:44,200 [RapidOCR] download_file.py:60: File exists and is valid: D:\Work\research\FileX\.venv-ai\Lib\site-packages\rapidocr\models\ch_ptocr_mobile_v2.0_cls_mobile.pth[0m
[32m[INFO] 2026-08-31 20:24:44,200 [RapidOCR] main.py:50: Using D:\Work\research\FileX\.venv-ai\Lib\site-packages\rapidocr\models\ch_ptocr_mobile_v2.0_cls_mobile.pth[0m
[32m[INFO] 2026-08-31 20:24:44,411 [RapidOCR] base.py:23: Using engine_name: torch[0m
[32m[INFO] 2026-08-31 20:24:44,412 [RapidOCR] device_config.py:64: Using GPU device with ID: 0[0m
[32m[INFO] 2026-08-31 20:24:44,445 [RapidOCR] download_file.py:60: File exists and is valid: D:\Work\research\FileX\.venv-ai\Lib\site-packages\rapidocr\models\PP-OCRv6_rec_small.pth[0m
[32m[INFO] 2026-08-31 20:24:44,445 [RapidOCR] main.py:50: Using D:\Work\research\FileX\.venv-ai\Lib\site-packages\rapidocr\models\PP-OCRv6_rec_small.pth[0m
[32m[INFO] 2026-08-31 20:24:45,912 [RapidOCR] base.py:23: Using engine_name: torch[0m
[32m[INFO] 2026-08-31 20:24:45,913 [RapidOCR] device_config.py:64: Using GPU device with ID: 0[0m
[32m[INFO] 2026-08-31 20:24:45,927 [RapidOCR] download_file.py:60: File exists and is valid: D:\Work\research\FileX\.venv-ai\Lib\site-packages\rapidocr\models\PP-OCRv6_det_small.pth[0m
[32m[INFO] 2026-08-31 20:24:45,928 [RapidOCR] main.py:50: Using D:\Work\research\FileX\.venv-ai\Lib\site-packages\rapidocr\models\PP-OCRv6_det_small.pth[0m
[32m[INFO] 2026-08-31 20:24:46,282 [RapidOCR] base.py:23: Using engine_name: torch[0m
[32m[INFO] 2026-08-31 20:24:46,282 [RapidOCR] device_config.py:64: Using GPU device with ID: 0[0m
[32m[INFO] 2026-08-31 20:24:46,284 [RapidOCR] download_file.py:60: File exists and is valid: D:\Work\research\FileX\.venv-ai\Lib\site-packages\rapidocr\models\ch_ptocr_mobile_v2.0_cls_mobile.pth[0m
[32m[INFO] 2026-08-31 20:24:46,284 [RapidOCR] main.py:50: Using D:\Work\research\FileX\.venv-ai\Lib\site-packages\rapidocr\models\ch_ptocr_mobile_v2.0_cls_mobile.pth[0m
[32m[INFO] 2026-08-31 20:24:46,496 [RapidOCR] base.py:23: Using engine_name: torch[0m
[32m[INFO] 2026-08-31 20:24:46,497 [RapidOCR] device_config.py:64: Using GPU device with ID: 0[0m
[32m[INFO] 2026-08-31 20:24:46,524 [RapidOCR] download_file.py:60: File exists and is valid: D:\Work\research\FileX\.venv-ai\Lib\site-packages\rapidocr\models\PP-OCRv6_rec_small.pth[0m
[32m[INFO] 2026-08-31 20:24:46,525 [RapidOCR] main.py:50: Using D:\Work\research\FileX\.venv-ai\Lib\site-packages\rapidocr\models\PP-OCRv6_rec_small.pth[0m
[32m[INFO] 2026-08-31 20:24:48,139 [RapidOCR] base.py:23: Using engine_name: torch[0m
[32m[INFO] 2026-08-31 20:24:48,139 [RapidOCR] device_config.py:64: Using GPU device with ID: 0[0m
[32m[INFO] 2026-08-31 20:24:48,156 [RapidOCR] download_file.py:60: File exists and is valid: D:\Work\research\FileX\.venv-ai\Lib\site-packages\rapidocr\models\PP-OCRv6_det_small.pth[0m
[32m[INFO] 2026-08-31 20:24:48,157 [RapidOCR] main.py:50: Using D:\Work\research\FileX\.venv-ai\Lib\site-packages\rapidocr\models\PP-OCRv6_det_small.pth[0m
[32m[INFO] 2026-08-31 20:24:48,739 [RapidOCR] base.py:23: Using engine_name: torch[0m
[32m[INFO] 2026-08-31 20:24:48,739 [RapidOCR] device_config.py:64: Using GPU device with ID: 0[0m
[32m[INFO] 2026-08-31 20:24:48,741 [RapidOCR] download_file.py:60: File exists and is valid: D:\Work\research\FileX\.venv-ai\Lib\site-packages\rapidocr\models\ch_ptocr_mobile_v2.0_cls_mobile.pth[0m
[32m[INFO] 2026-08-31 20:24:48,741 [RapidOCR] main.py:50: Using D:\Work\research\FileX\.venv-ai\Lib\site-packages\rapidocr\models\ch_ptocr_mobile_v2.0_cls_mobile.pth[0m
[32m[INFO] 2026-08-31 20:24:49,051 [RapidOCR] base.py:23: Using engine_name: torch[0m
[32m[INFO] 2026-08-31 20:24:49,052 [RapidOCR] device_config.py:64: Using GPU device with ID: 0[0m
[32m[INFO] 2026-08-31 20:24:49,082 [RapidOCR] download_file.py:60: File exists and is valid: D:\Work\research\FileX\.venv-ai\Lib\site-packages\rapidocr\models\PP-OCRv6_rec_small.pth[0m
[32m[INFO] 2026-08-31 20:24:49,082 [RapidOCR] main.py:50: Using D:\Work\research\FileX\.venv-ai\Lib\site-packages\rapidocr\models\PP-OCRv6_rec_small.pth[0m
[32m[INFO] 2026-08-31 20:24:51,262 [RapidOCR] base.py:23: Using engine_name: torch[0m
[32m[INFO] 2026-08-31 20:24:51,262 [RapidOCR] device_config.py:64: Using GPU device with ID: 0[0m
[32m[INFO] 2026-08-31 20:24:51,276 [RapidOCR] download_file.py:60: File exists and is valid: D:\Work\research\FileX\.venv-ai\Lib\site-packages\rapidocr\models\PP-OCRv6_det_small.pth[0m
[32m[INFO] 2026-08-31 20:24:51,276 [RapidOCR] main.py:50: Using D:\Work\research\FileX\.venv-ai\Lib\site-packages\rapidocr\models\PP-OCRv6_det_small.pth[0m
[32m[INFO] 2026-08-31 20:24:51,737 [RapidOCR] base.py:23: Using engine_name: torch[0m
[32m[INFO] 2026-08-31 20:24:51,738 [RapidOCR] device_config.py:64: Using GPU device with ID: 0[0m
[32m[INFO] 2026-08-31 20:24:51,739 [RapidOCR] download_file.py:60: File exists and is valid: D:\Work\research\FileX\.venv-ai\Lib\site-packages\rapidocr\models\ch_ptocr_mobile_v2.0_cls_mobile.pth[0m
[32m[INFO] 2026-08-31 20:24:51,740 [RapidOCR] main.py:50: Using D:\Work\research\FileX\.venv-ai\Lib\site-packages\rapidocr\models\ch_ptocr_mobile_v2.0_cls_mobile.pth[0m
[32m[INFO] 2026-08-31 20:24:52,016 [RapidOCR] base.py:23: Using engine_name: torch[0m
[32m[INFO] 2026-08-31 20:24:52,017 [RapidOCR] device_config.py:64: Using GPU device with ID: 0[0m
[32m[INFO] 2026-08-31 20:24:52,044 [RapidOCR] download_file.py:60: File exists and is valid: D:\Work\research\FileX\.venv-ai\Lib\site-packages\rapidocr\models\PP-OCRv6_rec_small.pth[0m
[32m[INFO] 2026-08-31 20:24:52,044 [RapidOCR] main.py:50: Using D:\Work\research\FileX\.venv-ai\Lib\site-packages\rapidocr\models\PP-OCRv6_rec_small.pth[0m
[32m[INFO] 2026-08-31 20:24:53,484 [RapidOCR] base.py:23: Using engine_name: torch[0m
[32m[INFO] 2026-08-31 20:24:53,484 [RapidOCR] device_config.py:64: Using GPU device with ID: 0[0m
[32m[INFO] 2026-08-31 20:24:53,496 [RapidOCR] download_file.py:60: File exists and is valid: D:\Work\research\FileX\.venv-ai\Lib\site-packages\rapidocr\models\PP-OCRv6_det_small.pth[0m
[32m[INFO] 2026-08-31 20:24:53,496 [RapidOCR] main.py:50: Using D:\Work\research\FileX\.venv-ai\Lib\site-packages\rapidocr\models\PP-OCRv6_det_small.pth[0m
[32m[INFO] 2026-08-31 20:24:53,851 [RapidOCR] base.py:23: Using engine_name: torch[0m
[32m[INFO] 2026-08-31 20:24:53,852 [RapidOCR] device_config.py:64: Using GPU device with ID: 0[0m
[32m[INFO] 2026-08-31 20:24:53,853 [RapidOCR] download_file.py:60: File exists and is valid: D:\Work\research\FileX\.venv-ai\Lib\site-packages\rapidocr\models\ch_ptocr_mobile_v2.0_cls_mobile.pth[0m
[32m[INFO] 2026-08-31 20:24:53,853 [RapidOCR] main.py:50: Using D:\Work\research\FileX\.venv-ai\Lib\site-packages\rapidocr\models\ch_ptocr_mobile_v2.0_cls_mobile.pth[0m
[32m[INFO] 2026-08-31 20:24:54,091 [RapidOCR] base.py:23: Using engine_name: torch[0m
[32m[INFO] 2026-08-31 20:24:54,092 [RapidOCR] device_config.py:64: Using GPU device with ID: 0[0m
[32m[INFO] 2026-08-31 20:24:54,123 [RapidOCR] download_file.py:60: File exists and is valid: D:\Work\research\FileX\.venv-ai\Lib\site-packages\rapidocr\models\PP-OCRv6_rec_small.pth[0m
[32m[INFO] 2026-08-31 20:24:54,123 [RapidOCR] main.py:50: Using D:\Work\research\FileX\.venv-ai\Lib\site-packages\rapidocr\models\PP-OCRv6_rec_small.pth[0m
[32m[INFO] 2026-08-31 20:24:55,635 [RapidOCR] base.py:23: Using engine_name: torch[0m
[32m[INFO] 2026-08-31 20:24:55,635 [RapidOCR] device_config.py:64: Using GPU device with ID: 0[0m
[32m[INFO] 2026-08-31 20:24:55,647 [RapidOCR] download_file.py:60: File exists and is valid: D:\Work\research\FileX\.venv-ai\Lib\site-packages\rapidocr\models\PP-OCRv6_det_small.pth[0m
[32m[INFO] 2026-08-31 20:24:55,647 [RapidOCR] main.py:50: Using D:\Work\research\FileX\.venv-ai\Lib\site-packages\rapidocr\models\PP-OCRv6_det_small.pth[0m
[32m[INFO] 2026-08-31 20:24:55,958 [RapidOCR] base.py:23: Using engine_name: torch[0m
[32m[INFO] 2026-08-31 20:24:55,959 [RapidOCR] device_config.py:64: Using GPU device with ID: 0[0m
[32m[INFO] 2026-08-31 20:24:55,960 [RapidOCR] download_file.py:60: File exists and is valid: D:\Work\research\FileX\.venv-ai\Lib\site-packages\rapidocr\models\ch_ptocr_mobile_v2.0_cls_mobile.pth[0m
[32m[INFO] 2026-08-31 20:24:55,960 [RapidOCR] main.py:50: Using D:\Work\research\FileX\.venv-ai\Lib\site-packages\rapidocr\models\ch_ptocr_mobile_v2.0_cls_mobile.pth[0m
[32m[INFO] 2026-08-31 20:24:56,142 [RapidOCR] base.py:23: Using engine_name: torch[0m
[32m[INFO] 2026-08-31 20:24:56,143 [RapidOCR] device_config.py:64: Using GPU device with ID: 0[0m
[32m[INFO] 2026-08-31 20:24:56,167 [RapidOCR] download_file.py:60: File exists and is valid: D:\Work\research\FileX\.venv-ai\Lib\site-packages\rapidocr\models\PP-OCRv6_rec_small.pth[0m
[32m[INFO] 2026-08-31 20:24:56,167 [RapidOCR] main.py:50: Using D:\Work\research\FileX\.venv-ai\Lib\site-packages\rapidocr\models\PP-OCRv6_rec_small.pth[0m
[32m[INFO] 2026-08-31 20:24:57,698 [RapidOCR] base.py:23: Using engine_name: torch[0m
[32m[INFO] 2026-08-31 20:24:57,699 [RapidOCR] device_config.py:64: Using GPU device with ID: 0[0m
[32m[INFO] 2026-08-31 20:24:57,710 [RapidOCR] download_file.py:60: File exists and is valid: D:\Work\research\FileX\.venv-ai\Lib\site-packages\rapidocr\models\PP-OCRv6_det_small.pth[0m
[32m[INFO] 2026-08-31 20:24:57,711 [RapidOCR] main.py:50: Using D:\Work\research\FileX\.venv-ai\Lib\site-packages\rapidocr\models\PP-OCRv6_det_small.pth[0m
[32m[INFO] 2026-08-31 20:24:58,004 [RapidOCR] base.py:23: Using engine_name: torch[0m
[32m[INFO] 2026-08-31 20:24:58,004 [RapidOCR] device_config.py:64: Using GPU device with ID: 0[0m
[32m[INFO] 2026-08-31 20:24:58,006 [RapidOCR] download_file.py:60: File exists and is valid: D:\Work\research\FileX\.venv-ai\Lib\site-packages\rapidocr\models\ch_ptocr_mobile_v2.0_cls_mobile.pth[0m
[32m[INFO] 2026-08-31 20:24:58,006 [RapidOCR] main.py:50: Using D:\Work\research\FileX\.venv-ai\Lib\site-packages\rapidocr\models\ch_ptocr_mobile_v2.0_cls_mobile.pth[0m
[32m[INFO] 2026-08-31 20:24:58,157 [RapidOCR] base.py:23: Using engine_name: torch[0m
[32m[INFO] 2026-08-31 20:24:58,158 [RapidOCR] device_config.py:64: Using GPU device with ID: 0[0m
[32m[INFO] 2026-08-31 20:24:58,180 [RapidOCR] download_file.py:60: File exists and is valid: D:\Work\research\FileX\.venv-ai\Lib\site-packages\rapidocr\models\PP-OCRv6_rec_small.pth[0m
[32m[INFO] 2026-08-31 20:24:58,180 [RapidOCR] main.py:50: Using D:\Work\research\FileX\.venv-ai\Lib\site-packages\rapidocr\models\PP-OCRv6_rec_small.pth[0m
{"config": "docling-def", "doc": "escaneado_d5c", "ppp_nativo": 80, "ppp": 115, "factor": 1.438, "png": "ppp115__escaneado_d5c.png", "png_identify": "743x1018 45.270000000000003126,45.270000000000003126 PixelsPerCentimeter", "preflight": {"vram_libre_mib": 8748, "mpx_actual": 0.756, "mpx_pendiente_ordenada": 0}, "entrada": "PDF via Docling; scale explicita", "dispositivo": "GPU CUDA", "rc": [1, 1, 1, 1, 1, 1, 1, 1, 1], "error": ["FileNotFoundError: [WinError 3] El sistema no puede encontrar la ruta especificada: '\\\\\\\\?\\\\\\\\wsl.localhost\\\\Ubuntu\\\\'", "FileNotFoundError: [WinError 3] El sistema no puede encontrar la ruta especificada: '\\\\\\\\?\\\\\\\\wsl.localhost\\\\Ubuntu\\\\'", "FileNotFoundError: [WinError 3] El sistema no puede encontrar la ruta especificada: '\\\\\\\\?\\\\\\\\wsl.localhost\\\\Ubuntu\\\\'", "FileNotFoundError: [WinError 3] El sistema no puede encontrar la ruta especificada: '\\\\\\\\?\\\\\\\\wsl.localhost\\\\Ubuntu\\\\'", "FileNotFoundError: [WinError 3] El sistema no puede encontrar la ruta especificada: '\\\\\\\\?\\\\\\\\wsl.localhost\\\\Ubuntu\\\\'", "FileNotFoundError: [WinError 3] El sistema no puede encontrar la ruta especificada: '\\\\\\\\?\\\\\\\\wsl.localhost\\\\Ubuntu\\\\'", "FileNotFoundError: [WinError 3] El sistema no puede encontrar la ruta especificada: '\\\\\\\\?\\\\\\\\wsl.localhost\\\\Ubuntu\\\\'", "FileNotFoundError: [WinError 3] El sistema no puede encontrar la ruta especificada: '\\\\\\\\?\\\\\\\\wsl.localhost\\\\Ubuntu\\\\'", "FileNotFoundError: [WinError 3] El sistema no puede encontrar la ruta especificada: '\\\\\\\\?\\\\\\\\wsl.localhost\\\\Ubuntu\\\\'"], "n": 9, "ms_mediana": 2150.4, "determinista": true, "metrica": "acentos", "cer_pct": 100.0, "cer_acentos_pct": 100.0, "cer_ciego_pct": 100.0, "dist_acentos": 596, "texto": "docling-def__ppp115__escaneado_d5c.txt"}
[32m[INFO] 2026-08-31 20:24:59,699 [RapidOCR] base.py:23: Using engine_name: torch[0m
[32m[INFO] 2026-08-31 20:24:59,700 [RapidOCR] device_config.py:64: Using GPU device with ID: 0[0m
[32m[INFO] 2026-08-31 20:24:59,712 [RapidOCR] download_file.py:60: File exists and is valid: D:\Work\research\FileX\.venv-ai\Lib\site-packages\rapidocr\models\PP-OCRv6_det_small.pth[0m
[32m[INFO] 2026-08-31 20:24:59,712 [RapidOCR] main.py:50: Using D:\Work\research\FileX\.venv-ai\Lib\site-packages\rapidocr\models\PP-OCRv6_det_small.pth[0m
[32m[INFO] 2026-08-31 20:25:00,026 [RapidOCR] base.py:23: Using engine_name: torch[0m
[32m[INFO] 2026-08-31 20:25:00,027 [RapidOCR] device_config.py:64: Using GPU device with ID: 0[0m
[32m[INFO] 2026-08-31 20:25:00,028 [RapidOCR] download_file.py:60: File exists and is valid: D:\Work\research\FileX\.venv-ai\Lib\site-packages\rapidocr\models\ch_ptocr_mobile_v2.0_cls_mobile.pth[0m
[32m[INFO] 2026-08-31 20:25:00,028 [RapidOCR] main.py:50: Using D:\Work\research\FileX\.venv-ai\Lib\site-packages\rapidocr\models\ch_ptocr_mobile_v2.0_cls_mobile.pth[0m
[32m[INFO] 2026-08-31 20:25:00,211 [RapidOCR] base.py:23: Using engine_name: torch[0m
[32m[INFO] 2026-08-31 20:25:00,212 [RapidOCR] device_config.py:64: Using GPU device with ID: 0[0m
[32m[INFO] 2026-08-31 20:25:00,241 [RapidOCR] download_file.py:60: File exists and is valid: D:\Work\research\FileX\.venv-ai\Lib\site-packages\rapidocr\models\PP-OCRv6_rec_small.pth[0m
[32m[INFO] 2026-08-31 20:25:00,241 [RapidOCR] main.py:50: Using D:\Work\research\FileX\.venv-ai\Lib\site-packages\rapidocr\models\PP-OCRv6_rec_small.pth[0m
[32m[INFO] 2026-08-31 20:25:01,832 [RapidOCR] base.py:23: Using engine_name: torch[0m
[32m[INFO] 2026-08-31 20:25:01,833 [RapidOCR] device_config.py:64: Using GPU device with ID: 0[0m
[32m[INFO] 2026-08-31 20:25:01,846 [RapidOCR] download_file.py:60: File exists and is valid: D:\Work\research\FileX\.venv-ai\Lib\site-packages\rapidocr\models\PP-OCRv6_det_small.pth[0m
[32m[INFO] 2026-08-31 20:25:01,846 [RapidOCR] main.py:50: Using D:\Work\research\FileX\.venv-ai\Lib\site-packages\rapidocr\models\PP-OCRv6_det_small.pth[0m
[32m[INFO] 2026-08-31 20:25:02,177 [RapidOCR] base.py:23: Using engine_name: torch[0m
[32m[INFO] 2026-08-31 20:25:02,178 [RapidOCR] device_config.py:64: Using GPU device with ID: 0[0m
[32m[INFO] 2026-08-31 20:25:02,179 [RapidOCR] download_file.py:60: File exists and is valid: D:\Work\research\FileX\.venv-ai\Lib\site-packages\rapidocr\models\ch_ptocr_mobile_v2.0_cls_mobile.pth[0m
[32m[INFO] 2026-08-31 20:25:02,179 [RapidOCR] main.py:50: Using D:\Work\research\FileX\.venv-ai\Lib\site-packages\rapidocr\models\ch_ptocr_mobile_v2.0_cls_mobile.pth[0m
[32m[INFO] 2026-08-31 20:25:02,339 [RapidOCR] base.py:23: Using engine_name: torch[0m
[32m[INFO] 2026-08-31 20:25:02,340 [RapidOCR] device_config.py:64: Using GPU device with ID: 0[0m
[32m[INFO] 2026-08-31 20:25:02,364 [RapidOCR] download_file.py:60: File exists and is valid: D:\Work\research\FileX\.venv-ai\Lib\site-packages\rapidocr\models\PP-OCRv6_rec_small.pth[0m
[32m[INFO] 2026-08-31 20:25:02,364 [RapidOCR] main.py:50: Using D:\Work\research\FileX\.venv-ai\Lib\site-packages\rapidocr\models\PP-OCRv6_rec_small.pth[0m
[32m[INFO] 2026-08-31 20:25:03,982 [RapidOCR] base.py:23: Using engine_name: torch[0m
[32m[INFO] 2026-08-31 20:25:03,983 [RapidOCR] device_config.py:64: Using GPU device with ID: 0[0m
[32m[INFO] 2026-08-31 20:25:03,995 [RapidOCR] download_file.py:60: File exists and is valid: D:\Work\research\FileX\.venv-ai\Lib\site-packages\rapidocr\models\PP-OCRv6_det_small.pth[0m
[32m[INFO] 2026-08-31 20:25:03,995 [RapidOCR] main.py:50: Using D:\Work\research\FileX\.venv-ai\Lib\site-packages\rapidocr\models\PP-OCRv6_det_small.pth[0m
[32m[INFO] 2026-08-31 20:25:04,314 [RapidOCR] base.py:23: Using engine_name: torch[0m
[32m[INFO] 2026-08-31 20:25:04,314 [RapidOCR] device_config.py:64: Using GPU device with ID: 0[0m
[32m[INFO] 2026-08-31 20:25:04,316 [RapidOCR] download_file.py:60: File exists and is valid: D:\Work\research\FileX\.venv-ai\Lib\site-packages\rapidocr\models\ch_ptocr_mobile_v2.0_cls_mobile.pth[0m
[32m[INFO] 2026-08-31 20:25:04,316 [RapidOCR] main.py:50: Using D:\Work\research\FileX\.venv-ai\Lib\site-packages\rapidocr\models\ch_ptocr_mobile_v2.0_cls_mobile.pth[0m
[32m[INFO] 2026-08-31 20:25:04,489 [RapidOCR] base.py:23: Using engine_name: torch[0m
[32m[INFO] 2026-08-31 20:25:04,489 [RapidOCR] device_config.py:64: Using GPU device with ID: 0[0m
[32m[INFO] 2026-08-31 20:25:04,512 [RapidOCR] download_file.py:60: File exists and is valid: D:\Work\research\FileX\.venv-ai\Lib\site-packages\rapidocr\models\PP-OCRv6_rec_small.pth[0m
[32m[INFO] 2026-08-31 20:25:04,512 [RapidOCR] main.py:50: Using D:\Work\research\FileX\.venv-ai\Lib\site-packages\rapidocr\models\PP-OCRv6_rec_small.pth[0m
[32m[INFO] 2026-08-31 20:25:05,958 [RapidOCR] base.py:23: Using engine_name: torch[0m
[32m[INFO] 2026-08-31 20:25:05,958 [RapidOCR] device_config.py:64: Using GPU device with ID: 0[0m
[32m[INFO] 2026-08-31 20:25:05,970 [RapidOCR] download_file.py:60: File exists and is valid: D:\Work\research\FileX\.venv-ai\Lib\site-packages\rapidocr\models\PP-OCRv6_det_small.pth[0m
[32m[INFO] 2026-08-31 20:25:05,971 [RapidOCR] main.py:50: Using D:\Work\research\FileX\.venv-ai\Lib\site-packages\rapidocr\models\PP-OCRv6_det_small.pth[0m
[32m[INFO] 2026-08-31 20:25:06,326 [RapidOCR] base.py:23: Using engine_name: torch[0m
[32m[INFO] 2026-08-31 20:25:06,326 [RapidOCR] device_config.py:64: Using GPU device with ID: 0[0m
[32m[INFO] 2026-08-31 20:25:06,328 [RapidOCR] download_file.py:60: File exists and is valid: D:\Work\research\FileX\.venv-ai\Lib\site-packages\rapidocr\models\ch_ptocr_mobile_v2.0_cls_mobile.pth[0m
[32m[INFO] 2026-08-31 20:25:06,328 [RapidOCR] main.py:50: Using D:\Work\research\FileX\.venv-ai\Lib\site-packages\rapidocr\models\ch_ptocr_mobile_v2.0_cls_mobile.pth[0m
[32m[INFO] 2026-08-31 20:25:06,531 [RapidOCR] base.py:23: Using engine_name: torch[0m
[32m[INFO] 2026-08-31 20:25:06,531 [RapidOCR] device_config.py:64: Using GPU device with ID: 0[0m
[32m[INFO] 2026-08-31 20:25:06,554 [RapidOCR] download_file.py:60: File exists and is valid: D:\Work\research\FileX\.venv-ai\Lib\site-packages\rapidocr\models\PP-OCRv6_rec_small.pth[0m
[32m[INFO] 2026-08-31 20:25:06,554 [RapidOCR] main.py:50: Using D:\Work\research\FileX\.venv-ai\Lib\site-packages\rapidocr\models\PP-OCRv6_rec_small.pth[0m
[32m[INFO] 2026-08-31 20:25:07,960 [RapidOCR] base.py:23: Using engine_name: torch[0m
[32m[INFO] 2026-08-31 20:25:07,961 [RapidOCR] device_config.py:64: Using GPU device with ID: 0[0m
[32m[INFO] 2026-08-31 20:25:07,972 [RapidOCR] download_file.py:60: File exists and is valid: D:\Work\research\FileX\.venv-ai\Lib\site-packages\rapidocr\models\PP-OCRv6_det_small.pth[0m
[32m[INFO] 2026-08-31 20:25:07,973 [RapidOCR] main.py:50: Using D:\Work\research\FileX\.venv-ai\Lib\site-packages\rapidocr\models\PP-OCRv6_det_small.pth[0m
[32m[INFO] 2026-08-31 20:25:08,345 [RapidOCR] base.py:23: Using engine_name: torch[0m
[32m[INFO] 2026-08-31 20:25:08,346 [RapidOCR] device_config.py:64: Using GPU device with ID: 0[0m
[32m[INFO] 2026-08-31 20:25:08,347 [RapidOCR] download_file.py:60: File exists and is valid: D:\Work\research\FileX\.venv-ai\Lib\site-packages\rapidocr\models\ch_ptocr_mobile_v2.0_cls_mobile.pth[0m
[32m[INFO] 2026-08-31 20:25:08,348 [RapidOCR] main.py:50: Using D:\Work\research\FileX\.venv-ai\Lib\site-packages\rapidocr\models\ch_ptocr_mobile_v2.0_cls_mobile.pth[0m
[32m[INFO] 2026-08-31 20:25:08,548 [RapidOCR] base.py:23: Using engine_name: torch[0m
[32m[INFO] 2026-08-31 20:25:08,549 [RapidOCR] device_config.py:64: Using GPU device with ID: 0[0m
[32m[INFO] 2026-08-31 20:25:08,572 [RapidOCR] download_file.py:60: File exists and is valid: D:\Work\research\FileX\.venv-ai\Lib\site-packages\rapidocr\models\PP-OCRv6_rec_small.pth[0m
[32m[INFO] 2026-08-31 20:25:08,573 [RapidOCR] main.py:50: Using D:\Work\research\FileX\.venv-ai\Lib\site-packages\rapidocr\models\PP-OCRv6_rec_small.pth[0m
[32m[INFO] 2026-08-31 20:25:10,139 [RapidOCR] base.py:23: Using engine_name: torch[0m
[32m[INFO] 2026-08-31 20:25:10,140 [RapidOCR] device_config.py:64: Using GPU device with ID: 0[0m
[32m[INFO] 2026-08-31 20:25:10,152 [RapidOCR] download_file.py:60: File exists and is valid: D:\Work\research\FileX\.venv-ai\Lib\site-packages\rapidocr\models\PP-OCRv6_det_small.pth[0m
[32m[INFO] 2026-08-31 20:25:10,152 [RapidOCR] main.py:50: Using D:\Work\research\FileX\.venv-ai\Lib\site-packages\rapidocr\models\PP-OCRv6_det_small.pth[0m
[32m[INFO] 2026-08-31 20:25:10,897 [RapidOCR] base.py:23: Using engine_name: torch[0m
[32m[INFO] 2026-08-31 20:25:10,898 [RapidOCR] device_config.py:64: Using GPU device with ID: 0[0m
[32m[INFO] 2026-08-31 20:25:10,900 [RapidOCR] download_file.py:60: File exists and is valid: D:\Work\research\FileX\.venv-ai\Lib\site-packages\rapidocr\models\ch_ptocr_mobile_v2.0_cls_mobile.pth[0m
[32m[INFO] 2026-08-31 20:25:10,900 [RapidOCR] main.py:50: Using D:\Work\research\FileX\.venv-ai\Lib\site-packages\rapidocr\models\ch_ptocr_mobile_v2.0_cls_mobile.pth[0m
[32m[INFO] 2026-08-31 20:25:11,100 [RapidOCR] base.py:23: Using engine_name: torch[0m
[32m[INFO] 2026-08-31 20:25:11,100 [RapidOCR] device_config.py:64: Using GPU device with ID: 0[0m
[32m[INFO] 2026-08-31 20:25:11,126 [RapidOCR] download_file.py:60: File exists and is valid: D:\Work\research\FileX\.venv-ai\Lib\site-packages\rapidocr\models\PP-OCRv6_rec_small.pth[0m
[32m[INFO] 2026-08-31 20:25:11,126 [RapidOCR] main.py:50: Using D:\Work\research\FileX\.venv-ai\Lib\site-packages\rapidocr\models\PP-OCRv6_rec_small.pth[0m
[32m[INFO] 2026-08-31 20:25:12,614 [RapidOCR] base.py:23: Using engine_name: torch[0m
[32m[INFO] 2026-08-31 20:25:12,615 [RapidOCR] device_config.py:64: Using GPU device with ID: 0[0m
[32m[INFO] 2026-08-31 20:25:12,627 [RapidOCR] download_file.py:60: File exists and is valid: D:\Work\research\FileX\.venv-ai\Lib\site-packages\rapidocr\models\PP-OCRv6_det_small.pth[0m
[32m[INFO] 2026-08-31 20:25:12,627 [RapidOCR] main.py:50: Using D:\Work\research\FileX\.venv-ai\Lib\site-packages\rapidocr\models\PP-OCRv6_det_small.pth[0m
[32m[INFO] 2026-08-31 20:25:12,926 [RapidOCR] base.py:23: Using engine_name: torch[0m
[32m[INFO] 2026-08-31 20:25:12,927 [RapidOCR] device_config.py:64: Using GPU device with ID: 0[0m
[32m[INFO] 2026-08-31 20:25:12,928 [RapidOCR] download_file.py:60: File exists and is valid: D:\Work\research\FileX\.venv-ai\Lib\site-packages\rapidocr\models\ch_ptocr_mobile_v2.0_cls_mobile.pth[0m
[32m[INFO] 2026-08-31 20:25:12,928 [RapidOCR] main.py:50: Using D:\Work\research\FileX\.venv-ai\Lib\site-packages\rapidocr\models\ch_ptocr_mobile_v2.0_cls_mobile.pth[0m
[32m[INFO] 2026-08-31 20:25:13,126 [RapidOCR] base.py:23: Using engine_name: torch[0m
[32m[INFO] 2026-08-31 20:25:13,127 [RapidOCR] device_config.py:64: Using GPU device with ID: 0[0m
[32m[INFO] 2026-08-31 20:25:13,150 [RapidOCR] download_file.py:60: File exists and is valid: D:\Work\research\FileX\.venv-ai\Lib\site-packages\rapidocr\models\PP-OCRv6_rec_small.pth[0m
[32m[INFO] 2026-08-31 20:25:13,150 [RapidOCR] main.py:50: Using D:\Work\research\FileX\.venv-ai\Lib\site-packages\rapidocr\models\PP-OCRv6_rec_small.pth[0m
[32m[INFO] 2026-08-31 20:25:14,618 [RapidOCR] base.py:23: Using engine_name: torch[0m
[32m[INFO] 2026-08-31 20:25:14,619 [RapidOCR] device_config.py:64: Using GPU device with ID: 0[0m
[32m[INFO] 2026-08-31 20:25:14,630 [RapidOCR] download_file.py:60: File exists and is valid: D:\Work\research\FileX\.venv-ai\Lib\site-packages\rapidocr\models\PP-OCRv6_det_small.pth[0m
[32m[INFO] 2026-08-31 20:25:14,630 [RapidOCR] main.py:50: Using D:\Work\research\FileX\.venv-ai\Lib\site-packages\rapidocr\models\PP-OCRv6_det_small.pth[0m
[32m[INFO] 2026-08-31 20:25:14,942 [RapidOCR] base.py:23: Using engine_name: torch[0m
[32m[INFO] 2026-08-31 20:25:14,943 [RapidOCR] device_config.py:64: Using GPU device with ID: 0[0m
[32m[INFO] 2026-08-31 20:25:14,944 [RapidOCR] download_file.py:60: File exists and is valid: D:\Work\research\FileX\.venv-ai\Lib\site-packages\rapidocr\models\ch_ptocr_mobile_v2.0_cls_mobile.pth[0m
[32m[INFO] 2026-08-31 20:25:14,944 [RapidOCR] main.py:50: Using D:\Work\research\FileX\.venv-ai\Lib\site-packages\rapidocr\models\ch_ptocr_mobile_v2.0_cls_mobile.pth[0m
[32m[INFO] 2026-08-31 20:25:15,118 [RapidOCR] base.py:23: Using engine_name: torch[0m
[32m[INFO] 2026-08-31 20:25:15,118 [RapidOCR] device_config.py:64: Using GPU device with ID: 0[0m
[32m[INFO] 2026-08-31 20:25:15,143 [RapidOCR] download_file.py:60: File exists and is valid: D:\Work\research\FileX\.venv-ai\Lib\site-packages\rapidocr\models\PP-OCRv6_rec_small.pth[0m
[32m[INFO] 2026-08-31 20:25:15,144 [RapidOCR] main.py:50: Using D:\Work\research\FileX\.venv-ai\Lib\site-packages\rapidocr\models\PP-OCRv6_rec_small.pth[0m
[32m[INFO] 2026-08-31 20:25:16,518 [RapidOCR] base.py:23: Using engine_name: torch[0m
[32m[INFO] 2026-08-31 20:25:16,520 [RapidOCR] device_config.py:64: Using GPU device with ID: 0[0m
[32m[INFO] 2026-08-31 20:25:16,532 [RapidOCR] download_file.py:60: File exists and is valid: D:\Work\research\FileX\.venv-ai\Lib\site-packages\rapidocr\models\PP-OCRv6_det_small.pth[0m
[32m[INFO] 2026-08-31 20:25:16,532 [RapidOCR] main.py:50: Using D:\Work\research\FileX\.venv-ai\Lib\site-packages\rapidocr\models\PP-OCRv6_det_small.pth[0m
[32m[INFO] 2026-08-31 20:25:17,114 [RapidOCR] base.py:23: Using engine_name: torch[0m
[32m[INFO] 2026-08-31 20:25:17,114 [RapidOCR] device_config.py:64: Using GPU device with ID: 0[0m
[32m[INFO] 2026-08-31 20:25:17,116 [RapidOCR] download_file.py:60: File exists and is valid: D:\Work\research\FileX\.venv-ai\Lib\site-packages\rapidocr\models\ch_ptocr_mobile_v2.0_cls_mobile.pth[0m
[32m[INFO] 2026-08-31 20:25:17,116 [RapidOCR] main.py:50: Using D:\Work\research\FileX\.venv-ai\Lib\site-packages\rapidocr\models\ch_ptocr_mobile_v2.0_cls_mobile.pth[0m
[32m[INFO] 2026-08-31 20:25:17,289 [RapidOCR] base.py:23: Using engine_name: torch[0m
[32m[INFO] 2026-08-31 20:25:17,290 [RapidOCR] device_config.py:64: Using GPU device with ID: 0[0m
[32m[INFO] 2026-08-31 20:25:17,310 [RapidOCR] download_file.py:60: File exists and is valid: D:\Work\research\FileX\.venv-ai\Lib\site-packages\rapidocr\models\PP-OCRv6_rec_small.pth[0m
[32m[INFO] 2026-08-31 20:25:17,310 [RapidOCR] main.py:50: Using D:\Work\research\FileX\.venv-ai\Lib\site-packages\rapidocr\models\PP-OCRv6_rec_small.pth[0m
[32m[INFO] 2026-08-31 20:25:18,921 [RapidOCR] base.py:23: Using engine_name: torch[0m
[32m[INFO] 2026-08-31 20:25:18,922 [RapidOCR] device_config.py:64: Using GPU device with ID: 0[0m
[32m[INFO] 2026-08-31 20:25:18,932 [RapidOCR] download_file.py:60: File exists and is valid: D:\Work\research\FileX\.venv-ai\Lib\site-packages\rapidocr\models\PP-OCRv6_det_small.pth[0m
[32m[INFO] 2026-08-31 20:25:18,933 [RapidOCR] main.py:50: Using D:\Work\research\FileX\.venv-ai\Lib\site-packages\rapidocr\models\PP-OCRv6_det_small.pth[0m
[32m[INFO] 2026-08-31 20:25:19,329 [RapidOCR] base.py:23: Using engine_name: torch[0m
[32m[INFO] 2026-08-31 20:25:19,329 [RapidOCR] device_config.py:64: Using GPU device with ID: 0[0m
[32m[INFO] 2026-08-31 20:25:19,331 [RapidOCR] download_file.py:60: File exists and is valid: D:\Work\research\FileX\.venv-ai\Lib\site-packages\rapidocr\models\ch_ptocr_mobile_v2.0_cls_mobile.pth[0m
[32m[INFO] 2026-08-31 20:25:19,331 [RapidOCR] main.py:50: Using D:\Work\research\FileX\.venv-ai\Lib\site-packages\rapidocr\models\ch_ptocr_mobile_v2.0_cls_mobile.pth[0m
[32m[INFO] 2026-08-31 20:25:19,571 [RapidOCR] base.py:23: Using engine_name: torch[0m
[32m[INFO] 2026-08-31 20:25:19,572 [RapidOCR] device_config.py:64: Using GPU device with ID: 0[0m
[32m[INFO] 2026-08-31 20:25:19,600 [RapidOCR] download_file.py:60: File exists and is valid: D:\Work\research\FileX\.venv-ai\Lib\site-packages\rapidocr\models\PP-OCRv6_rec_small.pth[0m
[32m[INFO] 2026-08-31 20:25:19,600 [RapidOCR] main.py:50: Using D:\Work\research\FileX\.venv-ai\Lib\site-packages\rapidocr\models\PP-OCRv6_rec_small.pth[0m
{"config": "docling-def", "doc": "escaneado_d5c", "ppp_nativo": 80, "ppp": 120, "factor": 1.5, "png": "ppp120__escaneado_d5c.png", "png_identify": "775x1062 47.24000000000000199,47.24000000000000199 PixelsPerCentimeter", "preflight": {"vram_libre_mib": 8607, "mpx_actual": 0.823, "mpx_pendiente_ordenada": 0}, "entrada": "PDF via Docling; scale explicita", "dispositivo": "GPU CUDA", "rc": [1, 1, 1, 1, 1, 1, 1, 1, 1], "error": ["FileNotFoundError: [WinError 3] El sistema no puede encontrar la ruta especificada: '\\\\\\\\?\\\\\\\\wsl.localhost\\\\Ubuntu\\\\'", "FileNotFoundError: [WinError 3] El sistema no puede encontrar la ruta especificada: '\\\\\\\\?\\\\\\\\wsl.localhost\\\\Ubuntu\\\\'", "FileNotFoundError: [WinError 3] El sistema no puede encontrar la ruta especificada: '\\\\\\\\?\\\\\\\\wsl.localhost\\\\Ubuntu\\\\'", "FileNotFoundError: [WinError 3] El sistema no puede encontrar la ruta especificada: '\\\\\\\\?\\\\\\\\wsl.localhost\\\\Ubuntu\\\\'", "FileNotFoundError: [WinError 3] El sistema no puede encontrar la ruta especificada: '\\\\\\\\?\\\\\\\\wsl.localhost\\\\Ubuntu\\\\'", "FileNotFoundError: [WinError 3] El sistema no puede encontrar la ruta especificada: '\\\\\\\\?\\\\\\\\wsl.localhost\\\\Ubuntu\\\\'", "FileNotFoundError: [WinError 3] El sistema no puede encontrar la ruta especificada: '\\\\\\\\?\\\\\\\\wsl.localhost\\\\Ubuntu\\\\'", "FileNotFoundError: [WinError 3] El sistema no puede encontrar la ruta especificada: '\\\\\\\\?\\\\\\\\wsl.localhost\\\\Ubuntu\\\\'", "FileNotFoundError: [WinError 3] El sistema no puede encontrar la ruta especificada: '\\\\\\\\?\\\\\\\\wsl.localhost\\\\Ubuntu\\\\'"], "n": 9, "ms_mediana": 2114.6, "determinista": true, "metrica": "acentos", "cer_pct": 100.0, "cer_acentos_pct": 100.0, "cer_ciego_pct": 100.0, "dist_acentos": 596, "texto": "docling-def__ppp120__escaneado_d5c.txt"}
[32m[INFO] 2026-08-31 20:25:21,144 [RapidOCR] base.py:23: Using engine_name: torch[0m
[32m[INFO] 2026-08-31 20:25:21,145 [RapidOCR] device_config.py:64: Using GPU device with ID: 0[0m
[32m[INFO] 2026-08-31 20:25:21,156 [RapidOCR] download_file.py:60: File exists and is valid: D:\Work\research\FileX\.venv-ai\Lib\site-packages\rapidocr\models\PP-OCRv6_det_small.pth[0m
[32m[INFO] 2026-08-31 20:25:21,156 [RapidOCR] main.py:50: Using D:\Work\research\FileX\.venv-ai\Lib\site-packages\rapidocr\models\PP-OCRv6_det_small.pth[0m
[32m[INFO] 2026-08-31 20:25:21,555 [RapidOCR] base.py:23: Using engine_name: torch[0m
[32m[INFO] 2026-08-31 20:25:21,556 [RapidOCR] device_config.py:64: Using GPU device with ID: 0[0m
[32m[INFO] 2026-08-31 20:25:21,557 [RapidOCR] download_file.py:60: File exists and is valid: D:\Work\research\FileX\.venv-ai\Lib\site-packages\rapidocr\models\ch_ptocr_mobile_v2.0_cls_mobile.pth[0m
[32m[INFO] 2026-08-31 20:25:21,557 [RapidOCR] main.py:50: Using D:\Work\research\FileX\.venv-ai\Lib\site-packages\rapidocr\models\ch_ptocr_mobile_v2.0_cls_mobile.pth[0m
[32m[INFO] 2026-08-31 20:25:21,748 [RapidOCR] base.py:23: Using engine_name: torch[0m
[32m[INFO] 2026-08-31 20:25:21,749 [RapidOCR] device_config.py:64: Using GPU device with ID: 0[0m
[32m[INFO] 2026-08-31 20:25:21,770 [RapidOCR] download_file.py:60: File exists and is valid: D:\Work\research\FileX\.venv-ai\Lib\site-packages\rapidocr\models\PP-OCRv6_rec_small.pth[0m
[32m[INFO] 2026-08-31 20:25:21,770 [RapidOCR] main.py:50: Using D:\Work\research\FileX\.venv-ai\Lib\site-packages\rapidocr\models\PP-OCRv6_rec_small.pth[0m
[32m[INFO] 2026-08-31 20:25:23,235 [RapidOCR] base.py:23: Using engine_name: torch[0m
[32m[INFO] 2026-08-31 20:25:23,236 [RapidOCR] device_config.py:64: Using GPU device with ID: 0[0m
[32m[INFO] 2026-08-31 20:25:23,249 [RapidOCR] download_file.py:60: File exists and is valid: D:\Work\research\FileX\.venv-ai\Lib\site-packages\rapidocr\models\PP-OCRv6_det_small.pth[0m
[32m[INFO] 2026-08-31 20:25:23,249 [RapidOCR] main.py:50: Using D:\Work\research\FileX\.venv-ai\Lib\site-packages\rapidocr\models\PP-OCRv6_det_small.pth[0m
[32m[INFO] 2026-08-31 20:25:23,576 [RapidOCR] base.py:23: Using engine_name: torch[0m
[32m[INFO] 2026-08-31 20:25:23,577 [RapidOCR] device_config.py:64: Using GPU device with ID: 0[0m
[32m[INFO] 2026-08-31 20:25:23,578 [RapidOCR] download_file.py:60: File exists and is valid: D:\Work\research\FileX\.venv-ai\Lib\site-packages\rapidocr\models\ch_ptocr_mobile_v2.0_cls_mobile.pth[0m
[32m[INFO] 2026-08-31 20:25:23,578 [RapidOCR] main.py:50: Using D:\Work\research\FileX\.venv-ai\Lib\site-packages\rapidocr\models\ch_ptocr_mobile_v2.0_cls_mobile.pth[0m
[32m[INFO] 2026-08-31 20:25:24,018 [RapidOCR] base.py:23: Using engine_name: torch[0m
[32m[INFO] 2026-08-31 20:25:24,019 [RapidOCR] device_config.py:64: Using GPU device with ID: 0[0m
[32m[INFO] 2026-08-31 20:25:24,041 [RapidOCR] download_file.py:60: File exists and is valid: D:\Work\research\FileX\.venv-ai\Lib\site-packages\rapidocr\models\PP-OCRv6_rec_small.pth[0m
[32m[INFO] 2026-08-31 20:25:24,041 [RapidOCR] main.py:50: Using D:\Work\research\FileX\.venv-ai\Lib\site-packages\rapidocr\models\PP-OCRv6_rec_small.pth[0m
[32m[INFO] 2026-08-31 20:25:25,405 [RapidOCR] base.py:23: Using engine_name: torch[0m
[32m[INFO] 2026-08-31 20:25:25,406 [RapidOCR] device_config.py:64: Using GPU device with ID: 0[0m
[32m[INFO] 2026-08-31 20:25:25,420 [RapidOCR] download_file.py:60: File exists and is valid: D:\Work\research\FileX\.venv-ai\Lib\site-packages\rapidocr\models\PP-OCRv6_det_small.pth[0m
[32m[INFO] 2026-08-31 20:25:25,420 [RapidOCR] main.py:50: Using D:\Work\research\FileX\.venv-ai\Lib\site-packages\rapidocr\models\PP-OCRv6_det_small.pth[0m
[32m[INFO] 2026-08-31 20:25:25,713 [RapidOCR] base.py:23: Using engine_name: torch[0m
[32m[INFO] 2026-08-31 20:25:25,714 [RapidOCR] device_config.py:64: Using GPU device with ID: 0[0m
[32m[INFO] 2026-08-31 20:25:25,715 [RapidOCR] download_file.py:60: File exists and is valid: D:\Work\research\FileX\.venv-ai\Lib\site-packages\rapidocr\models\ch_ptocr_mobile_v2.0_cls_mobile.pth[0m
[32m[INFO] 2026-08-31 20:25:25,715 [RapidOCR] main.py:50: Using D:\Work\research\FileX\.venv-ai\Lib\site-packages\rapidocr\models\ch_ptocr_mobile_v2.0_cls_mobile.pth[0m
[32m[INFO] 2026-08-31 20:25:25,891 [RapidOCR] base.py:23: Using engine_name: torch[0m
[32m[INFO] 2026-08-31 20:25:25,892 [RapidOCR] device_config.py:64: Using GPU device with ID: 0[0m
[32m[INFO] 2026-08-31 20:25:25,914 [RapidOCR] download_file.py:60: File exists and is valid: D:\Work\research\FileX\.venv-ai\Lib\site-packages\rapidocr\models\PP-OCRv6_rec_small.pth[0m
[32m[INFO] 2026-08-31 20:25:25,914 [RapidOCR] main.py:50: Using D:\Work\research\FileX\.venv-ai\Lib\site-packages\rapidocr\models\PP-OCRv6_rec_small.pth[0m
[32m[INFO] 2026-08-31 20:25:27,108 [RapidOCR] base.py:23: Using engine_name: torch[0m
[32m[INFO] 2026-08-31 20:25:27,109 [RapidOCR] device_config.py:64: Using GPU device with ID: 0[0m
[32m[INFO] 2026-08-31 20:25:27,123 [RapidOCR] download_file.py:60: File exists and is valid: D:\Work\research\FileX\.venv-ai\Lib\site-packages\rapidocr\models\PP-OCRv6_det_small.pth[0m
[32m[INFO] 2026-08-31 20:25:27,123 [RapidOCR] main.py:50: Using D:\Work\research\FileX\.venv-ai\Lib\site-packages\rapidocr\models\PP-OCRv6_det_small.pth[0m
[32m[INFO] 2026-08-31 20:25:27,487 [RapidOCR] base.py:23: Using engine_name: torch[0m
[32m[INFO] 2026-08-31 20:25:27,488 [RapidOCR] device_config.py:64: Using GPU device with ID: 0[0m
[32m[INFO] 2026-08-31 20:25:27,489 [RapidOCR] download_file.py:60: File exists and is valid: D:\Work\research\FileX\.venv-ai\Lib\site-packages\rapidocr\models\ch_ptocr_mobile_v2.0_cls_mobile.pth[0m
[32m[INFO] 2026-08-31 20:25:27,489 [RapidOCR] main.py:50: Using D:\Work\research\FileX\.venv-ai\Lib\site-packages\rapidocr\models\ch_ptocr_mobile_v2.0_cls_mobile.pth[0m
[32m[INFO] 2026-08-31 20:25:27,675 [RapidOCR] base.py:23: Using engine_name: torch[0m
[32m[INFO] 2026-08-31 20:25:27,676 [RapidOCR] device_config.py:64: Using GPU device with ID: 0[0m
[32m[INFO] 2026-08-31 20:25:27,700 [RapidOCR] download_file.py:60: File exists and is valid: D:\Work\research\FileX\.venv-ai\Lib\site-packages\rapidocr\models\PP-OCRv6_rec_small.pth[0m
[32m[INFO] 2026-08-31 20:25:27,700 [RapidOCR] main.py:50: Using D:\Work\research\FileX\.venv-ai\Lib\site-packages\rapidocr\models\PP-OCRv6_rec_small.pth[0m
[32m[INFO] 2026-08-31 20:25:29,071 [RapidOCR] base.py:23: Using engine_name: torch[0m
[32m[INFO] 2026-08-31 20:25:29,071 [RapidOCR] device_config.py:64: Using GPU device with ID: 0[0m
[32m[INFO] 2026-08-31 20:25:29,083 [RapidOCR] download_file.py:60: File exists and is valid: D:\Work\research\FileX\.venv-ai\Lib\site-packages\rapidocr\models\PP-OCRv6_det_small.pth[0m
[32m[INFO] 2026-08-31 20:25:29,084 [RapidOCR] main.py:50: Using D:\Work\research\FileX\.venv-ai\Lib\site-packages\rapidocr\models\PP-OCRv6_det_small.pth[0m
[32m[INFO] 2026-08-31 20:25:29,400 [RapidOCR] base.py:23: Using engine_name: torch[0m
[32m[INFO] 2026-08-31 20:25:29,401 [RapidOCR] device_config.py:64: Using GPU device with ID: 0[0m
[32m[INFO] 2026-08-31 20:25:29,402 [RapidOCR] download_file.py:60: File exists and is valid: D:\Work\research\FileX\.venv-ai\Lib\site-packages\rapidocr\models\ch_ptocr_mobile_v2.0_cls_mobile.pth[0m
[32m[INFO] 2026-08-31 20:25:29,403 [RapidOCR] main.py:50: Using D:\Work\research\FileX\.venv-ai\Lib\site-packages\rapidocr\models\ch_ptocr_mobile_v2.0_cls_mobile.pth[0m
[32m[INFO] 2026-08-31 20:25:29,576 [RapidOCR] base.py:23: Using engine_name: torch[0m
[32m[INFO] 2026-08-31 20:25:29,577 [RapidOCR] device_config.py:64: Using GPU device with ID: 0[0m
[32m[INFO] 2026-08-31 20:25:29,599 [RapidOCR] download_file.py:60: File exists and is valid: D:\Work\research\FileX\.venv-ai\Lib\site-packages\rapidocr\models\PP-OCRv6_rec_small.pth[0m
[32m[INFO] 2026-08-31 20:25:29,599 [RapidOCR] main.py:50: Using D:\Work\research\FileX\.venv-ai\Lib\site-packages\rapidocr\models\PP-OCRv6_rec_small.pth[0m
[32m[INFO] 2026-08-31 20:25:31,079 [RapidOCR] base.py:23: Using engine_name: torch[0m
[32m[INFO] 2026-08-31 20:25:31,079 [RapidOCR] device_config.py:64: Using GPU device with ID: 0[0m
[32m[INFO] 2026-08-31 20:25:31,090 [RapidOCR] download_file.py:60: File exists and is valid: D:\Work\research\FileX\.venv-ai\Lib\site-packages\rapidocr\models\PP-OCRv6_det_small.pth[0m
[32m[INFO] 2026-08-31 20:25:31,090 [RapidOCR] main.py:50: Using D:\Work\research\FileX\.venv-ai\Lib\site-packages\rapidocr\models\PP-OCRv6_det_small.pth[0m
[32m[INFO] 2026-08-31 20:25:31,452 [RapidOCR] base.py:23: Using engine_name: torch[0m
[32m[INFO] 2026-08-31 20:25:31,452 [RapidOCR] device_config.py:64: Using GPU device with ID: 0[0m
[32m[INFO] 2026-08-31 20:25:31,453 [RapidOCR] download_file.py:60: File exists and is valid: D:\Work\research\FileX\.venv-ai\Lib\site-packages\rapidocr\models\ch_ptocr_mobile_v2.0_cls_mobile.pth[0m
[32m[INFO] 2026-08-31 20:25:31,453 [RapidOCR] main.py:50: Using D:\Work\research\FileX\.venv-ai\Lib\site-packages\rapidocr\models\ch_ptocr_mobile_v2.0_cls_mobile.pth[0m
[32m[INFO] 2026-08-31 20:25:31,622 [RapidOCR] base.py:23: Using engine_name: torch[0m
[32m[INFO] 2026-08-31 20:25:31,623 [RapidOCR] device_config.py:64: Using GPU device with ID: 0[0m
[32m[INFO] 2026-08-31 20:25:31,646 [RapidOCR] download_file.py:60: File exists and is valid: D:\Work\research\FileX\.venv-ai\Lib\site-packages\rapidocr\models\PP-OCRv6_rec_small.pth[0m
[32m[INFO] 2026-08-31 20:25:31,646 [RapidOCR] main.py:50: Using D:\Work\research\FileX\.venv-ai\Lib\site-packages\rapidocr\models\PP-OCRv6_rec_small.pth[0m
[32m[INFO] 2026-08-31 20:25:32,912 [RapidOCR] base.py:23: Using engine_name: torch[0m
[32m[INFO] 2026-08-31 20:25:32,912 [RapidOCR] device_config.py:64: Using GPU device with ID: 0[0m
[32m[INFO] 2026-08-31 20:25:32,924 [RapidOCR] download_file.py:60: File exists and is valid: D:\Work\research\FileX\.venv-ai\Lib\site-packages\rapidocr\models\PP-OCRv6_det_small.pth[0m
[32m[INFO] 2026-08-31 20:25:32,924 [RapidOCR] main.py:50: Using D:\Work\research\FileX\.venv-ai\Lib\site-packages\rapidocr\models\PP-OCRv6_det_small.pth[0m
[32m[INFO] 2026-08-31 20:25:33,287 [RapidOCR] base.py:23: Using engine_name: torch[0m
[32m[INFO] 2026-08-31 20:25:33,287 [RapidOCR] device_config.py:64: Using GPU device with ID: 0[0m
[32m[INFO] 2026-08-31 20:25:33,289 [RapidOCR] download_file.py:60: File exists and is valid: D:\Work\research\FileX\.venv-ai\Lib\site-packages\rapidocr\models\ch_ptocr_mobile_v2.0_cls_mobile.pth[0m
[32m[INFO] 2026-08-31 20:25:33,289 [RapidOCR] main.py:50: Using D:\Work\research\FileX\.venv-ai\Lib\site-packages\rapidocr\models\ch_ptocr_mobile_v2.0_cls_mobile.pth[0m
[32m[INFO] 2026-08-31 20:25:33,480 [RapidOCR] base.py:23: Using engine_name: torch[0m
[32m[INFO] 2026-08-31 20:25:33,481 [RapidOCR] device_config.py:64: Using GPU device with ID: 0[0m
[32m[INFO] 2026-08-31 20:25:33,504 [RapidOCR] download_file.py:60: File exists and is valid: D:\Work\research\FileX\.venv-ai\Lib\site-packages\rapidocr\models\PP-OCRv6_rec_small.pth[0m
[32m[INFO] 2026-08-31 20:25:33,504 [RapidOCR] main.py:50: Using D:\Work\research\FileX\.venv-ai\Lib\site-packages\rapidocr\models\PP-OCRv6_rec_small.pth[0m
[32m[INFO] 2026-08-31 20:25:34,883 [RapidOCR] base.py:23: Using engine_name: torch[0m
[32m[INFO] 2026-08-31 20:25:34,883 [RapidOCR] device_config.py:64: Using GPU device with ID: 0[0m
[32m[INFO] 2026-08-31 20:25:34,895 [RapidOCR] download_file.py:60: File exists and is valid: D:\Work\research\FileX\.venv-ai\Lib\site-packages\rapidocr\models\PP-OCRv6_det_small.pth[0m
[32m[INFO] 2026-08-31 20:25:34,895 [RapidOCR] main.py:50: Using D:\Work\research\FileX\.venv-ai\Lib\site-packages\rapidocr\models\PP-OCRv6_det_small.pth[0m
[32m[INFO] 2026-08-31 20:25:35,282 [RapidOCR] base.py:23: Using engine_name: torch[0m
[32m[INFO] 2026-08-31 20:25:35,283 [RapidOCR] device_config.py:64: Using GPU device with ID: 0[0m
[32m[INFO] 2026-08-31 20:25:35,284 [RapidOCR] download_file.py:60: File exists and is valid: D:\Work\research\FileX\.venv-ai\Lib\site-packages\rapidocr\models\ch_ptocr_mobile_v2.0_cls_mobile.pth[0m
[32m[INFO] 2026-08-31 20:25:35,285 [RapidOCR] main.py:50: Using D:\Work\research\FileX\.venv-ai\Lib\site-packages\rapidocr\models\ch_ptocr_mobile_v2.0_cls_mobile.pth[0m
[32m[INFO] 2026-08-31 20:25:35,497 [RapidOCR] base.py:23: Using engine_name: torch[0m
[32m[INFO] 2026-08-31 20:25:35,498 [RapidOCR] device_config.py:64: Using GPU device with ID: 0[0m
[32m[INFO] 2026-08-31 20:25:35,518 [RapidOCR] download_file.py:60: File exists and is valid: D:\Work\research\FileX\.venv-ai\Lib\site-packages\rapidocr\models\PP-OCRv6_rec_small.pth[0m
[32m[INFO] 2026-08-31 20:25:35,518 [RapidOCR] main.py:50: Using D:\Work\research\FileX\.venv-ai\Lib\site-packages\rapidocr\models\PP-OCRv6_rec_small.pth[0m
[32m[INFO] 2026-08-31 20:25:36,966 [RapidOCR] base.py:23: Using engine_name: torch[0m
[32m[INFO] 2026-08-31 20:25:36,967 [RapidOCR] device_config.py:64: Using GPU device with ID: 0[0m
[32m[INFO] 2026-08-31 20:25:36,978 [RapidOCR] download_file.py:60: File exists and is valid: D:\Work\research\FileX\.venv-ai\Lib\site-packages\rapidocr\models\PP-OCRv6_det_small.pth[0m
[32m[INFO] 2026-08-31 20:25:36,978 [RapidOCR] main.py:50: Using D:\Work\research\FileX\.venv-ai\Lib\site-packages\rapidocr\models\PP-OCRv6_det_small.pth[0m
[32m[INFO] 2026-08-31 20:25:37,313 [RapidOCR] base.py:23: Using engine_name: torch[0m
[32m[INFO] 2026-08-31 20:25:37,313 [RapidOCR] device_config.py:64: Using GPU device with ID: 0[0m
[32m[INFO] 2026-08-31 20:25:37,315 [RapidOCR] download_file.py:60: File exists and is valid: D:\Work\research\FileX\.venv-ai\Lib\site-packages\rapidocr\models\ch_ptocr_mobile_v2.0_cls_mobile.pth[0m
[32m[INFO] 2026-08-31 20:25:37,315 [RapidOCR] main.py:50: Using D:\Work\research\FileX\.venv-ai\Lib\site-packages\rapidocr\models\ch_ptocr_mobile_v2.0_cls_mobile.pth[0m
[32m[INFO] 2026-08-31 20:25:37,514 [RapidOCR] base.py:23: Using engine_name: torch[0m
[32m[INFO] 2026-08-31 20:25:37,514 [RapidOCR] device_config.py:64: Using GPU device with ID: 0[0m
[32m[INFO] 2026-08-31 20:25:37,534 [RapidOCR] download_file.py:60: File exists and is valid: D:\Work\research\FileX\.venv-ai\Lib\site-packages\rapidocr\models\PP-OCRv6_rec_small.pth[0m
[32m[INFO] 2026-08-31 20:25:37,535 [RapidOCR] main.py:50: Using D:\Work\research\FileX\.venv-ai\Lib\site-packages\rapidocr\models\PP-OCRv6_rec_small.pth[0m
[32m[INFO] 2026-08-31 20:25:38,724 [RapidOCR] base.py:23: Using engine_name: torch[0m
[32m[INFO] 2026-08-31 20:25:38,725 [RapidOCR] device_config.py:64: Using GPU device with ID: 0[0m
[32m[INFO] 2026-08-31 20:25:38,739 [RapidOCR] download_file.py:60: File exists and is valid: D:\Work\research\FileX\.venv-ai\Lib\site-packages\rapidocr\models\PP-OCRv6_det_small.pth[0m
[32m[INFO] 2026-08-31 20:25:38,739 [RapidOCR] main.py:50: Using D:\Work\research\FileX\.venv-ai\Lib\site-packages\rapidocr\models\PP-OCRv6_det_small.pth[0m
[32m[INFO] 2026-08-31 20:25:39,152 [RapidOCR] base.py:23: Using engine_name: torch[0m
[32m[INFO] 2026-08-31 20:25:39,153 [RapidOCR] device_config.py:64: Using GPU device with ID: 0[0m
[32m[INFO] 2026-08-31 20:25:39,156 [RapidOCR] download_file.py:60: File exists and is valid: D:\Work\research\FileX\.venv-ai\Lib\site-packages\rapidocr\models\ch_ptocr_mobile_v2.0_cls_mobile.pth[0m
[32m[INFO] 2026-08-31 20:25:39,156 [RapidOCR] main.py:50: Using D:\Work\research\FileX\.venv-ai\Lib\site-packages\rapidocr\models\ch_ptocr_mobile_v2.0_cls_mobile.pth[0m
[32m[INFO] 2026-08-31 20:25:39,422 [RapidOCR] base.py:23: Using engine_name: torch[0m
[32m[INFO] 2026-08-31 20:25:39,423 [RapidOCR] device_config.py:64: Using GPU device with ID: 0[0m
[32m[INFO] 2026-08-31 20:25:39,452 [RapidOCR] download_file.py:60: File exists and is valid: D:\Work\research\FileX\.venv-ai\Lib\site-packages\rapidocr\models\PP-OCRv6_rec_small.pth[0m
[32m[INFO] 2026-08-31 20:25:39,452 [RapidOCR] main.py:50: Using D:\Work\research\FileX\.venv-ai\Lib\site-packages\rapidocr\models\PP-OCRv6_rec_small.pth[0m
{"config": "docling-def", "doc": "escaneado_d5c", "ppp_nativo": 80, "ppp": 125, "factor": 1.562, "png": "ppp125__escaneado_d5c.png", "png_identify": "808x1106 49.210000000000000853,49.210000000000000853 PixelsPerCentimeter", "preflight": {"vram_libre_mib": 8603, "mpx_actual": 0.894, "mpx_pendiente_ordenada": 0}, "entrada": "PDF via Docling; scale explicita", "dispositivo": "GPU CUDA", "rc": [1, 1, 1, 1, 1, 1, 1, 1, 1], "error": ["FileNotFoundError: [WinError 3] El sistema no puede encontrar la ruta especificada: '\\\\\\\\?\\\\\\\\wsl.localhost\\\\Ubuntu\\\\'", "FileNotFoundError: [WinError 3] El sistema no puede encontrar la ruta especificada: '\\\\\\\\?\\\\\\\\wsl.localhost\\\\Ubuntu\\\\'", "FileNotFoundError: [WinError 3] El sistema no puede encontrar la ruta especificada: '\\\\\\\\?\\\\\\\\wsl.localhost\\\\Ubuntu\\\\'", "FileNotFoundError: [WinError 3] El sistema no puede encontrar la ruta especificada: '\\\\\\\\?\\\\\\\\wsl.localhost\\\\Ubuntu\\\\'", "FileNotFoundError: [WinError 3] El sistema no puede encontrar la ruta especificada: '\\\\\\\\?\\\\\\\\wsl.localhost\\\\Ubuntu\\\\'", "FileNotFoundError: [WinError 3] El sistema no puede encontrar la ruta especificada: '\\\\\\\\?\\\\\\\\wsl.localhost\\\\Ubuntu\\\\'", "FileNotFoundError: [WinError 3] El sistema no puede encontrar la ruta especificada: '\\\\\\\\?\\\\\\\\wsl.localhost\\\\Ubuntu\\\\'", "FileNotFoundError: [WinError 3] El sistema no puede encontrar la ruta especificada: '\\\\\\\\?\\\\\\\\wsl.localhost\\\\Ubuntu\\\\'", "FileNotFoundError: [WinError 3] El sistema no puede encontrar la ruta especificada: '\\\\\\\\?\\\\\\\\wsl.localhost\\\\Ubuntu\\\\'"], "n": 9, "ms_mediana": 1957.9, "determinista": true, "metrica": "acentos", "cer_pct": 100.0, "cer_acentos_pct": 100.0, "cer_ciego_pct": 100.0, "dist_acentos": 596, "texto": "docling-def__ppp125__escaneado_d5c.txt"}
[32m[INFO] 2026-08-31 20:25:40,861 [RapidOCR] base.py:23: Using engine_name: torch[0m
[32m[INFO] 2026-08-31 20:25:40,862 [RapidOCR] device_config.py:64: Using GPU device with ID: 0[0m
[32m[INFO] 2026-08-31 20:25:40,871 [RapidOCR] download_file.py:60: File exists and is valid: D:\Work\research\FileX\.venv-ai\Lib\site-packages\rapidocr\models\PP-OCRv6_det_small.pth[0m
[32m[INFO] 2026-08-31 20:25:40,872 [RapidOCR] main.py:50: Using D:\Work\research\FileX\.venv-ai\Lib\site-packages\rapidocr\models\PP-OCRv6_det_small.pth[0m
[32m[INFO] 2026-08-31 20:25:41,136 [RapidOCR] base.py:23: Using engine_name: torch[0m
[32m[INFO] 2026-08-31 20:25:41,136 [RapidOCR] device_config.py:64: Using GPU device with ID: 0[0m
[32m[INFO] 2026-08-31 20:25:41,137 [RapidOCR] download_file.py:60: File exists and is valid: D:\Work\research\FileX\.venv-ai\Lib\site-packages\rapidocr\models\ch_ptocr_mobile_v2.0_cls_mobile.pth[0m
[32m[INFO] 2026-08-31 20:25:41,138 [RapidOCR] main.py:50: Using D:\Work\research\FileX\.venv-ai\Lib\site-packages\rapidocr\models\ch_ptocr_mobile_v2.0_cls_mobile.pth[0m
[32m[INFO] 2026-08-31 20:25:41,325 [RapidOCR] base.py:23: Using engine_name: torch[0m
[32m[INFO] 2026-08-31 20:25:41,326 [RapidOCR] device_config.py:64: Using GPU device with ID: 0[0m
[32m[INFO] 2026-08-31 20:25:41,348 [RapidOCR] download_file.py:60: File exists and is valid: D:\Work\research\FileX\.venv-ai\Lib\site-packages\rapidocr\models\PP-OCRv6_rec_small.pth[0m
[32m[INFO] 2026-08-31 20:25:41,348 [RapidOCR] main.py:50: Using D:\Work\research\FileX\.venv-ai\Lib\site-packages\rapidocr\models\PP-OCRv6_rec_small.pth[0m
[32m[INFO] 2026-08-31 20:25:42,730 [RapidOCR] base.py:23: Using engine_name: torch[0m
[32m[INFO] 2026-08-31 20:25:42,731 [RapidOCR] device_config.py:64: Using GPU device with ID: 0[0m
[32m[INFO] 2026-08-31 20:25:42,740 [RapidOCR] download_file.py:60: File exists and is valid: D:\Work\research\FileX\.venv-ai\Lib\site-packages\rapidocr\models\PP-OCRv6_det_small.pth[0m
[32m[INFO] 2026-08-31 20:25:42,740 [RapidOCR] main.py:50: Using D:\Work\research\FileX\.venv-ai\Lib\site-packages\rapidocr\models\PP-OCRv6_det_small.pth[0m
[32m[INFO] 2026-08-31 20:25:42,987 [RapidOCR] base.py:23: Using engine_name: torch[0m
[32m[INFO] 2026-08-31 20:25:42,988 [RapidOCR] device_config.py:64: Using GPU device with ID: 0[0m
[32m[INFO] 2026-08-31 20:25:42,989 [RapidOCR] download_file.py:60: File exists and is valid: D:\Work\research\FileX\.venv-ai\Lib\site-packages\rapidocr\models\ch_ptocr_mobile_v2.0_cls_mobile.pth[0m
[32m[INFO] 2026-08-31 20:25:42,989 [RapidOCR] main.py:50: Using D:\Work\research\FileX\.venv-ai\Lib\site-packages\rapidocr\models\ch_ptocr_mobile_v2.0_cls_mobile.pth[0m
[32m[INFO] 2026-08-31 20:25:43,145 [RapidOCR] base.py:23: Using engine_name: torch[0m
[32m[INFO] 2026-08-31 20:25:43,146 [RapidOCR] device_config.py:64: Using GPU device with ID: 0[0m
[32m[INFO] 2026-08-31 20:25:43,164 [RapidOCR] download_file.py:60: File exists and is valid: D:\Work\research\FileX\.venv-ai\Lib\site-packages\rapidocr\models\PP-OCRv6_rec_small.pth[0m
[32m[INFO] 2026-08-31 20:25:43,165 [RapidOCR] main.py:50: Using D:\Work\research\FileX\.venv-ai\Lib\site-packages\rapidocr\models\PP-OCRv6_rec_small.pth[0m
[32m[INFO] 2026-08-31 20:25:44,249 [RapidOCR] base.py:23: Using engine_name: torch[0m
[32m[INFO] 2026-08-31 20:25:44,250 [RapidOCR] device_config.py:64: Using GPU device with ID: 0[0m
[32m[INFO] 2026-08-31 20:25:44,259 [RapidOCR] download_file.py:60: File exists and is valid: D:\Work\research\FileX\.venv-ai\Lib\site-packages\rapidocr\models\PP-OCRv6_det_small.pth[0m
[32m[INFO] 2026-08-31 20:25:44,259 [RapidOCR] main.py:50: Using D:\Work\research\FileX\.venv-ai\Lib\site-packages\rapidocr\models\PP-OCRv6_det_small.pth[0m
[32m[INFO] 2026-08-31 20:25:44,483 [RapidOCR] base.py:23: Using engine_name: torch[0m
[32m[INFO] 2026-08-31 20:25:44,484 [RapidOCR] device_config.py:64: Using GPU device with ID: 0[0m
[32m[INFO] 2026-08-31 20:25:44,485 [RapidOCR] download_file.py:60: File exists and is valid: D:\Work\research\FileX\.venv-ai\Lib\site-packages\rapidocr\models\ch_ptocr_mobile_v2.0_cls_mobile.pth[0m
[32m[INFO] 2026-08-31 20:25:44,485 [RapidOCR] main.py:50: Using D:\Work\research\FileX\.venv-ai\Lib\site-packages\rapidocr\models\ch_ptocr_mobile_v2.0_cls_mobile.pth[0m
[32m[INFO] 2026-08-31 20:25:44,639 [RapidOCR] base.py:23: Using engine_name: torch[0m
[32m[INFO] 2026-08-31 20:25:44,640 [RapidOCR] device_config.py:64: Using GPU device with ID: 0[0m
[32m[INFO] 2026-08-31 20:25:44,657 [RapidOCR] download_file.py:60: File exists and is valid: D:\Work\research\FileX\.venv-ai\Lib\site-packages\rapidocr\models\PP-OCRv6_rec_small.pth[0m
[32m[INFO] 2026-08-31 20:25:44,658 [RapidOCR] main.py:50: Using D:\Work\research\FileX\.venv-ai\Lib\site-packages\rapidocr\models\PP-OCRv6_rec_small.pth[0m
[32m[INFO] 2026-08-31 20:25:45,720 [RapidOCR] base.py:23: Using engine_name: torch[0m
[32m[INFO] 2026-08-31 20:25:45,721 [RapidOCR] device_config.py:64: Using GPU device with ID: 0[0m
[32m[INFO] 2026-08-31 20:25:45,730 [RapidOCR] download_file.py:60: File exists and is valid: D:\Work\research\FileX\.venv-ai\Lib\site-packages\rapidocr\models\PP-OCRv6_det_small.pth[0m
[32m[INFO] 2026-08-31 20:25:45,730 [RapidOCR] main.py:50: Using D:\Work\research\FileX\.venv-ai\Lib\site-packages\rapidocr\models\PP-OCRv6_det_small.pth[0m
[32m[INFO] 2026-08-31 20:25:45,964 [RapidOCR] base.py:23: Using engine_name: torch[0m
[32m[INFO] 2026-08-31 20:25:45,965 [RapidOCR] device_config.py:64: Using GPU device with ID: 0[0m
[32m[INFO] 2026-08-31 20:25:45,966 [RapidOCR] download_file.py:60: File exists and is valid: D:\Work\research\FileX\.venv-ai\Lib\site-packages\rapidocr\models\ch_ptocr_mobile_v2.0_cls_mobile.pth[0m
[32m[INFO] 2026-08-31 20:25:45,966 [RapidOCR] main.py:50: Using D:\Work\research\FileX\.venv-ai\Lib\site-packages\rapidocr\models\ch_ptocr_mobile_v2.0_cls_mobile.pth[0m
[32m[INFO] 2026-08-31 20:25:46,129 [RapidOCR] base.py:23: Using engine_name: torch[0m
[32m[INFO] 2026-08-31 20:25:46,130 [RapidOCR] device_config.py:64: Using GPU device with ID: 0[0m
[32m[INFO] 2026-08-31 20:25:46,147 [RapidOCR] download_file.py:60: File exists and is valid: D:\Work\research\FileX\.venv-ai\Lib\site-packages\rapidocr\models\PP-OCRv6_rec_small.pth[0m
[32m[INFO] 2026-08-31 20:25:46,147 [RapidOCR] main.py:50: Using D:\Work\research\FileX\.venv-ai\Lib\site-packages\rapidocr\models\PP-OCRv6_rec_small.pth[0m
[32m[INFO] 2026-08-31 20:25:47,366 [RapidOCR] base.py:23: Using engine_name: torch[0m
[32m[INFO] 2026-08-31 20:25:47,367 [RapidOCR] device_config.py:64: Using GPU device with ID: 0[0m
[32m[INFO] 2026-08-31 20:25:47,377 [RapidOCR] download_file.py:60: File exists and is valid: D:\Work\research\FileX\.venv-ai\Lib\site-packages\rapidocr\models\PP-OCRv6_det_small.pth[0m
[32m[INFO] 2026-08-31 20:25:47,377 [RapidOCR] main.py:50: Using D:\Work\research\FileX\.venv-ai\Lib\site-packages\rapidocr\models\PP-OCRv6_det_small.pth[0m
[32m[INFO] 2026-08-31 20:25:47,612 [RapidOCR] base.py:23: Using engine_name: torch[0m
[32m[INFO] 2026-08-31 20:25:47,614 [RapidOCR] device_config.py:64: Using GPU device with ID: 0[0m
[32m[INFO] 2026-08-31 20:25:47,614 [RapidOCR] download_file.py:60: File exists and is valid: D:\Work\research\FileX\.venv-ai\Lib\site-packages\rapidocr\models\ch_ptocr_mobile_v2.0_cls_mobile.pth[0m
[32m[INFO] 2026-08-31 20:25:47,614 [RapidOCR] main.py:50: Using D:\Work\research\FileX\.venv-ai\Lib\site-packages\rapidocr\models\ch_ptocr_mobile_v2.0_cls_mobile.pth[0m
[32m[INFO] 2026-08-31 20:25:47,775 [RapidOCR] base.py:23: Using engine_name: torch[0m
[32m[INFO] 2026-08-31 20:25:47,775 [RapidOCR] device_config.py:64: Using GPU device with ID: 0[0m
[32m[INFO] 2026-08-31 20:25:47,796 [RapidOCR] download_file.py:60: File exists and is valid: D:\Work\research\FileX\.venv-ai\Lib\site-packages\rapidocr\models\PP-OCRv6_rec_small.pth[0m
[32m[INFO] 2026-08-31 20:25:47,796 [RapidOCR] main.py:50: Using D:\Work\research\FileX\.venv-ai\Lib\site-packages\rapidocr\models\PP-OCRv6_rec_small.pth[0m
[32m[INFO] 2026-08-31 20:25:48,911 [RapidOCR] base.py:23: Using engine_name: torch[0m
[32m[INFO] 2026-08-31 20:25:48,911 [RapidOCR] device_config.py:64: Using GPU device with ID: 0[0m
[32m[INFO] 2026-08-31 20:25:48,922 [RapidOCR] download_file.py:60: File exists and is valid: D:\Work\research\FileX\.venv-ai\Lib\site-packages\rapidocr\models\PP-OCRv6_det_small.pth[0m
[32m[INFO] 2026-08-31 20:25:48,923 [RapidOCR] main.py:50: Using D:\Work\research\FileX\.venv-ai\Lib\site-packages\rapidocr\models\PP-OCRv6_det_small.pth[0m
[32m[INFO] 2026-08-31 20:25:49,283 [RapidOCR] base.py:23: Using engine_name: torch[0m
[32m[INFO] 2026-08-31 20:25:49,283 [RapidOCR] device_config.py:64: Using GPU device with ID: 0[0m
[32m[INFO] 2026-08-31 20:25:49,285 [RapidOCR] download_file.py:60: File exists and is valid: D:\Work\research\FileX\.venv-ai\Lib\site-packages\rapidocr\models\ch_ptocr_mobile_v2.0_cls_mobile.pth[0m
[32m[INFO] 2026-08-31 20:25:49,285 [RapidOCR] main.py:50: Using D:\Work\research\FileX\.venv-ai\Lib\site-packages\rapidocr\models\ch_ptocr_mobile_v2.0_cls_mobile.pth[0m
[32m[INFO] 2026-08-31 20:25:49,448 [RapidOCR] base.py:23: Using engine_name: torch[0m
[32m[INFO] 2026-08-31 20:25:49,449 [RapidOCR] device_config.py:64: Using GPU device with ID: 0[0m
[32m[INFO] 2026-08-31 20:25:49,468 [RapidOCR] download_file.py:60: File exists and is valid: D:\Work\research\FileX\.venv-ai\Lib\site-packages\rapidocr\models\PP-OCRv6_rec_small.pth[0m
[32m[INFO] 2026-08-31 20:25:49,468 [RapidOCR] main.py:50: Using D:\Work\research\FileX\.venv-ai\Lib\site-packages\rapidocr\models\PP-OCRv6_rec_small.pth[0m
[32m[INFO] 2026-08-31 20:25:50,652 [RapidOCR] base.py:23: Using engine_name: torch[0m
[32m[INFO] 2026-08-31 20:25:50,653 [RapidOCR] device_config.py:64: Using GPU device with ID: 0[0m
[32m[INFO] 2026-08-31 20:25:50,662 [RapidOCR] download_file.py:60: File exists and is valid: D:\Work\research\FileX\.venv-ai\Lib\site-packages\rapidocr\models\PP-OCRv6_det_small.pth[0m
[32m[INFO] 2026-08-31 20:25:50,662 [RapidOCR] main.py:50: Using D:\Work\research\FileX\.venv-ai\Lib\site-packages\rapidocr\models\PP-OCRv6_det_small.pth[0m
[32m[INFO] 2026-08-31 20:25:50,901 [RapidOCR] base.py:23: Using engine_name: torch[0m
[32m[INFO] 2026-08-31 20:25:50,901 [RapidOCR] device_config.py:64: Using GPU device with ID: 0[0m
[32m[INFO] 2026-08-31 20:25:50,902 [RapidOCR] download_file.py:60: File exists and is valid: D:\Work\research\FileX\.venv-ai\Lib\site-packages\rapidocr\models\ch_ptocr_mobile_v2.0_cls_mobile.pth[0m
[32m[INFO] 2026-08-31 20:25:50,903 [RapidOCR] main.py:50: Using D:\Work\research\FileX\.venv-ai\Lib\site-packages\rapidocr\models\ch_ptocr_mobile_v2.0_cls_mobile.pth[0m
[32m[INFO] 2026-08-31 20:25:51,059 [RapidOCR] base.py:23: Using engine_name: torch[0m
[32m[INFO] 2026-08-31 20:25:51,060 [RapidOCR] device_config.py:64: Using GPU device with ID: 0[0m
[32m[INFO] 2026-08-31 20:25:51,078 [RapidOCR] download_file.py:60: File exists and is valid: D:\Work\research\FileX\.venv-ai\Lib\site-packages\rapidocr\models\PP-OCRv6_rec_small.pth[0m
[32m[INFO] 2026-08-31 20:25:51,078 [RapidOCR] main.py:50: Using D:\Work\research\FileX\.venv-ai\Lib\site-packages\rapidocr\models\PP-OCRv6_rec_small.pth[0m
[32m[INFO] 2026-08-31 20:25:52,221 [RapidOCR] base.py:23: Using engine_name: torch[0m
[32m[INFO] 2026-08-31 20:25:52,222 [RapidOCR] device_config.py:64: Using GPU device with ID: 0[0m
[32m[INFO] 2026-08-31 20:25:52,233 [RapidOCR] download_file.py:60: File exists and is valid: D:\Work\research\FileX\.venv-ai\Lib\site-packages\rapidocr\models\PP-OCRv6_det_small.pth[0m
[32m[INFO] 2026-08-31 20:25:52,233 [RapidOCR] main.py:50: Using D:\Work\research\FileX\.venv-ai\Lib\site-packages\rapidocr\models\PP-OCRv6_det_small.pth[0m
[32m[INFO] 2026-08-31 20:25:52,719 [RapidOCR] base.py:23: Using engine_name: torch[0m
[32m[INFO] 2026-08-31 20:25:52,720 [RapidOCR] device_config.py:64: Using GPU device with ID: 0[0m
[32m[INFO] 2026-08-31 20:25:52,721 [RapidOCR] download_file.py:60: File exists and is valid: D:\Work\research\FileX\.venv-ai\Lib\site-packages\rapidocr\models\ch_ptocr_mobile_v2.0_cls_mobile.pth[0m
[32m[INFO] 2026-08-31 20:25:52,721 [RapidOCR] main.py:50: Using D:\Work\research\FileX\.venv-ai\Lib\site-packages\rapidocr\models\ch_ptocr_mobile_v2.0_cls_mobile.pth[0m
[32m[INFO] 2026-08-31 20:25:52,875 [RapidOCR] base.py:23: Using engine_name: torch[0m
[32m[INFO] 2026-08-31 20:25:52,876 [RapidOCR] device_config.py:64: Using GPU device with ID: 0[0m
[32m[INFO] 2026-08-31 20:25:52,896 [RapidOCR] download_file.py:60: File exists and is valid: D:\Work\research\FileX\.venv-ai\Lib\site-packages\rapidocr\models\PP-OCRv6_rec_small.pth[0m
[32m[INFO] 2026-08-31 20:25:52,896 [RapidOCR] main.py:50: Using D:\Work\research\FileX\.venv-ai\Lib\site-packages\rapidocr\models\PP-OCRv6_rec_small.pth[0m
[32m[INFO] 2026-08-31 20:25:54,069 [RapidOCR] base.py:23: Using engine_name: torch[0m
[32m[INFO] 2026-08-31 20:25:54,069 [RapidOCR] device_config.py:64: Using GPU device with ID: 0[0m
[32m[INFO] 2026-08-31 20:25:54,084 [RapidOCR] download_file.py:60: File exists and is valid: D:\Work\research\FileX\.venv-ai\Lib\site-packages\rapidocr\models\PP-OCRv6_det_small.pth[0m
[32m[INFO] 2026-08-31 20:25:54,085 [RapidOCR] main.py:50: Using D:\Work\research\FileX\.venv-ai\Lib\site-packages\rapidocr\models\PP-OCRv6_det_small.pth[0m
[32m[INFO] 2026-08-31 20:25:54,410 [RapidOCR] base.py:23: Using engine_name: torch[0m
[32m[INFO] 2026-08-31 20:25:54,410 [RapidOCR] device_config.py:64: Using GPU device with ID: 0[0m
[32m[INFO] 2026-08-31 20:25:54,413 [RapidOCR] download_file.py:60: File exists and is valid: D:\Work\research\FileX\.venv-ai\Lib\site-packages\rapidocr\models\ch_ptocr_mobile_v2.0_cls_mobile.pth[0m
[32m[INFO] 2026-08-31 20:25:54,413 [RapidOCR] main.py:50: Using D:\Work\research\FileX\.venv-ai\Lib\site-packages\rapidocr\models\ch_ptocr_mobile_v2.0_cls_mobile.pth[0m
[32m[INFO] 2026-08-31 20:25:54,600 [RapidOCR] base.py:23: Using engine_name: torch[0m
[32m[INFO] 2026-08-31 20:25:54,601 [RapidOCR] device_config.py:64: Using GPU device with ID: 0[0m
[32m[INFO] 2026-08-31 20:25:54,622 [RapidOCR] download_file.py:60: File exists and is valid: D:\Work\research\FileX\.venv-ai\Lib\site-packages\rapidocr\models\PP-OCRv6_rec_small.pth[0m
[32m[INFO] 2026-08-31 20:25:54,623 [RapidOCR] main.py:50: Using D:\Work\research\FileX\.venv-ai\Lib\site-packages\rapidocr\models\PP-OCRv6_rec_small.pth[0m
[32m[INFO] 2026-08-31 20:25:55,784 [RapidOCR] base.py:23: Using engine_name: torch[0m
[32m[INFO] 2026-08-31 20:25:55,785 [RapidOCR] device_config.py:64: Using GPU device with ID: 0[0m
[32m[INFO] 2026-08-31 20:25:55,795 [RapidOCR] download_file.py:60: File exists and is valid: D:\Work\research\FileX\.venv-ai\Lib\site-packages\rapidocr\models\PP-OCRv6_det_small.pth[0m
[32m[INFO] 2026-08-31 20:25:55,795 [RapidOCR] main.py:50: Using D:\Work\research\FileX\.venv-ai\Lib\site-packages\rapidocr\models\PP-OCRv6_det_small.pth[0m
[32m[INFO] 2026-08-31 20:25:56,067 [RapidOCR] base.py:23: Using engine_name: torch[0m
[32m[INFO] 2026-08-31 20:25:56,067 [RapidOCR] device_config.py:64: Using GPU device with ID: 0[0m
[32m[INFO] 2026-08-31 20:25:56,069 [RapidOCR] download_file.py:60: File exists and is valid: D:\Work\research\FileX\.venv-ai\Lib\site-packages\rapidocr\models\ch_ptocr_mobile_v2.0_cls_mobile.pth[0m
[32m[INFO] 2026-08-31 20:25:56,070 [RapidOCR] main.py:50: Using D:\Work\research\FileX\.venv-ai\Lib\site-packages\rapidocr\models\ch_ptocr_mobile_v2.0_cls_mobile.pth[0m
[32m[INFO] 2026-08-31 20:25:56,255 [RapidOCR] base.py:23: Using engine_name: torch[0m
[32m[INFO] 2026-08-31 20:25:56,255 [RapidOCR] device_config.py:64: Using GPU device with ID: 0[0m
[32m[INFO] 2026-08-31 20:25:56,278 [RapidOCR] download_file.py:60: File exists and is valid: D:\Work\research\FileX\.venv-ai\Lib\site-packages\rapidocr\models\PP-OCRv6_rec_small.pth[0m
[32m[INFO] 2026-08-31 20:25:56,278 [RapidOCR] main.py:50: Using D:\Work\research\FileX\.venv-ai\Lib\site-packages\rapidocr\models\PP-OCRv6_rec_small.pth[0m
{"config": "docling-def", "doc": "escaneado_d5c", "ppp_nativo": 80, "ppp": 130, "factor": 1.625, "png": "ppp130__escaneado_d5c.png", "png_identify": "840x1151 51.179999999999999716,51.179999999999999716 PixelsPerCentimeter", "preflight": {"vram_libre_mib": 8483, "mpx_actual": 0.967, "mpx_pendiente_ordenada": 0}, "entrada": "PDF via Docling; scale explicita", "dispositivo": "GPU CUDA", "rc": [1, 1, 1, 1, 1, 1, 1, 1, 1], "error": ["FileNotFoundError: [WinError 3] El sistema no puede encontrar la ruta especificada: '\\\\\\\\?\\\\\\\\wsl.localhost\\\\Ubuntu\\\\'", "FileNotFoundError: [WinError 3] El sistema no puede encontrar la ruta especificada: '\\\\\\\\?\\\\\\\\wsl.localhost\\\\Ubuntu\\\\'", "FileNotFoundError: [WinError 3] El sistema no puede encontrar la ruta especificada: '\\\\\\\\?\\\\\\\\wsl.localhost\\\\Ubuntu\\\\'", "FileNotFoundError: [WinError 3] El sistema no puede encontrar la ruta especificada: '\\\\\\\\?\\\\\\\\wsl.localhost\\\\Ubuntu\\\\'", "FileNotFoundError: [WinError 3] El sistema no puede encontrar la ruta especificada: '\\\\\\\\?\\\\\\\\wsl.localhost\\\\Ubuntu\\\\'", "FileNotFoundError: [WinError 3] El sistema no puede encontrar la ruta especificada: '\\\\\\\\?\\\\\\\\wsl.localhost\\\\Ubuntu\\\\'", "FileNotFoundError: [WinError 3] El sistema no puede encontrar la ruta especificada: '\\\\\\\\?\\\\\\\\wsl.localhost\\\\Ubuntu\\\\'", "FileNotFoundError: [WinError 3] El sistema no puede encontrar la ruta especificada: '\\\\\\\\?\\\\\\\\wsl.localhost\\\\Ubuntu\\\\'", "FileNotFoundError: [WinError 3] El sistema no puede encontrar la ruta especificada: '\\\\\\\\?\\\\\\\\wsl.localhost\\\\Ubuntu\\\\'"], "n": 9, "ms_mediana": 1769.8, "determinista": true, "metrica": "acentos", "cer_pct": 100.0, "cer_acentos_pct": 100.0, "cer_ciego_pct": 100.0, "dist_acentos": 596, "texto": "docling-def__ppp130__escaneado_d5c.txt"}
[32m[INFO] 2026-08-31 20:25:57,782 [RapidOCR] base.py:23: Using engine_name: torch[0m
[32m[INFO] 2026-08-31 20:25:57,783 [RapidOCR] device_config.py:64: Using GPU device with ID: 0[0m
[32m[INFO] 2026-08-31 20:25:57,794 [RapidOCR] download_file.py:60: File exists and is valid: D:\Work\research\FileX\.venv-ai\Lib\site-packages\rapidocr\models\PP-OCRv6_det_small.pth[0m
[32m[INFO] 2026-08-31 20:25:57,794 [RapidOCR] main.py:50: Using D:\Work\research\FileX\.venv-ai\Lib\site-packages\rapidocr\models\PP-OCRv6_det_small.pth[0m
[32m[INFO] 2026-08-31 20:25:58,066 [RapidOCR] base.py:23: Using engine_name: torch[0m
[32m[INFO] 2026-08-31 20:25:58,067 [RapidOCR] device_config.py:64: Using GPU device with ID: 0[0m
[32m[INFO] 2026-08-31 20:25:58,068 [RapidOCR] download_file.py:60: File exists and is valid: D:\Work\research\FileX\.venv-ai\Lib\site-packages\rapidocr\models\ch_ptocr_mobile_v2.0_cls_mobile.pth[0m
[32m[INFO] 2026-08-31 20:25:58,068 [RapidOCR] main.py:50: Using D:\Work\research\FileX\.venv-ai\Lib\site-packages\rapidocr\models\ch_ptocr_mobile_v2.0_cls_mobile.pth[0m
[32m[INFO] 2026-08-31 20:25:58,417 [RapidOCR] base.py:23: Using engine_name: torch[0m
[32m[INFO] 2026-08-31 20:25:58,417 [RapidOCR] device_config.py:64: Using GPU device with ID: 0[0m
[32m[INFO] 2026-08-31 20:25:58,438 [RapidOCR] download_file.py:60: File exists and is valid: D:\Work\research\FileX\.venv-ai\Lib\site-packages\rapidocr\models\PP-OCRv6_rec_small.pth[0m
[32m[INFO] 2026-08-31 20:25:58,438 [RapidOCR] main.py:50: Using D:\Work\research\FileX\.venv-ai\Lib\site-packages\rapidocr\models\PP-OCRv6_rec_small.pth[0m
[32m[INFO] 2026-08-31 20:25:59,718 [RapidOCR] base.py:23: Using engine_name: torch[0m
[32m[INFO] 2026-08-31 20:25:59,719 [RapidOCR] device_config.py:64: Using GPU device with ID: 0[0m
[32m[INFO] 2026-08-31 20:25:59,728 [RapidOCR] download_file.py:60: File exists and is valid: D:\Work\research\FileX\.venv-ai\Lib\site-packages\rapidocr\models\PP-OCRv6_det_small.pth[0m
[32m[INFO] 2026-08-31 20:25:59,728 [RapidOCR] main.py:50: Using D:\Work\research\FileX\.venv-ai\Lib\site-packages\rapidocr\models\PP-OCRv6_det_small.pth[0m
[32m[INFO] 2026-08-31 20:26:00,072 [RapidOCR] base.py:23: Using engine_name: torch[0m
[32m[INFO] 2026-08-31 20:26:00,073 [RapidOCR] device_config.py:64: Using GPU device with ID: 0[0m
[32m[INFO] 2026-08-31 20:26:00,074 [RapidOCR] download_file.py:60: File exists and is valid: D:\Work\research\FileX\.venv-ai\Lib\site-packages\rapidocr\models\ch_ptocr_mobile_v2.0_cls_mobile.pth[0m
[32m[INFO] 2026-08-31 20:26:00,074 [RapidOCR] main.py:50: Using D:\Work\research\FileX\.venv-ai\Lib\site-packages\rapidocr\models\ch_ptocr_mobile_v2.0_cls_mobile.pth[0m
[32m[INFO] 2026-08-31 20:26:00,264 [RapidOCR] base.py:23: Using engine_name: torch[0m
[32m[INFO] 2026-08-31 20:26:00,265 [RapidOCR] device_config.py:64: Using GPU device with ID: 0[0m
[32m[INFO] 2026-08-31 20:26:00,285 [RapidOCR] download_file.py:60: File exists and is valid: D:\Work\research\FileX\.venv-ai\Lib\site-packages\rapidocr\models\PP-OCRv6_rec_small.pth[0m
[32m[INFO] 2026-08-31 20:26:00,286 [RapidOCR] main.py:50: Using D:\Work\research\FileX\.venv-ai\Lib\site-packages\rapidocr\models\PP-OCRv6_rec_small.pth[0m
[32m[INFO] 2026-08-31 20:26:01,477 [RapidOCR] base.py:23: Using engine_name: torch[0m
[32m[INFO] 2026-08-31 20:26:01,478 [RapidOCR] device_config.py:64: Using GPU device with ID: 0[0m
[32m[INFO] 2026-08-31 20:26:01,488 [RapidOCR] download_file.py:60: File exists and is valid: D:\Work\research\FileX\.venv-ai\Lib\site-packages\rapidocr\models\PP-OCRv6_det_small.pth[0m
[32m[INFO] 2026-08-31 20:26:01,488 [RapidOCR] main.py:50: Using D:\Work\research\FileX\.venv-ai\Lib\site-packages\rapidocr\models\PP-OCRv6_det_small.pth[0m
[32m[INFO] 2026-08-31 20:26:01,755 [RapidOCR] base.py:23: Using engine_name: torch[0m
[32m[INFO] 2026-08-31 20:26:01,755 [RapidOCR] device_config.py:64: Using GPU device with ID: 0[0m
[32m[INFO] 2026-08-31 20:26:01,757 [RapidOCR] download_file.py:60: File exists and is valid: D:\Work\research\FileX\.venv-ai\Lib\site-packages\rapidocr\models\ch_ptocr_mobile_v2.0_cls_mobile.pth[0m
[32m[INFO] 2026-08-31 20:26:01,757 [RapidOCR] main.py:50: Using D:\Work\research\FileX\.venv-ai\Lib\site-packages\rapidocr\models\ch_ptocr_mobile_v2.0_cls_mobile.pth[0m
[32m[INFO] 2026-08-31 20:26:01,959 [RapidOCR] base.py:23: Using engine_name: torch[0m
[32m[INFO] 2026-08-31 20:26:01,959 [RapidOCR] device_config.py:64: Using GPU device with ID: 0[0m
[32m[INFO] 2026-08-31 20:26:01,981 [RapidOCR] download_file.py:60: File exists and is valid: D:\Work\research\FileX\.venv-ai\Lib\site-packages\rapidocr\models\PP-OCRv6_rec_small.pth[0m
[32m[INFO] 2026-08-31 20:26:01,981 [RapidOCR] main.py:50: Using D:\Work\research\FileX\.venv-ai\Lib\site-packages\rapidocr\models\PP-OCRv6_rec_small.pth[0m
[32m[INFO] 2026-08-31 20:26:03,280 [RapidOCR] base.py:23: Using engine_name: torch[0m
[32m[INFO] 2026-08-31 20:26:03,281 [RapidOCR] device_config.py:64: Using GPU device with ID: 0[0m
[32m[INFO] 2026-08-31 20:26:03,292 [RapidOCR] download_file.py:60: File exists and is valid: D:\Work\research\FileX\.venv-ai\Lib\site-packages\rapidocr\models\PP-OCRv6_det_small.pth[0m
[32m[INFO] 2026-08-31 20:26:03,293 [RapidOCR] main.py:50: Using D:\Work\research\FileX\.venv-ai\Lib\site-packages\rapidocr\models\PP-OCRv6_det_small.pth[0m
[32m[INFO] 2026-08-31 20:26:03,651 [RapidOCR] base.py:23: Using engine_name: torch[0m
[32m[INFO] 2026-08-31 20:26:03,651 [RapidOCR] device_config.py:64: Using GPU device with ID: 0[0m
[32m[INFO] 2026-08-31 20:26:03,652 [RapidOCR] download_file.py:60: File exists and is valid: D:\Work\research\FileX\.venv-ai\Lib\site-packages\rapidocr\models\ch_ptocr_mobile_v2.0_cls_mobile.pth[0m
[32m[INFO] 2026-08-31 20:26:03,653 [RapidOCR] main.py:50: Using D:\Work\research\FileX\.venv-ai\Lib\site-packages\rapidocr\models\ch_ptocr_mobile_v2.0_cls_mobile.pth[0m
[32m[INFO] 2026-08-31 20:26:03,888 [RapidOCR] base.py:23: Using engine_name: torch[0m
[32m[INFO] 2026-08-31 20:26:03,889 [RapidOCR] device_config.py:64: Using GPU device with ID: 0[0m
[32m[INFO] 2026-08-31 20:26:03,912 [RapidOCR] download_file.py:60: File exists and is valid: D:\Work\research\FileX\.venv-ai\Lib\site-packages\rapidocr\models\PP-OCRv6_rec_small.pth[0m
[32m[INFO] 2026-08-31 20:26:03,913 [RapidOCR] main.py:50: Using D:\Work\research\FileX\.venv-ai\Lib\site-packages\rapidocr\models\PP-OCRv6_rec_small.pth[0m
[32m[INFO] 2026-08-31 20:26:05,505 [RapidOCR] base.py:23: Using engine_name: torch[0m
[32m[INFO] 2026-08-31 20:26:05,505 [RapidOCR] device_config.py:64: Using GPU device with ID: 0[0m
[32m[INFO] 2026-08-31 20:26:05,518 [RapidOCR] download_file.py:60: File exists and is valid: D:\Work\research\FileX\.venv-ai\Lib\site-packages\rapidocr\models\PP-OCRv6_det_small.pth[0m
[32m[INFO] 2026-08-31 20:26:05,519 [RapidOCR] main.py:50: Using D:\Work\research\FileX\.venv-ai\Lib\site-packages\rapidocr\models\PP-OCRv6_det_small.pth[0m
[32m[INFO] 2026-08-31 20:26:05,775 [RapidOCR] base.py:23: Using engine_name: torch[0m
[32m[INFO] 2026-08-31 20:26:05,775 [RapidOCR] device_config.py:64: Using GPU device with ID: 0[0m
[32m[INFO] 2026-08-31 20:26:05,776 [RapidOCR] download_file.py:60: File exists and is valid: D:\Work\research\FileX\.venv-ai\Lib\site-packages\rapidocr\models\ch_ptocr_mobile_v2.0_cls_mobile.pth[0m
[32m[INFO] 2026-08-31 20:26:05,777 [RapidOCR] main.py:50: Using D:\Work\research\FileX\.venv-ai\Lib\site-packages\rapidocr\models\ch_ptocr_mobile_v2.0_cls_mobile.pth[0m
[32m[INFO] 2026-08-31 20:26:05,956 [RapidOCR] base.py:23: Using engine_name: torch[0m
[32m[INFO] 2026-08-31 20:26:05,957 [RapidOCR] device_config.py:64: Using GPU device with ID: 0[0m
[32m[INFO] 2026-08-31 20:26:05,976 [RapidOCR] download_file.py:60: File exists and is valid: D:\Work\research\FileX\.venv-ai\Lib\site-packages\rapidocr\models\PP-OCRv6_rec_small.pth[0m
[32m[INFO] 2026-08-31 20:26:05,976 [RapidOCR] main.py:50: Using D:\Work\research\FileX\.venv-ai\Lib\site-packages\rapidocr\models\PP-OCRv6_rec_small.pth[0m
[32m[INFO] 2026-08-31 20:26:07,123 [RapidOCR] base.py:23: Using engine_name: torch[0m
[32m[INFO] 2026-08-31 20:26:07,124 [RapidOCR] device_config.py:64: Using GPU device with ID: 0[0m
[32m[INFO] 2026-08-31 20:26:07,135 [RapidOCR] download_file.py:60: File exists and is valid: D:\Work\research\FileX\.venv-ai\Lib\site-packages\rapidocr\models\PP-OCRv6_det_small.pth[0m
[32m[INFO] 2026-08-31 20:26:07,135 [RapidOCR] main.py:50: Using D:\Work\research\FileX\.venv-ai\Lib\site-packages\rapidocr\models\PP-OCRv6_det_small.pth[0m
[32m[INFO] 2026-08-31 20:26:07,479 [RapidOCR] base.py:23: Using engine_name: torch[0m
[32m[INFO] 2026-08-31 20:26:07,479 [RapidOCR] device_config.py:64: Using GPU device with ID: 0[0m
[32m[INFO] 2026-08-31 20:26:07,481 [RapidOCR] download_file.py:60: File exists and is valid: D:\Work\research\FileX\.venv-ai\Lib\site-packages\rapidocr\models\ch_ptocr_mobile_v2.0_cls_mobile.pth[0m
[32m[INFO] 2026-08-31 20:26:07,481 [RapidOCR] main.py:50: Using D:\Work\research\FileX\.venv-ai\Lib\site-packages\rapidocr\models\ch_ptocr_mobile_v2.0_cls_mobile.pth[0m
[32m[INFO] 2026-08-31 20:26:07,668 [RapidOCR] base.py:23: Using engine_name: torch[0m
[32m[INFO] 2026-08-31 20:26:07,669 [RapidOCR] device_config.py:64: Using GPU device with ID: 0[0m
[32m[INFO] 2026-08-31 20:26:07,689 [RapidOCR] download_file.py:60: File exists and is valid: D:\Work\research\FileX\.venv-ai\Lib\site-packages\rapidocr\models\PP-OCRv6_rec_small.pth[0m
[32m[INFO] 2026-08-31 20:26:07,689 [RapidOCR] main.py:50: Using D:\Work\research\FileX\.venv-ai\Lib\site-packages\rapidocr\models\PP-OCRv6_rec_small.pth[0m
[32m[INFO] 2026-08-31 20:26:08,825 [RapidOCR] base.py:23: Using engine_name: torch[0m
[32m[INFO] 2026-08-31 20:26:08,826 [RapidOCR] device_config.py:64: Using GPU device with ID: 0[0m
[32m[INFO] 2026-08-31 20:26:08,835 [RapidOCR] download_file.py:60: File exists and is valid: D:\Work\research\FileX\.venv-ai\Lib\site-packages\rapidocr\models\PP-OCRv6_det_small.pth[0m
[32m[INFO] 2026-08-31 20:26:08,836 [RapidOCR] main.py:50: Using D:\Work\research\FileX\.venv-ai\Lib\site-packages\rapidocr\models\PP-OCRv6_det_small.pth[0m
[32m[INFO] 2026-08-31 20:26:09,150 [RapidOCR] base.py:23: Using engine_name: torch[0m
[32m[INFO] 2026-08-31 20:26:09,151 [RapidOCR] device_config.py:64: Using GPU device with ID: 0[0m
[32m[INFO] 2026-08-31 20:26:09,152 [RapidOCR] download_file.py:60: File exists and is valid: D:\Work\research\FileX\.venv-ai\Lib\site-packages\rapidocr\models\ch_ptocr_mobile_v2.0_cls_mobile.pth[0m
[32m[INFO] 2026-08-31 20:26:09,152 [RapidOCR] main.py:50: Using D:\Work\research\FileX\.venv-ai\Lib\site-packages\rapidocr\models\ch_ptocr_mobile_v2.0_cls_mobile.pth[0m
[32m[INFO] 2026-08-31 20:26:09,319 [RapidOCR] base.py:23: Using engine_name: torch[0m
[32m[INFO] 2026-08-31 20:26:09,319 [RapidOCR] device_config.py:64: Using GPU device with ID: 0[0m
[32m[INFO] 2026-08-31 20:26:09,341 [RapidOCR] download_file.py:60: File exists and is valid: D:\Work\research\FileX\.venv-ai\Lib\site-packages\rapidocr\models\PP-OCRv6_rec_small.pth[0m
[32m[INFO] 2026-08-31 20:26:09,341 [RapidOCR] main.py:50: Using D:\Work\research\FileX\.venv-ai\Lib\site-packages\rapidocr\models\PP-OCRv6_rec_small.pth[0m
[32m[INFO] 2026-08-31 20:26:10,837 [RapidOCR] base.py:23: Using engine_name: torch[0m
[32m[INFO] 2026-08-31 20:26:10,838 [RapidOCR] device_config.py:64: Using GPU device with ID: 0[0m
[32m[INFO] 2026-08-31 20:26:10,847 [RapidOCR] download_file.py:60: File exists and is valid: D:\Work\research\FileX\.venv-ai\Lib\site-packages\rapidocr\models\PP-OCRv6_det_small.pth[0m
[32m[INFO] 2026-08-31 20:26:10,847 [RapidOCR] main.py:50: Using D:\Work\research\FileX\.venv-ai\Lib\site-packages\rapidocr\models\PP-OCRv6_det_small.pth[0m
[32m[INFO] 2026-08-31 20:26:11,058 [RapidOCR] base.py:23: Using engine_name: torch[0m
[32m[INFO] 2026-08-31 20:26:11,059 [RapidOCR] device_config.py:64: Using GPU device with ID: 0[0m
[32m[INFO] 2026-08-31 20:26:11,060 [RapidOCR] download_file.py:60: File exists and is valid: D:\Work\research\FileX\.venv-ai\Lib\site-packages\rapidocr\models\ch_ptocr_mobile_v2.0_cls_mobile.pth[0m
[32m[INFO] 2026-08-31 20:26:11,061 [RapidOCR] main.py:50: Using D:\Work\research\FileX\.venv-ai\Lib\site-packages\rapidocr\models\ch_ptocr_mobile_v2.0_cls_mobile.pth[0m
[32m[INFO] 2026-08-31 20:26:11,227 [RapidOCR] base.py:23: Using engine_name: torch[0m
[32m[INFO] 2026-08-31 20:26:11,228 [RapidOCR] device_config.py:64: Using GPU device with ID: 0[0m
[32m[INFO] 2026-08-31 20:26:11,247 [RapidOCR] download_file.py:60: File exists and is valid: D:\Work\research\FileX\.venv-ai\Lib\site-packages\rapidocr\models\PP-OCRv6_rec_small.pth[0m
[32m[INFO] 2026-08-31 20:26:11,248 [RapidOCR] main.py:50: Using D:\Work\research\FileX\.venv-ai\Lib\site-packages\rapidocr\models\PP-OCRv6_rec_small.pth[0m
[32m[INFO] 2026-08-31 20:26:12,385 [RapidOCR] base.py:23: Using engine_name: torch[0m
[32m[INFO] 2026-08-31 20:26:12,386 [RapidOCR] device_config.py:64: Using GPU device with ID: 0[0m
[32m[INFO] 2026-08-31 20:26:12,396 [RapidOCR] download_file.py:60: File exists and is valid: D:\Work\research\FileX\.venv-ai\Lib\site-packages\rapidocr\models\PP-OCRv6_det_small.pth[0m
[32m[INFO] 2026-08-31 20:26:12,396 [RapidOCR] main.py:50: Using D:\Work\research\FileX\.venv-ai\Lib\site-packages\rapidocr\models\PP-OCRv6_det_small.pth[0m
[32m[INFO] 2026-08-31 20:26:12,615 [RapidOCR] base.py:23: Using engine_name: torch[0m
[32m[INFO] 2026-08-31 20:26:12,615 [RapidOCR] device_config.py:64: Using GPU device with ID: 0[0m
[32m[INFO] 2026-08-31 20:26:12,617 [RapidOCR] download_file.py:60: File exists and is valid: D:\Work\research\FileX\.venv-ai\Lib\site-packages\rapidocr\models\ch_ptocr_mobile_v2.0_cls_mobile.pth[0m
[32m[INFO] 2026-08-31 20:26:12,617 [RapidOCR] main.py:50: Using D:\Work\research\FileX\.venv-ai\Lib\site-packages\rapidocr\models\ch_ptocr_mobile_v2.0_cls_mobile.pth[0m
[32m[INFO] 2026-08-31 20:26:12,771 [RapidOCR] base.py:23: Using engine_name: torch[0m
[32m[INFO] 2026-08-31 20:26:12,771 [RapidOCR] device_config.py:64: Using GPU device with ID: 0[0m
[32m[INFO] 2026-08-31 20:26:12,790 [RapidOCR] download_file.py:60: File exists and is valid: D:\Work\research\FileX\.venv-ai\Lib\site-packages\rapidocr\models\PP-OCRv6_rec_small.pth[0m
[32m[INFO] 2026-08-31 20:26:12,790 [RapidOCR] main.py:50: Using D:\Work\research\FileX\.venv-ai\Lib\site-packages\rapidocr\models\PP-OCRv6_rec_small.pth[0m
[32m[INFO] 2026-08-31 20:26:14,211 [RapidOCR] base.py:23: Using engine_name: torch[0m
[32m[INFO] 2026-08-31 20:26:14,212 [RapidOCR] device_config.py:64: Using GPU device with ID: 0[0m
[32m[INFO] 2026-08-31 20:26:14,222 [RapidOCR] download_file.py:60: File exists and is valid: D:\Work\research\FileX\.venv-ai\Lib\site-packages\rapidocr\models\PP-OCRv6_det_small.pth[0m
[32m[INFO] 2026-08-31 20:26:14,222 [RapidOCR] main.py:50: Using D:\Work\research\FileX\.venv-ai\Lib\site-packages\rapidocr\models\PP-OCRv6_det_small.pth[0m
[32m[INFO] 2026-08-31 20:26:14,443 [RapidOCR] base.py:23: Using engine_name: torch[0m
[32m[INFO] 2026-08-31 20:26:14,444 [RapidOCR] device_config.py:64: Using GPU device with ID: 0[0m
[32m[INFO] 2026-08-31 20:26:14,446 [RapidOCR] download_file.py:60: File exists and is valid: D:\Work\research\FileX\.venv-ai\Lib\site-packages\rapidocr\models\ch_ptocr_mobile_v2.0_cls_mobile.pth[0m
[32m[INFO] 2026-08-31 20:26:14,446 [RapidOCR] main.py:50: Using D:\Work\research\FileX\.venv-ai\Lib\site-packages\rapidocr\models\ch_ptocr_mobile_v2.0_cls_mobile.pth[0m
[32m[INFO] 2026-08-31 20:26:14,607 [RapidOCR] base.py:23: Using engine_name: torch[0m
[32m[INFO] 2026-08-31 20:26:14,607 [RapidOCR] device_config.py:64: Using GPU device with ID: 0[0m
[32m[INFO] 2026-08-31 20:26:14,626 [RapidOCR] download_file.py:60: File exists and is valid: D:\Work\research\FileX\.venv-ai\Lib\site-packages\rapidocr\models\PP-OCRv6_rec_small.pth[0m
[32m[INFO] 2026-08-31 20:26:14,626 [RapidOCR] main.py:50: Using D:\Work\research\FileX\.venv-ai\Lib\site-packages\rapidocr\models\PP-OCRv6_rec_small.pth[0m
{"config": "docling-def", "doc": "escaneado_d5c", "ppp_nativo": 80, "ppp": 135, "factor": 1.688, "png": "ppp135__escaneado_d5c.png", "png_identify": "872x1195 53.140000000000000568,53.149999999999998579 PixelsPerCentimeter", "preflight": {"vram_libre_mib": 8725, "mpx_actual": 1.042, "mpx_pendiente_ordenada": 0}, "entrada": "PDF via Docling; scale explicita", "dispositivo": "GPU CUDA", "rc": [1, 1, 1, 1, 1, 1, 1, 1, 1], "error": ["FileNotFoundError: [WinError 3] El sistema no puede encontrar la ruta especificada: '\\\\\\\\?\\\\\\\\wsl.localhost\\\\Ubuntu\\\\'", "FileNotFoundError: [WinError 3] El sistema no puede encontrar la ruta especificada: '\\\\\\\\?\\\\\\\\wsl.localhost\\\\Ubuntu\\\\'", "FileNotFoundError: [WinError 3] El sistema no puede encontrar la ruta especificada: '\\\\\\\\?\\\\\\\\wsl.localhost\\\\Ubuntu\\\\'", "FileNotFoundError: [WinError 3] El sistema no puede encontrar la ruta especificada: '\\\\\\\\?\\\\\\\\wsl.localhost\\\\Ubuntu\\\\'", "FileNotFoundError: [WinError 3] El sistema no puede encontrar la ruta especificada: '\\\\\\\\?\\\\\\\\wsl.localhost\\\\Ubuntu\\\\'", "FileNotFoundError: [WinError 3] El sistema no puede encontrar la ruta especificada: '\\\\\\\\?\\\\\\\\wsl.localhost\\\\Ubuntu\\\\'", "FileNotFoundError: [WinError 3] El sistema no puede encontrar la ruta especificada: '\\\\\\\\?\\\\\\\\wsl.localhost\\\\Ubuntu\\\\'", "FileNotFoundError: [WinError 3] El sistema no puede encontrar la ruta especificada: '\\\\\\\\?\\\\\\\\wsl.localhost\\\\Ubuntu\\\\'", "FileNotFoundError: [WinError 3] El sistema no puede encontrar la ruta especificada: '\\\\\\\\?\\\\\\\\wsl.localhost\\\\Ubuntu\\\\'"], "n": 9, "ms_mediana": 1760.5, "determinista": true, "metrica": "acentos", "cer_pct": 100.0, "cer_acentos_pct": 100.0, "cer_ciego_pct": 100.0, "dist_acentos": 596, "texto": "docling-def__ppp135__escaneado_d5c.txt"}
[32m[INFO] 2026-08-31 20:26:16,077 [RapidOCR] base.py:23: Using engine_name: torch[0m
[32m[INFO] 2026-08-31 20:26:16,078 [RapidOCR] device_config.py:64: Using GPU device with ID: 0[0m
[32m[INFO] 2026-08-31 20:26:16,086 [RapidOCR] download_file.py:60: File exists and is valid: D:\Work\research\FileX\.venv-ai\Lib\site-packages\rapidocr\models\PP-OCRv6_det_small.pth[0m
[32m[INFO] 2026-08-31 20:26:16,086 [RapidOCR] main.py:50: Using D:\Work\research\FileX\.venv-ai\Lib\site-packages\rapidocr\models\PP-OCRv6_det_small.pth[0m
[32m[INFO] 2026-08-31 20:26:16,321 [RapidOCR] base.py:23: Using engine_name: torch[0m
[32m[INFO] 2026-08-31 20:26:16,321 [RapidOCR] device_config.py:64: Using GPU device with ID: 0[0m
[32m[INFO] 2026-08-31 20:26:16,323 [RapidOCR] download_file.py:60: File exists and is valid: D:\Work\research\FileX\.venv-ai\Lib\site-packages\rapidocr\models\ch_ptocr_mobile_v2.0_cls_mobile.pth[0m
[32m[INFO] 2026-08-31 20:26:16,323 [RapidOCR] main.py:50: Using D:\Work\research\FileX\.venv-ai\Lib\site-packages\rapidocr\models\ch_ptocr_mobile_v2.0_cls_mobile.pth[0m
[32m[INFO] 2026-08-31 20:26:16,489 [RapidOCR] base.py:23: Using engine_name: torch[0m
[32m[INFO] 2026-08-31 20:26:16,489 [RapidOCR] device_config.py:64: Using GPU device with ID: 0[0m
[32m[INFO] 2026-08-31 20:26:16,509 [RapidOCR] download_file.py:60: File exists and is valid: D:\Work\research\FileX\.venv-ai\Lib\site-packages\rapidocr\models\PP-OCRv6_rec_small.pth[0m
[32m[INFO] 2026-08-31 20:26:16,509 [RapidOCR] main.py:50: Using D:\Work\research\FileX\.venv-ai\Lib\site-packages\rapidocr\models\PP-OCRv6_rec_small.pth[0m
[32m[INFO] 2026-08-31 20:26:17,603 [RapidOCR] base.py:23: Using engine_name: torch[0m
[32m[INFO] 2026-08-31 20:26:17,604 [RapidOCR] device_config.py:64: Using GPU device with ID: 0[0m
[32m[INFO] 2026-08-31 20:26:17,613 [RapidOCR] download_file.py:60: File exists and is valid: D:\Work\research\FileX\.venv-ai\Lib\site-packages\rapidocr\models\PP-OCRv6_det_small.pth[0m
[32m[INFO] 2026-08-31 20:26:17,614 [RapidOCR] main.py:50: Using D:\Work\research\FileX\.venv-ai\Lib\site-packages\rapidocr\models\PP-OCRv6_det_small.pth[0m
[32m[INFO] 2026-08-31 20:26:17,836 [RapidOCR] base.py:23: Using engine_name: torch[0m
[32m[INFO] 2026-08-31 20:26:17,837 [RapidOCR] device_config.py:64: Using GPU device with ID: 0[0m
[32m[INFO] 2026-08-31 20:26:17,838 [RapidOCR] download_file.py:60: File exists and is valid: D:\Work\research\FileX\.venv-ai\Lib\site-packages\rapidocr\models\ch_ptocr_mobile_v2.0_cls_mobile.pth[0m
[32m[INFO] 2026-08-31 20:26:17,838 [RapidOCR] main.py:50: Using D:\Work\research\FileX\.venv-ai\Lib\site-packages\rapidocr\models\ch_ptocr_mobile_v2.0_cls_mobile.pth[0m
[32m[INFO] 2026-08-31 20:26:18,001 [RapidOCR] base.py:23: Using engine_name: torch[0m
[32m[INFO] 2026-08-31 20:26:18,001 [RapidOCR] device_config.py:64: Using GPU device with ID: 0[0m
[32m[INFO] 2026-08-31 20:26:18,022 [RapidOCR] download_file.py:60: File exists and is valid: D:\Work\research\FileX\.venv-ai\Lib\site-packages\rapidocr\models\PP-OCRv6_rec_small.pth[0m
[32m[INFO] 2026-08-31 20:26:18,022 [RapidOCR] main.py:50: Using D:\Work\research\FileX\.venv-ai\Lib\site-packages\rapidocr\models\PP-OCRv6_rec_small.pth[0m
[32m[INFO] 2026-08-31 20:26:19,185 [RapidOCR] base.py:23: Using engine_name: torch[0m
[32m[INFO] 2026-08-31 20:26:19,185 [RapidOCR] device_config.py:64: Using GPU device with ID: 0[0m
[32m[INFO] 2026-08-31 20:26:19,196 [RapidOCR] download_file.py:60: File exists and is valid: D:\Work\research\FileX\.venv-ai\Lib\site-packages\rapidocr\models\PP-OCRv6_det_small.pth[0m
[32m[INFO] 2026-08-31 20:26:19,196 [RapidOCR] main.py:50: Using D:\Work\research\FileX\.venv-ai\Lib\site-packages\rapidocr\models\PP-OCRv6_det_small.pth[0m
[32m[INFO] 2026-08-31 20:26:19,446 [RapidOCR] base.py:23: Using engine_name: torch[0m
[32m[INFO] 2026-08-31 20:26:19,446 [RapidOCR] device_config.py:64: Using GPU device with ID: 0[0m
[32m[INFO] 2026-08-31 20:26:19,447 [RapidOCR] download_file.py:60: File exists and is valid: D:\Work\research\FileX\.venv-ai\Lib\site-packages\rapidocr\models\ch_ptocr_mobile_v2.0_cls_mobile.pth[0m
[32m[INFO] 2026-08-31 20:26:19,448 [RapidOCR] main.py:50: Using D:\Work\research\FileX\.venv-ai\Lib\site-packages\rapidocr\models\ch_ptocr_mobile_v2.0_cls_mobile.pth[0m
[32m[INFO] 2026-08-31 20:26:19,625 [RapidOCR] base.py:23: Using engine_name: torch[0m
[32m[INFO] 2026-08-31 20:26:19,626 [RapidOCR] device_config.py:64: Using GPU device with ID: 0[0m
[32m[INFO] 2026-08-31 20:26:19,645 [RapidOCR] download_file.py:60: File exists and is valid: D:\Work\research\FileX\.venv-ai\Lib\site-packages\rapidocr\models\PP-OCRv6_rec_small.pth[0m
[32m[INFO] 2026-08-31 20:26:19,645 [RapidOCR] main.py:50: Using D:\Work\research\FileX\.venv-ai\Lib\site-packages\rapidocr\models\PP-OCRv6_rec_small.pth[0m
[32m[INFO] 2026-08-31 20:26:21,013 [RapidOCR] base.py:23: Using engine_name: torch[0m
[32m[INFO] 2026-08-31 20:26:21,014 [RapidOCR] device_config.py:64: Using GPU device with ID: 0[0m
[32m[INFO] 2026-08-31 20:26:21,023 [RapidOCR] download_file.py:60: File exists and is valid: D:\Work\research\FileX\.venv-ai\Lib\site-packages\rapidocr\models\PP-OCRv6_det_small.pth[0m
[32m[INFO] 2026-08-31 20:26:21,024 [RapidOCR] main.py:50: Using D:\Work\research\FileX\.venv-ai\Lib\site-packages\rapidocr\models\PP-OCRv6_det_small.pth[0m
[32m[INFO] 2026-08-31 20:26:21,296 [RapidOCR] base.py:23: Using engine_name: torch[0m
[32m[INFO] 2026-08-31 20:26:21,297 [RapidOCR] device_config.py:64: Using GPU device with ID: 0[0m
[32m[INFO] 2026-08-31 20:26:21,298 [RapidOCR] download_file.py:60: File exists and is valid: D:\Work\research\FileX\.venv-ai\Lib\site-packages\rapidocr\models\ch_ptocr_mobile_v2.0_cls_mobile.pth[0m
[32m[INFO] 2026-08-31 20:26:21,298 [RapidOCR] main.py:50: Using D:\Work\research\FileX\.venv-ai\Lib\site-packages\rapidocr\models\ch_ptocr_mobile_v2.0_cls_mobile.pth[0m
[32m[INFO] 2026-08-31 20:26:21,527 [RapidOCR] base.py:23: Using engine_name: torch[0m
[32m[INFO] 2026-08-31 20:26:21,528 [RapidOCR] device_config.py:64: Using GPU device with ID: 0[0m
[32m[INFO] 2026-08-31 20:26:21,547 [RapidOCR] download_file.py:60: File exists and is valid: D:\Work\research\FileX\.venv-ai\Lib\site-packages\rapidocr\models\PP-OCRv6_rec_small.pth[0m
[32m[INFO] 2026-08-31 20:26:21,547 [RapidOCR] main.py:50: Using D:\Work\research\FileX\.venv-ai\Lib\site-packages\rapidocr\models\PP-OCRv6_rec_small.pth[0m
[32m[INFO] 2026-08-31 20:26:22,774 [RapidOCR] base.py:23: Using engine_name: torch[0m
[32m[INFO] 2026-08-31 20:26:22,775 [RapidOCR] device_config.py:64: Using GPU device with ID: 0[0m
[32m[INFO] 2026-08-31 20:26:22,785 [RapidOCR] download_file.py:60: File exists and is valid: D:\Work\research\FileX\.venv-ai\Lib\site-packages\rapidocr\models\PP-OCRv6_det_small.pth[0m
[32m[INFO] 2026-08-31 20:26:22,785 [RapidOCR] main.py:50: Using D:\Work\research\FileX\.venv-ai\Lib\site-packages\rapidocr\models\PP-OCRv6_det_small.pth[0m
[32m[INFO] 2026-08-31 20:26:23,017 [RapidOCR] base.py:23: Using engine_name: torch[0m
[32m[INFO] 2026-08-31 20:26:23,018 [RapidOCR] device_config.py:64: Using GPU device with ID: 0[0m
[32m[INFO] 2026-08-31 20:26:23,019 [RapidOCR] download_file.py:60: File exists and is valid: D:\Work\research\FileX\.venv-ai\Lib\site-packages\rapidocr\models\ch_ptocr_mobile_v2.0_cls_mobile.pth[0m
[32m[INFO] 2026-08-31 20:26:23,019 [RapidOCR] main.py:50: Using D:\Work\research\FileX\.venv-ai\Lib\site-packages\rapidocr\models\ch_ptocr_mobile_v2.0_cls_mobile.pth[0m
[32m[INFO] 2026-08-31 20:26:23,180 [RapidOCR] base.py:23: Using engine_name: torch[0m
[32m[INFO] 2026-08-31 20:26:23,181 [RapidOCR] device_config.py:64: Using GPU device with ID: 0[0m
[32m[INFO] 2026-08-31 20:26:23,200 [RapidOCR] download_file.py:60: File exists and is valid: D:\Work\research\FileX\.venv-ai\Lib\site-packages\rapidocr\models\PP-OCRv6_rec_small.pth[0m
[32m[INFO] 2026-08-31 20:26:23,200 [RapidOCR] main.py:50: Using D:\Work\research\FileX\.venv-ai\Lib\site-packages\rapidocr\models\PP-OCRv6_rec_small.pth[0m
[32m[INFO] 2026-08-31 20:26:24,369 [RapidOCR] base.py:23: Using engine_name: torch[0m
[32m[INFO] 2026-08-31 20:26:24,370 [RapidOCR] device_config.py:64: Using GPU device with ID: 0[0m
[32m[INFO] 2026-08-31 20:26:24,379 [RapidOCR] download_file.py:60: File exists and is valid: D:\Work\research\FileX\.venv-ai\Lib\site-packages\rapidocr\models\PP-OCRv6_det_small.pth[0m
[32m[INFO] 2026-08-31 20:26:24,380 [RapidOCR] main.py:50: Using D:\Work\research\FileX\.venv-ai\Lib\site-packages\rapidocr\models\PP-OCRv6_det_small.pth[0m
[32m[INFO] 2026-08-31 20:26:24,604 [RapidOCR] base.py:23: Using engine_name: torch[0m
[32m[INFO] 2026-08-31 20:26:24,605 [RapidOCR] device_config.py:64: Using GPU device with ID: 0[0m
[32m[INFO] 2026-08-31 20:26:24,606 [RapidOCR] download_file.py:60: File exists and is valid: D:\Work\research\FileX\.venv-ai\Lib\site-packages\rapidocr\models\ch_ptocr_mobile_v2.0_cls_mobile.pth[0m
[32m[INFO] 2026-08-31 20:26:24,606 [RapidOCR] main.py:50: Using D:\Work\research\FileX\.venv-ai\Lib\site-packages\rapidocr\models\ch_ptocr_mobile_v2.0_cls_mobile.pth[0m
[32m[INFO] 2026-08-31 20:26:24,771 [RapidOCR] base.py:23: Using engine_name: torch[0m
[32m[INFO] 2026-08-31 20:26:24,772 [RapidOCR] device_config.py:64: Using GPU device with ID: 0[0m
[32m[INFO] 2026-08-31 20:26:24,792 [RapidOCR] download_file.py:60: File exists and is valid: D:\Work\research\FileX\.venv-ai\Lib\site-packages\rapidocr\models\PP-OCRv6_rec_small.pth[0m
[32m[INFO] 2026-08-31 20:26:24,792 [RapidOCR] main.py:50: Using D:\Work\research\FileX\.venv-ai\Lib\site-packages\rapidocr\models\PP-OCRv6_rec_small.pth[0m
[32m[INFO] 2026-08-31 20:26:25,935 [RapidOCR] base.py:23: Using engine_name: torch[0m
[32m[INFO] 2026-08-31 20:26:25,936 [RapidOCR] device_config.py:64: Using GPU device with ID: 0[0m
[32m[INFO] 2026-08-31 20:26:25,945 [RapidOCR] download_file.py:60: File exists and is valid: D:\Work\research\FileX\.venv-ai\Lib\site-packages\rapidocr\models\PP-OCRv6_det_small.pth[0m
[32m[INFO] 2026-08-31 20:26:25,945 [RapidOCR] main.py:50: Using D:\Work\research\FileX\.venv-ai\Lib\site-packages\rapidocr\models\PP-OCRv6_det_small.pth[0m
[32m[INFO] 2026-08-31 20:26:26,450 [RapidOCR] base.py:23: Using engine_name: torch[0m
[32m[INFO] 2026-08-31 20:26:26,451 [RapidOCR] device_config.py:64: Using GPU device with ID: 0[0m
[32m[INFO] 2026-08-31 20:26:26,452 [RapidOCR] download_file.py:60: File exists and is valid: D:\Work\research\FileX\.venv-ai\Lib\site-packages\rapidocr\models\ch_ptocr_mobile_v2.0_cls_mobile.pth[0m
[32m[INFO] 2026-08-31 20:26:26,452 [RapidOCR] main.py:50: Using D:\Work\research\FileX\.venv-ai\Lib\site-packages\rapidocr\models\ch_ptocr_mobile_v2.0_cls_mobile.pth[0m
[32m[INFO] 2026-08-31 20:26:26,623 [RapidOCR] base.py:23: Using engine_name: torch[0m
[32m[INFO] 2026-08-31 20:26:26,624 [RapidOCR] device_config.py:64: Using GPU device with ID: 0[0m
[32m[INFO] 2026-08-31 20:26:26,644 [RapidOCR] download_file.py:60: File exists and is valid: D:\Work\research\FileX\.venv-ai\Lib\site-packages\rapidocr\models\PP-OCRv6_rec_small.pth[0m
[32m[INFO] 2026-08-31 20:26:26,644 [RapidOCR] main.py:50: Using D:\Work\research\FileX\.venv-ai\Lib\site-packages\rapidocr\models\PP-OCRv6_rec_small.pth[0m
[32m[INFO] 2026-08-31 20:26:27,885 [RapidOCR] base.py:23: Using engine_name: torch[0m
[32m[INFO] 2026-08-31 20:26:27,886 [RapidOCR] device_config.py:64: Using GPU device with ID: 0[0m
[32m[INFO] 2026-08-31 20:26:27,895 [RapidOCR] download_file.py:60: File exists and is valid: D:\Work\research\FileX\.venv-ai\Lib\site-packages\rapidocr\models\PP-OCRv6_det_small.pth[0m
[32m[INFO] 2026-08-31 20:26:27,895 [RapidOCR] main.py:50: Using D:\Work\research\FileX\.venv-ai\Lib\site-packages\rapidocr\models\PP-OCRv6_det_small.pth[0m
[32m[INFO] 2026-08-31 20:26:28,156 [RapidOCR] base.py:23: Using engine_name: torch[0m
[32m[INFO] 2026-08-31 20:26:28,156 [RapidOCR] device_config.py:64: Using GPU device with ID: 0[0m
[32m[INFO] 2026-08-31 20:26:28,158 [RapidOCR] download_file.py:60: File exists and is valid: D:\Work\research\FileX\.venv-ai\Lib\site-packages\rapidocr\models\ch_ptocr_mobile_v2.0_cls_mobile.pth[0m
[32m[INFO] 2026-08-31 20:26:28,158 [RapidOCR] main.py:50: Using D:\Work\research\FileX\.venv-ai\Lib\site-packages\rapidocr\models\ch_ptocr_mobile_v2.0_cls_mobile.pth[0m
[32m[INFO] 2026-08-31 20:26:28,330 [RapidOCR] base.py:23: Using engine_name: torch[0m
[32m[INFO] 2026-08-31 20:26:28,331 [RapidOCR] device_config.py:64: Using GPU device with ID: 0[0m
[32m[INFO] 2026-08-31 20:26:28,350 [RapidOCR] download_file.py:60: File exists and is valid: D:\Work\research\FileX\.venv-ai\Lib\site-packages\rapidocr\models\PP-OCRv6_rec_small.pth[0m
[32m[INFO] 2026-08-31 20:26:28,350 [RapidOCR] main.py:50: Using D:\Work\research\FileX\.venv-ai\Lib\site-packages\rapidocr\models\PP-OCRv6_rec_small.pth[0m
[32m[INFO] 2026-08-31 20:26:29,571 [RapidOCR] base.py:23: Using engine_name: torch[0m
[32m[INFO] 2026-08-31 20:26:29,572 [RapidOCR] device_config.py:64: Using GPU device with ID: 0[0m
[32m[INFO] 2026-08-31 20:26:29,582 [RapidOCR] download_file.py:60: File exists and is valid: D:\Work\research\FileX\.venv-ai\Lib\site-packages\rapidocr\models\PP-OCRv6_det_small.pth[0m
[32m[INFO] 2026-08-31 20:26:29,582 [RapidOCR] main.py:50: Using D:\Work\research\FileX\.venv-ai\Lib\site-packages\rapidocr\models\PP-OCRv6_det_small.pth[0m
[32m[INFO] 2026-08-31 20:26:29,853 [RapidOCR] base.py:23: Using engine_name: torch[0m
[32m[INFO] 2026-08-31 20:26:29,854 [RapidOCR] device_config.py:64: Using GPU device with ID: 0[0m
[32m[INFO] 2026-08-31 20:26:29,855 [RapidOCR] download_file.py:60: File exists and is valid: D:\Work\research\FileX\.venv-ai\Lib\site-packages\rapidocr\models\ch_ptocr_mobile_v2.0_cls_mobile.pth[0m
[32m[INFO] 2026-08-31 20:26:29,855 [RapidOCR] main.py:50: Using D:\Work\research\FileX\.venv-ai\Lib\site-packages\rapidocr\models\ch_ptocr_mobile_v2.0_cls_mobile.pth[0m
[32m[INFO] 2026-08-31 20:26:30,048 [RapidOCR] base.py:23: Using engine_name: torch[0m
[32m[INFO] 2026-08-31 20:26:30,049 [RapidOCR] device_config.py:64: Using GPU device with ID: 0[0m
[32m[INFO] 2026-08-31 20:26:30,070 [RapidOCR] download_file.py:60: File exists and is valid: D:\Work\research\FileX\.venv-ai\Lib\site-packages\rapidocr\models\PP-OCRv6_rec_small.pth[0m
[32m[INFO] 2026-08-31 20:26:30,071 [RapidOCR] main.py:50: Using D:\Work\research\FileX\.venv-ai\Lib\site-packages\rapidocr\models\PP-OCRv6_rec_small.pth[0m
[32m[INFO] 2026-08-31 20:26:31,215 [RapidOCR] base.py:23: Using engine_name: torch[0m
[32m[INFO] 2026-08-31 20:26:31,216 [RapidOCR] device_config.py:64: Using GPU device with ID: 0[0m
[32m[INFO] 2026-08-31 20:26:31,225 [RapidOCR] download_file.py:60: File exists and is valid: D:\Work\research\FileX\.venv-ai\Lib\site-packages\rapidocr\models\PP-OCRv6_det_small.pth[0m
[32m[INFO] 2026-08-31 20:26:31,225 [RapidOCR] main.py:50: Using D:\Work\research\FileX\.venv-ai\Lib\site-packages\rapidocr\models\PP-OCRv6_det_small.pth[0m
[32m[INFO] 2026-08-31 20:26:31,521 [RapidOCR] base.py:23: Using engine_name: torch[0m
[32m[INFO] 2026-08-31 20:26:31,523 [RapidOCR] device_config.py:64: Using GPU device with ID: 0[0m
[32m[INFO] 2026-08-31 20:26:31,524 [RapidOCR] download_file.py:60: File exists and is valid: D:\Work\research\FileX\.venv-ai\Lib\site-packages\rapidocr\models\ch_ptocr_mobile_v2.0_cls_mobile.pth[0m
[32m[INFO] 2026-08-31 20:26:31,524 [RapidOCR] main.py:50: Using D:\Work\research\FileX\.venv-ai\Lib\site-packages\rapidocr\models\ch_ptocr_mobile_v2.0_cls_mobile.pth[0m
[32m[INFO] 2026-08-31 20:26:31,876 [RapidOCR] base.py:23: Using engine_name: torch[0m
[32m[INFO] 2026-08-31 20:26:31,876 [RapidOCR] device_config.py:64: Using GPU device with ID: 0[0m
[32m[INFO] 2026-08-31 20:26:31,896 [RapidOCR] download_file.py:60: File exists and is valid: D:\Work\research\FileX\.venv-ai\Lib\site-packages\rapidocr\models\PP-OCRv6_rec_small.pth[0m
[32m[INFO] 2026-08-31 20:26:31,896 [RapidOCR] main.py:50: Using D:\Work\research\FileX\.venv-ai\Lib\site-packages\rapidocr\models\PP-OCRv6_rec_small.pth[0m
{"config": "docling-def", "doc": "escaneado_d5c", "ppp_nativo": 80, "ppp": 140, "factor": 1.75, "png": "ppp140__escaneado_d5c.png", "png_identify": "905x1239 55.109999999999999432,55.119999999999997442 PixelsPerCentimeter", "preflight": {"vram_libre_mib": 8462, "mpx_actual": 1.121, "mpx_pendiente_ordenada": 0}, "entrada": "PDF via Docling; scale explicita", "dispositivo": "GPU CUDA", "rc": [1, 1, 1, 1, 1, 1, 1, 1, 1], "error": ["FileNotFoundError: [WinError 3] El sistema no puede encontrar la ruta especificada: '\\\\\\\\?\\\\\\\\wsl.localhost\\\\Ubuntu\\\\'", "FileNotFoundError: [WinError 3] El sistema no puede encontrar la ruta especificada: '\\\\\\\\?\\\\\\\\wsl.localhost\\\\Ubuntu\\\\'", "FileNotFoundError: [WinError 3] El sistema no puede encontrar la ruta especificada: '\\\\\\\\?\\\\\\\\wsl.localhost\\\\Ubuntu\\\\'", "FileNotFoundError: [WinError 3] El sistema no puede encontrar la ruta especificada: '\\\\\\\\?\\\\\\\\wsl.localhost\\\\Ubuntu\\\\'", "FileNotFoundError: [WinError 3] El sistema no puede encontrar la ruta especificada: '\\\\\\\\?\\\\\\\\wsl.localhost\\\\Ubuntu\\\\'", "FileNotFoundError: [WinError 3] El sistema no puede encontrar la ruta especificada: '\\\\\\\\?\\\\\\\\wsl.localhost\\\\Ubuntu\\\\'", "FileNotFoundError: [WinError 3] El sistema no puede encontrar la ruta especificada: '\\\\\\\\?\\\\\\\\wsl.localhost\\\\Ubuntu\\\\'", "FileNotFoundError: [WinError 3] El sistema no puede encontrar la ruta especificada: '\\\\\\\\?\\\\\\\\wsl.localhost\\\\Ubuntu\\\\'", "FileNotFoundError: [WinError 3] El sistema no puede encontrar la ruta especificada: '\\\\\\\\?\\\\\\\\wsl.localhost\\\\Ubuntu\\\\'"], "n": 9, "ms_mediana": 1675.0, "determinista": true, "metrica": "acentos", "cer_pct": 100.0, "cer_acentos_pct": 100.0, "cer_ciego_pct": 100.0, "dist_acentos": 596, "texto": "docling-def__ppp140__escaneado_d5c.txt"}
[32m[INFO] 2026-08-31 20:26:33,091 [RapidOCR] base.py:23: Using engine_name: torch[0m
[32m[INFO] 2026-08-31 20:26:33,092 [RapidOCR] device_config.py:64: Using GPU device with ID: 0[0m
[32m[INFO] 2026-08-31 20:26:33,102 [RapidOCR] download_file.py:60: File exists and is valid: D:\Work\research\FileX\.venv-ai\Lib\site-packages\rapidocr\models\PP-OCRv6_det_small.pth[0m
[32m[INFO] 2026-08-31 20:26:33,103 [RapidOCR] main.py:50: Using D:\Work\research\FileX\.venv-ai\Lib\site-packages\rapidocr\models\PP-OCRv6_det_small.pth[0m
[32m[INFO] 2026-08-31 20:26:33,340 [RapidOCR] base.py:23: Using engine_name: torch[0m
[32m[INFO] 2026-08-31 20:26:33,340 [RapidOCR] device_config.py:64: Using GPU device with ID: 0[0m
[32m[INFO] 2026-08-31 20:26:33,341 [RapidOCR] download_file.py:60: File exists and is valid: D:\Work\research\FileX\.venv-ai\Lib\site-packages\rapidocr\models\ch_ptocr_mobile_v2.0_cls_mobile.pth[0m
[32m[INFO] 2026-08-31 20:26:33,342 [RapidOCR] main.py:50: Using D:\Work\research\FileX\.venv-ai\Lib\site-packages\rapidocr\models\ch_ptocr_mobile_v2.0_cls_mobile.pth[0m
[32m[INFO] 2026-08-31 20:26:33,506 [RapidOCR] base.py:23: Using engine_name: torch[0m
[32m[INFO] 2026-08-31 20:26:33,506 [RapidOCR] device_config.py:64: Using GPU device with ID: 0[0m
[32m[INFO] 2026-08-31 20:26:33,525 [RapidOCR] download_file.py:60: File exists and is valid: D:\Work\research\FileX\.venv-ai\Lib\site-packages\rapidocr\models\PP-OCRv6_rec_small.pth[0m
[32m[INFO] 2026-08-31 20:26:33,525 [RapidOCR] main.py:50: Using D:\Work\research\FileX\.venv-ai\Lib\site-packages\rapidocr\models\PP-OCRv6_rec_small.pth[0m
[32m[INFO] 2026-08-31 20:26:34,714 [RapidOCR] base.py:23: Using engine_name: torch[0m
[32m[INFO] 2026-08-31 20:26:34,715 [RapidOCR] device_config.py:64: Using GPU device with ID: 0[0m
[32m[INFO] 2026-08-31 20:26:34,726 [RapidOCR] download_file.py:60: File exists and is valid: D:\Work\research\FileX\.venv-ai\Lib\site-packages\rapidocr\models\PP-OCRv6_det_small.pth[0m
[32m[INFO] 2026-08-31 20:26:34,726 [RapidOCR] main.py:50: Using D:\Work\research\FileX\.venv-ai\Lib\site-packages\rapidocr\models\PP-OCRv6_det_small.pth[0m
[32m[INFO] 2026-08-31 20:26:35,151 [RapidOCR] base.py:23: Using engine_name: torch[0m
[32m[INFO] 2026-08-31 20:26:35,151 [RapidOCR] device_config.py:64: Using GPU device with ID: 0[0m
[32m[INFO] 2026-08-31 20:26:35,153 [RapidOCR] download_file.py:60: File exists and is valid: D:\Work\research\FileX\.venv-ai\Lib\site-packages\rapidocr\models\ch_ptocr_mobile_v2.0_cls_mobile.pth[0m
[32m[INFO] 2026-08-31 20:26:35,153 [RapidOCR] main.py:50: Using D:\Work\research\FileX\.venv-ai\Lib\site-packages\rapidocr\models\ch_ptocr_mobile_v2.0_cls_mobile.pth[0m
[32m[INFO] 2026-08-31 20:26:35,332 [RapidOCR] base.py:23: Using engine_name: torch[0m
[32m[INFO] 2026-08-31 20:26:35,333 [RapidOCR] device_config.py:64: Using GPU device with ID: 0[0m
[32m[INFO] 2026-08-31 20:26:35,352 [RapidOCR] download_file.py:60: File exists and is valid: D:\Work\research\FileX\.venv-ai\Lib\site-packages\rapidocr\models\PP-OCRv6_rec_small.pth[0m
[32m[INFO] 2026-08-31 20:26:35,352 [RapidOCR] main.py:50: Using D:\Work\research\FileX\.venv-ai\Lib\site-packages\rapidocr\models\PP-OCRv6_rec_small.pth[0m
[32m[INFO] 2026-08-31 20:26:36,451 [RapidOCR] base.py:23: Using engine_name: torch[0m
[32m[INFO] 2026-08-31 20:26:36,451 [RapidOCR] device_config.py:64: Using GPU device with ID: 0[0m
[32m[INFO] 2026-08-31 20:26:36,461 [RapidOCR] download_file.py:60: File exists and is valid: D:\Work\research\FileX\.venv-ai\Lib\site-packages\rapidocr\models\PP-OCRv6_det_small.pth[0m
[32m[INFO] 2026-08-31 20:26:36,461 [RapidOCR] main.py:50: Using D:\Work\research\FileX\.venv-ai\Lib\site-packages\rapidocr\models\PP-OCRv6_det_small.pth[0m
[32m[INFO] 2026-08-31 20:26:36,706 [RapidOCR] base.py:23: Using engine_name: torch[0m
[32m[INFO] 2026-08-31 20:26:36,706 [RapidOCR] device_config.py:64: Using GPU device with ID: 0[0m
[32m[INFO] 2026-08-31 20:26:36,707 [RapidOCR] download_file.py:60: File exists and is valid: D:\Work\research\FileX\.venv-ai\Lib\site-packages\rapidocr\models\ch_ptocr_mobile_v2.0_cls_mobile.pth[0m
[32m[INFO] 2026-08-31 20:26:36,707 [RapidOCR] main.py:50: Using D:\Work\research\FileX\.venv-ai\Lib\site-packages\rapidocr\models\ch_ptocr_mobile_v2.0_cls_mobile.pth[0m
[32m[INFO] 2026-08-31 20:26:36,875 [RapidOCR] base.py:23: Using engine_name: torch[0m
[32m[INFO] 2026-08-31 20:26:36,876 [RapidOCR] device_config.py:64: Using GPU device with ID: 0[0m
[32m[INFO] 2026-08-31 20:26:36,895 [RapidOCR] download_file.py:60: File exists and is valid: D:\Work\research\FileX\.venv-ai\Lib\site-packages\rapidocr\models\PP-OCRv6_rec_small.pth[0m
[32m[INFO] 2026-08-31 20:26:36,896 [RapidOCR] main.py:50: Using D:\Work\research\FileX\.venv-ai\Lib\site-packages\rapidocr\models\PP-OCRv6_rec_small.pth[0m
[32m[INFO] 2026-08-31 20:26:38,201 [RapidOCR] base.py:23: Using engine_name: torch[0m
[32m[INFO] 2026-08-31 20:26:38,201 [RapidOCR] device_config.py:64: Using GPU device with ID: 0[0m
[32m[INFO] 2026-08-31 20:26:38,211 [RapidOCR] download_file.py:60: File exists and is valid: D:\Work\research\FileX\.venv-ai\Lib\site-packages\rapidocr\models\PP-OCRv6_det_small.pth[0m
[32m[INFO] 2026-08-31 20:26:38,211 [RapidOCR] main.py:50: Using D:\Work\research\FileX\.venv-ai\Lib\site-packages\rapidocr\models\PP-OCRv6_det_small.pth[0m
[32m[INFO] 2026-08-31 20:26:38,465 [RapidOCR] base.py:23: Using engine_name: torch[0m
[32m[INFO] 2026-08-31 20:26:38,466 [RapidOCR] device_config.py:64: Using GPU device with ID: 0[0m
[32m[INFO] 2026-08-31 20:26:38,467 [RapidOCR] download_file.py:60: File exists and is valid: D:\Work\research\FileX\.venv-ai\Lib\site-packages\rapidocr\models\ch_ptocr_mobile_v2.0_cls_mobile.pth[0m
[32m[INFO] 2026-08-31 20:26:38,467 [RapidOCR] main.py:50: Using D:\Work\research\FileX\.venv-ai\Lib\site-packages\rapidocr\models\ch_ptocr_mobile_v2.0_cls_mobile.pth[0m
[32m[INFO] 2026-08-31 20:26:38,640 [RapidOCR] base.py:23: Using engine_name: torch[0m
[32m[INFO] 2026-08-31 20:26:38,640 [RapidOCR] device_config.py:64: Using GPU device with ID: 0[0m
[32m[INFO] 2026-08-31 20:26:38,659 [RapidOCR] download_file.py:60: File exists and is valid: D:\Work\research\FileX\.venv-ai\Lib\site-packages\rapidocr\models\PP-OCRv6_rec_small.pth[0m
[32m[INFO] 2026-08-31 20:26:38,659 [RapidOCR] main.py:50: Using D:\Work\research\FileX\.venv-ai\Lib\site-packages\rapidocr\models\PP-OCRv6_rec_small.pth[0m
[32m[INFO] 2026-08-31 20:26:39,819 [RapidOCR] base.py:23: Using engine_name: torch[0m
[32m[INFO] 2026-08-31 20:26:39,819 [RapidOCR] device_config.py:64: Using GPU device with ID: 0[0m
[32m[INFO] 2026-08-31 20:26:39,829 [RapidOCR] download_file.py:60: File exists and is valid: D:\Work\research\FileX\.venv-ai\Lib\site-packages\rapidocr\models\PP-OCRv6_det_small.pth[0m
[32m[INFO] 2026-08-31 20:26:39,830 [RapidOCR] main.py:50: Using D:\Work\research\FileX\.venv-ai\Lib\site-packages\rapidocr\models\PP-OCRv6_det_small.pth[0m
[32m[INFO] 2026-08-31 20:26:40,161 [RapidOCR] base.py:23: Using engine_name: torch[0m
[32m[INFO] 2026-08-31 20:26:40,162 [RapidOCR] device_config.py:64: Using GPU device with ID: 0[0m
[32m[INFO] 2026-08-31 20:26:40,163 [RapidOCR] download_file.py:60: File exists and is valid: D:\Work\research\FileX\.venv-ai\Lib\site-packages\rapidocr\models\ch_ptocr_mobile_v2.0_cls_mobile.pth[0m
[32m[INFO] 2026-08-31 20:26:40,163 [RapidOCR] main.py:50: Using D:\Work\research\FileX\.venv-ai\Lib\site-packages\rapidocr\models\ch_ptocr_mobile_v2.0_cls_mobile.pth[0m
[32m[INFO] 2026-08-31 20:26:40,341 [RapidOCR] base.py:23: Using engine_name: torch[0m
[32m[INFO] 2026-08-31 20:26:40,342 [RapidOCR] device_config.py:64: Using GPU device with ID: 0[0m
[32m[INFO] 2026-08-31 20:26:40,361 [RapidOCR] download_file.py:60: File exists and is valid: D:\Work\research\FileX\.venv-ai\Lib\site-packages\rapidocr\models\PP-OCRv6_rec_small.pth[0m
[32m[INFO] 2026-08-31 20:26:40,362 [RapidOCR] main.py:50: Using D:\Work\research\FileX\.venv-ai\Lib\site-packages\rapidocr\models\PP-OCRv6_rec_small.pth[0m
[32m[INFO] 2026-08-31 20:26:41,467 [RapidOCR] base.py:23: Using engine_name: torch[0m
[32m[INFO] 2026-08-31 20:26:41,468 [RapidOCR] device_config.py:64: Using GPU device with ID: 0[0m
[32m[INFO] 2026-08-31 20:26:41,477 [RapidOCR] download_file.py:60: File exists and is valid: D:\Work\research\FileX\.venv-ai\Lib\site-packages\rapidocr\models\PP-OCRv6_det_small.pth[0m
[32m[INFO] 2026-08-31 20:26:41,477 [RapidOCR] main.py:50: Using D:\Work\research\FileX\.venv-ai\Lib\site-packages\rapidocr\models\PP-OCRv6_det_small.pth[0m
[32m[INFO] 2026-08-31 20:26:41,717 [RapidOCR] base.py:23: Using engine_name: torch[0m
[32m[INFO] 2026-08-31 20:26:41,718 [RapidOCR] device_config.py:64: Using GPU device with ID: 0[0m
[32m[INFO] 2026-08-31 20:26:41,720 [RapidOCR] download_file.py:60: File exists and is valid: D:\Work\research\FileX\.venv-ai\Lib\site-packages\rapidocr\models\ch_ptocr_mobile_v2.0_cls_mobile.pth[0m
[32m[INFO] 2026-08-31 20:26:41,720 [RapidOCR] main.py:50: Using D:\Work\research\FileX\.venv-ai\Lib\site-packages\rapidocr\models\ch_ptocr_mobile_v2.0_cls_mobile.pth[0m
[32m[INFO] 2026-08-31 20:26:41,946 [RapidOCR] base.py:23: Using engine_name: torch[0m
[32m[INFO] 2026-08-31 20:26:41,946 [RapidOCR] device_config.py:64: Using GPU device with ID: 0[0m
[32m[INFO] 2026-08-31 20:26:41,966 [RapidOCR] download_file.py:60: File exists and is valid: D:\Work\research\FileX\.venv-ai\Lib\site-packages\rapidocr\models\PP-OCRv6_rec_small.pth[0m
[32m[INFO] 2026-08-31 20:26:41,966 [RapidOCR] main.py:50: Using D:\Work\research\FileX\.venv-ai\Lib\site-packages\rapidocr\models\PP-OCRv6_rec_small.pth[0m
[32m[INFO] 2026-08-31 20:26:43,486 [RapidOCR] base.py:23: Using engine_name: torch[0m
[32m[INFO] 2026-08-31 20:26:43,487 [RapidOCR] device_config.py:64: Using GPU device with ID: 0[0m
[32m[INFO] 2026-08-31 20:26:43,496 [RapidOCR] download_file.py:60: File exists and is valid: D:\Work\research\FileX\.venv-ai\Lib\site-packages\rapidocr\models\PP-OCRv6_det_small.pth[0m
[32m[INFO] 2026-08-31 20:26:43,497 [RapidOCR] main.py:50: Using D:\Work\research\FileX\.venv-ai\Lib\site-packages\rapidocr\models\PP-OCRv6_det_small.pth[0m
[32m[INFO] 2026-08-31 20:26:43,752 [RapidOCR] base.py:23: Using engine_name: torch[0m
[32m[INFO] 2026-08-31 20:26:43,752 [RapidOCR] device_config.py:64: Using GPU device with ID: 0[0m
[32m[INFO] 2026-08-31 20:26:43,753 [RapidOCR] download_file.py:60: File exists and is valid: D:\Work\research\FileX\.venv-ai\Lib\site-packages\rapidocr\models\ch_ptocr_mobile_v2.0_cls_mobile.pth[0m
[32m[INFO] 2026-08-31 20:26:43,753 [RapidOCR] main.py:50: Using D:\Work\research\FileX\.venv-ai\Lib\site-packages\rapidocr\models\ch_ptocr_mobile_v2.0_cls_mobile.pth[0m
[32m[INFO] 2026-08-31 20:26:43,923 [RapidOCR] base.py:23: Using engine_name: torch[0m
[32m[INFO] 2026-08-31 20:26:43,923 [RapidOCR] device_config.py:64: Using GPU device with ID: 0[0m
[32m[INFO] 2026-08-31 20:26:43,943 [RapidOCR] download_file.py:60: File exists and is valid: D:\Work\research\FileX\.venv-ai\Lib\site-packages\rapidocr\models\PP-OCRv6_rec_small.pth[0m
[32m[INFO] 2026-08-31 20:26:43,943 [RapidOCR] main.py:50: Using D:\Work\research\FileX\.venv-ai\Lib\site-packages\rapidocr\models\PP-OCRv6_rec_small.pth[0m
[32m[INFO] 2026-08-31 20:26:45,102 [RapidOCR] base.py:23: Using engine_name: torch[0m
[32m[INFO] 2026-08-31 20:26:45,103 [RapidOCR] device_config.py:64: Using GPU device with ID: 0[0m
[32m[INFO] 2026-08-31 20:26:45,114 [RapidOCR] download_file.py:60: File exists and is valid: D:\Work\research\FileX\.venv-ai\Lib\site-packages\rapidocr\models\PP-OCRv6_det_small.pth[0m
[32m[INFO] 2026-08-31 20:26:45,114 [RapidOCR] main.py:50: Using D:\Work\research\FileX\.venv-ai\Lib\site-packages\rapidocr\models\PP-OCRv6_det_small.pth[0m
[32m[INFO] 2026-08-31 20:26:45,371 [RapidOCR] base.py:23: Using engine_name: torch[0m
[32m[INFO] 2026-08-31 20:26:45,372 [RapidOCR] device_config.py:64: Using GPU device with ID: 0[0m
[32m[INFO] 2026-08-31 20:26:45,373 [RapidOCR] download_file.py:60: File exists and is valid: D:\Work\research\FileX\.venv-ai\Lib\site-packages\rapidocr\models\ch_ptocr_mobile_v2.0_cls_mobile.pth[0m
[32m[INFO] 2026-08-31 20:26:45,373 [RapidOCR] main.py:50: Using D:\Work\research\FileX\.venv-ai\Lib\site-packages\rapidocr\models\ch_ptocr_mobile_v2.0_cls_mobile.pth[0m
[32m[INFO] 2026-08-31 20:26:45,532 [RapidOCR] base.py:23: Using engine_name: torch[0m
[32m[INFO] 2026-08-31 20:26:45,533 [RapidOCR] device_config.py:64: Using GPU device with ID: 0[0m
[32m[INFO] 2026-08-31 20:26:45,552 [RapidOCR] download_file.py:60: File exists and is valid: D:\Work\research\FileX\.venv-ai\Lib\site-packages\rapidocr\models\PP-OCRv6_rec_small.pth[0m
[32m[INFO] 2026-08-31 20:26:45,552 [RapidOCR] main.py:50: Using D:\Work\research\FileX\.venv-ai\Lib\site-packages\rapidocr\models\PP-OCRv6_rec_small.pth[0m
[32m[INFO] 2026-08-31 20:26:46,660 [RapidOCR] base.py:23: Using engine_name: torch[0m
[32m[INFO] 2026-08-31 20:26:46,661 [RapidOCR] device_config.py:64: Using GPU device with ID: 0[0m
[32m[INFO] 2026-08-31 20:26:46,670 [RapidOCR] download_file.py:60: File exists and is valid: D:\Work\research\FileX\.venv-ai\Lib\site-packages\rapidocr\models\PP-OCRv6_det_small.pth[0m
[32m[INFO] 2026-08-31 20:26:46,670 [RapidOCR] main.py:50: Using D:\Work\research\FileX\.venv-ai\Lib\site-packages\rapidocr\models\PP-OCRv6_det_small.pth[0m
[32m[INFO] 2026-08-31 20:26:46,970 [RapidOCR] base.py:23: Using engine_name: torch[0m
[32m[INFO] 2026-08-31 20:26:46,971 [RapidOCR] device_config.py:64: Using GPU device with ID: 0[0m
[32m[INFO] 2026-08-31 20:26:46,972 [RapidOCR] download_file.py:60: File exists and is valid: D:\Work\research\FileX\.venv-ai\Lib\site-packages\rapidocr\models\ch_ptocr_mobile_v2.0_cls_mobile.pth[0m
[32m[INFO] 2026-08-31 20:26:46,972 [RapidOCR] main.py:50: Using D:\Work\research\FileX\.venv-ai\Lib\site-packages\rapidocr\models\ch_ptocr_mobile_v2.0_cls_mobile.pth[0m
[32m[INFO] 2026-08-31 20:26:47,164 [RapidOCR] base.py:23: Using engine_name: torch[0m
[32m[INFO] 2026-08-31 20:26:47,164 [RapidOCR] device_config.py:64: Using GPU device with ID: 0[0m
[32m[INFO] 2026-08-31 20:26:47,184 [RapidOCR] download_file.py:60: File exists and is valid: D:\Work\research\FileX\.venv-ai\Lib\site-packages\rapidocr\models\PP-OCRv6_rec_small.pth[0m
[32m[INFO] 2026-08-31 20:26:47,184 [RapidOCR] main.py:50: Using D:\Work\research\FileX\.venv-ai\Lib\site-packages\rapidocr\models\PP-OCRv6_rec_small.pth[0m
[32m[INFO] 2026-08-31 20:26:48,537 [RapidOCR] base.py:23: Using engine_name: torch[0m
[32m[INFO] 2026-08-31 20:26:48,538 [RapidOCR] device_config.py:64: Using GPU device with ID: 0[0m
[32m[INFO] 2026-08-31 20:26:48,547 [RapidOCR] download_file.py:60: File exists and is valid: D:\Work\research\FileX\.venv-ai\Lib\site-packages\rapidocr\models\PP-OCRv6_det_small.pth[0m
[32m[INFO] 2026-08-31 20:26:48,548 [RapidOCR] main.py:50: Using D:\Work\research\FileX\.venv-ai\Lib\site-packages\rapidocr\models\PP-OCRv6_det_small.pth[0m
[32m[INFO] 2026-08-31 20:26:48,875 [RapidOCR] base.py:23: Using engine_name: torch[0m
[32m[INFO] 2026-08-31 20:26:48,876 [RapidOCR] device_config.py:64: Using GPU device with ID: 0[0m
[32m[INFO] 2026-08-31 20:26:48,877 [RapidOCR] download_file.py:60: File exists and is valid: D:\Work\research\FileX\.venv-ai\Lib\site-packages\rapidocr\models\ch_ptocr_mobile_v2.0_cls_mobile.pth[0m
[32m[INFO] 2026-08-31 20:26:48,877 [RapidOCR] main.py:50: Using D:\Work\research\FileX\.venv-ai\Lib\site-packages\rapidocr\models\ch_ptocr_mobile_v2.0_cls_mobile.pth[0m
[32m[INFO] 2026-08-31 20:26:49,071 [RapidOCR] base.py:23: Using engine_name: torch[0m
[32m[INFO] 2026-08-31 20:26:49,072 [RapidOCR] device_config.py:64: Using GPU device with ID: 0[0m
[32m[INFO] 2026-08-31 20:26:49,093 [RapidOCR] download_file.py:60: File exists and is valid: D:\Work\research\FileX\.venv-ai\Lib\site-packages\rapidocr\models\PP-OCRv6_rec_small.pth[0m
[32m[INFO] 2026-08-31 20:26:49,093 [RapidOCR] main.py:50: Using D:\Work\research\FileX\.venv-ai\Lib\site-packages\rapidocr\models\PP-OCRv6_rec_small.pth[0m
{"config": "docling-def", "doc": "escaneado_d5c", "ppp_nativo": 80, "ppp": 145, "factor": 1.812, "png": "ppp145__escaneado_d5c.png", "png_identify": "937x1283 57.079999999999998295,57.079999999999998295 PixelsPerCentimeter", "preflight": {"vram_libre_mib": 8494, "mpx_actual": 1.202, "mpx_pendiente_ordenada": 0}, "entrada": "PDF via Docling; scale explicita", "dispositivo": "GPU CUDA", "rc": [1, 1, 1, 1, 1, 1, 1, 1, 1], "error": ["FileNotFoundError: [WinError 3] El sistema no puede encontrar la ruta especificada: '\\\\\\\\?\\\\\\\\wsl.localhost\\\\Ubuntu\\\\'", "FileNotFoundError: [WinError 3] El sistema no puede encontrar la ruta especificada: '\\\\\\\\?\\\\\\\\wsl.localhost\\\\Ubuntu\\\\'", "FileNotFoundError: [WinError 3] El sistema no puede encontrar la ruta especificada: '\\\\\\\\?\\\\\\\\wsl.localhost\\\\Ubuntu\\\\'", "FileNotFoundError: [WinError 3] El sistema no puede encontrar la ruta especificada: '\\\\\\\\?\\\\\\\\wsl.localhost\\\\Ubuntu\\\\'", "FileNotFoundError: [WinError 3] El sistema no puede encontrar la ruta especificada: '\\\\\\\\?\\\\\\\\wsl.localhost\\\\Ubuntu\\\\'", "FileNotFoundError: [WinError 3] El sistema no puede encontrar la ruta especificada: '\\\\\\\\?\\\\\\\\wsl.localhost\\\\Ubuntu\\\\'", "FileNotFoundError: [WinError 3] El sistema no puede encontrar la ruta especificada: '\\\\\\\\?\\\\\\\\wsl.localhost\\\\Ubuntu\\\\'", "FileNotFoundError: [WinError 3] El sistema no puede encontrar la ruta especificada: '\\\\\\\\?\\\\\\\\wsl.localhost\\\\Ubuntu\\\\'", "FileNotFoundError: [WinError 3] El sistema no puede encontrar la ruta especificada: '\\\\\\\\?\\\\\\\\wsl.localhost\\\\Ubuntu\\\\'"], "n": 9, "ms_mediana": 1668.7, "determinista": true, "metrica": "acentos", "cer_pct": 100.0, "cer_acentos_pct": 100.0, "cer_ciego_pct": 100.0, "dist_acentos": 596, "texto": "docling-def__ppp145__escaneado_d5c.txt"}
[32m[INFO] 2026-08-31 20:26:50,449 [RapidOCR] base.py:23: Using engine_name: torch[0m
[32m[INFO] 2026-08-31 20:26:50,449 [RapidOCR] device_config.py:64: Using GPU device with ID: 0[0m
[32m[INFO] 2026-08-31 20:26:50,460 [RapidOCR] download_file.py:60: File exists and is valid: D:\Work\research\FileX\.venv-ai\Lib\site-packages\rapidocr\models\PP-OCRv6_det_small.pth[0m
[32m[INFO] 2026-08-31 20:26:50,460 [RapidOCR] main.py:50: Using D:\Work\research\FileX\.venv-ai\Lib\site-packages\rapidocr\models\PP-OCRv6_det_small.pth[0m
[32m[INFO] 2026-08-31 20:26:50,749 [RapidOCR] base.py:23: Using engine_name: torch[0m
[32m[INFO] 2026-08-31 20:26:50,749 [RapidOCR] device_config.py:64: Using GPU device with ID: 0[0m
[32m[INFO] 2026-08-31 20:26:50,751 [RapidOCR] download_file.py:60: File exists and is valid: D:\Work\research\FileX\.venv-ai\Lib\site-packages\rapidocr\models\ch_ptocr_mobile_v2.0_cls_mobile.pth[0m
[32m[INFO] 2026-08-31 20:26:50,751 [RapidOCR] main.py:50: Using D:\Work\research\FileX\.venv-ai\Lib\site-packages\rapidocr\models\ch_ptocr_mobile_v2.0_cls_mobile.pth[0m
[32m[INFO] 2026-08-31 20:26:50,915 [RapidOCR] base.py:23: Using engine_name: torch[0m
[32m[INFO] 2026-08-31 20:26:50,915 [RapidOCR] device_config.py:64: Using GPU device with ID: 0[0m
[32m[INFO] 2026-08-31 20:26:50,934 [RapidOCR] download_file.py:60: File exists and is valid: D:\Work\research\FileX\.venv-ai\Lib\site-packages\rapidocr\models\PP-OCRv6_rec_small.pth[0m
[32m[INFO] 2026-08-31 20:26:50,934 [RapidOCR] main.py:50: Using D:\Work\research\FileX\.venv-ai\Lib\site-packages\rapidocr\models\PP-OCRv6_rec_small.pth[0m
[32m[INFO] 2026-08-31 20:26:52,033 [RapidOCR] base.py:23: Using engine_name: torch[0m
[32m[INFO] 2026-08-31 20:26:52,033 [RapidOCR] device_config.py:64: Using GPU device with ID: 0[0m
[32m[INFO] 2026-08-31 20:26:52,043 [RapidOCR] download_file.py:60: File exists and is valid: D:\Work\research\FileX\.venv-ai\Lib\site-packages\rapidocr\models\PP-OCRv6_det_small.pth[0m
[32m[INFO] 2026-08-31 20:26:52,043 [RapidOCR] main.py:50: Using D:\Work\research\FileX\.venv-ai\Lib\site-packages\rapidocr\models\PP-OCRv6_det_small.pth[0m
[32m[INFO] 2026-08-31 20:26:52,323 [RapidOCR] base.py:23: Using engine_name: torch[0m
[32m[INFO] 2026-08-31 20:26:52,324 [RapidOCR] device_config.py:64: Using GPU device with ID: 0[0m
[32m[INFO] 2026-08-31 20:26:52,326 [RapidOCR] download_file.py:60: File exists and is valid: D:\Work\research\FileX\.venv-ai\Lib\site-packages\rapidocr\models\ch_ptocr_mobile_v2.0_cls_mobile.pth[0m
[32m[INFO] 2026-08-31 20:26:52,326 [RapidOCR] main.py:50: Using D:\Work\research\FileX\.venv-ai\Lib\site-packages\rapidocr\models\ch_ptocr_mobile_v2.0_cls_mobile.pth[0m
[32m[INFO] 2026-08-31 20:26:52,504 [RapidOCR] base.py:23: Using engine_name: torch[0m
[32m[INFO] 2026-08-31 20:26:52,505 [RapidOCR] device_config.py:64: Using GPU device with ID: 0[0m
[32m[INFO] 2026-08-31 20:26:52,524 [RapidOCR] download_file.py:60: File exists and is valid: D:\Work\research\FileX\.venv-ai\Lib\site-packages\rapidocr\models\PP-OCRv6_rec_small.pth[0m
[32m[INFO] 2026-08-31 20:26:52,525 [RapidOCR] main.py:50: Using D:\Work\research\FileX\.venv-ai\Lib\site-packages\rapidocr\models\PP-OCRv6_rec_small.pth[0m
[32m[INFO] 2026-08-31 20:26:53,655 [RapidOCR] base.py:23: Using engine_name: torch[0m
[32m[INFO] 2026-08-31 20:26:53,655 [RapidOCR] device_config.py:64: Using GPU device with ID: 0[0m
[32m[INFO] 2026-08-31 20:26:53,665 [RapidOCR] download_file.py:60: File exists and is valid: D:\Work\research\FileX\.venv-ai\Lib\site-packages\rapidocr\models\PP-OCRv6_det_small.pth[0m
[32m[INFO] 2026-08-31 20:26:53,665 [RapidOCR] main.py:50: Using D:\Work\research\FileX\.venv-ai\Lib\site-packages\rapidocr\models\PP-OCRv6_det_small.pth[0m
[32m[INFO] 2026-08-31 20:26:54,205 [RapidOCR] base.py:23: Using engine_name: torch[0m
[32m[INFO] 2026-08-31 20:26:54,205 [RapidOCR] device_config.py:64: Using GPU device with ID: 0[0m
[32m[INFO] 2026-08-31 20:26:54,207 [RapidOCR] download_file.py:60: File exists and is valid: D:\Work\research\FileX\.venv-ai\Lib\site-packages\rapidocr\models\ch_ptocr_mobile_v2.0_cls_mobile.pth[0m
[32m[INFO] 2026-08-31 20:26:54,207 [RapidOCR] main.py:50: Using D:\Work\research\FileX\.venv-ai\Lib\site-packages\rapidocr\models\ch_ptocr_mobile_v2.0_cls_mobile.pth[0m
[32m[INFO] 2026-08-31 20:26:54,371 [RapidOCR] base.py:23: Using engine_name: torch[0m
[32m[INFO] 2026-08-31 20:26:54,372 [RapidOCR] device_config.py:64: Using GPU device with ID: 0[0m
[32m[INFO] 2026-08-31 20:26:54,391 [RapidOCR] download_file.py:60: File exists and is valid: D:\Work\research\FileX\.venv-ai\Lib\site-packages\rapidocr\models\PP-OCRv6_rec_small.pth[0m
[32m[INFO] 2026-08-31 20:26:54,391 [RapidOCR] main.py:50: Using D:\Work\research\FileX\.venv-ai\Lib\site-packages\rapidocr\models\PP-OCRv6_rec_small.pth[0m
[32m[INFO] 2026-08-31 20:26:55,528 [RapidOCR] base.py:23: Using engine_name: torch[0m
[32m[INFO] 2026-08-31 20:26:55,530 [RapidOCR] device_config.py:64: Using GPU device with ID: 0[0m
[32m[INFO] 2026-08-31 20:26:55,540 [RapidOCR] download_file.py:60: File exists and is valid: D:\Work\research\FileX\.venv-ai\Lib\site-packages\rapidocr\models\PP-OCRv6_det_small.pth[0m
[32m[INFO] 2026-08-31 20:26:55,540 [RapidOCR] main.py:50: Using D:\Work\research\FileX\.venv-ai\Lib\site-packages\rapidocr\models\PP-OCRv6_det_small.pth[0m
[32m[INFO] 2026-08-31 20:26:55,814 [RapidOCR] base.py:23: Using engine_name: torch[0m
[32m[INFO] 2026-08-31 20:26:55,815 [RapidOCR] device_config.py:64: Using GPU device with ID: 0[0m
[32m[INFO] 2026-08-31 20:26:55,816 [RapidOCR] download_file.py:60: File exists and is valid: D:\Work\research\FileX\.venv-ai\Lib\site-packages\rapidocr\models\ch_ptocr_mobile_v2.0_cls_mobile.pth[0m
[32m[INFO] 2026-08-31 20:26:55,817 [RapidOCR] main.py:50: Using D:\Work\research\FileX\.venv-ai\Lib\site-packages\rapidocr\models\ch_ptocr_mobile_v2.0_cls_mobile.pth[0m
[32m[INFO] 2026-08-31 20:26:56,012 [RapidOCR] base.py:23: Using engine_name: torch[0m
[32m[INFO] 2026-08-31 20:26:56,012 [RapidOCR] device_config.py:64: Using GPU device with ID: 0[0m
[32m[INFO] 2026-08-31 20:26:56,032 [RapidOCR] download_file.py:60: File exists and is valid: D:\Work\research\FileX\.venv-ai\Lib\site-packages\rapidocr\models\PP-OCRv6_rec_small.pth[0m
[32m[INFO] 2026-08-31 20:26:56,032 [RapidOCR] main.py:50: Using D:\Work\research\FileX\.venv-ai\Lib\site-packages\rapidocr\models\PP-OCRv6_rec_small.pth[0m
[32m[INFO] 2026-08-31 20:26:57,229 [RapidOCR] base.py:23: Using engine_name: torch[0m
[32m[INFO] 2026-08-31 20:26:57,230 [RapidOCR] device_config.py:64: Using GPU device with ID: 0[0m
[32m[INFO] 2026-08-31 20:26:57,240 [RapidOCR] download_file.py:60: File exists and is valid: D:\Work\research\FileX\.venv-ai\Lib\site-packages\rapidocr\models\PP-OCRv6_det_small.pth[0m
[32m[INFO] 2026-08-31 20:26:57,240 [RapidOCR] main.py:50: Using D:\Work\research\FileX\.venv-ai\Lib\site-packages\rapidocr\models\PP-OCRv6_det_small.pth[0m
[32m[INFO] 2026-08-31 20:26:57,523 [RapidOCR] base.py:23: Using engine_name: torch[0m
[32m[INFO] 2026-08-31 20:26:57,524 [RapidOCR] device_config.py:64: Using GPU device with ID: 0[0m
[32m[INFO] 2026-08-31 20:26:57,525 [RapidOCR] download_file.py:60: File exists and is valid: D:\Work\research\FileX\.venv-ai\Lib\site-packages\rapidocr\models\ch_ptocr_mobile_v2.0_cls_mobile.pth[0m
[32m[INFO] 2026-08-31 20:26:57,525 [RapidOCR] main.py:50: Using D:\Work\research\FileX\.venv-ai\Lib\site-packages\rapidocr\models\ch_ptocr_mobile_v2.0_cls_mobile.pth[0m
[32m[INFO] 2026-08-31 20:26:57,714 [RapidOCR] base.py:23: Using engine_name: torch[0m
[32m[INFO] 2026-08-31 20:26:57,715 [RapidOCR] device_config.py:64: Using GPU device with ID: 0[0m
[32m[INFO] 2026-08-31 20:26:57,737 [RapidOCR] download_file.py:60: File exists and is valid: D:\Work\research\FileX\.venv-ai\Lib\site-packages\rapidocr\models\PP-OCRv6_rec_small.pth[0m
[32m[INFO] 2026-08-31 20:26:57,737 [RapidOCR] main.py:50: Using D:\Work\research\FileX\.venv-ai\Lib\site-packages\rapidocr\models\PP-OCRv6_rec_small.pth[0m
[32m[INFO] 2026-08-31 20:26:58,896 [RapidOCR] base.py:23: Using engine_name: torch[0m
[32m[INFO] 2026-08-31 20:26:58,896 [RapidOCR] device_config.py:64: Using GPU device with ID: 0[0m
[32m[INFO] 2026-08-31 20:26:58,907 [RapidOCR] download_file.py:60: File exists and is valid: D:\Work\research\FileX\.venv-ai\Lib\site-packages\rapidocr\models\PP-OCRv6_det_small.pth[0m
[32m[INFO] 2026-08-31 20:26:58,907 [RapidOCR] main.py:50: Using D:\Work\research\FileX\.venv-ai\Lib\site-packages\rapidocr\models\PP-OCRv6_det_small.pth[0m
[32m[INFO] 2026-08-31 20:26:59,419 [RapidOCR] base.py:23: Using engine_name: torch[0m
[32m[INFO] 2026-08-31 20:26:59,420 [RapidOCR] device_config.py:64: Using GPU device with ID: 0[0m
[32m[INFO] 2026-08-31 20:26:59,421 [RapidOCR] download_file.py:60: File exists and is valid: D:\Work\research\FileX\.venv-ai\Lib\site-packages\rapidocr\models\ch_ptocr_mobile_v2.0_cls_mobile.pth[0m
[32m[INFO] 2026-08-31 20:26:59,421 [RapidOCR] main.py:50: Using D:\Work\research\FileX\.venv-ai\Lib\site-packages\rapidocr\models\ch_ptocr_mobile_v2.0_cls_mobile.pth[0m
[32m[INFO] 2026-08-31 20:26:59,604 [RapidOCR] base.py:23: Using engine_name: torch[0m
[32m[INFO] 2026-08-31 20:26:59,605 [RapidOCR] device_config.py:64: Using GPU device with ID: 0[0m
[32m[INFO] 2026-08-31 20:26:59,624 [RapidOCR] download_file.py:60: File exists and is valid: D:\Work\research\FileX\.venv-ai\Lib\site-packages\rapidocr\models\PP-OCRv6_rec_small.pth[0m
[32m[INFO] 2026-08-31 20:26:59,624 [RapidOCR] main.py:50: Using D:\Work\research\FileX\.venv-ai\Lib\site-packages\rapidocr\models\PP-OCRv6_rec_small.pth[0m
[32m[INFO] 2026-08-31 20:27:00,772 [RapidOCR] base.py:23: Using engine_name: torch[0m
[32m[INFO] 2026-08-31 20:27:00,773 [RapidOCR] device_config.py:64: Using GPU device with ID: 0[0m
[32m[INFO] 2026-08-31 20:27:00,782 [RapidOCR] download_file.py:60: File exists and is valid: D:\Work\research\FileX\.venv-ai\Lib\site-packages\rapidocr\models\PP-OCRv6_det_small.pth[0m
[32m[INFO] 2026-08-31 20:27:00,783 [RapidOCR] main.py:50: Using D:\Work\research\FileX\.venv-ai\Lib\site-packages\rapidocr\models\PP-OCRv6_det_small.pth[0m
[32m[INFO] 2026-08-31 20:27:01,069 [RapidOCR] base.py:23: Using engine_name: torch[0m
[32m[INFO] 2026-08-31 20:27:01,069 [RapidOCR] device_config.py:64: Using GPU device with ID: 0[0m
[32m[INFO] 2026-08-31 20:27:01,071 [RapidOCR] download_file.py:60: File exists and is valid: D:\Work\research\FileX\.venv-ai\Lib\site-packages\rapidocr\models\ch_ptocr_mobile_v2.0_cls_mobile.pth[0m
[32m[INFO] 2026-08-31 20:27:01,071 [RapidOCR] main.py:50: Using D:\Work\research\FileX\.venv-ai\Lib\site-packages\rapidocr\models\ch_ptocr_mobile_v2.0_cls_mobile.pth[0m
[32m[INFO] 2026-08-31 20:27:01,252 [RapidOCR] base.py:23: Using engine_name: torch[0m
[32m[INFO] 2026-08-31 20:27:01,253 [RapidOCR] device_config.py:64: Using GPU device with ID: 0[0m
[32m[INFO] 2026-08-31 20:27:01,273 [RapidOCR] download_file.py:60: File exists and is valid: D:\Work\research\FileX\.venv-ai\Lib\site-packages\rapidocr\models\PP-OCRv6_rec_small.pth[0m
[32m[INFO] 2026-08-31 20:27:01,273 [RapidOCR] main.py:50: Using D:\Work\research\FileX\.venv-ai\Lib\site-packages\rapidocr\models\PP-OCRv6_rec_small.pth[0m
[32m[INFO] 2026-08-31 20:27:02,533 [RapidOCR] base.py:23: Using engine_name: torch[0m
[32m[INFO] 2026-08-31 20:27:02,534 [RapidOCR] device_config.py:64: Using GPU device with ID: 0[0m
[32m[INFO] 2026-08-31 20:27:02,544 [RapidOCR] download_file.py:60: File exists and is valid: D:\Work\research\FileX\.venv-ai\Lib\site-packages\rapidocr\models\PP-OCRv6_det_small.pth[0m
[32m[INFO] 2026-08-31 20:27:02,544 [RapidOCR] main.py:50: Using D:\Work\research\FileX\.venv-ai\Lib\site-packages\rapidocr\models\PP-OCRv6_det_small.pth[0m
[32m[INFO] 2026-08-31 20:27:02,851 [RapidOCR] base.py:23: Using engine_name: torch[0m
[32m[INFO] 2026-08-31 20:27:02,852 [RapidOCR] device_config.py:64: Using GPU device with ID: 0[0m
[32m[INFO] 2026-08-31 20:27:02,853 [RapidOCR] download_file.py:60: File exists and is valid: D:\Work\research\FileX\.venv-ai\Lib\site-packages\rapidocr\models\ch_ptocr_mobile_v2.0_cls_mobile.pth[0m
[32m[INFO] 2026-08-31 20:27:02,853 [RapidOCR] main.py:50: Using D:\Work\research\FileX\.venv-ai\Lib\site-packages\rapidocr\models\ch_ptocr_mobile_v2.0_cls_mobile.pth[0m
[32m[INFO] 2026-08-31 20:27:03,070 [RapidOCR] base.py:23: Using engine_name: torch[0m
[32m[INFO] 2026-08-31 20:27:03,071 [RapidOCR] device_config.py:64: Using GPU device with ID: 0[0m
[32m[INFO] 2026-08-31 20:27:03,093 [RapidOCR] download_file.py:60: File exists and is valid: D:\Work\research\FileX\.venv-ai\Lib\site-packages\rapidocr\models\PP-OCRv6_rec_small.pth[0m
[32m[INFO] 2026-08-31 20:27:03,093 [RapidOCR] main.py:50: Using D:\Work\research\FileX\.venv-ai\Lib\site-packages\rapidocr\models\PP-OCRv6_rec_small.pth[0m
[32m[INFO] 2026-08-31 20:27:04,406 [RapidOCR] base.py:23: Using engine_name: torch[0m
[32m[INFO] 2026-08-31 20:27:04,407 [RapidOCR] device_config.py:64: Using GPU device with ID: 0[0m
[32m[INFO] 2026-08-31 20:27:04,419 [RapidOCR] download_file.py:60: File exists and is valid: D:\Work\research\FileX\.venv-ai\Lib\site-packages\rapidocr\models\PP-OCRv6_det_small.pth[0m
[32m[INFO] 2026-08-31 20:27:04,419 [RapidOCR] main.py:50: Using D:\Work\research\FileX\.venv-ai\Lib\site-packages\rapidocr\models\PP-OCRv6_det_small.pth[0m
[32m[INFO] 2026-08-31 20:27:04,757 [RapidOCR] base.py:23: Using engine_name: torch[0m
[32m[INFO] 2026-08-31 20:27:04,757 [RapidOCR] device_config.py:64: Using GPU device with ID: 0[0m
[32m[INFO] 2026-08-31 20:27:04,759 [RapidOCR] download_file.py:60: File exists and is valid: D:\Work\research\FileX\.venv-ai\Lib\site-packages\rapidocr\models\ch_ptocr_mobile_v2.0_cls_mobile.pth[0m
[32m[INFO] 2026-08-31 20:27:04,759 [RapidOCR] main.py:50: Using D:\Work\research\FileX\.venv-ai\Lib\site-packages\rapidocr\models\ch_ptocr_mobile_v2.0_cls_mobile.pth[0m
[32m[INFO] 2026-08-31 20:27:05,147 [RapidOCR] base.py:23: Using engine_name: torch[0m
[32m[INFO] 2026-08-31 20:27:05,148 [RapidOCR] device_config.py:64: Using GPU device with ID: 0[0m
[32m[INFO] 2026-08-31 20:27:05,169 [RapidOCR] download_file.py:60: File exists and is valid: D:\Work\research\FileX\.venv-ai\Lib\site-packages\rapidocr\models\PP-OCRv6_rec_small.pth[0m
[32m[INFO] 2026-08-31 20:27:05,169 [RapidOCR] main.py:50: Using D:\Work\research\FileX\.venv-ai\Lib\site-packages\rapidocr\models\PP-OCRv6_rec_small.pth[0m
[32m[INFO] 2026-08-31 20:27:06,399 [RapidOCR] base.py:23: Using engine_name: torch[0m
[32m[INFO] 2026-08-31 20:27:06,400 [RapidOCR] device_config.py:64: Using GPU device with ID: 0[0m
[32m[INFO] 2026-08-31 20:27:06,409 [RapidOCR] download_file.py:60: File exists and is valid: D:\Work\research\FileX\.venv-ai\Lib\site-packages\rapidocr\models\PP-OCRv6_det_small.pth[0m
[32m[INFO] 2026-08-31 20:27:06,410 [RapidOCR] main.py:50: Using D:\Work\research\FileX\.venv-ai\Lib\site-packages\rapidocr\models\PP-OCRv6_det_small.pth[0m
[32m[INFO] 2026-08-31 20:27:06,678 [RapidOCR] base.py:23: Using engine_name: torch[0m
[32m[INFO] 2026-08-31 20:27:06,679 [RapidOCR] device_config.py:64: Using GPU device with ID: 0[0m
[32m[INFO] 2026-08-31 20:27:06,682 [RapidOCR] download_file.py:60: File exists and is valid: D:\Work\research\FileX\.venv-ai\Lib\site-packages\rapidocr\models\ch_ptocr_mobile_v2.0_cls_mobile.pth[0m
[32m[INFO] 2026-08-31 20:27:06,682 [RapidOCR] main.py:50: Using D:\Work\research\FileX\.venv-ai\Lib\site-packages\rapidocr\models\ch_ptocr_mobile_v2.0_cls_mobile.pth[0m
[32m[INFO] 2026-08-31 20:27:06,865 [RapidOCR] base.py:23: Using engine_name: torch[0m
[32m[INFO] 2026-08-31 20:27:06,866 [RapidOCR] device_config.py:64: Using GPU device with ID: 0[0m
[32m[INFO] 2026-08-31 20:27:06,887 [RapidOCR] download_file.py:60: File exists and is valid: D:\Work\research\FileX\.venv-ai\Lib\site-packages\rapidocr\models\PP-OCRv6_rec_small.pth[0m
[32m[INFO] 2026-08-31 20:27:06,888 [RapidOCR] main.py:50: Using D:\Work\research\FileX\.venv-ai\Lib\site-packages\rapidocr\models\PP-OCRv6_rec_small.pth[0m
{"config": "docling-def", "doc": "escaneado_d5c", "ppp_nativo": 80, "ppp": 150, "factor": 1.875, "png": "ppp150__escaneado_d5c.png", "png_identify": "969x1328 59.049999999999997158,59.049999999999997158 PixelsPerCentimeter", "preflight": {"vram_libre_mib": 8619, "mpx_actual": 1.287, "mpx_pendiente_ordenada": 0}, "entrada": "PDF via Docling; scale explicita", "dispositivo": "GPU CUDA", "rc": [1, 1, 1, 1, 1, 1, 1, 1, 1], "error": ["FileNotFoundError: [WinError 3] El sistema no puede encontrar la ruta especificada: '\\\\\\\\?\\\\\\\\wsl.localhost\\\\Ubuntu\\\\'", "FileNotFoundError: [WinError 3] El sistema no puede encontrar la ruta especificada: '\\\\\\\\?\\\\\\\\wsl.localhost\\\\Ubuntu\\\\'", "FileNotFoundError: [WinError 3] El sistema no puede encontrar la ruta especificada: '\\\\\\\\?\\\\\\\\wsl.localhost\\\\Ubuntu\\\\'", "FileNotFoundError: [WinError 3] El sistema no puede encontrar la ruta especificada: '\\\\\\\\?\\\\\\\\wsl.localhost\\\\Ubuntu\\\\'", "FileNotFoundError: [WinError 3] El sistema no puede encontrar la ruta especificada: '\\\\\\\\?\\\\\\\\wsl.localhost\\\\Ubuntu\\\\'", "FileNotFoundError: [WinError 3] El sistema no puede encontrar la ruta especificada: '\\\\\\\\?\\\\\\\\wsl.localhost\\\\Ubuntu\\\\'", "FileNotFoundError: [WinError 3] El sistema no puede encontrar la ruta especificada: '\\\\\\\\?\\\\\\\\wsl.localhost\\\\Ubuntu\\\\'", "FileNotFoundError: [WinError 3] El sistema no puede encontrar la ruta especificada: '\\\\\\\\?\\\\\\\\wsl.localhost\\\\Ubuntu\\\\'", "FileNotFoundError: [WinError 3] El sistema no puede encontrar la ruta especificada: '\\\\\\\\?\\\\\\\\wsl.localhost\\\\Ubuntu\\\\'"], "n": 9, "ms_mediana": 1727.3, "determinista": true, "metrica": "acentos", "cer_pct": 100.0, "cer_acentos_pct": 100.0, "cer_ciego_pct": 100.0, "dist_acentos": 596, "texto": "docling-def__ppp150__escaneado_d5c.txt"}
[32m[INFO] 2026-08-31 20:27:08,093 [RapidOCR] base.py:23: Using engine_name: torch[0m
[32m[INFO] 2026-08-31 20:27:08,094 [RapidOCR] device_config.py:64: Using GPU device with ID: 0[0m
[32m[INFO] 2026-08-31 20:27:08,106 [RapidOCR] download_file.py:60: File exists and is valid: D:\Work\research\FileX\.venv-ai\Lib\site-packages\rapidocr\models\PP-OCRv6_det_small.pth[0m
[32m[INFO] 2026-08-31 20:27:08,107 [RapidOCR] main.py:50: Using D:\Work\research\FileX\.venv-ai\Lib\site-packages\rapidocr\models\PP-OCRv6_det_small.pth[0m
[32m[INFO] 2026-08-31 20:27:08,437 [RapidOCR] base.py:23: Using engine_name: torch[0m
[32m[INFO] 2026-08-31 20:27:08,437 [RapidOCR] device_config.py:64: Using GPU device with ID: 0[0m
[32m[INFO] 2026-08-31 20:27:08,439 [RapidOCR] download_file.py:60: File exists and is valid: D:\Work\research\FileX\.venv-ai\Lib\site-packages\rapidocr\models\ch_ptocr_mobile_v2.0_cls_mobile.pth[0m
[32m[INFO] 2026-08-31 20:27:08,439 [RapidOCR] main.py:50: Using D:\Work\research\FileX\.venv-ai\Lib\site-packages\rapidocr\models\ch_ptocr_mobile_v2.0_cls_mobile.pth[0m
[32m[INFO] 2026-08-31 20:27:08,614 [RapidOCR] base.py:23: Using engine_name: torch[0m
[32m[INFO] 2026-08-31 20:27:08,614 [RapidOCR] device_config.py:64: Using GPU device with ID: 0[0m
[32m[INFO] 2026-08-31 20:27:08,635 [RapidOCR] download_file.py:60: File exists and is valid: D:\Work\research\FileX\.venv-ai\Lib\site-packages\rapidocr\models\PP-OCRv6_rec_small.pth[0m
[32m[INFO] 2026-08-31 20:27:08,635 [RapidOCR] main.py:50: Using D:\Work\research\FileX\.venv-ai\Lib\site-packages\rapidocr\models\PP-OCRv6_rec_small.pth[0m
[32m[INFO] 2026-08-31 20:27:09,889 [RapidOCR] base.py:23: Using engine_name: torch[0m
[32m[INFO] 2026-08-31 20:27:09,890 [RapidOCR] device_config.py:64: Using GPU device with ID: 0[0m
[32m[INFO] 2026-08-31 20:27:09,899 [RapidOCR] download_file.py:60: File exists and is valid: D:\Work\research\FileX\.venv-ai\Lib\site-packages\rapidocr\models\PP-OCRv6_det_small.pth[0m
[32m[INFO] 2026-08-31 20:27:09,900 [RapidOCR] main.py:50: Using D:\Work\research\FileX\.venv-ai\Lib\site-packages\rapidocr\models\PP-OCRv6_det_small.pth[0m
[32m[INFO] 2026-08-31 20:27:10,147 [RapidOCR] base.py:23: Using engine_name: torch[0m
[32m[INFO] 2026-08-31 20:27:10,148 [RapidOCR] device_config.py:64: Using GPU device with ID: 0[0m
[32m[INFO] 2026-08-31 20:27:10,149 [RapidOCR] download_file.py:60: File exists and is valid: D:\Work\research\FileX\.venv-ai\Lib\site-packages\rapidocr\models\ch_ptocr_mobile_v2.0_cls_mobile.pth[0m
[32m[INFO] 2026-08-31 20:27:10,149 [RapidOCR] main.py:50: Using D:\Work\research\FileX\.venv-ai\Lib\site-packages\rapidocr\models\ch_ptocr_mobile_v2.0_cls_mobile.pth[0m
[32m[INFO] 2026-08-31 20:27:10,305 [RapidOCR] base.py:23: Using engine_name: torch[0m
[32m[INFO] 2026-08-31 20:27:10,306 [RapidOCR] device_config.py:64: Using GPU device with ID: 0[0m
[32m[INFO] 2026-08-31 20:27:10,325 [RapidOCR] download_file.py:60: File exists and is valid: D:\Work\research\FileX\.venv-ai\Lib\site-packages\rapidocr\models\PP-OCRv6_rec_small.pth[0m
[32m[INFO] 2026-08-31 20:27:10,326 [RapidOCR] main.py:50: Using D:\Work\research\FileX\.venv-ai\Lib\site-packages\rapidocr\models\PP-OCRv6_rec_small.pth[0m
[32m[INFO] 2026-08-31 20:27:11,623 [RapidOCR] base.py:23: Using engine_name: torch[0m
[32m[INFO] 2026-08-31 20:27:11,624 [RapidOCR] device_config.py:64: Using GPU device with ID: 0[0m
[32m[INFO] 2026-08-31 20:27:11,633 [RapidOCR] download_file.py:60: File exists and is valid: D:\Work\research\FileX\.venv-ai\Lib\site-packages\rapidocr\models\PP-OCRv6_det_small.pth[0m
[32m[INFO] 2026-08-31 20:27:11,633 [RapidOCR] main.py:50: Using D:\Work\research\FileX\.venv-ai\Lib\site-packages\rapidocr\models\PP-OCRv6_det_small.pth[0m
[32m[INFO] 2026-08-31 20:27:11,942 [RapidOCR] base.py:23: Using engine_name: torch[0m
[32m[INFO] 2026-08-31 20:27:11,943 [RapidOCR] device_config.py:64: Using GPU device with ID: 0[0m
[32m[INFO] 2026-08-31 20:27:11,944 [RapidOCR] download_file.py:60: File exists and is valid: D:\Work\research\FileX\.venv-ai\Lib\site-packages\rapidocr\models\ch_ptocr_mobile_v2.0_cls_mobile.pth[0m
[32m[INFO] 2026-08-31 20:27:11,944 [RapidOCR] main.py:50: Using D:\Work\research\FileX\.venv-ai\Lib\site-packages\rapidocr\models\ch_ptocr_mobile_v2.0_cls_mobile.pth[0m
[32m[INFO] 2026-08-31 20:27:12,113 [RapidOCR] base.py:23: Using engine_name: torch[0m
[32m[INFO] 2026-08-31 20:27:12,114 [RapidOCR] device_config.py:64: Using GPU device with ID: 0[0m
[32m[INFO] 2026-08-31 20:27:12,134 [RapidOCR] download_file.py:60: File exists and is valid: D:\Work\research\FileX\.venv-ai\Lib\site-packages\rapidocr\models\PP-OCRv6_rec_small.pth[0m
[32m[INFO] 2026-08-31 20:27:12,134 [RapidOCR] main.py:50: Using D:\Work\research\FileX\.venv-ai\Lib\site-packages\rapidocr\models\PP-OCRv6_rec_small.pth[0m
[32m[INFO] 2026-08-31 20:27:13,274 [RapidOCR] base.py:23: Using engine_name: torch[0m
[32m[INFO] 2026-08-31 20:27:13,275 [RapidOCR] device_config.py:64: Using GPU device with ID: 0[0m
[32m[INFO] 2026-08-31 20:27:13,285 [RapidOCR] download_file.py:60: File exists and is valid: D:\Work\research\FileX\.venv-ai\Lib\site-packages\rapidocr\models\PP-OCRv6_det_small.pth[0m
[32m[INFO] 2026-08-31 20:27:13,285 [RapidOCR] main.py:50: Using D:\Work\research\FileX\.venv-ai\Lib\site-packages\rapidocr\models\PP-OCRv6_det_small.pth[0m
[32m[INFO] 2026-08-31 20:27:13,672 [RapidOCR] base.py:23: Using engine_name: torch[0m
[32m[INFO] 2026-08-31 20:27:13,673 [RapidOCR] device_config.py:64: Using GPU device with ID: 0[0m
[32m[INFO] 2026-08-31 20:27:13,674 [RapidOCR] download_file.py:60: File exists and is valid: D:\Work\research\FileX\.venv-ai\Lib\site-packages\rapidocr\models\ch_ptocr_mobile_v2.0_cls_mobile.pth[0m
[32m[INFO] 2026-08-31 20:27:13,674 [RapidOCR] main.py:50: Using D:\Work\research\FileX\.venv-ai\Lib\site-packages\rapidocr\models\ch_ptocr_mobile_v2.0_cls_mobile.pth[0m
[32m[INFO] 2026-08-31 20:27:13,845 [RapidOCR] base.py:23: Using engine_name: torch[0m
[32m[INFO] 2026-08-31 20:27:13,846 [RapidOCR] device_config.py:64: Using GPU device with ID: 0[0m
[32m[INFO] 2026-08-31 20:27:13,868 [RapidOCR] download_file.py:60: File exists and is valid: D:\Work\research\FileX\.venv-ai\Lib\site-packages\rapidocr\models\PP-OCRv6_rec_small.pth[0m
[32m[INFO] 2026-08-31 20:27:13,868 [RapidOCR] main.py:50: Using D:\Work\research\FileX\.venv-ai\Lib\site-packages\rapidocr\models\PP-OCRv6_rec_small.pth[0m
[32m[INFO] 2026-08-31 20:27:15,103 [RapidOCR] base.py:23: Using engine_name: torch[0m
[32m[INFO] 2026-08-31 20:27:15,104 [RapidOCR] device_config.py:64: Using GPU device with ID: 0[0m
[32m[INFO] 2026-08-31 20:27:15,115 [RapidOCR] download_file.py:60: File exists and is valid: D:\Work\research\FileX\.venv-ai\Lib\site-packages\rapidocr\models\PP-OCRv6_det_small.pth[0m
[32m[INFO] 2026-08-31 20:27:15,115 [RapidOCR] main.py:50: Using D:\Work\research\FileX\.venv-ai\Lib\site-packages\rapidocr\models\PP-OCRv6_det_small.pth[0m
[32m[INFO] 2026-08-31 20:27:15,436 [RapidOCR] base.py:23: Using engine_name: torch[0m
[32m[INFO] 2026-08-31 20:27:15,438 [RapidOCR] device_config.py:64: Using GPU device with ID: 0[0m
[32m[INFO] 2026-08-31 20:27:15,440 [RapidOCR] download_file.py:60: File exists and is valid: D:\Work\research\FileX\.venv-ai\Lib\site-packages\rapidocr\models\ch_ptocr_mobile_v2.0_cls_mobile.pth[0m
[32m[INFO] 2026-08-31 20:27:15,440 [RapidOCR] main.py:50: Using D:\Work\research\FileX\.venv-ai\Lib\site-packages\rapidocr\models\ch_ptocr_mobile_v2.0_cls_mobile.pth[0m
[32m[INFO] 2026-08-31 20:27:15,652 [RapidOCR] base.py:23: Using engine_name: torch[0m
[32m[INFO] 2026-08-31 20:27:15,652 [RapidOCR] device_config.py:64: Using GPU device with ID: 0[0m
[32m[INFO] 2026-08-31 20:27:15,671 [RapidOCR] download_file.py:60: File exists and is valid: D:\Work\research\FileX\.venv-ai\Lib\site-packages\rapidocr\models\PP-OCRv6_rec_small.pth[0m
[32m[INFO] 2026-08-31 20:27:15,671 [RapidOCR] main.py:50: Using D:\Work\research\FileX\.venv-ai\Lib\site-packages\rapidocr\models\PP-OCRv6_rec_small.pth[0m
[32m[INFO] 2026-08-31 20:27:17,018 [RapidOCR] base.py:23: Using engine_name: torch[0m
[32m[INFO] 2026-08-31 20:27:17,019 [RapidOCR] device_config.py:64: Using GPU device with ID: 0[0m
[32m[INFO] 2026-08-31 20:27:17,031 [RapidOCR] download_file.py:60: File exists and is valid: D:\Work\research\FileX\.venv-ai\Lib\site-packages\rapidocr\models\PP-OCRv6_det_small.pth[0m
[32m[INFO] 2026-08-31 20:27:17,031 [RapidOCR] main.py:50: Using D:\Work\research\FileX\.venv-ai\Lib\site-packages\rapidocr\models\PP-OCRv6_det_small.pth[0m
[32m[INFO] 2026-08-31 20:27:17,290 [RapidOCR] base.py:23: Using engine_name: torch[0m
[32m[INFO] 2026-08-31 20:27:17,291 [RapidOCR] device_config.py:64: Using GPU device with ID: 0[0m
[32m[INFO] 2026-08-31 20:27:17,292 [RapidOCR] download_file.py:60: File exists and is valid: D:\Work\research\FileX\.venv-ai\Lib\site-packages\rapidocr\models\ch_ptocr_mobile_v2.0_cls_mobile.pth[0m
[32m[INFO] 2026-08-31 20:27:17,292 [RapidOCR] main.py:50: Using D:\Work\research\FileX\.venv-ai\Lib\site-packages\rapidocr\models\ch_ptocr_mobile_v2.0_cls_mobile.pth[0m
[32m[INFO] 2026-08-31 20:27:17,461 [RapidOCR] base.py:23: Using engine_name: torch[0m
[32m[INFO] 2026-08-31 20:27:17,462 [RapidOCR] device_config.py:64: Using GPU device with ID: 0[0m
[32m[INFO] 2026-08-31 20:27:17,481 [RapidOCR] download_file.py:60: File exists and is valid: D:\Work\research\FileX\.venv-ai\Lib\site-packages\rapidocr\models\PP-OCRv6_rec_small.pth[0m
[32m[INFO] 2026-08-31 20:27:17,481 [RapidOCR] main.py:50: Using D:\Work\research\FileX\.venv-ai\Lib\site-packages\rapidocr\models\PP-OCRv6_rec_small.pth[0m
[32m[INFO] 2026-08-31 20:27:18,597 [RapidOCR] base.py:23: Using engine_name: torch[0m
[32m[INFO] 2026-08-31 20:27:18,598 [RapidOCR] device_config.py:64: Using GPU device with ID: 0[0m
[32m[INFO] 2026-08-31 20:27:18,607 [RapidOCR] download_file.py:60: File exists and is valid: D:\Work\research\FileX\.venv-ai\Lib\site-packages\rapidocr\models\PP-OCRv6_det_small.pth[0m
[32m[INFO] 2026-08-31 20:27:18,608 [RapidOCR] main.py:50: Using D:\Work\research\FileX\.venv-ai\Lib\site-packages\rapidocr\models\PP-OCRv6_det_small.pth[0m
[32m[INFO] 2026-08-31 20:27:18,927 [RapidOCR] base.py:23: Using engine_name: torch[0m
[32m[INFO] 2026-08-31 20:27:18,927 [RapidOCR] device_config.py:64: Using GPU device with ID: 0[0m
[32m[INFO] 2026-08-31 20:27:18,929 [RapidOCR] download_file.py:60: File exists and is valid: D:\Work\research\FileX\.venv-ai\Lib\site-packages\rapidocr\models\ch_ptocr_mobile_v2.0_cls_mobile.pth[0m
[32m[INFO] 2026-08-31 20:27:18,929 [RapidOCR] main.py:50: Using D:\Work\research\FileX\.venv-ai\Lib\site-packages\rapidocr\models\ch_ptocr_mobile_v2.0_cls_mobile.pth[0m
[32m[INFO] 2026-08-31 20:27:19,111 [RapidOCR] base.py:23: Using engine_name: torch[0m
[32m[INFO] 2026-08-31 20:27:19,112 [RapidOCR] device_config.py:64: Using GPU device with ID: 0[0m
[32m[INFO] 2026-08-31 20:27:19,135 [RapidOCR] download_file.py:60: File exists and is valid: D:\Work\research\FileX\.venv-ai\Lib\site-packages\rapidocr\models\PP-OCRv6_rec_small.pth[0m
[32m[INFO] 2026-08-31 20:27:19,135 [RapidOCR] main.py:50: Using D:\Work\research\FileX\.venv-ai\Lib\site-packages\rapidocr\models\PP-OCRv6_rec_small.pth[0m
[32m[INFO] 2026-08-31 20:27:20,340 [RapidOCR] base.py:23: Using engine_name: torch[0m
[32m[INFO] 2026-08-31 20:27:20,341 [RapidOCR] device_config.py:64: Using GPU device with ID: 0[0m
[32m[INFO] 2026-08-31 20:27:20,351 [RapidOCR] download_file.py:60: File exists and is valid: D:\Work\research\FileX\.venv-ai\Lib\site-packages\rapidocr\models\PP-OCRv6_det_small.pth[0m
[32m[INFO] 2026-08-31 20:27:20,351 [RapidOCR] main.py:50: Using D:\Work\research\FileX\.venv-ai\Lib\site-packages\rapidocr\models\PP-OCRv6_det_small.pth[0m
[32m[INFO] 2026-08-31 20:27:20,578 [RapidOCR] base.py:23: Using engine_name: torch[0m
[32m[INFO] 2026-08-31 20:27:20,579 [RapidOCR] device_config.py:64: Using GPU device with ID: 0[0m
[32m[INFO] 2026-08-31 20:27:20,580 [RapidOCR] download_file.py:60: File exists and is valid: D:\Work\research\FileX\.venv-ai\Lib\site-packages\rapidocr\models\ch_ptocr_mobile_v2.0_cls_mobile.pth[0m
[32m[INFO] 2026-08-31 20:27:20,580 [RapidOCR] main.py:50: Using D:\Work\research\FileX\.venv-ai\Lib\site-packages\rapidocr\models\ch_ptocr_mobile_v2.0_cls_mobile.pth[0m
[32m[INFO] 2026-08-31 20:27:20,739 [RapidOCR] base.py:23: Using engine_name: torch[0m
[32m[INFO] 2026-08-31 20:27:20,739 [RapidOCR] device_config.py:64: Using GPU device with ID: 0[0m
[32m[INFO] 2026-08-31 20:27:20,759 [RapidOCR] download_file.py:60: File exists and is valid: D:\Work\research\FileX\.venv-ai\Lib\site-packages\rapidocr\models\PP-OCRv6_rec_small.pth[0m
[32m[INFO] 2026-08-31 20:27:20,759 [RapidOCR] main.py:50: Using D:\Work\research\FileX\.venv-ai\Lib\site-packages\rapidocr\models\PP-OCRv6_rec_small.pth[0m
[32m[INFO] 2026-08-31 20:27:22,112 [RapidOCR] base.py:23: Using engine_name: torch[0m
[32m[INFO] 2026-08-31 20:27:22,113 [RapidOCR] device_config.py:64: Using GPU device with ID: 0[0m
[32m[INFO] 2026-08-31 20:27:22,123 [RapidOCR] download_file.py:60: File exists and is valid: D:\Work\research\FileX\.venv-ai\Lib\site-packages\rapidocr\models\PP-OCRv6_det_small.pth[0m
[32m[INFO] 2026-08-31 20:27:22,123 [RapidOCR] main.py:50: Using D:\Work\research\FileX\.venv-ai\Lib\site-packages\rapidocr\models\PP-OCRv6_det_small.pth[0m
[32m[INFO] 2026-08-31 20:27:22,367 [RapidOCR] base.py:23: Using engine_name: torch[0m
[32m[INFO] 2026-08-31 20:27:22,368 [RapidOCR] device_config.py:64: Using GPU device with ID: 0[0m
[32m[INFO] 2026-08-31 20:27:22,369 [RapidOCR] download_file.py:60: File exists and is valid: D:\Work\research\FileX\.venv-ai\Lib\site-packages\rapidocr\models\ch_ptocr_mobile_v2.0_cls_mobile.pth[0m
[32m[INFO] 2026-08-31 20:27:22,369 [RapidOCR] main.py:50: Using D:\Work\research\FileX\.venv-ai\Lib\site-packages\rapidocr\models\ch_ptocr_mobile_v2.0_cls_mobile.pth[0m
[32m[INFO] 2026-08-31 20:27:22,529 [RapidOCR] base.py:23: Using engine_name: torch[0m
[32m[INFO] 2026-08-31 20:27:22,530 [RapidOCR] device_config.py:64: Using GPU device with ID: 0[0m
[32m[INFO] 2026-08-31 20:27:22,553 [RapidOCR] download_file.py:60: File exists and is valid: D:\Work\research\FileX\.venv-ai\Lib\site-packages\rapidocr\models\PP-OCRv6_rec_small.pth[0m
[32m[INFO] 2026-08-31 20:27:22,553 [RapidOCR] main.py:50: Using D:\Work\research\FileX\.venv-ai\Lib\site-packages\rapidocr\models\PP-OCRv6_rec_small.pth[0m
[32m[INFO] 2026-08-31 20:27:23,715 [RapidOCR] base.py:23: Using engine_name: torch[0m
[32m[INFO] 2026-08-31 20:27:23,715 [RapidOCR] device_config.py:64: Using GPU device with ID: 0[0m
[32m[INFO] 2026-08-31 20:27:23,724 [RapidOCR] download_file.py:60: File exists and is valid: D:\Work\research\FileX\.venv-ai\Lib\site-packages\rapidocr\models\PP-OCRv6_det_small.pth[0m
[32m[INFO] 2026-08-31 20:27:23,725 [RapidOCR] main.py:50: Using D:\Work\research\FileX\.venv-ai\Lib\site-packages\rapidocr\models\PP-OCRv6_det_small.pth[0m
[32m[INFO] 2026-08-31 20:27:23,997 [RapidOCR] base.py:23: Using engine_name: torch[0m
[32m[INFO] 2026-08-31 20:27:23,997 [RapidOCR] device_config.py:64: Using GPU device with ID: 0[0m
[32m[INFO] 2026-08-31 20:27:23,999 [RapidOCR] download_file.py:60: File exists and is valid: D:\Work\research\FileX\.venv-ai\Lib\site-packages\rapidocr\models\ch_ptocr_mobile_v2.0_cls_mobile.pth[0m
[32m[INFO] 2026-08-31 20:27:23,999 [RapidOCR] main.py:50: Using D:\Work\research\FileX\.venv-ai\Lib\site-packages\rapidocr\models\ch_ptocr_mobile_v2.0_cls_mobile.pth[0m
[32m[INFO] 2026-08-31 20:27:24,178 [RapidOCR] base.py:23: Using engine_name: torch[0m
[32m[INFO] 2026-08-31 20:27:24,179 [RapidOCR] device_config.py:64: Using GPU device with ID: 0[0m
[32m[INFO] 2026-08-31 20:27:24,202 [RapidOCR] download_file.py:60: File exists and is valid: D:\Work\research\FileX\.venv-ai\Lib\site-packages\rapidocr\models\PP-OCRv6_rec_small.pth[0m
[32m[INFO] 2026-08-31 20:27:24,202 [RapidOCR] main.py:50: Using D:\Work\research\FileX\.venv-ai\Lib\site-packages\rapidocr\models\PP-OCRv6_rec_small.pth[0m
{"config": "docling-def", "doc": "escaneado_d5", "ppp_nativo": 72, "ppp": 72, "factor": 1.0, "png": "ppp072__escaneado_d5.png", "png_identify": "465x636 28.339999999999999858,28.339999999999999858 PixelsPerCentimeter", "preflight": {"vram_libre_mib": 8720, "mpx_actual": 0.296, "mpx_pendiente_ordenada": 0}, "entrada": "PDF via Docling; scale explicita", "dispositivo": "GPU CUDA", "rc": [1, 1, 1, 1, 1, 1, 1, 1, 1], "error": ["FileNotFoundError: [WinError 3] El sistema no puede encontrar la ruta especificada: '\\\\\\\\?\\\\\\\\wsl.localhost\\\\Ubuntu\\\\'", "FileNotFoundError: [WinError 3] El sistema no puede encontrar la ruta especificada: '\\\\\\\\?\\\\\\\\wsl.localhost\\\\Ubuntu\\\\'", "FileNotFoundError: [WinError 3] El sistema no puede encontrar la ruta especificada: '\\\\\\\\?\\\\\\\\wsl.localhost\\\\Ubuntu\\\\'", "FileNotFoundError: [WinError 3] El sistema no puede encontrar la ruta especificada: '\\\\\\\\?\\\\\\\\wsl.localhost\\\\Ubuntu\\\\'", "FileNotFoundError: [WinError 3] El sistema no puede encontrar la ruta especificada: '\\\\\\\\?\\\\\\\\wsl.localhost\\\\Ubuntu\\\\'", "FileNotFoundError: [WinError 3] El sistema no puede encontrar la ruta especificada: '\\\\\\\\?\\\\\\\\wsl.localhost\\\\Ubuntu\\\\'", "FileNotFoundError: [WinError 3] El sistema no puede encontrar la ruta especificada: '\\\\\\\\?\\\\\\\\wsl.localhost\\\\Ubuntu\\\\'", "FileNotFoundError: [WinError 3] El sistema no puede encontrar la ruta especificada: '\\\\\\\\?\\\\\\\\wsl.localhost\\\\Ubuntu\\\\'", "FileNotFoundError: [WinError 3] El sistema no puede encontrar la ruta especificada: '\\\\\\\\?\\\\\\\\wsl.localhost\\\\Ubuntu\\\\'"], "n": 9, "ms_mediana": 1720.0, "determinista": true, "metrica": "acentos", "cer_pct": 100.0, "cer_acentos_pct": 100.0, "cer_ciego_pct": 100.0, "dist_acentos": 596, "texto": "docling-def__ppp072__escaneado_d5.txt"}
[32m[INFO] 2026-08-31 20:27:25,496 [RapidOCR] base.py:23: Using engine_name: torch[0m
[32m[INFO] 2026-08-31 20:27:25,497 [RapidOCR] device_config.py:64: Using GPU device with ID: 0[0m
[32m[INFO] 2026-08-31 20:27:25,506 [RapidOCR] download_file.py:60: File exists and is valid: D:\Work\research\FileX\.venv-ai\Lib\site-packages\rapidocr\models\PP-OCRv6_det_small.pth[0m
[32m[INFO] 2026-08-31 20:27:25,507 [RapidOCR] main.py:50: Using D:\Work\research\FileX\.venv-ai\Lib\site-packages\rapidocr\models\PP-OCRv6_det_small.pth[0m
[32m[INFO] 2026-08-31 20:27:25,806 [RapidOCR] base.py:23: Using engine_name: torch[0m
[32m[INFO] 2026-08-31 20:27:25,807 [RapidOCR] device_config.py:64: Using GPU device with ID: 0[0m
[32m[INFO] 2026-08-31 20:27:25,808 [RapidOCR] download_file.py:60: File exists and is valid: D:\Work\research\FileX\.venv-ai\Lib\site-packages\rapidocr\models\ch_ptocr_mobile_v2.0_cls_mobile.pth[0m
[32m[INFO] 2026-08-31 20:27:25,808 [RapidOCR] main.py:50: Using D:\Work\research\FileX\.venv-ai\Lib\site-packages\rapidocr\models\ch_ptocr_mobile_v2.0_cls_mobile.pth[0m
[32m[INFO] 2026-08-31 20:27:25,986 [RapidOCR] base.py:23: Using engine_name: torch[0m
[32m[INFO] 2026-08-31 20:27:25,986 [RapidOCR] device_config.py:64: Using GPU device with ID: 0[0m
[32m[INFO] 2026-08-31 20:27:26,006 [RapidOCR] download_file.py:60: File exists and is valid: D:\Work\research\FileX\.venv-ai\Lib\site-packages\rapidocr\models\PP-OCRv6_rec_small.pth[0m
[32m[INFO] 2026-08-31 20:27:26,006 [RapidOCR] main.py:50: Using D:\Work\research\FileX\.venv-ai\Lib\site-packages\rapidocr\models\PP-OCRv6_rec_small.pth[0m
[32m[INFO] 2026-08-31 20:27:27,147 [RapidOCR] base.py:23: Using engine_name: torch[0m
[32m[INFO] 2026-08-31 20:27:27,148 [RapidOCR] device_config.py:64: Using GPU device with ID: 0[0m
[32m[INFO] 2026-08-31 20:27:27,158 [RapidOCR] download_file.py:60: File exists and is valid: D:\Work\research\FileX\.venv-ai\Lib\site-packages\rapidocr\models\PP-OCRv6_det_small.pth[0m
[32m[INFO] 2026-08-31 20:27:27,158 [RapidOCR] main.py:50: Using D:\Work\research\FileX\.venv-ai\Lib\site-packages\rapidocr\models\PP-OCRv6_det_small.pth[0m
[32m[INFO] 2026-08-31 20:27:27,696 [RapidOCR] base.py:23: Using engine_name: torch[0m
[32m[INFO] 2026-08-31 20:27:27,697 [RapidOCR] device_config.py:64: Using GPU device with ID: 0[0m
[32m[INFO] 2026-08-31 20:27:27,698 [RapidOCR] download_file.py:60: File exists and is valid: D:\Work\research\FileX\.venv-ai\Lib\site-packages\rapidocr\models\ch_ptocr_mobile_v2.0_cls_mobile.pth[0m
[32m[INFO] 2026-08-31 20:27:27,699 [RapidOCR] main.py:50: Using D:\Work\research\FileX\.venv-ai\Lib\site-packages\rapidocr\models\ch_ptocr_mobile_v2.0_cls_mobile.pth[0m
[32m[INFO] 2026-08-31 20:27:27,916 [RapidOCR] base.py:23: Using engine_name: torch[0m
[32m[INFO] 2026-08-31 20:27:27,917 [RapidOCR] device_config.py:64: Using GPU device with ID: 0[0m
[32m[INFO] 2026-08-31 20:27:27,943 [RapidOCR] download_file.py:60: File exists and is valid: D:\Work\research\FileX\.venv-ai\Lib\site-packages\rapidocr\models\PP-OCRv6_rec_small.pth[0m
[32m[INFO] 2026-08-31 20:27:27,944 [RapidOCR] main.py:50: Using D:\Work\research\FileX\.venv-ai\Lib\site-packages\rapidocr\models\PP-OCRv6_rec_small.pth[0m
[32m[INFO] 2026-08-31 20:27:29,225 [RapidOCR] base.py:23: Using engine_name: torch[0m
[32m[INFO] 2026-08-31 20:27:29,226 [RapidOCR] device_config.py:64: Using GPU device with ID: 0[0m
[32m[INFO] 2026-08-31 20:27:29,236 [RapidOCR] download_file.py:60: File exists and is valid: D:\Work\research\FileX\.venv-ai\Lib\site-packages\rapidocr\models\PP-OCRv6_det_small.pth[0m
[32m[INFO] 2026-08-31 20:27:29,236 [RapidOCR] main.py:50: Using D:\Work\research\FileX\.venv-ai\Lib\site-packages\rapidocr\models\PP-OCRv6_det_small.pth[0m
[32m[INFO] 2026-08-31 20:27:29,504 [RapidOCR] base.py:23: Using engine_name: torch[0m
[32m[INFO] 2026-08-31 20:27:29,504 [RapidOCR] device_config.py:64: Using GPU device with ID: 0[0m
[32m[INFO] 2026-08-31 20:27:29,506 [RapidOCR] download_file.py:60: File exists and is valid: D:\Work\research\FileX\.venv-ai\Lib\site-packages\rapidocr\models\ch_ptocr_mobile_v2.0_cls_mobile.pth[0m
[32m[INFO] 2026-08-31 20:27:29,506 [RapidOCR] main.py:50: Using D:\Work\research\FileX\.venv-ai\Lib\site-packages\rapidocr\models\ch_ptocr_mobile_v2.0_cls_mobile.pth[0m
[32m[INFO] 2026-08-31 20:27:29,674 [RapidOCR] base.py:23: Using engine_name: torch[0m
[32m[INFO] 2026-08-31 20:27:29,674 [RapidOCR] device_config.py:64: Using GPU device with ID: 0[0m
[32m[INFO] 2026-08-31 20:27:29,695 [RapidOCR] download_file.py:60: File exists and is valid: D:\Work\research\FileX\.venv-ai\Lib\site-packages\rapidocr\models\PP-OCRv6_rec_small.pth[0m
[32m[INFO] 2026-08-31 20:27:29,695 [RapidOCR] main.py:50: Using D:\Work\research\FileX\.venv-ai\Lib\site-packages\rapidocr\models\PP-OCRv6_rec_small.pth[0m
[32m[INFO] 2026-08-31 20:27:30,863 [RapidOCR] base.py:23: Using engine_name: torch[0m
[32m[INFO] 2026-08-31 20:27:30,863 [RapidOCR] device_config.py:64: Using GPU device with ID: 0[0m
[32m[INFO] 2026-08-31 20:27:30,873 [RapidOCR] download_file.py:60: File exists and is valid: D:\Work\research\FileX\.venv-ai\Lib\site-packages\rapidocr\models\PP-OCRv6_det_small.pth[0m
[32m[INFO] 2026-08-31 20:27:30,873 [RapidOCR] main.py:50: Using D:\Work\research\FileX\.venv-ai\Lib\site-packages\rapidocr\models\PP-OCRv6_det_small.pth[0m
[32m[INFO] 2026-08-31 20:27:31,117 [RapidOCR] base.py:23: Using engine_name: torch[0m
[32m[INFO] 2026-08-31 20:27:31,118 [RapidOCR] device_config.py:64: Using GPU device with ID: 0[0m
[32m[INFO] 2026-08-31 20:27:31,119 [RapidOCR] download_file.py:60: File exists and is valid: D:\Work\research\FileX\.venv-ai\Lib\site-packages\rapidocr\models\ch_ptocr_mobile_v2.0_cls_mobile.pth[0m
[32m[INFO] 2026-08-31 20:27:31,119 [RapidOCR] main.py:50: Using D:\Work\research\FileX\.venv-ai\Lib\site-packages\rapidocr\models\ch_ptocr_mobile_v2.0_cls_mobile.pth[0m
[32m[INFO] 2026-08-31 20:27:31,281 [RapidOCR] base.py:23: Using engine_name: torch[0m
[32m[INFO] 2026-08-31 20:27:31,282 [RapidOCR] device_config.py:64: Using GPU device with ID: 0[0m
[32m[INFO] 2026-08-31 20:27:31,302 [RapidOCR] download_file.py:60: File exists and is valid: D:\Work\research\FileX\.venv-ai\Lib\site-packages\rapidocr\models\PP-OCRv6_rec_small.pth[0m
[32m[INFO] 2026-08-31 20:27:31,302 [RapidOCR] main.py:50: Using D:\Work\research\FileX\.venv-ai\Lib\site-packages\rapidocr\models\PP-OCRv6_rec_small.pth[0m
[32m[INFO] 2026-08-31 20:27:32,465 [RapidOCR] base.py:23: Using engine_name: torch[0m
[32m[INFO] 2026-08-31 20:27:32,465 [RapidOCR] device_config.py:64: Using GPU device with ID: 0[0m
[32m[INFO] 2026-08-31 20:27:32,475 [RapidOCR] download_file.py:60: File exists and is valid: D:\Work\research\FileX\.venv-ai\Lib\site-packages\rapidocr\models\PP-OCRv6_det_small.pth[0m
[32m[INFO] 2026-08-31 20:27:32,475 [RapidOCR] main.py:50: Using D:\Work\research\FileX\.venv-ai\Lib\site-packages\rapidocr\models\PP-OCRv6_det_small.pth[0m
[32m[INFO] 2026-08-31 20:27:32,987 [RapidOCR] base.py:23: Using engine_name: torch[0m
[32m[INFO] 2026-08-31 20:27:32,987 [RapidOCR] device_config.py:64: Using GPU device with ID: 0[0m
[32m[INFO] 2026-08-31 20:27:32,989 [RapidOCR] download_file.py:60: File exists and is valid: D:\Work\research\FileX\.venv-ai\Lib\site-packages\rapidocr\models\ch_ptocr_mobile_v2.0_cls_mobile.pth[0m
[32m[INFO] 2026-08-31 20:27:32,989 [RapidOCR] main.py:50: Using D:\Work\research\FileX\.venv-ai\Lib\site-packages\rapidocr\models\ch_ptocr_mobile_v2.0_cls_mobile.pth[0m
[32m[INFO] 2026-08-31 20:27:33,257 [RapidOCR] base.py:23: Using engine_name: torch[0m
[32m[INFO] 2026-08-31 20:27:33,258 [RapidOCR] device_config.py:64: Using GPU device with ID: 0[0m
[32m[INFO] 2026-08-31 20:27:33,279 [RapidOCR] download_file.py:60: File exists and is valid: D:\Work\research\FileX\.venv-ai\Lib\site-packages\rapidocr\models\PP-OCRv6_rec_small.pth[0m
[32m[INFO] 2026-08-31 20:27:33,279 [RapidOCR] main.py:50: Using D:\Work\research\FileX\.venv-ai\Lib\site-packages\rapidocr\models\PP-OCRv6_rec_small.pth[0m
[32m[INFO] 2026-08-31 20:27:34,499 [RapidOCR] base.py:23: Using engine_name: torch[0m
[32m[INFO] 2026-08-31 20:27:34,500 [RapidOCR] device_config.py:64: Using GPU device with ID: 0[0m
[32m[INFO] 2026-08-31 20:27:34,510 [RapidOCR] download_file.py:60: File exists and is valid: D:\Work\research\FileX\.venv-ai\Lib\site-packages\rapidocr\models\PP-OCRv6_det_small.pth[0m
[32m[INFO] 2026-08-31 20:27:34,510 [RapidOCR] main.py:50: Using D:\Work\research\FileX\.venv-ai\Lib\site-packages\rapidocr\models\PP-OCRv6_det_small.pth[0m
[32m[INFO] 2026-08-31 20:27:34,761 [RapidOCR] base.py:23: Using engine_name: torch[0m
[32m[INFO] 2026-08-31 20:27:34,762 [RapidOCR] device_config.py:64: Using GPU device with ID: 0[0m
[32m[INFO] 2026-08-31 20:27:34,764 [RapidOCR] download_file.py:60: File exists and is valid: D:\Work\research\FileX\.venv-ai\Lib\site-packages\rapidocr\models\ch_ptocr_mobile_v2.0_cls_mobile.pth[0m
[32m[INFO] 2026-08-31 20:27:34,764 [RapidOCR] main.py:50: Using D:\Work\research\FileX\.venv-ai\Lib\site-packages\rapidocr\models\ch_ptocr_mobile_v2.0_cls_mobile.pth[0m
[32m[INFO] 2026-08-31 20:27:34,954 [RapidOCR] base.py:23: Using engine_name: torch[0m
[32m[INFO] 2026-08-31 20:27:34,954 [RapidOCR] device_config.py:64: Using GPU device with ID: 0[0m
[32m[INFO] 2026-08-31 20:27:34,977 [RapidOCR] download_file.py:60: File exists and is valid: D:\Work\research\FileX\.venv-ai\Lib\site-packages\rapidocr\models\PP-OCRv6_rec_small.pth[0m
[32m[INFO] 2026-08-31 20:27:34,977 [RapidOCR] main.py:50: Using D:\Work\research\FileX\.venv-ai\Lib\site-packages\rapidocr\models\PP-OCRv6_rec_small.pth[0m
[32m[INFO] 2026-08-31 20:27:36,186 [RapidOCR] base.py:23: Using engine_name: torch[0m
[32m[INFO] 2026-08-31 20:27:36,187 [RapidOCR] device_config.py:64: Using GPU device with ID: 0[0m
[32m[INFO] 2026-08-31 20:27:36,197 [RapidOCR] download_file.py:60: File exists and is valid: D:\Work\research\FileX\.venv-ai\Lib\site-packages\rapidocr\models\PP-OCRv6_det_small.pth[0m
[32m[INFO] 2026-08-31 20:27:36,197 [RapidOCR] main.py:50: Using D:\Work\research\FileX\.venv-ai\Lib\site-packages\rapidocr\models\PP-OCRv6_det_small.pth[0m
[32m[INFO] 2026-08-31 20:27:36,465 [RapidOCR] base.py:23: Using engine_name: torch[0m
[32m[INFO] 2026-08-31 20:27:36,466 [RapidOCR] device_config.py:64: Using GPU device with ID: 0[0m
[32m[INFO] 2026-08-31 20:27:36,467 [RapidOCR] download_file.py:60: File exists and is valid: D:\Work\research\FileX\.venv-ai\Lib\site-packages\rapidocr\models\ch_ptocr_mobile_v2.0_cls_mobile.pth[0m
[32m[INFO] 2026-08-31 20:27:36,468 [RapidOCR] main.py:50: Using D:\Work\research\FileX\.venv-ai\Lib\site-packages\rapidocr\models\ch_ptocr_mobile_v2.0_cls_mobile.pth[0m
[32m[INFO] 2026-08-31 20:27:36,689 [RapidOCR] base.py:23: Using engine_name: torch[0m
[32m[INFO] 2026-08-31 20:27:36,690 [RapidOCR] device_config.py:64: Using GPU device with ID: 0[0m
[32m[INFO] 2026-08-31 20:27:36,709 [RapidOCR] download_file.py:60: File exists and is valid: D:\Work\research\FileX\.venv-ai\Lib\site-packages\rapidocr\models\PP-OCRv6_rec_small.pth[0m
[32m[INFO] 2026-08-31 20:27:36,709 [RapidOCR] main.py:50: Using D:\Work\research\FileX\.venv-ai\Lib\site-packages\rapidocr\models\PP-OCRv6_rec_small.pth[0m
[32m[INFO] 2026-08-31 20:27:37,798 [RapidOCR] base.py:23: Using engine_name: torch[0m
[32m[INFO] 2026-08-31 20:27:37,799 [RapidOCR] device_config.py:64: Using GPU device with ID: 0[0m
[32m[INFO] 2026-08-31 20:27:37,808 [RapidOCR] download_file.py:60: File exists and is valid: D:\Work\research\FileX\.venv-ai\Lib\site-packages\rapidocr\models\PP-OCRv6_det_small.pth[0m
[32m[INFO] 2026-08-31 20:27:37,809 [RapidOCR] main.py:50: Using D:\Work\research\FileX\.venv-ai\Lib\site-packages\rapidocr\models\PP-OCRv6_det_small.pth[0m
[32m[INFO] 2026-08-31 20:27:38,087 [RapidOCR] base.py:23: Using engine_name: torch[0m
[32m[INFO] 2026-08-31 20:27:38,087 [RapidOCR] device_config.py:64: Using GPU device with ID: 0[0m
[32m[INFO] 2026-08-31 20:27:38,089 [RapidOCR] download_file.py:60: File exists and is valid: D:\Work\research\FileX\.venv-ai\Lib\site-packages\rapidocr\models\ch_ptocr_mobile_v2.0_cls_mobile.pth[0m
[32m[INFO] 2026-08-31 20:27:38,090 [RapidOCR] main.py:50: Using D:\Work\research\FileX\.venv-ai\Lib\site-packages\rapidocr\models\ch_ptocr_mobile_v2.0_cls_mobile.pth[0m
[32m[INFO] 2026-08-31 20:27:38,468 [RapidOCR] base.py:23: Using engine_name: torch[0m
[32m[INFO] 2026-08-31 20:27:38,469 [RapidOCR] device_config.py:64: Using GPU device with ID: 0[0m
[32m[INFO] 2026-08-31 20:27:38,489 [RapidOCR] download_file.py:60: File exists and is valid: D:\Work\research\FileX\.venv-ai\Lib\site-packages\rapidocr\models\PP-OCRv6_rec_small.pth[0m
[32m[INFO] 2026-08-31 20:27:38,489 [RapidOCR] main.py:50: Using D:\Work\research\FileX\.venv-ai\Lib\site-packages\rapidocr\models\PP-OCRv6_rec_small.pth[0m
[32m[INFO] 2026-08-31 20:27:39,731 [RapidOCR] base.py:23: Using engine_name: torch[0m
[32m[INFO] 2026-08-31 20:27:39,732 [RapidOCR] device_config.py:64: Using GPU device with ID: 0[0m
[32m[INFO] 2026-08-31 20:27:39,741 [RapidOCR] download_file.py:60: File exists and is valid: D:\Work\research\FileX\.venv-ai\Lib\site-packages\rapidocr\models\PP-OCRv6_det_small.pth[0m
[32m[INFO] 2026-08-31 20:27:39,741 [RapidOCR] main.py:50: Using D:\Work\research\FileX\.venv-ai\Lib\site-packages\rapidocr\models\PP-OCRv6_det_small.pth[0m
[32m[INFO] 2026-08-31 20:27:40,019 [RapidOCR] base.py:23: Using engine_name: torch[0m
[32m[INFO] 2026-08-31 20:27:40,020 [RapidOCR] device_config.py:64: Using GPU device with ID: 0[0m
[32m[INFO] 2026-08-31 20:27:40,021 [RapidOCR] download_file.py:60: File exists and is valid: D:\Work\research\FileX\.venv-ai\Lib\site-packages\rapidocr\models\ch_ptocr_mobile_v2.0_cls_mobile.pth[0m
[32m[INFO] 2026-08-31 20:27:40,021 [RapidOCR] main.py:50: Using D:\Work\research\FileX\.venv-ai\Lib\site-packages\rapidocr\models\ch_ptocr_mobile_v2.0_cls_mobile.pth[0m
[32m[INFO] 2026-08-31 20:27:40,180 [RapidOCR] base.py:23: Using engine_name: torch[0m
[32m[INFO] 2026-08-31 20:27:40,181 [RapidOCR] device_config.py:64: Using GPU device with ID: 0[0m
[32m[INFO] 2026-08-31 20:27:40,201 [RapidOCR] download_file.py:60: File exists and is valid: D:\Work\research\FileX\.venv-ai\Lib\site-packages\rapidocr\models\PP-OCRv6_rec_small.pth[0m
[32m[INFO] 2026-08-31 20:27:40,201 [RapidOCR] main.py:50: Using D:\Work\research\FileX\.venv-ai\Lib\site-packages\rapidocr\models\PP-OCRv6_rec_small.pth[0m
[32m[INFO] 2026-08-31 20:27:41,305 [RapidOCR] base.py:23: Using engine_name: torch[0m
[32m[INFO] 2026-08-31 20:27:41,306 [RapidOCR] device_config.py:64: Using GPU device with ID: 0[0m
[32m[INFO] 2026-08-31 20:27:41,316 [RapidOCR] download_file.py:60: File exists and is valid: D:\Work\research\FileX\.venv-ai\Lib\site-packages\rapidocr\models\PP-OCRv6_det_small.pth[0m
[32m[INFO] 2026-08-31 20:27:41,316 [RapidOCR] main.py:50: Using D:\Work\research\FileX\.venv-ai\Lib\site-packages\rapidocr\models\PP-OCRv6_det_small.pth[0m
[32m[INFO] 2026-08-31 20:27:41,559 [RapidOCR] base.py:23: Using engine_name: torch[0m
[32m[INFO] 2026-08-31 20:27:41,559 [RapidOCR] device_config.py:64: Using GPU device with ID: 0[0m
[32m[INFO] 2026-08-31 20:27:41,560 [RapidOCR] download_file.py:60: File exists and is valid: D:\Work\research\FileX\.venv-ai\Lib\site-packages\rapidocr\models\ch_ptocr_mobile_v2.0_cls_mobile.pth[0m
[32m[INFO] 2026-08-31 20:27:41,561 [RapidOCR] main.py:50: Using D:\Work\research\FileX\.venv-ai\Lib\site-packages\rapidocr\models\ch_ptocr_mobile_v2.0_cls_mobile.pth[0m
[32m[INFO] 2026-08-31 20:27:41,717 [RapidOCR] base.py:23: Using engine_name: torch[0m
[32m[INFO] 2026-08-31 20:27:41,718 [RapidOCR] device_config.py:64: Using GPU device with ID: 0[0m
[32m[INFO] 2026-08-31 20:27:41,737 [RapidOCR] download_file.py:60: File exists and is valid: D:\Work\research\FileX\.venv-ai\Lib\site-packages\rapidocr\models\PP-OCRv6_rec_small.pth[0m
[32m[INFO] 2026-08-31 20:27:41,737 [RapidOCR] main.py:50: Using D:\Work\research\FileX\.venv-ai\Lib\site-packages\rapidocr\models\PP-OCRv6_rec_small.pth[0m
{"config": "docling-def", "doc": "escaneado_d5", "ppp_nativo": 72, "ppp": 100, "factor": 1.389, "png": "ppp100__escaneado_d5.png", "png_identify": "646x883 39.369999999999997442,39.369999999999997442 PixelsPerCentimeter", "preflight": {"vram_libre_mib": 8551, "mpx_actual": 0.57, "mpx_pendiente_ordenada": 0}, "entrada": "PDF via Docling; scale explicita", "dispositivo": "GPU CUDA", "rc": [1, 1, 1, 1, 1, 1, 1, 1, 1], "error": ["FileNotFoundError: [WinError 3] El sistema no puede encontrar la ruta especificada: '\\\\\\\\?\\\\\\\\wsl.localhost\\\\Ubuntu\\\\'", "FileNotFoundError: [WinError 3] El sistema no puede encontrar la ruta especificada: '\\\\\\\\?\\\\\\\\wsl.localhost\\\\Ubuntu\\\\'", "FileNotFoundError: [WinError 3] El sistema no puede encontrar la ruta especificada: '\\\\\\\\?\\\\\\\\wsl.localhost\\\\Ubuntu\\\\'", "FileNotFoundError: [WinError 3] El sistema no puede encontrar la ruta especificada: '\\\\\\\\?\\\\\\\\wsl.localhost\\\\Ubuntu\\\\'", "FileNotFoundError: [WinError 3] El sistema no puede encontrar la ruta especificada: '\\\\\\\\?\\\\\\\\wsl.localhost\\\\Ubuntu\\\\'", "FileNotFoundError: [WinError 3] El sistema no puede encontrar la ruta especificada: '\\\\\\\\?\\\\\\\\wsl.localhost\\\\Ubuntu\\\\'", "FileNotFoundError: [WinError 3] El sistema no puede encontrar la ruta especificada: '\\\\\\\\?\\\\\\\\wsl.localhost\\\\Ubuntu\\\\'", "FileNotFoundError: [WinError 3] El sistema no puede encontrar la ruta especificada: '\\\\\\\\?\\\\\\\\wsl.localhost\\\\Ubuntu\\\\'", "FileNotFoundError: [WinError 3] El sistema no puede encontrar la ruta especificada: '\\\\\\\\?\\\\\\\\wsl.localhost\\\\Ubuntu\\\\'"], "n": 9, "ms_mediana": 1688.8, "determinista": true, "metrica": "acentos", "cer_pct": 100.0, "cer_acentos_pct": 100.0, "cer_ciego_pct": 100.0, "dist_acentos": 596, "texto": "docling-def__ppp100__escaneado_d5.txt"}
[32m[INFO] 2026-08-31 20:27:42,876 [RapidOCR] base.py:23: Using engine_name: torch[0m
[32m[INFO] 2026-08-31 20:27:42,877 [RapidOCR] device_config.py:64: Using GPU device with ID: 0[0m
[32m[INFO] 2026-08-31 20:27:42,886 [RapidOCR] download_file.py:60: File exists and is valid: D:\Work\research\FileX\.venv-ai\Lib\site-packages\rapidocr\models\PP-OCRv6_det_small.pth[0m
[32m[INFO] 2026-08-31 20:27:42,886 [RapidOCR] main.py:50: Using D:\Work\research\FileX\.venv-ai\Lib\site-packages\rapidocr\models\PP-OCRv6_det_small.pth[0m
[32m[INFO] 2026-08-31 20:27:43,121 [RapidOCR] base.py:23: Using engine_name: torch[0m
[32m[INFO] 2026-08-31 20:27:43,122 [RapidOCR] device_config.py:64: Using GPU device with ID: 0[0m
[32m[INFO] 2026-08-31 20:27:43,123 [RapidOCR] download_file.py:60: File exists and is valid: D:\Work\research\FileX\.venv-ai\Lib\site-packages\rapidocr\models\ch_ptocr_mobile_v2.0_cls_mobile.pth[0m
[32m[INFO] 2026-08-31 20:27:43,123 [RapidOCR] main.py:50: Using D:\Work\research\FileX\.venv-ai\Lib\site-packages\rapidocr\models\ch_ptocr_mobile_v2.0_cls_mobile.pth[0m
[32m[INFO] 2026-08-31 20:27:43,304 [RapidOCR] base.py:23: Using engine_name: torch[0m
[32m[INFO] 2026-08-31 20:27:43,305 [RapidOCR] device_config.py:64: Using GPU device with ID: 0[0m
[32m[INFO] 2026-08-31 20:27:43,333 [RapidOCR] download_file.py:60: File exists and is valid: D:\Work\research\FileX\.venv-ai\Lib\site-packages\rapidocr\models\PP-OCRv6_rec_small.pth[0m
[32m[INFO] 2026-08-31 20:27:43,333 [RapidOCR] main.py:50: Using D:\Work\research\FileX\.venv-ai\Lib\site-packages\rapidocr\models\PP-OCRv6_rec_small.pth[0m
[32m[INFO] 2026-08-31 20:27:44,758 [RapidOCR] base.py:23: Using engine_name: torch[0m
[32m[INFO] 2026-08-31 20:27:44,758 [RapidOCR] device_config.py:64: Using GPU device with ID: 0[0m
[32m[INFO] 2026-08-31 20:27:44,768 [RapidOCR] download_file.py:60: File exists and is valid: D:\Work\research\FileX\.venv-ai\Lib\site-packages\rapidocr\models\PP-OCRv6_det_small.pth[0m
[32m[INFO] 2026-08-31 20:27:44,768 [RapidOCR] main.py:50: Using D:\Work\research\FileX\.venv-ai\Lib\site-packages\rapidocr\models\PP-OCRv6_det_small.pth[0m
[32m[INFO] 2026-08-31 20:27:45,057 [RapidOCR] base.py:23: Using engine_name: torch[0m
[32m[INFO] 2026-08-31 20:27:45,057 [RapidOCR] device_config.py:64: Using GPU device with ID: 0[0m
[32m[INFO] 2026-08-31 20:27:45,058 [RapidOCR] download_file.py:60: File exists and is valid: D:\Work\research\FileX\.venv-ai\Lib\site-packages\rapidocr\models\ch_ptocr_mobile_v2.0_cls_mobile.pth[0m
[32m[INFO] 2026-08-31 20:27:45,059 [RapidOCR] main.py:50: Using D:\Work\research\FileX\.venv-ai\Lib\site-packages\rapidocr\models\ch_ptocr_mobile_v2.0_cls_mobile.pth[0m
[32m[INFO] 2026-08-31 20:27:45,230 [RapidOCR] base.py:23: Using engine_name: torch[0m
[32m[INFO] 2026-08-31 20:27:45,231 [RapidOCR] device_config.py:64: Using GPU device with ID: 0[0m
[32m[INFO] 2026-08-31 20:27:45,250 [RapidOCR] download_file.py:60: File exists and is valid: D:\Work\research\FileX\.venv-ai\Lib\site-packages\rapidocr\models\PP-OCRv6_rec_small.pth[0m
[32m[INFO] 2026-08-31 20:27:45,250 [RapidOCR] main.py:50: Using D:\Work\research\FileX\.venv-ai\Lib\site-packages\rapidocr\models\PP-OCRv6_rec_small.pth[0m
[32m[INFO] 2026-08-31 20:27:46,320 [RapidOCR] base.py:23: Using engine_name: torch[0m
[32m[INFO] 2026-08-31 20:27:46,321 [RapidOCR] device_config.py:64: Using GPU device with ID: 0[0m
[32m[INFO] 2026-08-31 20:27:46,330 [RapidOCR] download_file.py:60: File exists and is valid: D:\Work\research\FileX\.venv-ai\Lib\site-packages\rapidocr\models\PP-OCRv6_det_small.pth[0m
[32m[INFO] 2026-08-31 20:27:46,330 [RapidOCR] main.py:50: Using D:\Work\research\FileX\.venv-ai\Lib\site-packages\rapidocr\models\PP-OCRv6_det_small.pth[0m
[32m[INFO] 2026-08-31 20:27:46,584 [RapidOCR] base.py:23: Using engine_name: torch[0m
[32m[INFO] 2026-08-31 20:27:46,585 [RapidOCR] device_config.py:64: Using GPU device with ID: 0[0m
[32m[INFO] 2026-08-31 20:27:46,586 [RapidOCR] download_file.py:60: File exists and is valid: D:\Work\research\FileX\.venv-ai\Lib\site-packages\rapidocr\models\ch_ptocr_mobile_v2.0_cls_mobile.pth[0m
[32m[INFO] 2026-08-31 20:27:46,586 [RapidOCR] main.py:50: Using D:\Work\research\FileX\.venv-ai\Lib\site-packages\rapidocr\models\ch_ptocr_mobile_v2.0_cls_mobile.pth[0m
[32m[INFO] 2026-08-31 20:27:46,748 [RapidOCR] base.py:23: Using engine_name: torch[0m
[32m[INFO] 2026-08-31 20:27:46,748 [RapidOCR] device_config.py:64: Using GPU device with ID: 0[0m
[32m[INFO] 2026-08-31 20:27:46,767 [RapidOCR] download_file.py:60: File exists and is valid: D:\Work\research\FileX\.venv-ai\Lib\site-packages\rapidocr\models\PP-OCRv6_rec_small.pth[0m
[32m[INFO] 2026-08-31 20:27:46,767 [RapidOCR] main.py:50: Using D:\Work\research\FileX\.venv-ai\Lib\site-packages\rapidocr\models\PP-OCRv6_rec_small.pth[0m
[32m[INFO] 2026-08-31 20:27:47,782 [RapidOCR] base.py:23: Using engine_name: torch[0m
[32m[INFO] 2026-08-31 20:27:47,783 [RapidOCR] device_config.py:64: Using GPU device with ID: 0[0m
[32m[INFO] 2026-08-31 20:27:47,792 [RapidOCR] download_file.py:60: File exists and is valid: D:\Work\research\FileX\.venv-ai\Lib\site-packages\rapidocr\models\PP-OCRv6_det_small.pth[0m
[32m[INFO] 2026-08-31 20:27:47,792 [RapidOCR] main.py:50: Using D:\Work\research\FileX\.venv-ai\Lib\site-packages\rapidocr\models\PP-OCRv6_det_small.pth[0m
[32m[INFO] 2026-08-31 20:27:48,027 [RapidOCR] base.py:23: Using engine_name: torch[0m
[32m[INFO] 2026-08-31 20:27:48,028 [RapidOCR] device_config.py:64: Using GPU device with ID: 0[0m
[32m[INFO] 2026-08-31 20:27:48,030 [RapidOCR] download_file.py:60: File exists and is valid: D:\Work\research\FileX\.venv-ai\Lib\site-packages\rapidocr\models\ch_ptocr_mobile_v2.0_cls_mobile.pth[0m
[32m[INFO] 2026-08-31 20:27:48,030 [RapidOCR] main.py:50: Using D:\Work\research\FileX\.venv-ai\Lib\site-packages\rapidocr\models\ch_ptocr_mobile_v2.0_cls_mobile.pth[0m
[32m[INFO] 2026-08-31 20:27:48,206 [RapidOCR] base.py:23: Using engine_name: torch[0m
[32m[INFO] 2026-08-31 20:27:48,206 [RapidOCR] device_config.py:64: Using GPU device with ID: 0[0m
[32m[INFO] 2026-08-31 20:27:48,226 [RapidOCR] download_file.py:60: File exists and is valid: D:\Work\research\FileX\.venv-ai\Lib\site-packages\rapidocr\models\PP-OCRv6_rec_small.pth[0m
[32m[INFO] 2026-08-31 20:27:48,226 [RapidOCR] main.py:50: Using D:\Work\research\FileX\.venv-ai\Lib\site-packages\rapidocr\models\PP-OCRv6_rec_small.pth[0m
[32m[INFO] 2026-08-31 20:27:49,475 [RapidOCR] base.py:23: Using engine_name: torch[0m
[32m[INFO] 2026-08-31 20:27:49,476 [RapidOCR] device_config.py:64: Using GPU device with ID: 0[0m
[32m[INFO] 2026-08-31 20:27:49,484 [RapidOCR] download_file.py:60: File exists and is valid: D:\Work\research\FileX\.venv-ai\Lib\site-packages\rapidocr\models\PP-OCRv6_det_small.pth[0m
[32m[INFO] 2026-08-31 20:27:49,484 [RapidOCR] main.py:50: Using D:\Work\research\FileX\.venv-ai\Lib\site-packages\rapidocr\models\PP-OCRv6_det_small.pth[0m
[32m[INFO] 2026-08-31 20:27:49,697 [RapidOCR] base.py:23: Using engine_name: torch[0m
[32m[INFO] 2026-08-31 20:27:49,697 [RapidOCR] device_config.py:64: Using GPU device with ID: 0[0m
[32m[INFO] 2026-08-31 20:27:49,698 [RapidOCR] download_file.py:60: File exists and is valid: D:\Work\research\FileX\.venv-ai\Lib\site-packages\rapidocr\models\ch_ptocr_mobile_v2.0_cls_mobile.pth[0m
[32m[INFO] 2026-08-31 20:27:49,698 [RapidOCR] main.py:50: Using D:\Work\research\FileX\.venv-ai\Lib\site-packages\rapidocr\models\ch_ptocr_mobile_v2.0_cls_mobile.pth[0m
[32m[INFO] 2026-08-31 20:27:49,856 [RapidOCR] base.py:23: Using engine_name: torch[0m
[32m[INFO] 2026-08-31 20:27:49,857 [RapidOCR] device_config.py:64: Using GPU device with ID: 0[0m
[32m[INFO] 2026-08-31 20:27:49,876 [RapidOCR] download_file.py:60: File exists and is valid: D:\Work\research\FileX\.venv-ai\Lib\site-packages\rapidocr\models\PP-OCRv6_rec_small.pth[0m
[32m[INFO] 2026-08-31 20:27:49,876 [RapidOCR] main.py:50: Using D:\Work\research\FileX\.venv-ai\Lib\site-packages\rapidocr\models\PP-OCRv6_rec_small.pth[0m
[32m[INFO] 2026-08-31 20:27:50,867 [RapidOCR] base.py:23: Using engine_name: torch[0m
[32m[INFO] 2026-08-31 20:27:50,868 [RapidOCR] device_config.py:64: Using GPU device with ID: 0[0m
[32m[INFO] 2026-08-31 20:27:50,878 [RapidOCR] download_file.py:60: File exists and is valid: D:\Work\research\FileX\.venv-ai\Lib\site-packages\rapidocr\models\PP-OCRv6_det_small.pth[0m
[32m[INFO] 2026-08-31 20:27:50,878 [RapidOCR] main.py:50: Using D:\Work\research\FileX\.venv-ai\Lib\site-packages\rapidocr\models\PP-OCRv6_det_small.pth[0m
[32m[INFO] 2026-08-31 20:27:51,099 [RapidOCR] base.py:23: Using engine_name: torch[0m
[32m[INFO] 2026-08-31 20:27:51,100 [RapidOCR] device_config.py:64: Using GPU device with ID: 0[0m
[32m[INFO] 2026-08-31 20:27:51,101 [RapidOCR] download_file.py:60: File exists and is valid: D:\Work\research\FileX\.venv-ai\Lib\site-packages\rapidocr\models\ch_ptocr_mobile_v2.0_cls_mobile.pth[0m
[32m[INFO] 2026-08-31 20:27:51,101 [RapidOCR] main.py:50: Using D:\Work\research\FileX\.venv-ai\Lib\site-packages\rapidocr\models\ch_ptocr_mobile_v2.0_cls_mobile.pth[0m
[32m[INFO] 2026-08-31 20:27:51,255 [RapidOCR] base.py:23: Using engine_name: torch[0m
[32m[INFO] 2026-08-31 20:27:51,255 [RapidOCR] device_config.py:64: Using GPU device with ID: 0[0m
[32m[INFO] 2026-08-31 20:27:51,272 [RapidOCR] download_file.py:60: File exists and is valid: D:\Work\research\FileX\.venv-ai\Lib\site-packages\rapidocr\models\PP-OCRv6_rec_small.pth[0m
[32m[INFO] 2026-08-31 20:27:51,272 [RapidOCR] main.py:50: Using D:\Work\research\FileX\.venv-ai\Lib\site-packages\rapidocr\models\PP-OCRv6_rec_small.pth[0m
[32m[INFO] 2026-08-31 20:27:52,305 [RapidOCR] base.py:23: Using engine_name: torch[0m
[32m[INFO] 2026-08-31 20:27:52,306 [RapidOCR] device_config.py:64: Using GPU device with ID: 0[0m
[32m[INFO] 2026-08-31 20:27:52,315 [RapidOCR] download_file.py:60: File exists and is valid: D:\Work\research\FileX\.venv-ai\Lib\site-packages\rapidocr\models\PP-OCRv6_det_small.pth[0m
[32m[INFO] 2026-08-31 20:27:52,315 [RapidOCR] main.py:50: Using D:\Work\research\FileX\.venv-ai\Lib\site-packages\rapidocr\models\PP-OCRv6_det_small.pth[0m
[32m[INFO] 2026-08-31 20:27:52,554 [RapidOCR] base.py:23: Using engine_name: torch[0m
[32m[INFO] 2026-08-31 20:27:52,554 [RapidOCR] device_config.py:64: Using GPU device with ID: 0[0m
[32m[INFO] 2026-08-31 20:27:52,555 [RapidOCR] download_file.py:60: File exists and is valid: D:\Work\research\FileX\.venv-ai\Lib\site-packages\rapidocr\models\ch_ptocr_mobile_v2.0_cls_mobile.pth[0m
[32m[INFO] 2026-08-31 20:27:52,555 [RapidOCR] main.py:50: Using D:\Work\research\FileX\.venv-ai\Lib\site-packages\rapidocr\models\ch_ptocr_mobile_v2.0_cls_mobile.pth[0m
[32m[INFO] 2026-08-31 20:27:52,698 [RapidOCR] base.py:23: Using engine_name: torch[0m
[32m[INFO] 2026-08-31 20:27:52,698 [RapidOCR] device_config.py:64: Using GPU device with ID: 0[0m
[32m[INFO] 2026-08-31 20:27:52,715 [RapidOCR] download_file.py:60: File exists and is valid: D:\Work\research\FileX\.venv-ai\Lib\site-packages\rapidocr\models\PP-OCRv6_rec_small.pth[0m
[32m[INFO] 2026-08-31 20:27:52,715 [RapidOCR] main.py:50: Using D:\Work\research\FileX\.venv-ai\Lib\site-packages\rapidocr\models\PP-OCRv6_rec_small.pth[0m
[32m[INFO] 2026-08-31 20:27:53,963 [RapidOCR] base.py:23: Using engine_name: torch[0m
[32m[INFO] 2026-08-31 20:27:53,964 [RapidOCR] device_config.py:64: Using GPU device with ID: 0[0m
[32m[INFO] 2026-08-31 20:27:53,974 [RapidOCR] download_file.py:60: File exists and is valid: D:\Work\research\FileX\.venv-ai\Lib\site-packages\rapidocr\models\PP-OCRv6_det_small.pth[0m
[32m[INFO] 2026-08-31 20:27:53,975 [RapidOCR] main.py:50: Using D:\Work\research\FileX\.venv-ai\Lib\site-packages\rapidocr\models\PP-OCRv6_det_small.pth[0m
[32m[INFO] 2026-08-31 20:27:54,246 [RapidOCR] base.py:23: Using engine_name: torch[0m
[32m[INFO] 2026-08-31 20:27:54,247 [RapidOCR] device_config.py:64: Using GPU device with ID: 0[0m
[32m[INFO] 2026-08-31 20:27:54,248 [RapidOCR] download_file.py:60: File exists and is valid: D:\Work\research\FileX\.venv-ai\Lib\site-packages\rapidocr\models\ch_ptocr_mobile_v2.0_cls_mobile.pth[0m
[32m[INFO] 2026-08-31 20:27:54,248 [RapidOCR] main.py:50: Using D:\Work\research\FileX\.venv-ai\Lib\site-packages\rapidocr\models\ch_ptocr_mobile_v2.0_cls_mobile.pth[0m
[32m[INFO] 2026-08-31 20:27:54,395 [RapidOCR] base.py:23: Using engine_name: torch[0m
[32m[INFO] 2026-08-31 20:27:54,396 [RapidOCR] device_config.py:64: Using GPU device with ID: 0[0m
[32m[INFO] 2026-08-31 20:27:54,413 [RapidOCR] download_file.py:60: File exists and is valid: D:\Work\research\FileX\.venv-ai\Lib\site-packages\rapidocr\models\PP-OCRv6_rec_small.pth[0m
[32m[INFO] 2026-08-31 20:27:54,413 [RapidOCR] main.py:50: Using D:\Work\research\FileX\.venv-ai\Lib\site-packages\rapidocr\models\PP-OCRv6_rec_small.pth[0m
[32m[INFO] 2026-08-31 20:27:55,432 [RapidOCR] base.py:23: Using engine_name: torch[0m
[32m[INFO] 2026-08-31 20:27:55,433 [RapidOCR] device_config.py:64: Using GPU device with ID: 0[0m
[32m[INFO] 2026-08-31 20:27:55,442 [RapidOCR] download_file.py:60: File exists and is valid: D:\Work\research\FileX\.venv-ai\Lib\site-packages\rapidocr\models\PP-OCRv6_det_small.pth[0m
[32m[INFO] 2026-08-31 20:27:55,442 [RapidOCR] main.py:50: Using D:\Work\research\FileX\.venv-ai\Lib\site-packages\rapidocr\models\PP-OCRv6_det_small.pth[0m
[32m[INFO] 2026-08-31 20:27:55,688 [RapidOCR] base.py:23: Using engine_name: torch[0m
[32m[INFO] 2026-08-31 20:27:55,689 [RapidOCR] device_config.py:64: Using GPU device with ID: 0[0m
[32m[INFO] 2026-08-31 20:27:55,690 [RapidOCR] download_file.py:60: File exists and is valid: D:\Work\research\FileX\.venv-ai\Lib\site-packages\rapidocr\models\ch_ptocr_mobile_v2.0_cls_mobile.pth[0m
[32m[INFO] 2026-08-31 20:27:55,690 [RapidOCR] main.py:50: Using D:\Work\research\FileX\.venv-ai\Lib\site-packages\rapidocr\models\ch_ptocr_mobile_v2.0_cls_mobile.pth[0m
[32m[INFO] 2026-08-31 20:27:55,843 [RapidOCR] base.py:23: Using engine_name: torch[0m
[32m[INFO] 2026-08-31 20:27:55,843 [RapidOCR] device_config.py:64: Using GPU device with ID: 0[0m
[32m[INFO] 2026-08-31 20:27:55,861 [RapidOCR] download_file.py:60: File exists and is valid: D:\Work\research\FileX\.venv-ai\Lib\site-packages\rapidocr\models\PP-OCRv6_rec_small.pth[0m
[32m[INFO] 2026-08-31 20:27:55,861 [RapidOCR] main.py:50: Using D:\Work\research\FileX\.venv-ai\Lib\site-packages\rapidocr\models\PP-OCRv6_rec_small.pth[0m
[32m[INFO] 2026-08-31 20:27:56,917 [RapidOCR] base.py:23: Using engine_name: torch[0m
[32m[INFO] 2026-08-31 20:27:56,918 [RapidOCR] device_config.py:64: Using GPU device with ID: 0[0m
[32m[INFO] 2026-08-31 20:27:56,927 [RapidOCR] download_file.py:60: File exists and is valid: D:\Work\research\FileX\.venv-ai\Lib\site-packages\rapidocr\models\PP-OCRv6_det_small.pth[0m
[32m[INFO] 2026-08-31 20:27:56,927 [RapidOCR] main.py:50: Using D:\Work\research\FileX\.venv-ai\Lib\site-packages\rapidocr\models\PP-OCRv6_det_small.pth[0m
[32m[INFO] 2026-08-31 20:27:57,158 [RapidOCR] base.py:23: Using engine_name: torch[0m
[32m[INFO] 2026-08-31 20:27:57,158 [RapidOCR] device_config.py:64: Using GPU device with ID: 0[0m
[32m[INFO] 2026-08-31 20:27:57,159 [RapidOCR] download_file.py:60: File exists and is valid: D:\Work\research\FileX\.venv-ai\Lib\site-packages\rapidocr\models\ch_ptocr_mobile_v2.0_cls_mobile.pth[0m
[32m[INFO] 2026-08-31 20:27:57,160 [RapidOCR] main.py:50: Using D:\Work\research\FileX\.venv-ai\Lib\site-packages\rapidocr\models\ch_ptocr_mobile_v2.0_cls_mobile.pth[0m
[32m[INFO] 2026-08-31 20:27:57,316 [RapidOCR] base.py:23: Using engine_name: torch[0m
[32m[INFO] 2026-08-31 20:27:57,316 [RapidOCR] device_config.py:64: Using GPU device with ID: 0[0m
[32m[INFO] 2026-08-31 20:27:57,334 [RapidOCR] download_file.py:60: File exists and is valid: D:\Work\research\FileX\.venv-ai\Lib\site-packages\rapidocr\models\PP-OCRv6_rec_small.pth[0m
[32m[INFO] 2026-08-31 20:27:57,334 [RapidOCR] main.py:50: Using D:\Work\research\FileX\.venv-ai\Lib\site-packages\rapidocr\models\PP-OCRv6_rec_small.pth[0m
{"config": "docling-def", "doc": "escaneado_d5", "ppp_nativo": 72, "ppp": 105, "factor": 1.458, "png": "ppp105__escaneado_d5.png", "png_identify": "678x928 41.329999999999998295,41.340000000000003411 PixelsPerCentimeter", "preflight": {"vram_libre_mib": 8442, "mpx_actual": 0.629, "mpx_pendiente_ordenada": 0}, "entrada": "PDF via Docling; scale explicita", "dispositivo": "GPU CUDA", "rc": [1, 1, 1, 1, 1, 1, 1, 1, 1], "error": ["FileNotFoundError: [WinError 3] El sistema no puede encontrar la ruta especificada: '\\\\\\\\?\\\\\\\\wsl.localhost\\\\Ubuntu\\\\'", "FileNotFoundError: [WinError 3] El sistema no puede encontrar la ruta especificada: '\\\\\\\\?\\\\\\\\wsl.localhost\\\\Ubuntu\\\\'", "FileNotFoundError: [WinError 3] El sistema no puede encontrar la ruta especificada: '\\\\\\\\?\\\\\\\\wsl.localhost\\\\Ubuntu\\\\'", "FileNotFoundError: [WinError 3] El sistema no puede encontrar la ruta especificada: '\\\\\\\\?\\\\\\\\wsl.localhost\\\\Ubuntu\\\\'", "FileNotFoundError: [WinError 3] El sistema no puede encontrar la ruta especificada: '\\\\\\\\?\\\\\\\\wsl.localhost\\\\Ubuntu\\\\'", "FileNotFoundError: [WinError 3] El sistema no puede encontrar la ruta especificada: '\\\\\\\\?\\\\\\\\wsl.localhost\\\\Ubuntu\\\\'", "FileNotFoundError: [WinError 3] El sistema no puede encontrar la ruta especificada: '\\\\\\\\?\\\\\\\\wsl.localhost\\\\Ubuntu\\\\'", "FileNotFoundError: [WinError 3] El sistema no puede encontrar la ruta especificada: '\\\\\\\\?\\\\\\\\wsl.localhost\\\\Ubuntu\\\\'", "FileNotFoundError: [WinError 3] El sistema no puede encontrar la ruta especificada: '\\\\\\\\?\\\\\\\\wsl.localhost\\\\Ubuntu\\\\'"], "n": 9, "ms_mediana": 1485.9, "determinista": true, "metrica": "acentos", "cer_pct": 100.0, "cer_acentos_pct": 100.0, "cer_ciego_pct": 100.0, "dist_acentos": 596, "texto": "docling-def__ppp105__escaneado_d5.txt"}
[32m[INFO] 2026-08-31 20:27:58,607 [RapidOCR] base.py:23: Using engine_name: torch[0m
[32m[INFO] 2026-08-31 20:27:58,608 [RapidOCR] device_config.py:64: Using GPU device with ID: 0[0m
[32m[INFO] 2026-08-31 20:27:58,616 [RapidOCR] download_file.py:60: File exists and is valid: D:\Work\research\FileX\.venv-ai\Lib\site-packages\rapidocr\models\PP-OCRv6_det_small.pth[0m
[32m[INFO] 2026-08-31 20:27:58,617 [RapidOCR] main.py:50: Using D:\Work\research\FileX\.venv-ai\Lib\site-packages\rapidocr\models\PP-OCRv6_det_small.pth[0m
[32m[INFO] 2026-08-31 20:27:58,955 [RapidOCR] base.py:23: Using engine_name: torch[0m
[32m[INFO] 2026-08-31 20:27:58,956 [RapidOCR] device_config.py:64: Using GPU device with ID: 0[0m
[32m[INFO] 2026-08-31 20:27:58,958 [RapidOCR] download_file.py:60: File exists and is valid: D:\Work\research\FileX\.venv-ai\Lib\site-packages\rapidocr\models\ch_ptocr_mobile_v2.0_cls_mobile.pth[0m
[32m[INFO] 2026-08-31 20:27:58,958 [RapidOCR] main.py:50: Using D:\Work\research\FileX\.venv-ai\Lib\site-packages\rapidocr\models\ch_ptocr_mobile_v2.0_cls_mobile.pth[0m
[32m[INFO] 2026-08-31 20:27:59,180 [RapidOCR] base.py:23: Using engine_name: torch[0m
[32m[INFO] 2026-08-31 20:27:59,181 [RapidOCR] device_config.py:64: Using GPU device with ID: 0[0m
[32m[INFO] 2026-08-31 20:27:59,205 [RapidOCR] download_file.py:60: File exists and is valid: D:\Work\research\FileX\.venv-ai\Lib\site-packages\rapidocr\models\PP-OCRv6_rec_small.pth[0m
[32m[INFO] 2026-08-31 20:27:59,206 [RapidOCR] main.py:50: Using D:\Work\research\FileX\.venv-ai\Lib\site-packages\rapidocr\models\PP-OCRv6_rec_small.pth[0m
[32m[INFO] 2026-08-31 20:28:00,376 [RapidOCR] base.py:23: Using engine_name: torch[0m
[32m[INFO] 2026-08-31 20:28:00,376 [RapidOCR] device_config.py:64: Using GPU device with ID: 0[0m
[32m[INFO] 2026-08-31 20:28:00,386 [RapidOCR] download_file.py:60: File exists and is valid: D:\Work\research\FileX\.venv-ai\Lib\site-packages\rapidocr\models\PP-OCRv6_det_small.pth[0m
[32m[INFO] 2026-08-31 20:28:00,386 [RapidOCR] main.py:50: Using D:\Work\research\FileX\.venv-ai\Lib\site-packages\rapidocr\models\PP-OCRv6_det_small.pth[0m
[32m[INFO] 2026-08-31 20:28:00,658 [RapidOCR] base.py:23: Using engine_name: torch[0m
[32m[INFO] 2026-08-31 20:28:00,660 [RapidOCR] device_config.py:64: Using GPU device with ID: 0[0m
[32m[INFO] 2026-08-31 20:28:00,662 [RapidOCR] download_file.py:60: File exists and is valid: D:\Work\research\FileX\.venv-ai\Lib\site-packages\rapidocr\models\ch_ptocr_mobile_v2.0_cls_mobile.pth[0m
[32m[INFO] 2026-08-31 20:28:00,662 [RapidOCR] main.py:50: Using D:\Work\research\FileX\.venv-ai\Lib\site-packages\rapidocr\models\ch_ptocr_mobile_v2.0_cls_mobile.pth[0m
[32m[INFO] 2026-08-31 20:28:00,841 [RapidOCR] base.py:23: Using engine_name: torch[0m
[32m[INFO] 2026-08-31 20:28:00,842 [RapidOCR] device_config.py:64: Using GPU device with ID: 0[0m
[32m[INFO] 2026-08-31 20:28:00,861 [RapidOCR] download_file.py:60: File exists and is valid: D:\Work\research\FileX\.venv-ai\Lib\site-packages\rapidocr\models\PP-OCRv6_rec_small.pth[0m
[32m[INFO] 2026-08-31 20:28:00,861 [RapidOCR] main.py:50: Using D:\Work\research\FileX\.venv-ai\Lib\site-packages\rapidocr\models\PP-OCRv6_rec_small.pth[0m
[32m[INFO] 2026-08-31 20:28:01,966 [RapidOCR] base.py:23: Using engine_name: torch[0m
[32m[INFO] 2026-08-31 20:28:01,967 [RapidOCR] device_config.py:64: Using GPU device with ID: 0[0m
[32m[INFO] 2026-08-31 20:28:01,976 [RapidOCR] download_file.py:60: File exists and is valid: D:\Work\research\FileX\.venv-ai\Lib\site-packages\rapidocr\models\PP-OCRv6_det_small.pth[0m
[32m[INFO] 2026-08-31 20:28:01,976 [RapidOCR] main.py:50: Using D:\Work\research\FileX\.venv-ai\Lib\site-packages\rapidocr\models\PP-OCRv6_det_small.pth[0m
[32m[INFO] 2026-08-31 20:28:02,237 [RapidOCR] base.py:23: Using engine_name: torch[0m
[32m[INFO] 2026-08-31 20:28:02,238 [RapidOCR] device_config.py:64: Using GPU device with ID: 0[0m
[32m[INFO] 2026-08-31 20:28:02,239 [RapidOCR] download_file.py:60: File exists and is valid: D:\Work\research\FileX\.venv-ai\Lib\site-packages\rapidocr\models\ch_ptocr_mobile_v2.0_cls_mobile.pth[0m
[32m[INFO] 2026-08-31 20:28:02,239 [RapidOCR] main.py:50: Using D:\Work\research\FileX\.venv-ai\Lib\site-packages\rapidocr\models\ch_ptocr_mobile_v2.0_cls_mobile.pth[0m
[32m[INFO] 2026-08-31 20:28:02,410 [RapidOCR] base.py:23: Using engine_name: torch[0m
[32m[INFO] 2026-08-31 20:28:02,410 [RapidOCR] device_config.py:64: Using GPU device with ID: 0[0m
[32m[INFO] 2026-08-31 20:28:02,429 [RapidOCR] download_file.py:60: File exists and is valid: D:\Work\research\FileX\.venv-ai\Lib\site-packages\rapidocr\models\PP-OCRv6_rec_small.pth[0m
[32m[INFO] 2026-08-31 20:28:02,429 [RapidOCR] main.py:50: Using D:\Work\research\FileX\.venv-ai\Lib\site-packages\rapidocr\models\PP-OCRv6_rec_small.pth[0m
[32m[INFO] 2026-08-31 20:28:03,469 [RapidOCR] base.py:23: Using engine_name: torch[0m
[32m[INFO] 2026-08-31 20:28:03,469 [RapidOCR] device_config.py:64: Using GPU device with ID: 0[0m
[32m[INFO] 2026-08-31 20:28:03,478 [RapidOCR] download_file.py:60: File exists and is valid: D:\Work\research\FileX\.venv-ai\Lib\site-packages\rapidocr\models\PP-OCRv6_det_small.pth[0m
[32m[INFO] 2026-08-31 20:28:03,478 [RapidOCR] main.py:50: Using D:\Work\research\FileX\.venv-ai\Lib\site-packages\rapidocr\models\PP-OCRv6_det_small.pth[0m
[32m[INFO] 2026-08-31 20:28:03,867 [RapidOCR] base.py:23: Using engine_name: torch[0m
[32m[INFO] 2026-08-31 20:28:03,868 [RapidOCR] device_config.py:64: Using GPU device with ID: 0[0m
[32m[INFO] 2026-08-31 20:28:03,869 [RapidOCR] download_file.py:60: File exists and is valid: D:\Work\research\FileX\.venv-ai\Lib\site-packages\rapidocr\models\ch_ptocr_mobile_v2.0_cls_mobile.pth[0m
[32m[INFO] 2026-08-31 20:28:03,869 [RapidOCR] main.py:50: Using D:\Work\research\FileX\.venv-ai\Lib\site-packages\rapidocr\models\ch_ptocr_mobile_v2.0_cls_mobile.pth[0m
[32m[INFO] 2026-08-31 20:28:04,034 [RapidOCR] base.py:23: Using engine_name: torch[0m
[32m[INFO] 2026-08-31 20:28:04,034 [RapidOCR] device_config.py:64: Using GPU device with ID: 0[0m
[32m[INFO] 2026-08-31 20:28:04,055 [RapidOCR] download_file.py:60: File exists and is valid: D:\Work\research\FileX\.venv-ai\Lib\site-packages\rapidocr\models\PP-OCRv6_rec_small.pth[0m
[32m[INFO] 2026-08-31 20:28:04,055 [RapidOCR] main.py:50: Using D:\Work\research\FileX\.venv-ai\Lib\site-packages\rapidocr\models\PP-OCRv6_rec_small.pth[0m
[32m[INFO] 2026-08-31 20:28:05,126 [RapidOCR] base.py:23: Using engine_name: torch[0m
[32m[INFO] 2026-08-31 20:28:05,127 [RapidOCR] device_config.py:64: Using GPU device with ID: 0[0m
[32m[INFO] 2026-08-31 20:28:05,139 [RapidOCR] download_file.py:60: File exists and is valid: D:\Work\research\FileX\.venv-ai\Lib\site-packages\rapidocr\models\PP-OCRv6_det_small.pth[0m
[32m[INFO] 2026-08-31 20:28:05,139 [RapidOCR] main.py:50: Using D:\Work\research\FileX\.venv-ai\Lib\site-packages\rapidocr\models\PP-OCRv6_det_small.pth[0m
[32m[INFO] 2026-08-31 20:28:05,415 [RapidOCR] base.py:23: Using engine_name: torch[0m
[32m[INFO] 2026-08-31 20:28:05,415 [RapidOCR] device_config.py:64: Using GPU device with ID: 0[0m
[32m[INFO] 2026-08-31 20:28:05,417 [RapidOCR] download_file.py:60: File exists and is valid: D:\Work\research\FileX\.venv-ai\Lib\site-packages\rapidocr\models\ch_ptocr_mobile_v2.0_cls_mobile.pth[0m
[32m[INFO] 2026-08-31 20:28:05,417 [RapidOCR] main.py:50: Using D:\Work\research\FileX\.venv-ai\Lib\site-packages\rapidocr\models\ch_ptocr_mobile_v2.0_cls_mobile.pth[0m
[32m[INFO] 2026-08-31 20:28:05,566 [RapidOCR] base.py:23: Using engine_name: torch[0m
[32m[INFO] 2026-08-31 20:28:05,566 [RapidOCR] device_config.py:64: Using GPU device with ID: 0[0m
[32m[INFO] 2026-08-31 20:28:05,583 [RapidOCR] download_file.py:60: File exists and is valid: D:\Work\research\FileX\.venv-ai\Lib\site-packages\rapidocr\models\PP-OCRv6_rec_small.pth[0m
[32m[INFO] 2026-08-31 20:28:05,584 [RapidOCR] main.py:50: Using D:\Work\research\FileX\.venv-ai\Lib\site-packages\rapidocr\models\PP-OCRv6_rec_small.pth[0m
[32m[INFO] 2026-08-31 20:28:06,626 [RapidOCR] base.py:23: Using engine_name: torch[0m
[32m[INFO] 2026-08-31 20:28:06,627 [RapidOCR] device_config.py:64: Using GPU device with ID: 0[0m
[32m[INFO] 2026-08-31 20:28:06,635 [RapidOCR] download_file.py:60: File exists and is valid: D:\Work\research\FileX\.venv-ai\Lib\site-packages\rapidocr\models\PP-OCRv6_det_small.pth[0m
[32m[INFO] 2026-08-31 20:28:06,635 [RapidOCR] main.py:50: Using D:\Work\research\FileX\.venv-ai\Lib\site-packages\rapidocr\models\PP-OCRv6_det_small.pth[0m
[32m[INFO] 2026-08-31 20:28:06,881 [RapidOCR] base.py:23: Using engine_name: torch[0m
[32m[INFO] 2026-08-31 20:28:06,881 [RapidOCR] device_config.py:64: Using GPU device with ID: 0[0m
[32m[INFO] 2026-08-31 20:28:06,883 [RapidOCR] download_file.py:60: File exists and is valid: D:\Work\research\FileX\.venv-ai\Lib\site-packages\rapidocr\models\ch_ptocr_mobile_v2.0_cls_mobile.pth[0m
[32m[INFO] 2026-08-31 20:28:06,883 [RapidOCR] main.py:50: Using D:\Work\research\FileX\.venv-ai\Lib\site-packages\rapidocr\models\ch_ptocr_mobile_v2.0_cls_mobile.pth[0m
[32m[INFO] 2026-08-31 20:28:07,038 [RapidOCR] base.py:23: Using engine_name: torch[0m
[32m[INFO] 2026-08-31 20:28:07,038 [RapidOCR] device_config.py:64: Using GPU device with ID: 0[0m
[32m[INFO] 2026-08-31 20:28:07,055 [RapidOCR] download_file.py:60: File exists and is valid: D:\Work\research\FileX\.venv-ai\Lib\site-packages\rapidocr\models\PP-OCRv6_rec_small.pth[0m
[32m[INFO] 2026-08-31 20:28:07,056 [RapidOCR] main.py:50: Using D:\Work\research\FileX\.venv-ai\Lib\site-packages\rapidocr\models\PP-OCRv6_rec_small.pth[0m
[32m[INFO] 2026-08-31 20:28:08,036 [RapidOCR] base.py:23: Using engine_name: torch[0m
[32m[INFO] 2026-08-31 20:28:08,036 [RapidOCR] device_config.py:64: Using GPU device with ID: 0[0m
[32m[INFO] 2026-08-31 20:28:08,045 [RapidOCR] download_file.py:60: File exists and is valid: D:\Work\research\FileX\.venv-ai\Lib\site-packages\rapidocr\models\PP-OCRv6_det_small.pth[0m
[32m[INFO] 2026-08-31 20:28:08,045 [RapidOCR] main.py:50: Using D:\Work\research\FileX\.venv-ai\Lib\site-packages\rapidocr\models\PP-OCRv6_det_small.pth[0m
[32m[INFO] 2026-08-31 20:28:08,268 [RapidOCR] base.py:23: Using engine_name: torch[0m
[32m[INFO] 2026-08-31 20:28:08,268 [RapidOCR] device_config.py:64: Using GPU device with ID: 0[0m
[32m[INFO] 2026-08-31 20:28:08,269 [RapidOCR] download_file.py:60: File exists and is valid: D:\Work\research\FileX\.venv-ai\Lib\site-packages\rapidocr\models\ch_ptocr_mobile_v2.0_cls_mobile.pth[0m
[32m[INFO] 2026-08-31 20:28:08,269 [RapidOCR] main.py:50: Using D:\Work\research\FileX\.venv-ai\Lib\site-packages\rapidocr\models\ch_ptocr_mobile_v2.0_cls_mobile.pth[0m
[32m[INFO] 2026-08-31 20:28:08,551 [RapidOCR] base.py:23: Using engine_name: torch[0m
[32m[INFO] 2026-08-31 20:28:08,552 [RapidOCR] device_config.py:64: Using GPU device with ID: 0[0m
[32m[INFO] 2026-08-31 20:28:08,568 [RapidOCR] download_file.py:60: File exists and is valid: D:\Work\research\FileX\.venv-ai\Lib\site-packages\rapidocr\models\PP-OCRv6_rec_small.pth[0m
[32m[INFO] 2026-08-31 20:28:08,568 [RapidOCR] main.py:50: Using D:\Work\research\FileX\.venv-ai\Lib\site-packages\rapidocr\models\PP-OCRv6_rec_small.pth[0m
[32m[INFO] 2026-08-31 20:28:09,631 [RapidOCR] base.py:23: Using engine_name: torch[0m
[32m[INFO] 2026-08-31 20:28:09,631 [RapidOCR] device_config.py:64: Using GPU device with ID: 0[0m
[32m[INFO] 2026-08-31 20:28:09,640 [RapidOCR] download_file.py:60: File exists and is valid: D:\Work\research\FileX\.venv-ai\Lib\site-packages\rapidocr\models\PP-OCRv6_det_small.pth[0m
[32m[INFO] 2026-08-31 20:28:09,640 [RapidOCR] main.py:50: Using D:\Work\research\FileX\.venv-ai\Lib\site-packages\rapidocr\models\PP-OCRv6_det_small.pth[0m
[32m[INFO] 2026-08-31 20:28:09,883 [RapidOCR] base.py:23: Using engine_name: torch[0m
[32m[INFO] 2026-08-31 20:28:09,885 [RapidOCR] device_config.py:64: Using GPU device with ID: 0[0m
[32m[INFO] 2026-08-31 20:28:09,885 [RapidOCR] download_file.py:60: File exists and is valid: D:\Work\research\FileX\.venv-ai\Lib\site-packages\rapidocr\models\ch_ptocr_mobile_v2.0_cls_mobile.pth[0m
[32m[INFO] 2026-08-31 20:28:09,885 [RapidOCR] main.py:50: Using D:\Work\research\FileX\.venv-ai\Lib\site-packages\rapidocr\models\ch_ptocr_mobile_v2.0_cls_mobile.pth[0m
[32m[INFO] 2026-08-31 20:28:10,049 [RapidOCR] base.py:23: Using engine_name: torch[0m
[32m[INFO] 2026-08-31 20:28:10,049 [RapidOCR] device_config.py:64: Using GPU device with ID: 0[0m
[32m[INFO] 2026-08-31 20:28:10,069 [RapidOCR] download_file.py:60: File exists and is valid: D:\Work\research\FileX\.venv-ai\Lib\site-packages\rapidocr\models\PP-OCRv6_rec_small.pth[0m
[32m[INFO] 2026-08-31 20:28:10,069 [RapidOCR] main.py:50: Using D:\Work\research\FileX\.venv-ai\Lib\site-packages\rapidocr\models\PP-OCRv6_rec_small.pth[0m
[32m[INFO] 2026-08-31 20:28:11,116 [RapidOCR] base.py:23: Using engine_name: torch[0m
[32m[INFO] 2026-08-31 20:28:11,116 [RapidOCR] device_config.py:64: Using GPU device with ID: 0[0m
[32m[INFO] 2026-08-31 20:28:11,125 [RapidOCR] download_file.py:60: File exists and is valid: D:\Work\research\FileX\.venv-ai\Lib\site-packages\rapidocr\models\PP-OCRv6_det_small.pth[0m
[32m[INFO] 2026-08-31 20:28:11,125 [RapidOCR] main.py:50: Using D:\Work\research\FileX\.venv-ai\Lib\site-packages\rapidocr\models\PP-OCRv6_det_small.pth[0m
[32m[INFO] 2026-08-31 20:28:11,374 [RapidOCR] base.py:23: Using engine_name: torch[0m
[32m[INFO] 2026-08-31 20:28:11,375 [RapidOCR] device_config.py:64: Using GPU device with ID: 0[0m
[32m[INFO] 2026-08-31 20:28:11,376 [RapidOCR] download_file.py:60: File exists and is valid: D:\Work\research\FileX\.venv-ai\Lib\site-packages\rapidocr\models\ch_ptocr_mobile_v2.0_cls_mobile.pth[0m
[32m[INFO] 2026-08-31 20:28:11,376 [RapidOCR] main.py:50: Using D:\Work\research\FileX\.venv-ai\Lib\site-packages\rapidocr\models\ch_ptocr_mobile_v2.0_cls_mobile.pth[0m
[32m[INFO] 2026-08-31 20:28:11,549 [RapidOCR] base.py:23: Using engine_name: torch[0m
[32m[INFO] 2026-08-31 20:28:11,550 [RapidOCR] device_config.py:64: Using GPU device with ID: 0[0m
[32m[INFO] 2026-08-31 20:28:11,570 [RapidOCR] download_file.py:60: File exists and is valid: D:\Work\research\FileX\.venv-ai\Lib\site-packages\rapidocr\models\PP-OCRv6_rec_small.pth[0m
[32m[INFO] 2026-08-31 20:28:11,570 [RapidOCR] main.py:50: Using D:\Work\research\FileX\.venv-ai\Lib\site-packages\rapidocr\models\PP-OCRv6_rec_small.pth[0m
[32m[INFO] 2026-08-31 20:28:12,579 [RapidOCR] base.py:23: Using engine_name: torch[0m
[32m[INFO] 2026-08-31 20:28:12,580 [RapidOCR] device_config.py:64: Using GPU device with ID: 0[0m
[32m[INFO] 2026-08-31 20:28:12,588 [RapidOCR] download_file.py:60: File exists and is valid: D:\Work\research\FileX\.venv-ai\Lib\site-packages\rapidocr\models\PP-OCRv6_det_small.pth[0m
[32m[INFO] 2026-08-31 20:28:12,588 [RapidOCR] main.py:50: Using D:\Work\research\FileX\.venv-ai\Lib\site-packages\rapidocr\models\PP-OCRv6_det_small.pth[0m
[32m[INFO] 2026-08-31 20:28:12,822 [RapidOCR] base.py:23: Using engine_name: torch[0m
[32m[INFO] 2026-08-31 20:28:12,823 [RapidOCR] device_config.py:64: Using GPU device with ID: 0[0m
[32m[INFO] 2026-08-31 20:28:12,824 [RapidOCR] download_file.py:60: File exists and is valid: D:\Work\research\FileX\.venv-ai\Lib\site-packages\rapidocr\models\ch_ptocr_mobile_v2.0_cls_mobile.pth[0m
[32m[INFO] 2026-08-31 20:28:12,824 [RapidOCR] main.py:50: Using D:\Work\research\FileX\.venv-ai\Lib\site-packages\rapidocr\models\ch_ptocr_mobile_v2.0_cls_mobile.pth[0m
[32m[INFO] 2026-08-31 20:28:12,964 [RapidOCR] base.py:23: Using engine_name: torch[0m
[32m[INFO] 2026-08-31 20:28:12,965 [RapidOCR] device_config.py:64: Using GPU device with ID: 0[0m
[32m[INFO] 2026-08-31 20:28:12,981 [RapidOCR] download_file.py:60: File exists and is valid: D:\Work\research\FileX\.venv-ai\Lib\site-packages\rapidocr\models\PP-OCRv6_rec_small.pth[0m
[32m[INFO] 2026-08-31 20:28:12,981 [RapidOCR] main.py:50: Using D:\Work\research\FileX\.venv-ai\Lib\site-packages\rapidocr\models\PP-OCRv6_rec_small.pth[0m
{"config": "docling-def", "doc": "escaneado_d5", "ppp_nativo": 72, "ppp": 110, "factor": 1.528, "png": "ppp110__escaneado_d5.png", "png_identify": "710x972 43.299999999999997158,43.299999999999997158 PixelsPerCentimeter", "preflight": {"vram_libre_mib": 8725, "mpx_actual": 0.69, "mpx_pendiente_ordenada": 0}, "entrada": "PDF via Docling; scale explicita", "dispositivo": "GPU CUDA", "rc": [1, 1, 1, 1, 1, 1, 1, 1, 1], "error": ["FileNotFoundError: [WinError 3] El sistema no puede encontrar la ruta especificada: '\\\\\\\\?\\\\\\\\wsl.localhost\\\\Ubuntu\\\\'", "FileNotFoundError: [WinError 3] El sistema no puede encontrar la ruta especificada: '\\\\\\\\?\\\\\\\\wsl.localhost\\\\Ubuntu\\\\'", "FileNotFoundError: [WinError 3] El sistema no puede encontrar la ruta especificada: '\\\\\\\\?\\\\\\\\wsl.localhost\\\\Ubuntu\\\\'", "FileNotFoundError: [WinError 3] El sistema no puede encontrar la ruta especificada: '\\\\\\\\?\\\\\\\\wsl.localhost\\\\Ubuntu\\\\'", "FileNotFoundError: [WinError 3] El sistema no puede encontrar la ruta especificada: '\\\\\\\\?\\\\\\\\wsl.localhost\\\\Ubuntu\\\\'", "FileNotFoundError: [WinError 3] El sistema no puede encontrar la ruta especificada: '\\\\\\\\?\\\\\\\\wsl.localhost\\\\Ubuntu\\\\'", "FileNotFoundError: [WinError 3] El sistema no puede encontrar la ruta especificada: '\\\\\\\\?\\\\\\\\wsl.localhost\\\\Ubuntu\\\\'", "FileNotFoundError: [WinError 3] El sistema no puede encontrar la ruta especificada: '\\\\\\\\?\\\\\\\\wsl.localhost\\\\Ubuntu\\\\'", "FileNotFoundError: [WinError 3] El sistema no puede encontrar la ruta especificada: '\\\\\\\\?\\\\\\\\wsl.localhost\\\\Ubuntu\\\\'"], "n": 9, "ms_mediana": 1514.9, "determinista": true, "metrica": "acentos", "cer_pct": 100.0, "cer_acentos_pct": 100.0, "cer_ciego_pct": 100.0, "dist_acentos": 596, "texto": "docling-def__ppp110__escaneado_d5.txt"}
[32m[INFO] 2026-08-31 20:28:14,355 [RapidOCR] base.py:23: Using engine_name: torch[0m
[32m[INFO] 2026-08-31 20:28:14,355 [RapidOCR] device_config.py:64: Using GPU device with ID: 0[0m
[32m[INFO] 2026-08-31 20:28:14,364 [RapidOCR] download_file.py:60: File exists and is valid: D:\Work\research\FileX\.venv-ai\Lib\site-packages\rapidocr\models\PP-OCRv6_det_small.pth[0m
[32m[INFO] 2026-08-31 20:28:14,365 [RapidOCR] main.py:50: Using D:\Work\research\FileX\.venv-ai\Lib\site-packages\rapidocr\models\PP-OCRv6_det_small.pth[0m
[32m[INFO] 2026-08-31 20:28:14,691 [RapidOCR] base.py:23: Using engine_name: torch[0m
[32m[INFO] 2026-08-31 20:28:14,692 [RapidOCR] device_config.py:64: Using GPU device with ID: 0[0m
[32m[INFO] 2026-08-31 20:28:14,693 [RapidOCR] download_file.py:60: File exists and is valid: D:\Work\research\FileX\.venv-ai\Lib\site-packages\rapidocr\models\ch_ptocr_mobile_v2.0_cls_mobile.pth[0m
[32m[INFO] 2026-08-31 20:28:14,693 [RapidOCR] main.py:50: Using D:\Work\research\FileX\.venv-ai\Lib\site-packages\rapidocr\models\ch_ptocr_mobile_v2.0_cls_mobile.pth[0m
[32m[INFO] 2026-08-31 20:28:14,862 [RapidOCR] base.py:23: Using engine_name: torch[0m
[32m[INFO] 2026-08-31 20:28:14,863 [RapidOCR] device_config.py:64: Using GPU device with ID: 0[0m
[32m[INFO] 2026-08-31 20:28:14,881 [RapidOCR] download_file.py:60: File exists and is valid: D:\Work\research\FileX\.venv-ai\Lib\site-packages\rapidocr\models\PP-OCRv6_rec_small.pth[0m
[32m[INFO] 2026-08-31 20:28:14,881 [RapidOCR] main.py:50: Using D:\Work\research\FileX\.venv-ai\Lib\site-packages\rapidocr\models\PP-OCRv6_rec_small.pth[0m
[32m[INFO] 2026-08-31 20:28:15,951 [RapidOCR] base.py:23: Using engine_name: torch[0m
[32m[INFO] 2026-08-31 20:28:15,951 [RapidOCR] device_config.py:64: Using GPU device with ID: 0[0m
[32m[INFO] 2026-08-31 20:28:15,960 [RapidOCR] download_file.py:60: File exists and is valid: D:\Work\research\FileX\.venv-ai\Lib\site-packages\rapidocr\models\PP-OCRv6_det_small.pth[0m
[32m[INFO] 2026-08-31 20:28:15,960 [RapidOCR] main.py:50: Using D:\Work\research\FileX\.venv-ai\Lib\site-packages\rapidocr\models\PP-OCRv6_det_small.pth[0m
[32m[INFO] 2026-08-31 20:28:16,168 [RapidOCR] base.py:23: Using engine_name: torch[0m
[32m[INFO] 2026-08-31 20:28:16,169 [RapidOCR] device_config.py:64: Using GPU device with ID: 0[0m
[32m[INFO] 2026-08-31 20:28:16,170 [RapidOCR] download_file.py:60: File exists and is valid: D:\Work\research\FileX\.venv-ai\Lib\site-packages\rapidocr\models\ch_ptocr_mobile_v2.0_cls_mobile.pth[0m
[32m[INFO] 2026-08-31 20:28:16,170 [RapidOCR] main.py:50: Using D:\Work\research\FileX\.venv-ai\Lib\site-packages\rapidocr\models\ch_ptocr_mobile_v2.0_cls_mobile.pth[0m
[32m[INFO] 2026-08-31 20:28:16,320 [RapidOCR] base.py:23: Using engine_name: torch[0m
[32m[INFO] 2026-08-31 20:28:16,321 [RapidOCR] device_config.py:64: Using GPU device with ID: 0[0m
[32m[INFO] 2026-08-31 20:28:16,340 [RapidOCR] download_file.py:60: File exists and is valid: D:\Work\research\FileX\.venv-ai\Lib\site-packages\rapidocr\models\PP-OCRv6_rec_small.pth[0m
[32m[INFO] 2026-08-31 20:28:16,340 [RapidOCR] main.py:50: Using D:\Work\research\FileX\.venv-ai\Lib\site-packages\rapidocr\models\PP-OCRv6_rec_small.pth[0m
[32m[INFO] 2026-08-31 20:28:17,327 [RapidOCR] base.py:23: Using engine_name: torch[0m
[32m[INFO] 2026-08-31 20:28:17,327 [RapidOCR] device_config.py:64: Using GPU device with ID: 0[0m
[32m[INFO] 2026-08-31 20:28:17,336 [RapidOCR] download_file.py:60: File exists and is valid: D:\Work\research\FileX\.venv-ai\Lib\site-packages\rapidocr\models\PP-OCRv6_det_small.pth[0m
[32m[INFO] 2026-08-31 20:28:17,336 [RapidOCR] main.py:50: Using D:\Work\research\FileX\.venv-ai\Lib\site-packages\rapidocr\models\PP-OCRv6_det_small.pth[0m
[32m[INFO] 2026-08-31 20:28:17,562 [RapidOCR] base.py:23: Using engine_name: torch[0m
[32m[INFO] 2026-08-31 20:28:17,563 [RapidOCR] device_config.py:64: Using GPU device with ID: 0[0m
[32m[INFO] 2026-08-31 20:28:17,564 [RapidOCR] download_file.py:60: File exists and is valid: D:\Work\research\FileX\.venv-ai\Lib\site-packages\rapidocr\models\ch_ptocr_mobile_v2.0_cls_mobile.pth[0m
[32m[INFO] 2026-08-31 20:28:17,564 [RapidOCR] main.py:50: Using D:\Work\research\FileX\.venv-ai\Lib\site-packages\rapidocr\models\ch_ptocr_mobile_v2.0_cls_mobile.pth[0m
[32m[INFO] 2026-08-31 20:28:17,703 [RapidOCR] base.py:23: Using engine_name: torch[0m
[32m[INFO] 2026-08-31 20:28:17,703 [RapidOCR] device_config.py:64: Using GPU device with ID: 0[0m
[32m[INFO] 2026-08-31 20:28:17,720 [RapidOCR] download_file.py:60: File exists and is valid: D:\Work\research\FileX\.venv-ai\Lib\site-packages\rapidocr\models\PP-OCRv6_rec_small.pth[0m
[32m[INFO] 2026-08-31 20:28:17,720 [RapidOCR] main.py:50: Using D:\Work\research\FileX\.venv-ai\Lib\site-packages\rapidocr\models\PP-OCRv6_rec_small.pth[0m
[32m[INFO] 2026-08-31 20:28:18,945 [RapidOCR] base.py:23: Using engine_name: torch[0m
[32m[INFO] 2026-08-31 20:28:18,946 [RapidOCR] device_config.py:64: Using GPU device with ID: 0[0m
[32m[INFO] 2026-08-31 20:28:18,956 [RapidOCR] download_file.py:60: File exists and is valid: D:\Work\research\FileX\.venv-ai\Lib\site-packages\rapidocr\models\PP-OCRv6_det_small.pth[0m
[32m[INFO] 2026-08-31 20:28:18,956 [RapidOCR] main.py:50: Using D:\Work\research\FileX\.venv-ai\Lib\site-packages\rapidocr\models\PP-OCRv6_det_small.pth[0m
[32m[INFO] 2026-08-31 20:28:19,256 [RapidOCR] base.py:23: Using engine_name: torch[0m
[32m[INFO] 2026-08-31 20:28:19,257 [RapidOCR] device_config.py:64: Using GPU device with ID: 0[0m
[32m[INFO] 2026-08-31 20:28:19,258 [RapidOCR] download_file.py:60: File exists and is valid: D:\Work\research\FileX\.venv-ai\Lib\site-packages\rapidocr\models\ch_ptocr_mobile_v2.0_cls_mobile.pth[0m
[32m[INFO] 2026-08-31 20:28:19,258 [RapidOCR] main.py:50: Using D:\Work\research\FileX\.venv-ai\Lib\site-packages\rapidocr\models\ch_ptocr_mobile_v2.0_cls_mobile.pth[0m
[32m[INFO] 2026-08-31 20:28:19,414 [RapidOCR] base.py:23: Using engine_name: torch[0m
[32m[INFO] 2026-08-31 20:28:19,415 [RapidOCR] device_config.py:64: Using GPU device with ID: 0[0m
[32m[INFO] 2026-08-31 20:28:19,432 [RapidOCR] download_file.py:60: File exists and is valid: D:\Work\research\FileX\.venv-ai\Lib\site-packages\rapidocr\models\PP-OCRv6_rec_small.pth[0m
[32m[INFO] 2026-08-31 20:28:19,432 [RapidOCR] main.py:50: Using D:\Work\research\FileX\.venv-ai\Lib\site-packages\rapidocr\models\PP-OCRv6_rec_small.pth[0m
[32m[INFO] 2026-08-31 20:28:20,462 [RapidOCR] base.py:23: Using engine_name: torch[0m
[32m[INFO] 2026-08-31 20:28:20,462 [RapidOCR] device_config.py:64: Using GPU device with ID: 0[0m
[32m[INFO] 2026-08-31 20:28:20,471 [RapidOCR] download_file.py:60: File exists and is valid: D:\Work\research\FileX\.venv-ai\Lib\site-packages\rapidocr\models\PP-OCRv6_det_small.pth[0m
[32m[INFO] 2026-08-31 20:28:20,472 [RapidOCR] main.py:50: Using D:\Work\research\FileX\.venv-ai\Lib\site-packages\rapidocr\models\PP-OCRv6_det_small.pth[0m
[32m[INFO] 2026-08-31 20:28:20,703 [RapidOCR] base.py:23: Using engine_name: torch[0m
[32m[INFO] 2026-08-31 20:28:20,703 [RapidOCR] device_config.py:64: Using GPU device with ID: 0[0m
[32m[INFO] 2026-08-31 20:28:20,705 [RapidOCR] download_file.py:60: File exists and is valid: D:\Work\research\FileX\.venv-ai\Lib\site-packages\rapidocr\models\ch_ptocr_mobile_v2.0_cls_mobile.pth[0m
[32m[INFO] 2026-08-31 20:28:20,705 [RapidOCR] main.py:50: Using D:\Work\research\FileX\.venv-ai\Lib\site-packages\rapidocr\models\ch_ptocr_mobile_v2.0_cls_mobile.pth[0m
[32m[INFO] 2026-08-31 20:28:20,852 [RapidOCR] base.py:23: Using engine_name: torch[0m
[32m[INFO] 2026-08-31 20:28:20,853 [RapidOCR] device_config.py:64: Using GPU device with ID: 0[0m
[32m[INFO] 2026-08-31 20:28:20,871 [RapidOCR] download_file.py:60: File exists and is valid: D:\Work\research\FileX\.venv-ai\Lib\site-packages\rapidocr\models\PP-OCRv6_rec_small.pth[0m
[32m[INFO] 2026-08-31 20:28:20,871 [RapidOCR] main.py:50: Using D:\Work\research\FileX\.venv-ai\Lib\site-packages\rapidocr\models\PP-OCRv6_rec_small.pth[0m
[32m[INFO] 2026-08-31 20:28:21,947 [RapidOCR] base.py:23: Using engine_name: torch[0m
[32m[INFO] 2026-08-31 20:28:21,948 [RapidOCR] device_config.py:64: Using GPU device with ID: 0[0m
[32m[INFO] 2026-08-31 20:28:21,957 [RapidOCR] download_file.py:60: File exists and is valid: D:\Work\research\FileX\.venv-ai\Lib\site-packages\rapidocr\models\PP-OCRv6_det_small.pth[0m
[32m[INFO] 2026-08-31 20:28:21,957 [RapidOCR] main.py:50: Using D:\Work\research\FileX\.venv-ai\Lib\site-packages\rapidocr\models\PP-OCRv6_det_small.pth[0m
[32m[INFO] 2026-08-31 20:28:22,188 [RapidOCR] base.py:23: Using engine_name: torch[0m
[32m[INFO] 2026-08-31 20:28:22,188 [RapidOCR] device_config.py:64: Using GPU device with ID: 0[0m
[32m[INFO] 2026-08-31 20:28:22,190 [RapidOCR] download_file.py:60: File exists and is valid: D:\Work\research\FileX\.venv-ai\Lib\site-packages\rapidocr\models\ch_ptocr_mobile_v2.0_cls_mobile.pth[0m
[32m[INFO] 2026-08-31 20:28:22,190 [RapidOCR] main.py:50: Using D:\Work\research\FileX\.venv-ai\Lib\site-packages\rapidocr\models\ch_ptocr_mobile_v2.0_cls_mobile.pth[0m
[32m[INFO] 2026-08-31 20:28:22,351 [RapidOCR] base.py:23: Using engine_name: torch[0m
[32m[INFO] 2026-08-31 20:28:22,351 [RapidOCR] device_config.py:64: Using GPU device with ID: 0[0m
[32m[INFO] 2026-08-31 20:28:22,371 [RapidOCR] download_file.py:60: File exists and is valid: D:\Work\research\FileX\.venv-ai\Lib\site-packages\rapidocr\models\PP-OCRv6_rec_small.pth[0m
[32m[INFO] 2026-08-31 20:28:22,371 [RapidOCR] main.py:50: Using D:\Work\research\FileX\.venv-ai\Lib\site-packages\rapidocr\models\PP-OCRv6_rec_small.pth[0m
[32m[INFO] 2026-08-31 20:28:23,671 [RapidOCR] base.py:23: Using engine_name: torch[0m
[32m[INFO] 2026-08-31 20:28:23,671 [RapidOCR] device_config.py:64: Using GPU device with ID: 0[0m
[32m[INFO] 2026-08-31 20:28:23,680 [RapidOCR] download_file.py:60: File exists and is valid: D:\Work\research\FileX\.venv-ai\Lib\site-packages\rapidocr\models\PP-OCRv6_det_small.pth[0m
[32m[INFO] 2026-08-31 20:28:23,680 [RapidOCR] main.py:50: Using D:\Work\research\FileX\.venv-ai\Lib\site-packages\rapidocr\models\PP-OCRv6_det_small.pth[0m
[32m[INFO] 2026-08-31 20:28:23,963 [RapidOCR] base.py:23: Using engine_name: torch[0m
[32m[INFO] 2026-08-31 20:28:23,963 [RapidOCR] device_config.py:64: Using GPU device with ID: 0[0m
[32m[INFO] 2026-08-31 20:28:23,964 [RapidOCR] download_file.py:60: File exists and is valid: D:\Work\research\FileX\.venv-ai\Lib\site-packages\rapidocr\models\ch_ptocr_mobile_v2.0_cls_mobile.pth[0m
[32m[INFO] 2026-08-31 20:28:23,965 [RapidOCR] main.py:50: Using D:\Work\research\FileX\.venv-ai\Lib\site-packages\rapidocr\models\ch_ptocr_mobile_v2.0_cls_mobile.pth[0m
[32m[INFO] 2026-08-31 20:28:24,145 [RapidOCR] base.py:23: Using engine_name: torch[0m
[32m[INFO] 2026-08-31 20:28:24,145 [RapidOCR] device_config.py:64: Using GPU device with ID: 0[0m
[32m[INFO] 2026-08-31 20:28:24,165 [RapidOCR] download_file.py:60: File exists and is valid: D:\Work\research\FileX\.venv-ai\Lib\site-packages\rapidocr\models\PP-OCRv6_rec_small.pth[0m
[32m[INFO] 2026-08-31 20:28:24,165 [RapidOCR] main.py:50: Using D:\Work\research\FileX\.venv-ai\Lib\site-packages\rapidocr\models\PP-OCRv6_rec_small.pth[0m
[32m[INFO] 2026-08-31 20:28:25,269 [RapidOCR] base.py:23: Using engine_name: torch[0m
[32m[INFO] 2026-08-31 20:28:25,269 [RapidOCR] device_config.py:64: Using GPU device with ID: 0[0m
[32m[INFO] 2026-08-31 20:28:25,280 [RapidOCR] download_file.py:60: File exists and is valid: D:\Work\research\FileX\.venv-ai\Lib\site-packages\rapidocr\models\PP-OCRv6_det_small.pth[0m
[32m[INFO] 2026-08-31 20:28:25,280 [RapidOCR] main.py:50: Using D:\Work\research\FileX\.venv-ai\Lib\site-packages\rapidocr\models\PP-OCRv6_det_small.pth[0m
[32m[INFO] 2026-08-31 20:28:25,522 [RapidOCR] base.py:23: Using engine_name: torch[0m
[32m[INFO] 2026-08-31 20:28:25,523 [RapidOCR] device_config.py:64: Using GPU device with ID: 0[0m
[32m[INFO] 2026-08-31 20:28:25,524 [RapidOCR] download_file.py:60: File exists and is valid: D:\Work\research\FileX\.venv-ai\Lib\site-packages\rapidocr\models\ch_ptocr_mobile_v2.0_cls_mobile.pth[0m
[32m[INFO] 2026-08-31 20:28:25,524 [RapidOCR] main.py:50: Using D:\Work\research\FileX\.venv-ai\Lib\site-packages\rapidocr\models\ch_ptocr_mobile_v2.0_cls_mobile.pth[0m
[32m[INFO] 2026-08-31 20:28:25,681 [RapidOCR] base.py:23: Using engine_name: torch[0m
[32m[INFO] 2026-08-31 20:28:25,681 [RapidOCR] device_config.py:64: Using GPU device with ID: 0[0m
[32m[INFO] 2026-08-31 20:28:25,699 [RapidOCR] download_file.py:60: File exists and is valid: D:\Work\research\FileX\.venv-ai\Lib\site-packages\rapidocr\models\PP-OCRv6_rec_small.pth[0m
[32m[INFO] 2026-08-31 20:28:25,699 [RapidOCR] main.py:50: Using D:\Work\research\FileX\.venv-ai\Lib\site-packages\rapidocr\models\PP-OCRv6_rec_small.pth[0m
[32m[INFO] 2026-08-31 20:28:26,670 [RapidOCR] base.py:23: Using engine_name: torch[0m
[32m[INFO] 2026-08-31 20:28:26,671 [RapidOCR] device_config.py:64: Using GPU device with ID: 0[0m
[32m[INFO] 2026-08-31 20:28:26,680 [RapidOCR] download_file.py:60: File exists and is valid: D:\Work\research\FileX\.venv-ai\Lib\site-packages\rapidocr\models\PP-OCRv6_det_small.pth[0m
[32m[INFO] 2026-08-31 20:28:26,681 [RapidOCR] main.py:50: Using D:\Work\research\FileX\.venv-ai\Lib\site-packages\rapidocr\models\PP-OCRv6_det_small.pth[0m
[32m[INFO] 2026-08-31 20:28:26,954 [RapidOCR] base.py:23: Using engine_name: torch[0m
[32m[INFO] 2026-08-31 20:28:26,955 [RapidOCR] device_config.py:64: Using GPU device with ID: 0[0m
[32m[INFO] 2026-08-31 20:28:26,956 [RapidOCR] download_file.py:60: File exists and is valid: D:\Work\research\FileX\.venv-ai\Lib\site-packages\rapidocr\models\ch_ptocr_mobile_v2.0_cls_mobile.pth[0m
[32m[INFO] 2026-08-31 20:28:26,956 [RapidOCR] main.py:50: Using D:\Work\research\FileX\.venv-ai\Lib\site-packages\rapidocr\models\ch_ptocr_mobile_v2.0_cls_mobile.pth[0m
[32m[INFO] 2026-08-31 20:28:27,147 [RapidOCR] base.py:23: Using engine_name: torch[0m
[32m[INFO] 2026-08-31 20:28:27,147 [RapidOCR] device_config.py:64: Using GPU device with ID: 0[0m
[32m[INFO] 2026-08-31 20:28:27,168 [RapidOCR] download_file.py:60: File exists and is valid: D:\Work\research\FileX\.venv-ai\Lib\site-packages\rapidocr\models\PP-OCRv6_rec_small.pth[0m
[32m[INFO] 2026-08-31 20:28:27,168 [RapidOCR] main.py:50: Using D:\Work\research\FileX\.venv-ai\Lib\site-packages\rapidocr\models\PP-OCRv6_rec_small.pth[0m
[32m[INFO] 2026-08-31 20:28:28,507 [RapidOCR] base.py:23: Using engine_name: torch[0m
[32m[INFO] 2026-08-31 20:28:28,509 [RapidOCR] device_config.py:64: Using GPU device with ID: 0[0m
[32m[INFO] 2026-08-31 20:28:28,521 [RapidOCR] download_file.py:60: File exists and is valid: D:\Work\research\FileX\.venv-ai\Lib\site-packages\rapidocr\models\PP-OCRv6_det_small.pth[0m
[32m[INFO] 2026-08-31 20:28:28,522 [RapidOCR] main.py:50: Using D:\Work\research\FileX\.venv-ai\Lib\site-packages\rapidocr\models\PP-OCRv6_det_small.pth[0m
[32m[INFO] 2026-08-31 20:28:29,165 [RapidOCR] base.py:23: Using engine_name: torch[0m
[32m[INFO] 2026-08-31 20:28:29,166 [RapidOCR] device_config.py:64: Using GPU device with ID: 0[0m
[32m[INFO] 2026-08-31 20:28:29,167 [RapidOCR] download_file.py:60: File exists and is valid: D:\Work\research\FileX\.venv-ai\Lib\site-packages\rapidocr\models\ch_ptocr_mobile_v2.0_cls_mobile.pth[0m
[32m[INFO] 2026-08-31 20:28:29,168 [RapidOCR] main.py:50: Using D:\Work\research\FileX\.venv-ai\Lib\site-packages\rapidocr\models\ch_ptocr_mobile_v2.0_cls_mobile.pth[0m
[32m[INFO] 2026-08-31 20:28:29,394 [RapidOCR] base.py:23: Using engine_name: torch[0m
[32m[INFO] 2026-08-31 20:28:29,395 [RapidOCR] device_config.py:64: Using GPU device with ID: 0[0m
[32m[INFO] 2026-08-31 20:28:29,419 [RapidOCR] download_file.py:60: File exists and is valid: D:\Work\research\FileX\.venv-ai\Lib\site-packages\rapidocr\models\PP-OCRv6_rec_small.pth[0m
[32m[INFO] 2026-08-31 20:28:29,420 [RapidOCR] main.py:50: Using D:\Work\research\FileX\.venv-ai\Lib\site-packages\rapidocr\models\PP-OCRv6_rec_small.pth[0m
{"config": "docling-def", "doc": "escaneado_d5", "ppp_nativo": 72, "ppp": 115, "factor": 1.597, "png": "ppp115__escaneado_d5.png", "png_identify": "743x1016 45.270000000000003126,45.270000000000003126 PixelsPerCentimeter", "preflight": {"vram_libre_mib": 8696, "mpx_actual": 0.755, "mpx_pendiente_ordenada": 0}, "entrada": "PDF via Docling; scale explicita", "dispositivo": "GPU CUDA", "rc": [1, 1, 1, 1, 1, 1, 1, 1, 1], "error": ["FileNotFoundError: [WinError 3] El sistema no puede encontrar la ruta especificada: '\\\\\\\\?\\\\\\\\wsl.localhost\\\\Ubuntu\\\\'", "FileNotFoundError: [WinError 3] El sistema no puede encontrar la ruta especificada: '\\\\\\\\?\\\\\\\\wsl.localhost\\\\Ubuntu\\\\'", "FileNotFoundError: [WinError 3] El sistema no puede encontrar la ruta especificada: '\\\\\\\\?\\\\\\\\wsl.localhost\\\\Ubuntu\\\\'", "FileNotFoundError: [WinError 3] El sistema no puede encontrar la ruta especificada: '\\\\\\\\?\\\\\\\\wsl.localhost\\\\Ubuntu\\\\'", "FileNotFoundError: [WinError 3] El sistema no puede encontrar la ruta especificada: '\\\\\\\\?\\\\\\\\wsl.localhost\\\\Ubuntu\\\\'", "FileNotFoundError: [WinError 3] El sistema no puede encontrar la ruta especificada: '\\\\\\\\?\\\\\\\\wsl.localhost\\\\Ubuntu\\\\'", "FileNotFoundError: [WinError 3] El sistema no puede encontrar la ruta especificada: '\\\\\\\\?\\\\\\\\wsl.localhost\\\\Ubuntu\\\\'", "FileNotFoundError: [WinError 3] El sistema no puede encontrar la ruta especificada: '\\\\\\\\?\\\\\\\\wsl.localhost\\\\Ubuntu\\\\'", "FileNotFoundError: [WinError 3] El sistema no puede encontrar la ruta especificada: '\\\\\\\\?\\\\\\\\wsl.localhost\\\\Ubuntu\\\\'"], "n": 9, "ms_mediana": 1530.1, "determinista": true, "metrica": "acentos", "cer_pct": 100.0, "cer_acentos_pct": 100.0, "cer_ciego_pct": 100.0, "dist_acentos": 596, "texto": "docling-def__ppp115__escaneado_d5.txt"}
[32m[INFO] 2026-08-31 20:28:30,674 [RapidOCR] base.py:23: Using engine_name: torch[0m
[32m[INFO] 2026-08-31 20:28:30,675 [RapidOCR] device_config.py:64: Using GPU device with ID: 0[0m
[32m[INFO] 2026-08-31 20:28:30,684 [RapidOCR] download_file.py:60: File exists and is valid: D:\Work\research\FileX\.venv-ai\Lib\site-packages\rapidocr\models\PP-OCRv6_det_small.pth[0m
[32m[INFO] 2026-08-31 20:28:30,684 [RapidOCR] main.py:50: Using D:\Work\research\FileX\.venv-ai\Lib\site-packages\rapidocr\models\PP-OCRv6_det_small.pth[0m
[32m[INFO] 2026-08-31 20:28:30,941 [RapidOCR] base.py:23: Using engine_name: torch[0m
[32m[INFO] 2026-08-31 20:28:30,941 [RapidOCR] device_config.py:64: Using GPU device with ID: 0[0m
[32m[INFO] 2026-08-31 20:28:30,942 [RapidOCR] download_file.py:60: File exists and is valid: D:\Work\research\FileX\.venv-ai\Lib\site-packages\rapidocr\models\ch_ptocr_mobile_v2.0_cls_mobile.pth[0m
[32m[INFO] 2026-08-31 20:28:30,942 [RapidOCR] main.py:50: Using D:\Work\research\FileX\.venv-ai\Lib\site-packages\rapidocr\models\ch_ptocr_mobile_v2.0_cls_mobile.pth[0m
[32m[INFO] 2026-08-31 20:28:31,164 [RapidOCR] base.py:23: Using engine_name: torch[0m
[32m[INFO] 2026-08-31 20:28:31,164 [RapidOCR] device_config.py:64: Using GPU device with ID: 0[0m
[32m[INFO] 2026-08-31 20:28:31,182 [RapidOCR] download_file.py:60: File exists and is valid: D:\Work\research\FileX\.venv-ai\Lib\site-packages\rapidocr\models\PP-OCRv6_rec_small.pth[0m
[32m[INFO] 2026-08-31 20:28:31,183 [RapidOCR] main.py:50: Using D:\Work\research\FileX\.venv-ai\Lib\site-packages\rapidocr\models\PP-OCRv6_rec_small.pth[0m
[32m[INFO] 2026-08-31 20:28:32,281 [RapidOCR] base.py:23: Using engine_name: torch[0m
[32m[INFO] 2026-08-31 20:28:32,282 [RapidOCR] device_config.py:64: Using GPU device with ID: 0[0m
[32m[INFO] 2026-08-31 20:28:32,292 [RapidOCR] download_file.py:60: File exists and is valid: D:\Work\research\FileX\.venv-ai\Lib\site-packages\rapidocr\models\PP-OCRv6_det_small.pth[0m
[32m[INFO] 2026-08-31 20:28:32,292 [RapidOCR] main.py:50: Using D:\Work\research\FileX\.venv-ai\Lib\site-packages\rapidocr\models\PP-OCRv6_det_small.pth[0m
[32m[INFO] 2026-08-31 20:28:32,529 [RapidOCR] base.py:23: Using engine_name: torch[0m
[32m[INFO] 2026-08-31 20:28:32,529 [RapidOCR] device_config.py:64: Using GPU device with ID: 0[0m
[32m[INFO] 2026-08-31 20:28:32,531 [RapidOCR] download_file.py:60: File exists and is valid: D:\Work\research\FileX\.venv-ai\Lib\site-packages\rapidocr\models\ch_ptocr_mobile_v2.0_cls_mobile.pth[0m
[32m[INFO] 2026-08-31 20:28:32,531 [RapidOCR] main.py:50: Using D:\Work\research\FileX\.venv-ai\Lib\site-packages\rapidocr\models\ch_ptocr_mobile_v2.0_cls_mobile.pth[0m
[32m[INFO] 2026-08-31 20:28:32,696 [RapidOCR] base.py:23: Using engine_name: torch[0m
[32m[INFO] 2026-08-31 20:28:32,697 [RapidOCR] device_config.py:64: Using GPU device with ID: 0[0m
[32m[INFO] 2026-08-31 20:28:32,718 [RapidOCR] download_file.py:60: File exists and is valid: D:\Work\research\FileX\.venv-ai\Lib\site-packages\rapidocr\models\PP-OCRv6_rec_small.pth[0m
[32m[INFO] 2026-08-31 20:28:32,718 [RapidOCR] main.py:50: Using D:\Work\research\FileX\.venv-ai\Lib\site-packages\rapidocr\models\PP-OCRv6_rec_small.pth[0m
[32m[INFO] 2026-08-31 20:28:33,859 [RapidOCR] base.py:23: Using engine_name: torch[0m
[32m[INFO] 2026-08-31 20:28:33,860 [RapidOCR] device_config.py:64: Using GPU device with ID: 0[0m
[32m[INFO] 2026-08-31 20:28:33,872 [RapidOCR] download_file.py:60: File exists and is valid: D:\Work\research\FileX\.venv-ai\Lib\site-packages\rapidocr\models\PP-OCRv6_det_small.pth[0m
[32m[INFO] 2026-08-31 20:28:33,872 [RapidOCR] main.py:50: Using D:\Work\research\FileX\.venv-ai\Lib\site-packages\rapidocr\models\PP-OCRv6_det_small.pth[0m
[32m[INFO] 2026-08-31 20:28:34,398 [RapidOCR] base.py:23: Using engine_name: torch[0m
[32m[INFO] 2026-08-31 20:28:34,399 [RapidOCR] device_config.py:64: Using GPU device with ID: 0[0m
[32m[INFO] 2026-08-31 20:28:34,400 [RapidOCR] download_file.py:60: File exists and is valid: D:\Work\research\FileX\.venv-ai\Lib\site-packages\rapidocr\models\ch_ptocr_mobile_v2.0_cls_mobile.pth[0m
[32m[INFO] 2026-08-31 20:28:34,400 [RapidOCR] main.py:50: Using D:\Work\research\FileX\.venv-ai\Lib\site-packages\rapidocr\models\ch_ptocr_mobile_v2.0_cls_mobile.pth[0m
[32m[INFO] 2026-08-31 20:28:34,581 [RapidOCR] base.py:23: Using engine_name: torch[0m
[32m[INFO] 2026-08-31 20:28:34,581 [RapidOCR] device_config.py:64: Using GPU device with ID: 0[0m
[32m[INFO] 2026-08-31 20:28:34,601 [RapidOCR] download_file.py:60: File exists and is valid: D:\Work\research\FileX\.venv-ai\Lib\site-packages\rapidocr\models\PP-OCRv6_rec_small.pth[0m
[32m[INFO] 2026-08-31 20:28:34,601 [RapidOCR] main.py:50: Using D:\Work\research\FileX\.venv-ai\Lib\site-packages\rapidocr\models\PP-OCRv6_rec_small.pth[0m
[32m[INFO] 2026-08-31 20:28:35,624 [RapidOCR] base.py:23: Using engine_name: torch[0m
[32m[INFO] 2026-08-31 20:28:35,625 [RapidOCR] device_config.py:64: Using GPU device with ID: 0[0m
[32m[INFO] 2026-08-31 20:28:35,633 [RapidOCR] download_file.py:60: File exists and is valid: D:\Work\research\FileX\.venv-ai\Lib\site-packages\rapidocr\models\PP-OCRv6_det_small.pth[0m
[32m[INFO] 2026-08-31 20:28:35,633 [RapidOCR] main.py:50: Using D:\Work\research\FileX\.venv-ai\Lib\site-packages\rapidocr\models\PP-OCRv6_det_small.pth[0m
[32m[INFO] 2026-08-31 20:28:35,823 [RapidOCR] base.py:23: Using engine_name: torch[0m
[32m[INFO] 2026-08-31 20:28:35,824 [RapidOCR] device_config.py:64: Using GPU device with ID: 0[0m
[32m[INFO] 2026-08-31 20:28:35,825 [RapidOCR] download_file.py:60: File exists and is valid: D:\Work\research\FileX\.venv-ai\Lib\site-packages\rapidocr\models\ch_ptocr_mobile_v2.0_cls_mobile.pth[0m
[32m[INFO] 2026-08-31 20:28:35,825 [RapidOCR] main.py:50: Using D:\Work\research\FileX\.venv-ai\Lib\site-packages\rapidocr\models\ch_ptocr_mobile_v2.0_cls_mobile.pth[0m
[32m[INFO] 2026-08-31 20:28:35,987 [RapidOCR] base.py:23: Using engine_name: torch[0m
[32m[INFO] 2026-08-31 20:28:35,988 [RapidOCR] device_config.py:64: Using GPU device with ID: 0[0m
[32m[INFO] 2026-08-31 20:28:36,008 [RapidOCR] download_file.py:60: File exists and is valid: D:\Work\research\FileX\.venv-ai\Lib\site-packages\rapidocr\models\PP-OCRv6_rec_small.pth[0m
[32m[INFO] 2026-08-31 20:28:36,008 [RapidOCR] main.py:50: Using D:\Work\research\FileX\.venv-ai\Lib\site-packages\rapidocr\models\PP-OCRv6_rec_small.pth[0m
[32m[INFO] 2026-08-31 20:28:37,035 [RapidOCR] base.py:23: Using engine_name: torch[0m
[32m[INFO] 2026-08-31 20:28:37,036 [RapidOCR] device_config.py:64: Using GPU device with ID: 0[0m
[32m[INFO] 2026-08-31 20:28:37,044 [RapidOCR] download_file.py:60: File exists and is valid: D:\Work\research\FileX\.venv-ai\Lib\site-packages\rapidocr\models\PP-OCRv6_det_small.pth[0m
[32m[INFO] 2026-08-31 20:28:37,044 [RapidOCR] main.py:50: Using D:\Work\research\FileX\.venv-ai\Lib\site-packages\rapidocr\models\PP-OCRv6_det_small.pth[0m
[32m[INFO] 2026-08-31 20:28:37,306 [RapidOCR] base.py:23: Using engine_name: torch[0m
[32m[INFO] 2026-08-31 20:28:37,307 [RapidOCR] device_config.py:64: Using GPU device with ID: 0[0m
[32m[INFO] 2026-08-31 20:28:37,309 [RapidOCR] download_file.py:60: File exists and is valid: D:\Work\research\FileX\.venv-ai\Lib\site-packages\rapidocr\models\ch_ptocr_mobile_v2.0_cls_mobile.pth[0m
[32m[INFO] 2026-08-31 20:28:37,310 [RapidOCR] main.py:50: Using D:\Work\research\FileX\.venv-ai\Lib\site-packages\rapidocr\models\ch_ptocr_mobile_v2.0_cls_mobile.pth[0m
[32m[INFO] 2026-08-31 20:28:37,473 [RapidOCR] base.py:23: Using engine_name: torch[0m
[32m[INFO] 2026-08-31 20:28:37,473 [RapidOCR] device_config.py:64: Using GPU device with ID: 0[0m
[32m[INFO] 2026-08-31 20:28:37,490 [RapidOCR] download_file.py:60: File exists and is valid: D:\Work\research\FileX\.venv-ai\Lib\site-packages\rapidocr\models\PP-OCRv6_rec_small.pth[0m
[32m[INFO] 2026-08-31 20:28:37,490 [RapidOCR] main.py:50: Using D:\Work\research\FileX\.venv-ai\Lib\site-packages\rapidocr\models\PP-OCRv6_rec_small.pth[0m
[32m[INFO] 2026-08-31 20:28:38,530 [RapidOCR] base.py:23: Using engine_name: torch[0m
[32m[INFO] 2026-08-31 20:28:38,531 [RapidOCR] device_config.py:64: Using GPU device with ID: 0[0m
[32m[INFO] 2026-08-31 20:28:38,539 [RapidOCR] download_file.py:60: File exists and is valid: D:\Work\research\FileX\.venv-ai\Lib\site-packages\rapidocr\models\PP-OCRv6_det_small.pth[0m
[32m[INFO] 2026-08-31 20:28:38,539 [RapidOCR] main.py:50: Using D:\Work\research\FileX\.venv-ai\Lib\site-packages\rapidocr\models\PP-OCRv6_det_small.pth[0m
[32m[INFO] 2026-08-31 20:28:38,741 [RapidOCR] base.py:23: Using engine_name: torch[0m
[32m[INFO] 2026-08-31 20:28:38,741 [RapidOCR] device_config.py:64: Using GPU device with ID: 0[0m
[32m[INFO] 2026-08-31 20:28:38,743 [RapidOCR] download_file.py:60: File exists and is valid: D:\Work\research\FileX\.venv-ai\Lib\site-packages\rapidocr\models\ch_ptocr_mobile_v2.0_cls_mobile.pth[0m
[32m[INFO] 2026-08-31 20:28:38,743 [RapidOCR] main.py:50: Using D:\Work\research\FileX\.venv-ai\Lib\site-packages\rapidocr\models\ch_ptocr_mobile_v2.0_cls_mobile.pth[0m
[32m[INFO] 2026-08-31 20:28:39,101 [RapidOCR] base.py:23: Using engine_name: torch[0m
[32m[INFO] 2026-08-31 20:28:39,101 [RapidOCR] device_config.py:64: Using GPU device with ID: 0[0m
[32m[INFO] 2026-08-31 20:28:39,123 [RapidOCR] download_file.py:60: File exists and is valid: D:\Work\research\FileX\.venv-ai\Lib\site-packages\rapidocr\models\PP-OCRv6_rec_small.pth[0m
[32m[INFO] 2026-08-31 20:28:39,123 [RapidOCR] main.py:50: Using D:\Work\research\FileX\.venv-ai\Lib\site-packages\rapidocr\models\PP-OCRv6_rec_small.pth[0m
[32m[INFO] 2026-08-31 20:28:40,122 [RapidOCR] base.py:23: Using engine_name: torch[0m
[32m[INFO] 2026-08-31 20:28:40,122 [RapidOCR] device_config.py:64: Using GPU device with ID: 0[0m
[32m[INFO] 2026-08-31 20:28:40,130 [RapidOCR] download_file.py:60: File exists and is valid: D:\Work\research\FileX\.venv-ai\Lib\site-packages\rapidocr\models\PP-OCRv6_det_small.pth[0m
[32m[INFO] 2026-08-31 20:28:40,131 [RapidOCR] main.py:50: Using D:\Work\research\FileX\.venv-ai\Lib\site-packages\rapidocr\models\PP-OCRv6_det_small.pth[0m
[32m[INFO] 2026-08-31 20:28:40,333 [RapidOCR] base.py:23: Using engine_name: torch[0m
[32m[INFO] 2026-08-31 20:28:40,334 [RapidOCR] device_config.py:64: Using GPU device with ID: 0[0m
[32m[INFO] 2026-08-31 20:28:40,336 [RapidOCR] download_file.py:60: File exists and is valid: D:\Work\research\FileX\.venv-ai\Lib\site-packages\rapidocr\models\ch_ptocr_mobile_v2.0_cls_mobile.pth[0m
[32m[INFO] 2026-08-31 20:28:40,336 [RapidOCR] main.py:50: Using D:\Work\research\FileX\.venv-ai\Lib\site-packages\rapidocr\models\ch_ptocr_mobile_v2.0_cls_mobile.pth[0m
[32m[INFO] 2026-08-31 20:28:40,490 [RapidOCR] base.py:23: Using engine_name: torch[0m
[32m[INFO] 2026-08-31 20:28:40,490 [RapidOCR] device_config.py:64: Using GPU device with ID: 0[0m
[32m[INFO] 2026-08-31 20:28:40,508 [RapidOCR] download_file.py:60: File exists and is valid: D:\Work\research\FileX\.venv-ai\Lib\site-packages\rapidocr\models\PP-OCRv6_rec_small.pth[0m
[32m[INFO] 2026-08-31 20:28:40,508 [RapidOCR] main.py:50: Using D:\Work\research\FileX\.venv-ai\Lib\site-packages\rapidocr\models\PP-OCRv6_rec_small.pth[0m
[32m[INFO] 2026-08-31 20:28:41,493 [RapidOCR] base.py:23: Using engine_name: torch[0m
[32m[INFO] 2026-08-31 20:28:41,494 [RapidOCR] device_config.py:64: Using GPU device with ID: 0[0m
[32m[INFO] 2026-08-31 20:28:41,502 [RapidOCR] download_file.py:60: File exists and is valid: D:\Work\research\FileX\.venv-ai\Lib\site-packages\rapidocr\models\PP-OCRv6_det_small.pth[0m
[32m[INFO] 2026-08-31 20:28:41,502 [RapidOCR] main.py:50: Using D:\Work\research\FileX\.venv-ai\Lib\site-packages\rapidocr\models\PP-OCRv6_det_small.pth[0m
[32m[INFO] 2026-08-31 20:28:41,711 [RapidOCR] base.py:23: Using engine_name: torch[0m
[32m[INFO] 2026-08-31 20:28:41,711 [RapidOCR] device_config.py:64: Using GPU device with ID: 0[0m
[32m[INFO] 2026-08-31 20:28:41,713 [RapidOCR] download_file.py:60: File exists and is valid: D:\Work\research\FileX\.venv-ai\Lib\site-packages\rapidocr\models\ch_ptocr_mobile_v2.0_cls_mobile.pth[0m
[32m[INFO] 2026-08-31 20:28:41,713 [RapidOCR] main.py:50: Using D:\Work\research\FileX\.venv-ai\Lib\site-packages\rapidocr\models\ch_ptocr_mobile_v2.0_cls_mobile.pth[0m
[32m[INFO] 2026-08-31 20:28:41,870 [RapidOCR] base.py:23: Using engine_name: torch[0m
[32m[INFO] 2026-08-31 20:28:41,871 [RapidOCR] device_config.py:64: Using GPU device with ID: 0[0m
[32m[INFO] 2026-08-31 20:28:41,890 [RapidOCR] download_file.py:60: File exists and is valid: D:\Work\research\FileX\.venv-ai\Lib\site-packages\rapidocr\models\PP-OCRv6_rec_small.pth[0m
[32m[INFO] 2026-08-31 20:28:41,890 [RapidOCR] main.py:50: Using D:\Work\research\FileX\.venv-ai\Lib\site-packages\rapidocr\models\PP-OCRv6_rec_small.pth[0m
[32m[INFO] 2026-08-31 20:28:42,885 [RapidOCR] base.py:23: Using engine_name: torch[0m
[32m[INFO] 2026-08-31 20:28:42,885 [RapidOCR] device_config.py:64: Using GPU device with ID: 0[0m
[32m[INFO] 2026-08-31 20:28:42,894 [RapidOCR] download_file.py:60: File exists and is valid: D:\Work\research\FileX\.venv-ai\Lib\site-packages\rapidocr\models\PP-OCRv6_det_small.pth[0m
[32m[INFO] 2026-08-31 20:28:42,895 [RapidOCR] main.py:50: Using D:\Work\research\FileX\.venv-ai\Lib\site-packages\rapidocr\models\PP-OCRv6_det_small.pth[0m
[32m[INFO] 2026-08-31 20:28:43,133 [RapidOCR] base.py:23: Using engine_name: torch[0m
[32m[INFO] 2026-08-31 20:28:43,134 [RapidOCR] device_config.py:64: Using GPU device with ID: 0[0m
[32m[INFO] 2026-08-31 20:28:43,135 [RapidOCR] download_file.py:60: File exists and is valid: D:\Work\research\FileX\.venv-ai\Lib\site-packages\rapidocr\models\ch_ptocr_mobile_v2.0_cls_mobile.pth[0m
[32m[INFO] 2026-08-31 20:28:43,135 [RapidOCR] main.py:50: Using D:\Work\research\FileX\.venv-ai\Lib\site-packages\rapidocr\models\ch_ptocr_mobile_v2.0_cls_mobile.pth[0m
[32m[INFO] 2026-08-31 20:28:43,294 [RapidOCR] base.py:23: Using engine_name: torch[0m
[32m[INFO] 2026-08-31 20:28:43,295 [RapidOCR] device_config.py:64: Using GPU device with ID: 0[0m
[32m[INFO] 2026-08-31 20:28:43,313 [RapidOCR] download_file.py:60: File exists and is valid: D:\Work\research\FileX\.venv-ai\Lib\site-packages\rapidocr\models\PP-OCRv6_rec_small.pth[0m
[32m[INFO] 2026-08-31 20:28:43,313 [RapidOCR] main.py:50: Using D:\Work\research\FileX\.venv-ai\Lib\site-packages\rapidocr\models\PP-OCRv6_rec_small.pth[0m
[32m[INFO] 2026-08-31 20:28:44,514 [RapidOCR] base.py:23: Using engine_name: torch[0m
[32m[INFO] 2026-08-31 20:28:44,515 [RapidOCR] device_config.py:64: Using GPU device with ID: 0[0m
[32m[INFO] 2026-08-31 20:28:44,523 [RapidOCR] download_file.py:60: File exists and is valid: D:\Work\research\FileX\.venv-ai\Lib\site-packages\rapidocr\models\PP-OCRv6_det_small.pth[0m
[32m[INFO] 2026-08-31 20:28:44,523 [RapidOCR] main.py:50: Using D:\Work\research\FileX\.venv-ai\Lib\site-packages\rapidocr\models\PP-OCRv6_det_small.pth[0m
[32m[INFO] 2026-08-31 20:28:44,732 [RapidOCR] base.py:23: Using engine_name: torch[0m
[32m[INFO] 2026-08-31 20:28:44,733 [RapidOCR] device_config.py:64: Using GPU device with ID: 0[0m
[32m[INFO] 2026-08-31 20:28:44,734 [RapidOCR] download_file.py:60: File exists and is valid: D:\Work\research\FileX\.venv-ai\Lib\site-packages\rapidocr\models\ch_ptocr_mobile_v2.0_cls_mobile.pth[0m
[32m[INFO] 2026-08-31 20:28:44,734 [RapidOCR] main.py:50: Using D:\Work\research\FileX\.venv-ai\Lib\site-packages\rapidocr\models\ch_ptocr_mobile_v2.0_cls_mobile.pth[0m
[32m[INFO] 2026-08-31 20:28:44,901 [RapidOCR] base.py:23: Using engine_name: torch[0m
[32m[INFO] 2026-08-31 20:28:44,902 [RapidOCR] device_config.py:64: Using GPU device with ID: 0[0m
[32m[INFO] 2026-08-31 20:28:44,920 [RapidOCR] download_file.py:60: File exists and is valid: D:\Work\research\FileX\.venv-ai\Lib\site-packages\rapidocr\models\PP-OCRv6_rec_small.pth[0m
[32m[INFO] 2026-08-31 20:28:44,921 [RapidOCR] main.py:50: Using D:\Work\research\FileX\.venv-ai\Lib\site-packages\rapidocr\models\PP-OCRv6_rec_small.pth[0m
{"config": "docling-def", "doc": "escaneado_d5", "ppp_nativo": 72, "ppp": 120, "factor": 1.667, "png": "ppp120__escaneado_d5.png", "png_identify": "775x1060 47.24000000000000199,47.24000000000000199 PixelsPerCentimeter", "preflight": {"vram_libre_mib": 8601, "mpx_actual": 0.822, "mpx_pendiente_ordenada": 0}, "entrada": "PDF via Docling; scale explicita", "dispositivo": "GPU CUDA", "rc": [1, 1, 1, 1, 1, 1, 1, 1, 1], "error": ["FileNotFoundError: [WinError 3] El sistema no puede encontrar la ruta especificada: '\\\\\\\\?\\\\\\\\wsl.localhost\\\\Ubuntu\\\\'", "FileNotFoundError: [WinError 3] El sistema no puede encontrar la ruta especificada: '\\\\\\\\?\\\\\\\\wsl.localhost\\\\Ubuntu\\\\'", "FileNotFoundError: [WinError 3] El sistema no puede encontrar la ruta especificada: '\\\\\\\\?\\\\\\\\wsl.localhost\\\\Ubuntu\\\\'", "FileNotFoundError: [WinError 3] El sistema no puede encontrar la ruta especificada: '\\\\\\\\?\\\\\\\\wsl.localhost\\\\Ubuntu\\\\'", "FileNotFoundError: [WinError 3] El sistema no puede encontrar la ruta especificada: '\\\\\\\\?\\\\\\\\wsl.localhost\\\\Ubuntu\\\\'", "FileNotFoundError: [WinError 3] El sistema no puede encontrar la ruta especificada: '\\\\\\\\?\\\\\\\\wsl.localhost\\\\Ubuntu\\\\'", "FileNotFoundError: [WinError 3] El sistema no puede encontrar la ruta especificada: '\\\\\\\\?\\\\\\\\wsl.localhost\\\\Ubuntu\\\\'", "FileNotFoundError: [WinError 3] El sistema no puede encontrar la ruta especificada: '\\\\\\\\?\\\\\\\\wsl.localhost\\\\Ubuntu\\\\'", "FileNotFoundError: [WinError 3] El sistema no puede encontrar la ruta especificada: '\\\\\\\\?\\\\\\\\wsl.localhost\\\\Ubuntu\\\\'"], "n": 9, "ms_mediana": 1505.5, "determinista": true, "metrica": "acentos", "cer_pct": 100.0, "cer_acentos_pct": 100.0, "cer_ciego_pct": 100.0, "dist_acentos": 596, "texto": "docling-def__ppp120__escaneado_d5.txt"}
[32m[INFO] 2026-08-31 20:28:46,045 [RapidOCR] base.py:23: Using engine_name: torch[0m
[32m[INFO] 2026-08-31 20:28:46,046 [RapidOCR] device_config.py:64: Using GPU device with ID: 0[0m
[32m[INFO] 2026-08-31 20:28:46,054 [RapidOCR] download_file.py:60: File exists and is valid: D:\Work\research\FileX\.venv-ai\Lib\site-packages\rapidocr\models\PP-OCRv6_det_small.pth[0m
[32m[INFO] 2026-08-31 20:28:46,054 [RapidOCR] main.py:50: Using D:\Work\research\FileX\.venv-ai\Lib\site-packages\rapidocr\models\PP-OCRv6_det_small.pth[0m
[32m[INFO] 2026-08-31 20:28:46,288 [RapidOCR] base.py:23: Using engine_name: torch[0m
[32m[INFO] 2026-08-31 20:28:46,289 [RapidOCR] device_config.py:64: Using GPU device with ID: 0[0m
[32m[INFO] 2026-08-31 20:28:46,290 [RapidOCR] download_file.py:60: File exists and is valid: D:\Work\research\FileX\.venv-ai\Lib\site-packages\rapidocr\models\ch_ptocr_mobile_v2.0_cls_mobile.pth[0m
[32m[INFO] 2026-08-31 20:28:46,290 [RapidOCR] main.py:50: Using D:\Work\research\FileX\.venv-ai\Lib\site-packages\rapidocr\models\ch_ptocr_mobile_v2.0_cls_mobile.pth[0m
[32m[INFO] 2026-08-31 20:28:46,451 [RapidOCR] base.py:23: Using engine_name: torch[0m
[32m[INFO] 2026-08-31 20:28:46,451 [RapidOCR] device_config.py:64: Using GPU device with ID: 0[0m
[32m[INFO] 2026-08-31 20:28:46,469 [RapidOCR] download_file.py:60: File exists and is valid: D:\Work\research\FileX\.venv-ai\Lib\site-packages\rapidocr\models\PP-OCRv6_rec_small.pth[0m
[32m[INFO] 2026-08-31 20:28:46,469 [RapidOCR] main.py:50: Using D:\Work\research\FileX\.venv-ai\Lib\site-packages\rapidocr\models\PP-OCRv6_rec_small.pth[0m
[32m[INFO] 2026-08-31 20:28:47,471 [RapidOCR] base.py:23: Using engine_name: torch[0m
[32m[INFO] 2026-08-31 20:28:47,471 [RapidOCR] device_config.py:64: Using GPU device with ID: 0[0m
[32m[INFO] 2026-08-31 20:28:47,480 [RapidOCR] download_file.py:60: File exists and is valid: D:\Work\research\FileX\.venv-ai\Lib\site-packages\rapidocr\models\PP-OCRv6_det_small.pth[0m
[32m[INFO] 2026-08-31 20:28:47,480 [RapidOCR] main.py:50: Using D:\Work\research\FileX\.venv-ai\Lib\site-packages\rapidocr\models\PP-OCRv6_det_small.pth[0m
[32m[INFO] 2026-08-31 20:28:47,705 [RapidOCR] base.py:23: Using engine_name: torch[0m
[32m[INFO] 2026-08-31 20:28:47,706 [RapidOCR] device_config.py:64: Using GPU device with ID: 0[0m
[32m[INFO] 2026-08-31 20:28:47,707 [RapidOCR] download_file.py:60: File exists and is valid: D:\Work\research\FileX\.venv-ai\Lib\site-packages\rapidocr\models\ch_ptocr_mobile_v2.0_cls_mobile.pth[0m
[32m[INFO] 2026-08-31 20:28:47,707 [RapidOCR] main.py:50: Using D:\Work\research\FileX\.venv-ai\Lib\site-packages\rapidocr\models\ch_ptocr_mobile_v2.0_cls_mobile.pth[0m
[32m[INFO] 2026-08-31 20:28:47,861 [RapidOCR] base.py:23: Using engine_name: torch[0m
[32m[INFO] 2026-08-31 20:28:47,862 [RapidOCR] device_config.py:64: Using GPU device with ID: 0[0m
[32m[INFO] 2026-08-31 20:28:47,878 [RapidOCR] download_file.py:60: File exists and is valid: D:\Work\research\FileX\.venv-ai\Lib\site-packages\rapidocr\models\PP-OCRv6_rec_small.pth[0m
[32m[INFO] 2026-08-31 20:28:47,878 [RapidOCR] main.py:50: Using D:\Work\research\FileX\.venv-ai\Lib\site-packages\rapidocr\models\PP-OCRv6_rec_small.pth[0m
[32m[INFO] 2026-08-31 20:28:49,033 [RapidOCR] base.py:23: Using engine_name: torch[0m
[32m[INFO] 2026-08-31 20:28:49,033 [RapidOCR] device_config.py:64: Using GPU device with ID: 0[0m
[32m[INFO] 2026-08-31 20:28:49,042 [RapidOCR] download_file.py:60: File exists and is valid: D:\Work\research\FileX\.venv-ai\Lib\site-packages\rapidocr\models\PP-OCRv6_det_small.pth[0m
[32m[INFO] 2026-08-31 20:28:49,042 [RapidOCR] main.py:50: Using D:\Work\research\FileX\.venv-ai\Lib\site-packages\rapidocr\models\PP-OCRv6_det_small.pth[0m
[32m[INFO] 2026-08-31 20:28:49,296 [RapidOCR] base.py:23: Using engine_name: torch[0m
[32m[INFO] 2026-08-31 20:28:49,297 [RapidOCR] device_config.py:64: Using GPU device with ID: 0[0m
[32m[INFO] 2026-08-31 20:28:49,298 [RapidOCR] download_file.py:60: File exists and is valid: D:\Work\research\FileX\.venv-ai\Lib\site-packages\rapidocr\models\ch_ptocr_mobile_v2.0_cls_mobile.pth[0m
[32m[INFO] 2026-08-31 20:28:49,298 [RapidOCR] main.py:50: Using D:\Work\research\FileX\.venv-ai\Lib\site-packages\rapidocr\models\ch_ptocr_mobile_v2.0_cls_mobile.pth[0m
[32m[INFO] 2026-08-31 20:28:49,453 [RapidOCR] base.py:23: Using engine_name: torch[0m
[32m[INFO] 2026-08-31 20:28:49,454 [RapidOCR] device_config.py:64: Using GPU device with ID: 0[0m
[32m[INFO] 2026-08-31 20:28:49,471 [RapidOCR] download_file.py:60: File exists and is valid: D:\Work\research\FileX\.venv-ai\Lib\site-packages\rapidocr\models\PP-OCRv6_rec_small.pth[0m
[32m[INFO] 2026-08-31 20:28:49,471 [RapidOCR] main.py:50: Using D:\Work\research\FileX\.venv-ai\Lib\site-packages\rapidocr\models\PP-OCRv6_rec_small.pth[0m
[32m[INFO] 2026-08-31 20:28:50,495 [RapidOCR] base.py:23: Using engine_name: torch[0m
[32m[INFO] 2026-08-31 20:28:50,495 [RapidOCR] device_config.py:64: Using GPU device with ID: 0[0m
[32m[INFO] 2026-08-31 20:28:50,504 [RapidOCR] download_file.py:60: File exists and is valid: D:\Work\research\FileX\.venv-ai\Lib\site-packages\rapidocr\models\PP-OCRv6_det_small.pth[0m
[32m[INFO] 2026-08-31 20:28:50,504 [RapidOCR] main.py:50: Using D:\Work\research\FileX\.venv-ai\Lib\site-packages\rapidocr\models\PP-OCRv6_det_small.pth[0m
[32m[INFO] 2026-08-31 20:28:50,731 [RapidOCR] base.py:23: Using engine_name: torch[0m
[32m[INFO] 2026-08-31 20:28:50,731 [RapidOCR] device_config.py:64: Using GPU device with ID: 0[0m
[32m[INFO] 2026-08-31 20:28:50,732 [RapidOCR] download_file.py:60: File exists and is valid: D:\Work\research\FileX\.venv-ai\Lib\site-packages\rapidocr\models\ch_ptocr_mobile_v2.0_cls_mobile.pth[0m
[32m[INFO] 2026-08-31 20:28:50,732 [RapidOCR] main.py:50: Using D:\Work\research\FileX\.venv-ai\Lib\site-packages\rapidocr\models\ch_ptocr_mobile_v2.0_cls_mobile.pth[0m
[32m[INFO] 2026-08-31 20:28:50,895 [RapidOCR] base.py:23: Using engine_name: torch[0m
[32m[INFO] 2026-08-31 20:28:50,896 [RapidOCR] device_config.py:64: Using GPU device with ID: 0[0m
[32m[INFO] 2026-08-31 20:28:50,913 [RapidOCR] download_file.py:60: File exists and is valid: D:\Work\research\FileX\.venv-ai\Lib\site-packages\rapidocr\models\PP-OCRv6_rec_small.pth[0m
[32m[INFO] 2026-08-31 20:28:50,913 [RapidOCR] main.py:50: Using D:\Work\research\FileX\.venv-ai\Lib\site-packages\rapidocr\models\PP-OCRv6_rec_small.pth[0m
[32m[INFO] 2026-08-31 20:28:51,917 [RapidOCR] base.py:23: Using engine_name: torch[0m
[32m[INFO] 2026-08-31 20:28:51,917 [RapidOCR] device_config.py:64: Using GPU device with ID: 0[0m
[32m[INFO] 2026-08-31 20:28:51,926 [RapidOCR] download_file.py:60: File exists and is valid: D:\Work\research\FileX\.venv-ai\Lib\site-packages\rapidocr\models\PP-OCRv6_det_small.pth[0m
[32m[INFO] 2026-08-31 20:28:51,927 [RapidOCR] main.py:50: Using D:\Work\research\FileX\.venv-ai\Lib\site-packages\rapidocr\models\PP-OCRv6_det_small.pth[0m
[32m[INFO] 2026-08-31 20:28:52,168 [RapidOCR] base.py:23: Using engine_name: torch[0m
[32m[INFO] 2026-08-31 20:28:52,168 [RapidOCR] device_config.py:64: Using GPU device with ID: 0[0m
[32m[INFO] 2026-08-31 20:28:52,169 [RapidOCR] download_file.py:60: File exists and is valid: D:\Work\research\FileX\.venv-ai\Lib\site-packages\rapidocr\models\ch_ptocr_mobile_v2.0_cls_mobile.pth[0m
[32m[INFO] 2026-08-31 20:28:52,170 [RapidOCR] main.py:50: Using D:\Work\research\FileX\.venv-ai\Lib\site-packages\rapidocr\models\ch_ptocr_mobile_v2.0_cls_mobile.pth[0m
[32m[INFO] 2026-08-31 20:28:52,316 [RapidOCR] base.py:23: Using engine_name: torch[0m
[32m[INFO] 2026-08-31 20:28:52,316 [RapidOCR] device_config.py:64: Using GPU device with ID: 0[0m
[32m[INFO] 2026-08-31 20:28:52,333 [RapidOCR] download_file.py:60: File exists and is valid: D:\Work\research\FileX\.venv-ai\Lib\site-packages\rapidocr\models\PP-OCRv6_rec_small.pth[0m
[32m[INFO] 2026-08-31 20:28:52,333 [RapidOCR] main.py:50: Using D:\Work\research\FileX\.venv-ai\Lib\site-packages\rapidocr\models\PP-OCRv6_rec_small.pth[0m
[32m[INFO] 2026-08-31 20:28:53,486 [RapidOCR] base.py:23: Using engine_name: torch[0m
[32m[INFO] 2026-08-31 20:28:53,487 [RapidOCR] device_config.py:64: Using GPU device with ID: 0[0m
[32m[INFO] 2026-08-31 20:28:53,495 [RapidOCR] download_file.py:60: File exists and is valid: D:\Work\research\FileX\.venv-ai\Lib\site-packages\rapidocr\models\PP-OCRv6_det_small.pth[0m
[32m[INFO] 2026-08-31 20:28:53,496 [RapidOCR] main.py:50: Using D:\Work\research\FileX\.venv-ai\Lib\site-packages\rapidocr\models\PP-OCRv6_det_small.pth[0m
[32m[INFO] 2026-08-31 20:28:53,706 [RapidOCR] base.py:23: Using engine_name: torch[0m
[32m[INFO] 2026-08-31 20:28:53,707 [RapidOCR] device_config.py:64: Using GPU device with ID: 0[0m
[32m[INFO] 2026-08-31 20:28:53,708 [RapidOCR] download_file.py:60: File exists and is valid: D:\Work\research\FileX\.venv-ai\Lib\site-packages\rapidocr\models\ch_ptocr_mobile_v2.0_cls_mobile.pth[0m
[32m[INFO] 2026-08-31 20:28:53,708 [RapidOCR] main.py:50: Using D:\Work\research\FileX\.venv-ai\Lib\site-packages\rapidocr\models\ch_ptocr_mobile_v2.0_cls_mobile.pth[0m
[32m[INFO] 2026-08-31 20:28:53,872 [RapidOCR] base.py:23: Using engine_name: torch[0m
[32m[INFO] 2026-08-31 20:28:53,873 [RapidOCR] device_config.py:64: Using GPU device with ID: 0[0m
[32m[INFO] 2026-08-31 20:28:53,891 [RapidOCR] download_file.py:60: File exists and is valid: D:\Work\research\FileX\.venv-ai\Lib\site-packages\rapidocr\models\PP-OCRv6_rec_small.pth[0m
[32m[INFO] 2026-08-31 20:28:53,891 [RapidOCR] main.py:50: Using D:\Work\research\FileX\.venv-ai\Lib\site-packages\rapidocr\models\PP-OCRv6_rec_small.pth[0m
[32m[INFO] 2026-08-31 20:28:55,034 [RapidOCR] base.py:23: Using engine_name: torch[0m
[32m[INFO] 2026-08-31 20:28:55,035 [RapidOCR] device_config.py:64: Using GPU device with ID: 0[0m
[32m[INFO] 2026-08-31 20:28:55,044 [RapidOCR] download_file.py:60: File exists and is valid: D:\Work\research\FileX\.venv-ai\Lib\site-packages\rapidocr\models\PP-OCRv6_det_small.pth[0m
[32m[INFO] 2026-08-31 20:28:55,044 [RapidOCR] main.py:50: Using D:\Work\research\FileX\.venv-ai\Lib\site-packages\rapidocr\models\PP-OCRv6_det_small.pth[0m
[32m[INFO] 2026-08-31 20:28:55,300 [RapidOCR] base.py:23: Using engine_name: torch[0m
[32m[INFO] 2026-08-31 20:28:55,301 [RapidOCR] device_config.py:64: Using GPU device with ID: 0[0m
[32m[INFO] 2026-08-31 20:28:55,302 [RapidOCR] download_file.py:60: File exists and is valid: D:\Work\research\FileX\.venv-ai\Lib\site-packages\rapidocr\models\ch_ptocr_mobile_v2.0_cls_mobile.pth[0m
[32m[INFO] 2026-08-31 20:28:55,302 [RapidOCR] main.py:50: Using D:\Work\research\FileX\.venv-ai\Lib\site-packages\rapidocr\models\ch_ptocr_mobile_v2.0_cls_mobile.pth[0m
[32m[INFO] 2026-08-31 20:28:55,477 [RapidOCR] base.py:23: Using engine_name: torch[0m
[32m[INFO] 2026-08-31 20:28:55,478 [RapidOCR] device_config.py:64: Using GPU device with ID: 0[0m
[32m[INFO] 2026-08-31 20:28:55,497 [RapidOCR] download_file.py:60: File exists and is valid: D:\Work\research\FileX\.venv-ai\Lib\site-packages\rapidocr\models\PP-OCRv6_rec_small.pth[0m
[32m[INFO] 2026-08-31 20:28:55,497 [RapidOCR] main.py:50: Using D:\Work\research\FileX\.venv-ai\Lib\site-packages\rapidocr\models\PP-OCRv6_rec_small.pth[0m
[32m[INFO] 2026-08-31 20:28:56,532 [RapidOCR] base.py:23: Using engine_name: torch[0m
[32m[INFO] 2026-08-31 20:28:56,532 [RapidOCR] device_config.py:64: Using GPU device with ID: 0[0m
[32m[INFO] 2026-08-31 20:28:56,540 [RapidOCR] download_file.py:60: File exists and is valid: D:\Work\research\FileX\.venv-ai\Lib\site-packages\rapidocr\models\PP-OCRv6_det_small.pth[0m
[32m[INFO] 2026-08-31 20:28:56,541 [RapidOCR] main.py:50: Using D:\Work\research\FileX\.venv-ai\Lib\site-packages\rapidocr\models\PP-OCRv6_det_small.pth[0m
[32m[INFO] 2026-08-31 20:28:56,784 [RapidOCR] base.py:23: Using engine_name: torch[0m
[32m[INFO] 2026-08-31 20:28:56,784 [RapidOCR] device_config.py:64: Using GPU device with ID: 0[0m
[32m[INFO] 2026-08-31 20:28:56,786 [RapidOCR] download_file.py:60: File exists and is valid: D:\Work\research\FileX\.venv-ai\Lib\site-packages\rapidocr\models\ch_ptocr_mobile_v2.0_cls_mobile.pth[0m
[32m[INFO] 2026-08-31 20:28:56,786 [RapidOCR] main.py:50: Using D:\Work\research\FileX\.venv-ai\Lib\site-packages\rapidocr\models\ch_ptocr_mobile_v2.0_cls_mobile.pth[0m
[32m[INFO] 2026-08-31 20:28:56,948 [RapidOCR] base.py:23: Using engine_name: torch[0m
[32m[INFO] 2026-08-31 20:28:56,949 [RapidOCR] device_config.py:64: Using GPU device with ID: 0[0m
[32m[INFO] 2026-08-31 20:28:56,968 [RapidOCR] download_file.py:60: File exists and is valid: D:\Work\research\FileX\.venv-ai\Lib\site-packages\rapidocr\models\PP-OCRv6_rec_small.pth[0m
[32m[INFO] 2026-08-31 20:28:56,968 [RapidOCR] main.py:50: Using D:\Work\research\FileX\.venv-ai\Lib\site-packages\rapidocr\models\PP-OCRv6_rec_small.pth[0m
[32m[INFO] 2026-08-31 20:28:58,075 [RapidOCR] base.py:23: Using engine_name: torch[0m
[32m[INFO] 2026-08-31 20:28:58,076 [RapidOCR] device_config.py:64: Using GPU device with ID: 0[0m
[32m[INFO] 2026-08-31 20:28:58,084 [RapidOCR] download_file.py:60: File exists and is valid: D:\Work\research\FileX\.venv-ai\Lib\site-packages\rapidocr\models\PP-OCRv6_det_small.pth[0m
[32m[INFO] 2026-08-31 20:28:58,084 [RapidOCR] main.py:50: Using D:\Work\research\FileX\.venv-ai\Lib\site-packages\rapidocr\models\PP-OCRv6_det_small.pth[0m
[32m[INFO] 2026-08-31 20:28:58,302 [RapidOCR] base.py:23: Using engine_name: torch[0m
[32m[INFO] 2026-08-31 20:28:58,303 [RapidOCR] device_config.py:64: Using GPU device with ID: 0[0m
[32m[INFO] 2026-08-31 20:28:58,304 [RapidOCR] download_file.py:60: File exists and is valid: D:\Work\research\FileX\.venv-ai\Lib\site-packages\rapidocr\models\ch_ptocr_mobile_v2.0_cls_mobile.pth[0m
[32m[INFO] 2026-08-31 20:28:58,304 [RapidOCR] main.py:50: Using D:\Work\research\FileX\.venv-ai\Lib\site-packages\rapidocr\models\ch_ptocr_mobile_v2.0_cls_mobile.pth[0m
[32m[INFO] 2026-08-31 20:28:58,470 [RapidOCR] base.py:23: Using engine_name: torch[0m
[32m[INFO] 2026-08-31 20:28:58,471 [RapidOCR] device_config.py:64: Using GPU device with ID: 0[0m
[32m[INFO] 2026-08-31 20:28:58,488 [RapidOCR] download_file.py:60: File exists and is valid: D:\Work\research\FileX\.venv-ai\Lib\site-packages\rapidocr\models\PP-OCRv6_rec_small.pth[0m
[32m[INFO] 2026-08-31 20:28:58,488 [RapidOCR] main.py:50: Using D:\Work\research\FileX\.venv-ai\Lib\site-packages\rapidocr\models\PP-OCRv6_rec_small.pth[0m
[32m[INFO] 2026-08-31 20:28:59,580 [RapidOCR] base.py:23: Using engine_name: torch[0m
[32m[INFO] 2026-08-31 20:28:59,580 [RapidOCR] device_config.py:64: Using GPU device with ID: 0[0m
[32m[INFO] 2026-08-31 20:28:59,589 [RapidOCR] download_file.py:60: File exists and is valid: D:\Work\research\FileX\.venv-ai\Lib\site-packages\rapidocr\models\PP-OCRv6_det_small.pth[0m
[32m[INFO] 2026-08-31 20:28:59,589 [RapidOCR] main.py:50: Using D:\Work\research\FileX\.venv-ai\Lib\site-packages\rapidocr\models\PP-OCRv6_det_small.pth[0m
[32m[INFO] 2026-08-31 20:28:59,834 [RapidOCR] base.py:23: Using engine_name: torch[0m
[32m[INFO] 2026-08-31 20:28:59,835 [RapidOCR] device_config.py:64: Using GPU device with ID: 0[0m
[32m[INFO] 2026-08-31 20:28:59,836 [RapidOCR] download_file.py:60: File exists and is valid: D:\Work\research\FileX\.venv-ai\Lib\site-packages\rapidocr\models\ch_ptocr_mobile_v2.0_cls_mobile.pth[0m
[32m[INFO] 2026-08-31 20:28:59,836 [RapidOCR] main.py:50: Using D:\Work\research\FileX\.venv-ai\Lib\site-packages\rapidocr\models\ch_ptocr_mobile_v2.0_cls_mobile.pth[0m
[32m[INFO] 2026-08-31 20:29:00,001 [RapidOCR] base.py:23: Using engine_name: torch[0m
[32m[INFO] 2026-08-31 20:29:00,002 [RapidOCR] device_config.py:64: Using GPU device with ID: 0[0m
[32m[INFO] 2026-08-31 20:29:00,022 [RapidOCR] download_file.py:60: File exists and is valid: D:\Work\research\FileX\.venv-ai\Lib\site-packages\rapidocr\models\PP-OCRv6_rec_small.pth[0m
[32m[INFO] 2026-08-31 20:29:00,022 [RapidOCR] main.py:50: Using D:\Work\research\FileX\.venv-ai\Lib\site-packages\rapidocr\models\PP-OCRv6_rec_small.pth[0m
{"config": "docling-def", "doc": "escaneado_d5", "ppp_nativo": 72, "ppp": 125, "factor": 1.736, "png": "ppp125__escaneado_d5.png", "png_identify": "807x1104 49.210000000000000853,49.210000000000000853 PixelsPerCentimeter", "preflight": {"vram_libre_mib": 8730, "mpx_actual": 0.891, "mpx_pendiente_ordenada": 0}, "entrada": "PDF via Docling; scale explicita", "dispositivo": "GPU CUDA", "rc": [1, 1, 1, 1, 1, 1, 1, 1, 1], "error": ["FileNotFoundError: [WinError 3] El sistema no puede encontrar la ruta especificada: '\\\\\\\\?\\\\\\\\wsl.localhost\\\\Ubuntu\\\\'", "FileNotFoundError: [WinError 3] El sistema no puede encontrar la ruta especificada: '\\\\\\\\?\\\\\\\\wsl.localhost\\\\Ubuntu\\\\'", "FileNotFoundError: [WinError 3] El sistema no puede encontrar la ruta especificada: '\\\\\\\\?\\\\\\\\wsl.localhost\\\\Ubuntu\\\\'", "FileNotFoundError: [WinError 3] El sistema no puede encontrar la ruta especificada: '\\\\\\\\?\\\\\\\\wsl.localhost\\\\Ubuntu\\\\'", "FileNotFoundError: [WinError 3] El sistema no puede encontrar la ruta especificada: '\\\\\\\\?\\\\\\\\wsl.localhost\\\\Ubuntu\\\\'", "FileNotFoundError: [WinError 3] El sistema no puede encontrar la ruta especificada: '\\\\\\\\?\\\\\\\\wsl.localhost\\\\Ubuntu\\\\'", "FileNotFoundError: [WinError 3] El sistema no puede encontrar la ruta especificada: '\\\\\\\\?\\\\\\\\wsl.localhost\\\\Ubuntu\\\\'", "FileNotFoundError: [WinError 3] El sistema no puede encontrar la ruta especificada: '\\\\\\\\?\\\\\\\\wsl.localhost\\\\Ubuntu\\\\'", "FileNotFoundError: [WinError 3] El sistema no puede encontrar la ruta especificada: '\\\\\\\\?\\\\\\\\wsl.localhost\\\\Ubuntu\\\\'"], "n": 9, "ms_mediana": 1487.0, "determinista": true, "metrica": "acentos", "cer_pct": 100.0, "cer_acentos_pct": 100.0, "cer_ciego_pct": 100.0, "dist_acentos": 596, "texto": "docling-def__ppp125__escaneado_d5.txt"}
[32m[INFO] 2026-08-31 20:29:01,126 [RapidOCR] base.py:23: Using engine_name: torch[0m
[32m[INFO] 2026-08-31 20:29:01,126 [RapidOCR] device_config.py:64: Using GPU device with ID: 0[0m
[32m[INFO] 2026-08-31 20:29:01,136 [RapidOCR] download_file.py:60: File exists and is valid: D:\Work\research\FileX\.venv-ai\Lib\site-packages\rapidocr\models\PP-OCRv6_det_small.pth[0m
[32m[INFO] 2026-08-31 20:29:01,136 [RapidOCR] main.py:50: Using D:\Work\research\FileX\.venv-ai\Lib\site-packages\rapidocr\models\PP-OCRv6_det_small.pth[0m
[32m[INFO] 2026-08-31 20:29:01,369 [RapidOCR] base.py:23: Using engine_name: torch[0m
[32m[INFO] 2026-08-31 20:29:01,369 [RapidOCR] device_config.py:64: Using GPU device with ID: 0[0m
[32m[INFO] 2026-08-31 20:29:01,371 [RapidOCR] download_file.py:60: File exists and is valid: D:\Work\research\FileX\.venv-ai\Lib\site-packages\rapidocr\models\ch_ptocr_mobile_v2.0_cls_mobile.pth[0m
[32m[INFO] 2026-08-31 20:29:01,371 [RapidOCR] main.py:50: Using D:\Work\research\FileX\.venv-ai\Lib\site-packages\rapidocr\models\ch_ptocr_mobile_v2.0_cls_mobile.pth[0m
[32m[INFO] 2026-08-31 20:29:01,531 [RapidOCR] base.py:23: Using engine_name: torch[0m
[32m[INFO] 2026-08-31 20:29:01,531 [RapidOCR] device_config.py:64: Using GPU device with ID: 0[0m
[32m[INFO] 2026-08-31 20:29:01,549 [RapidOCR] download_file.py:60: File exists and is valid: D:\Work\research\FileX\.venv-ai\Lib\site-packages\rapidocr\models\PP-OCRv6_rec_small.pth[0m
[32m[INFO] 2026-08-31 20:29:01,549 [RapidOCR] main.py:50: Using D:\Work\research\FileX\.venv-ai\Lib\site-packages\rapidocr\models\PP-OCRv6_rec_small.pth[0m
[32m[INFO] 2026-08-31 20:29:02,505 [RapidOCR] base.py:23: Using engine_name: torch[0m
[32m[INFO] 2026-08-31 20:29:02,506 [RapidOCR] device_config.py:64: Using GPU device with ID: 0[0m
[32m[INFO] 2026-08-31 20:29:02,514 [RapidOCR] download_file.py:60: File exists and is valid: D:\Work\research\FileX\.venv-ai\Lib\site-packages\rapidocr\models\PP-OCRv6_det_small.pth[0m
[32m[INFO] 2026-08-31 20:29:02,514 [RapidOCR] main.py:50: Using D:\Work\research\FileX\.venv-ai\Lib\site-packages\rapidocr\models\PP-OCRv6_det_small.pth[0m
[32m[INFO] 2026-08-31 20:29:02,896 [RapidOCR] base.py:23: Using engine_name: torch[0m
[32m[INFO] 2026-08-31 20:29:02,897 [RapidOCR] device_config.py:64: Using GPU device with ID: 0[0m
[32m[INFO] 2026-08-31 20:29:02,898 [RapidOCR] download_file.py:60: File exists and is valid: D:\Work\research\FileX\.venv-ai\Lib\site-packages\rapidocr\models\ch_ptocr_mobile_v2.0_cls_mobile.pth[0m
[32m[INFO] 2026-08-31 20:29:02,898 [RapidOCR] main.py:50: Using D:\Work\research\FileX\.venv-ai\Lib\site-packages\rapidocr\models\ch_ptocr_mobile_v2.0_cls_mobile.pth[0m
[32m[INFO] 2026-08-31 20:29:03,054 [RapidOCR] base.py:23: Using engine_name: torch[0m
[32m[INFO] 2026-08-31 20:29:03,055 [RapidOCR] device_config.py:64: Using GPU device with ID: 0[0m
[32m[INFO] 2026-08-31 20:29:03,074 [RapidOCR] download_file.py:60: File exists and is valid: D:\Work\research\FileX\.venv-ai\Lib\site-packages\rapidocr\models\PP-OCRv6_rec_small.pth[0m
[32m[INFO] 2026-08-31 20:29:03,074 [RapidOCR] main.py:50: Using D:\Work\research\FileX\.venv-ai\Lib\site-packages\rapidocr\models\PP-OCRv6_rec_small.pth[0m
[32m[INFO] 2026-08-31 20:29:04,152 [RapidOCR] base.py:23: Using engine_name: torch[0m
[32m[INFO] 2026-08-31 20:29:04,153 [RapidOCR] device_config.py:64: Using GPU device with ID: 0[0m
[32m[INFO] 2026-08-31 20:29:04,164 [RapidOCR] download_file.py:60: File exists and is valid: D:\Work\research\FileX\.venv-ai\Lib\site-packages\rapidocr\models\PP-OCRv6_det_small.pth[0m
[32m[INFO] 2026-08-31 20:29:04,164 [RapidOCR] main.py:50: Using D:\Work\research\FileX\.venv-ai\Lib\site-packages\rapidocr\models\PP-OCRv6_det_small.pth[0m
[32m[INFO] 2026-08-31 20:29:04,422 [RapidOCR] base.py:23: Using engine_name: torch[0m
[32m[INFO] 2026-08-31 20:29:04,422 [RapidOCR] device_config.py:64: Using GPU device with ID: 0[0m
[32m[INFO] 2026-08-31 20:29:04,424 [RapidOCR] download_file.py:60: File exists and is valid: D:\Work\research\FileX\.venv-ai\Lib\site-packages\rapidocr\models\ch_ptocr_mobile_v2.0_cls_mobile.pth[0m
[32m[INFO] 2026-08-31 20:29:04,424 [RapidOCR] main.py:50: Using D:\Work\research\FileX\.venv-ai\Lib\site-packages\rapidocr\models\ch_ptocr_mobile_v2.0_cls_mobile.pth[0m
[32m[INFO] 2026-08-31 20:29:04,602 [RapidOCR] base.py:23: Using engine_name: torch[0m
[32m[INFO] 2026-08-31 20:29:04,603 [RapidOCR] device_config.py:64: Using GPU device with ID: 0[0m
[32m[INFO] 2026-08-31 20:29:04,621 [RapidOCR] download_file.py:60: File exists and is valid: D:\Work\research\FileX\.venv-ai\Lib\site-packages\rapidocr\models\PP-OCRv6_rec_small.pth[0m
[32m[INFO] 2026-08-31 20:29:04,622 [RapidOCR] main.py:50: Using D:\Work\research\FileX\.venv-ai\Lib\site-packages\rapidocr\models\PP-OCRv6_rec_small.pth[0m
[32m[INFO] 2026-08-31 20:29:05,696 [RapidOCR] base.py:23: Using engine_name: torch[0m
[32m[INFO] 2026-08-31 20:29:05,697 [RapidOCR] device_config.py:64: Using GPU device with ID: 0[0m
[32m[INFO] 2026-08-31 20:29:05,705 [RapidOCR] download_file.py:60: File exists and is valid: D:\Work\research\FileX\.venv-ai\Lib\site-packages\rapidocr\models\PP-OCRv6_det_small.pth[0m
[32m[INFO] 2026-08-31 20:29:05,706 [RapidOCR] main.py:50: Using D:\Work\research\FileX\.venv-ai\Lib\site-packages\rapidocr\models\PP-OCRv6_det_small.pth[0m
[32m[INFO] 2026-08-31 20:29:05,950 [RapidOCR] base.py:23: Using engine_name: torch[0m
[32m[INFO] 2026-08-31 20:29:05,951 [RapidOCR] device_config.py:64: Using GPU device with ID: 0[0m
[32m[INFO] 2026-08-31 20:29:05,952 [RapidOCR] download_file.py:60: File exists and is valid: D:\Work\research\FileX\.venv-ai\Lib\site-packages\rapidocr\models\ch_ptocr_mobile_v2.0_cls_mobile.pth[0m
[32m[INFO] 2026-08-31 20:29:05,953 [RapidOCR] main.py:50: Using D:\Work\research\FileX\.venv-ai\Lib\site-packages\rapidocr\models\ch_ptocr_mobile_v2.0_cls_mobile.pth[0m
[32m[INFO] 2026-08-31 20:29:06,119 [RapidOCR] base.py:23: Using engine_name: torch[0m
[32m[INFO] 2026-08-31 20:29:06,120 [RapidOCR] device_config.py:64: Using GPU device with ID: 0[0m
[32m[INFO] 2026-08-31 20:29:06,137 [RapidOCR] download_file.py:60: File exists and is valid: D:\Work\research\FileX\.venv-ai\Lib\site-packages\rapidocr\models\PP-OCRv6_rec_small.pth[0m
[32m[INFO] 2026-08-31 20:29:06,137 [RapidOCR] main.py:50: Using D:\Work\research\FileX\.venv-ai\Lib\site-packages\rapidocr\models\PP-OCRv6_rec_small.pth[0m
[32m[INFO] 2026-08-31 20:29:07,090 [RapidOCR] base.py:23: Using engine_name: torch[0m
[32m[INFO] 2026-08-31 20:29:07,091 [RapidOCR] device_config.py:64: Using GPU device with ID: 0[0m
[32m[INFO] 2026-08-31 20:29:07,099 [RapidOCR] download_file.py:60: File exists and is valid: D:\Work\research\FileX\.venv-ai\Lib\site-packages\rapidocr\models\PP-OCRv6_det_small.pth[0m
[32m[INFO] 2026-08-31 20:29:07,099 [RapidOCR] main.py:50: Using D:\Work\research\FileX\.venv-ai\Lib\site-packages\rapidocr\models\PP-OCRv6_det_small.pth[0m
[32m[INFO] 2026-08-31 20:29:07,312 [RapidOCR] base.py:23: Using engine_name: torch[0m
[32m[INFO] 2026-08-31 20:29:07,313 [RapidOCR] device_config.py:64: Using GPU device with ID: 0[0m
[32m[INFO] 2026-08-31 20:29:07,314 [RapidOCR] download_file.py:60: File exists and is valid: D:\Work\research\FileX\.venv-ai\Lib\site-packages\rapidocr\models\ch_ptocr_mobile_v2.0_cls_mobile.pth[0m
[32m[INFO] 2026-08-31 20:29:07,314 [RapidOCR] main.py:50: Using D:\Work\research\FileX\.venv-ai\Lib\site-packages\rapidocr\models\ch_ptocr_mobile_v2.0_cls_mobile.pth[0m
[32m[INFO] 2026-08-31 20:29:07,627 [RapidOCR] base.py:23: Using engine_name: torch[0m
[32m[INFO] 2026-08-31 20:29:07,628 [RapidOCR] device_config.py:64: Using GPU device with ID: 0[0m
[32m[INFO] 2026-08-31 20:29:07,645 [RapidOCR] download_file.py:60: File exists and is valid: D:\Work\research\FileX\.venv-ai\Lib\site-packages\rapidocr\models\PP-OCRv6_rec_small.pth[0m
[32m[INFO] 2026-08-31 20:29:07,645 [RapidOCR] main.py:50: Using D:\Work\research\FileX\.venv-ai\Lib\site-packages\rapidocr\models\PP-OCRv6_rec_small.pth[0m
[32m[INFO] 2026-08-31 20:29:08,634 [RapidOCR] base.py:23: Using engine_name: torch[0m
[32m[INFO] 2026-08-31 20:29:08,634 [RapidOCR] device_config.py:64: Using GPU device with ID: 0[0m
[32m[INFO] 2026-08-31 20:29:08,643 [RapidOCR] download_file.py:60: File exists and is valid: D:\Work\research\FileX\.venv-ai\Lib\site-packages\rapidocr\models\PP-OCRv6_det_small.pth[0m
[32m[INFO] 2026-08-31 20:29:08,643 [RapidOCR] main.py:50: Using D:\Work\research\FileX\.venv-ai\Lib\site-packages\rapidocr\models\PP-OCRv6_det_small.pth[0m
[32m[INFO] 2026-08-31 20:29:08,895 [RapidOCR] base.py:23: Using engine_name: torch[0m
[32m[INFO] 2026-08-31 20:29:08,895 [RapidOCR] device_config.py:64: Using GPU device with ID: 0[0m
[32m[INFO] 2026-08-31 20:29:08,896 [RapidOCR] download_file.py:60: File exists and is valid: D:\Work\research\FileX\.venv-ai\Lib\site-packages\rapidocr\models\ch_ptocr_mobile_v2.0_cls_mobile.pth[0m
[32m[INFO] 2026-08-31 20:29:08,897 [RapidOCR] main.py:50: Using D:\Work\research\FileX\.venv-ai\Lib\site-packages\rapidocr\models\ch_ptocr_mobile_v2.0_cls_mobile.pth[0m
[32m[INFO] 2026-08-31 20:29:09,073 [RapidOCR] base.py:23: Using engine_name: torch[0m
[32m[INFO] 2026-08-31 20:29:09,074 [RapidOCR] device_config.py:64: Using GPU device with ID: 0[0m
[32m[INFO] 2026-08-31 20:29:09,094 [RapidOCR] download_file.py:60: File exists and is valid: D:\Work\research\FileX\.venv-ai\Lib\site-packages\rapidocr\models\PP-OCRv6_rec_small.pth[0m
[32m[INFO] 2026-08-31 20:29:09,094 [RapidOCR] main.py:50: Using D:\Work\research\FileX\.venv-ai\Lib\site-packages\rapidocr\models\PP-OCRv6_rec_small.pth[0m
[32m[INFO] 2026-08-31 20:29:10,148 [RapidOCR] base.py:23: Using engine_name: torch[0m
[32m[INFO] 2026-08-31 20:29:10,148 [RapidOCR] device_config.py:64: Using GPU device with ID: 0[0m
[32m[INFO] 2026-08-31 20:29:10,158 [RapidOCR] download_file.py:60: File exists and is valid: D:\Work\research\FileX\.venv-ai\Lib\site-packages\rapidocr\models\PP-OCRv6_det_small.pth[0m
[32m[INFO] 2026-08-31 20:29:10,159 [RapidOCR] main.py:50: Using D:\Work\research\FileX\.venv-ai\Lib\site-packages\rapidocr\models\PP-OCRv6_det_small.pth[0m
[32m[INFO] 2026-08-31 20:29:10,422 [RapidOCR] base.py:23: Using engine_name: torch[0m
[32m[INFO] 2026-08-31 20:29:10,422 [RapidOCR] device_config.py:64: Using GPU device with ID: 0[0m
[32m[INFO] 2026-08-31 20:29:10,423 [RapidOCR] download_file.py:60: File exists and is valid: D:\Work\research\FileX\.venv-ai\Lib\site-packages\rapidocr\models\ch_ptocr_mobile_v2.0_cls_mobile.pth[0m
[32m[INFO] 2026-08-31 20:29:10,424 [RapidOCR] main.py:50: Using D:\Work\research\FileX\.venv-ai\Lib\site-packages\rapidocr\models\ch_ptocr_mobile_v2.0_cls_mobile.pth[0m
[32m[INFO] 2026-08-31 20:29:10,567 [RapidOCR] base.py:23: Using engine_name: torch[0m
[32m[INFO] 2026-08-31 20:29:10,567 [RapidOCR] device_config.py:64: Using GPU device with ID: 0[0m
[32m[INFO] 2026-08-31 20:29:10,585 [RapidOCR] download_file.py:60: File exists and is valid: D:\Work\research\FileX\.venv-ai\Lib\site-packages\rapidocr\models\PP-OCRv6_rec_small.pth[0m
[32m[INFO] 2026-08-31 20:29:10,585 [RapidOCR] main.py:50: Using D:\Work\research\FileX\.venv-ai\Lib\site-packages\rapidocr\models\PP-OCRv6_rec_small.pth[0m
[32m[INFO] 2026-08-31 20:29:11,508 [RapidOCR] base.py:23: Using engine_name: torch[0m
[32m[INFO] 2026-08-31 20:29:11,509 [RapidOCR] device_config.py:64: Using GPU device with ID: 0[0m
[32m[INFO] 2026-08-31 20:29:11,517 [RapidOCR] download_file.py:60: File exists and is valid: D:\Work\research\FileX\.venv-ai\Lib\site-packages\rapidocr\models\PP-OCRv6_det_small.pth[0m
[32m[INFO] 2026-08-31 20:29:11,517 [RapidOCR] main.py:50: Using D:\Work\research\FileX\.venv-ai\Lib\site-packages\rapidocr\models\PP-OCRv6_det_small.pth[0m
[32m[INFO] 2026-08-31 20:29:11,765 [RapidOCR] base.py:23: Using engine_name: torch[0m
[32m[INFO] 2026-08-31 20:29:11,766 [RapidOCR] device_config.py:64: Using GPU device with ID: 0[0m
[32m[INFO] 2026-08-31 20:29:11,767 [RapidOCR] download_file.py:60: File exists and is valid: D:\Work\research\FileX\.venv-ai\Lib\site-packages\rapidocr\models\ch_ptocr_mobile_v2.0_cls_mobile.pth[0m
[32m[INFO] 2026-08-31 20:29:11,767 [RapidOCR] main.py:50: Using D:\Work\research\FileX\.venv-ai\Lib\site-packages\rapidocr\models\ch_ptocr_mobile_v2.0_cls_mobile.pth[0m
[32m[INFO] 2026-08-31 20:29:11,953 [RapidOCR] base.py:23: Using engine_name: torch[0m
[32m[INFO] 2026-08-31 20:29:11,954 [RapidOCR] device_config.py:64: Using GPU device with ID: 0[0m
[32m[INFO] 2026-08-31 20:29:11,978 [RapidOCR] download_file.py:60: File exists and is valid: D:\Work\research\FileX\.venv-ai\Lib\site-packages\rapidocr\models\PP-OCRv6_rec_small.pth[0m
[32m[INFO] 2026-08-31 20:29:11,978 [RapidOCR] main.py:50: Using D:\Work\research\FileX\.venv-ai\Lib\site-packages\rapidocr\models\PP-OCRv6_rec_small.pth[0m
[32m[INFO] 2026-08-31 20:29:13,177 [RapidOCR] base.py:23: Using engine_name: torch[0m
[32m[INFO] 2026-08-31 20:29:13,177 [RapidOCR] device_config.py:64: Using GPU device with ID: 0[0m
[32m[INFO] 2026-08-31 20:29:13,186 [RapidOCR] download_file.py:60: File exists and is valid: D:\Work\research\FileX\.venv-ai\Lib\site-packages\rapidocr\models\PP-OCRv6_det_small.pth[0m
[32m[INFO] 2026-08-31 20:29:13,186 [RapidOCR] main.py:50: Using D:\Work\research\FileX\.venv-ai\Lib\site-packages\rapidocr\models\PP-OCRv6_det_small.pth[0m
[32m[INFO] 2026-08-31 20:29:13,419 [RapidOCR] base.py:23: Using engine_name: torch[0m
[32m[INFO] 2026-08-31 20:29:13,419 [RapidOCR] device_config.py:64: Using GPU device with ID: 0[0m
[32m[INFO] 2026-08-31 20:29:13,420 [RapidOCR] download_file.py:60: File exists and is valid: D:\Work\research\FileX\.venv-ai\Lib\site-packages\rapidocr\models\ch_ptocr_mobile_v2.0_cls_mobile.pth[0m
[32m[INFO] 2026-08-31 20:29:13,420 [RapidOCR] main.py:50: Using D:\Work\research\FileX\.venv-ai\Lib\site-packages\rapidocr\models\ch_ptocr_mobile_v2.0_cls_mobile.pth[0m
[32m[INFO] 2026-08-31 20:29:13,576 [RapidOCR] base.py:23: Using engine_name: torch[0m
[32m[INFO] 2026-08-31 20:29:13,577 [RapidOCR] device_config.py:64: Using GPU device with ID: 0[0m
[32m[INFO] 2026-08-31 20:29:13,593 [RapidOCR] download_file.py:60: File exists and is valid: D:\Work\research\FileX\.venv-ai\Lib\site-packages\rapidocr\models\PP-OCRv6_rec_small.pth[0m
[32m[INFO] 2026-08-31 20:29:13,593 [RapidOCR] main.py:50: Using D:\Work\research\FileX\.venv-ai\Lib\site-packages\rapidocr\models\PP-OCRv6_rec_small.pth[0m
[32m[INFO] 2026-08-31 20:29:14,664 [RapidOCR] base.py:23: Using engine_name: torch[0m
[32m[INFO] 2026-08-31 20:29:14,665 [RapidOCR] device_config.py:64: Using GPU device with ID: 0[0m
[32m[INFO] 2026-08-31 20:29:14,674 [RapidOCR] download_file.py:60: File exists and is valid: D:\Work\research\FileX\.venv-ai\Lib\site-packages\rapidocr\models\PP-OCRv6_det_small.pth[0m
[32m[INFO] 2026-08-31 20:29:14,674 [RapidOCR] main.py:50: Using D:\Work\research\FileX\.venv-ai\Lib\site-packages\rapidocr\models\PP-OCRv6_det_small.pth[0m
[32m[INFO] 2026-08-31 20:29:14,924 [RapidOCR] base.py:23: Using engine_name: torch[0m
[32m[INFO] 2026-08-31 20:29:14,925 [RapidOCR] device_config.py:64: Using GPU device with ID: 0[0m
[32m[INFO] 2026-08-31 20:29:14,926 [RapidOCR] download_file.py:60: File exists and is valid: D:\Work\research\FileX\.venv-ai\Lib\site-packages\rapidocr\models\ch_ptocr_mobile_v2.0_cls_mobile.pth[0m
[32m[INFO] 2026-08-31 20:29:14,926 [RapidOCR] main.py:50: Using D:\Work\research\FileX\.venv-ai\Lib\site-packages\rapidocr\models\ch_ptocr_mobile_v2.0_cls_mobile.pth[0m
[32m[INFO] 2026-08-31 20:29:15,089 [RapidOCR] base.py:23: Using engine_name: torch[0m
[32m[INFO] 2026-08-31 20:29:15,090 [RapidOCR] device_config.py:64: Using GPU device with ID: 0[0m
[32m[INFO] 2026-08-31 20:29:15,108 [RapidOCR] download_file.py:60: File exists and is valid: D:\Work\research\FileX\.venv-ai\Lib\site-packages\rapidocr\models\PP-OCRv6_rec_small.pth[0m
[32m[INFO] 2026-08-31 20:29:15,108 [RapidOCR] main.py:50: Using D:\Work\research\FileX\.venv-ai\Lib\site-packages\rapidocr\models\PP-OCRv6_rec_small.pth[0m
{"config": "docling-def", "doc": "escaneado_d5", "ppp_nativo": 72, "ppp": 130, "factor": 1.806, "png": "ppp130__escaneado_d5.png", "png_identify": "840x1148 51.179999999999999716,51.179999999999999716 PixelsPerCentimeter", "preflight": {"vram_libre_mib": 8786, "mpx_actual": 0.964, "mpx_pendiente_ordenada": 0}, "entrada": "PDF via Docling; scale explicita", "dispositivo": "GPU CUDA", "rc": [1, 1, 1, 1, 1, 1, 1, 1, 1], "error": ["FileNotFoundError: [WinError 3] El sistema no puede encontrar la ruta especificada: '\\\\\\\\?\\\\\\\\wsl.localhost\\\\Ubuntu\\\\'", "FileNotFoundError: [WinError 3] El sistema no puede encontrar la ruta especificada: '\\\\\\\\?\\\\\\\\wsl.localhost\\\\Ubuntu\\\\'", "FileNotFoundError: [WinError 3] El sistema no puede encontrar la ruta especificada: '\\\\\\\\?\\\\\\\\wsl.localhost\\\\Ubuntu\\\\'", "FileNotFoundError: [WinError 3] El sistema no puede encontrar la ruta especificada: '\\\\\\\\?\\\\\\\\wsl.localhost\\\\Ubuntu\\\\'", "FileNotFoundError: [WinError 3] El sistema no puede encontrar la ruta especificada: '\\\\\\\\?\\\\\\\\wsl.localhost\\\\Ubuntu\\\\'", "FileNotFoundError: [WinError 3] El sistema no puede encontrar la ruta especificada: '\\\\\\\\?\\\\\\\\wsl.localhost\\\\Ubuntu\\\\'", "FileNotFoundError: [WinError 3] El sistema no puede encontrar la ruta especificada: '\\\\\\\\?\\\\\\\\wsl.localhost\\\\Ubuntu\\\\'", "FileNotFoundError: [WinError 3] El sistema no puede encontrar la ruta especificada: '\\\\\\\\?\\\\\\\\wsl.localhost\\\\Ubuntu\\\\'", "FileNotFoundError: [WinError 3] El sistema no puede encontrar la ruta especificada: '\\\\\\\\?\\\\\\\\wsl.localhost\\\\Ubuntu\\\\'"], "n": 9, "ms_mediana": 1483.6, "determinista": true, "metrica": "acentos", "cer_pct": 100.0, "cer_acentos_pct": 100.0, "cer_ciego_pct": 100.0, "dist_acentos": 596, "texto": "docling-def__ppp130__escaneado_d5.txt"}
[32m[INFO] 2026-08-31 20:29:16,192 [RapidOCR] base.py:23: Using engine_name: torch[0m
[32m[INFO] 2026-08-31 20:29:16,193 [RapidOCR] device_config.py:64: Using GPU device with ID: 0[0m
[32m[INFO] 2026-08-31 20:29:16,202 [RapidOCR] download_file.py:60: File exists and is valid: D:\Work\research\FileX\.venv-ai\Lib\site-packages\rapidocr\models\PP-OCRv6_det_small.pth[0m
[32m[INFO] 2026-08-31 20:29:16,202 [RapidOCR] main.py:50: Using D:\Work\research\FileX\.venv-ai\Lib\site-packages\rapidocr\models\PP-OCRv6_det_small.pth[0m
[32m[INFO] 2026-08-31 20:29:16,487 [RapidOCR] base.py:23: Using engine_name: torch[0m
[32m[INFO] 2026-08-31 20:29:16,487 [RapidOCR] device_config.py:64: Using GPU device with ID: 0[0m
[32m[INFO] 2026-08-31 20:29:16,489 [RapidOCR] download_file.py:60: File exists and is valid: D:\Work\research\FileX\.venv-ai\Lib\site-packages\rapidocr\models\ch_ptocr_mobile_v2.0_cls_mobile.pth[0m
[32m[INFO] 2026-08-31 20:29:16,489 [RapidOCR] main.py:50: Using D:\Work\research\FileX\.venv-ai\Lib\site-packages\rapidocr\models\ch_ptocr_mobile_v2.0_cls_mobile.pth[0m
[32m[INFO] 2026-08-31 20:29:16,680 [RapidOCR] base.py:23: Using engine_name: torch[0m
[32m[INFO] 2026-08-31 20:29:16,680 [RapidOCR] device_config.py:64: Using GPU device with ID: 0[0m
[32m[INFO] 2026-08-31 20:29:16,700 [RapidOCR] download_file.py:60: File exists and is valid: D:\Work\research\FileX\.venv-ai\Lib\site-packages\rapidocr\models\PP-OCRv6_rec_small.pth[0m
[32m[INFO] 2026-08-31 20:29:16,700 [RapidOCR] main.py:50: Using D:\Work\research\FileX\.venv-ai\Lib\site-packages\rapidocr\models\PP-OCRv6_rec_small.pth[0m
[32m[INFO] 2026-08-31 20:29:17,946 [RapidOCR] base.py:23: Using engine_name: torch[0m
[32m[INFO] 2026-08-31 20:29:17,946 [RapidOCR] device_config.py:64: Using GPU device with ID: 0[0m
[32m[INFO] 2026-08-31 20:29:17,956 [RapidOCR] download_file.py:60: File exists and is valid: D:\Work\research\FileX\.venv-ai\Lib\site-packages\rapidocr\models\PP-OCRv6_det_small.pth[0m
[32m[INFO] 2026-08-31 20:29:17,956 [RapidOCR] main.py:50: Using D:\Work\research\FileX\.venv-ai\Lib\site-packages\rapidocr\models\PP-OCRv6_det_small.pth[0m
[32m[INFO] 2026-08-31 20:29:18,250 [RapidOCR] base.py:23: Using engine_name: torch[0m
[32m[INFO] 2026-08-31 20:29:18,251 [RapidOCR] device_config.py:64: Using GPU device with ID: 0[0m
[32m[INFO] 2026-08-31 20:29:18,252 [RapidOCR] download_file.py:60: File exists and is valid: D:\Work\research\FileX\.venv-ai\Lib\site-packages\rapidocr\models\ch_ptocr_mobile_v2.0_cls_mobile.pth[0m
[32m[INFO] 2026-08-31 20:29:18,253 [RapidOCR] main.py:50: Using D:\Work\research\FileX\.venv-ai\Lib\site-packages\rapidocr\models\ch_ptocr_mobile_v2.0_cls_mobile.pth[0m
[32m[INFO] 2026-08-31 20:29:18,449 [RapidOCR] base.py:23: Using engine_name: torch[0m
[32m[INFO] 2026-08-31 20:29:18,450 [RapidOCR] device_config.py:64: Using GPU device with ID: 0[0m
[32m[INFO] 2026-08-31 20:29:18,470 [RapidOCR] download_file.py:60: File exists and is valid: D:\Work\research\FileX\.venv-ai\Lib\site-packages\rapidocr\models\PP-OCRv6_rec_small.pth[0m
[32m[INFO] 2026-08-31 20:29:18,470 [RapidOCR] main.py:50: Using D:\Work\research\FileX\.venv-ai\Lib\site-packages\rapidocr\models\PP-OCRv6_rec_small.pth[0m
[32m[INFO] 2026-08-31 20:29:19,641 [RapidOCR] base.py:23: Using engine_name: torch[0m
[32m[INFO] 2026-08-31 20:29:19,641 [RapidOCR] device_config.py:64: Using GPU device with ID: 0[0m
[32m[INFO] 2026-08-31 20:29:19,651 [RapidOCR] download_file.py:60: File exists and is valid: D:\Work\research\FileX\.venv-ai\Lib\site-packages\rapidocr\models\PP-OCRv6_det_small.pth[0m
[32m[INFO] 2026-08-31 20:29:19,651 [RapidOCR] main.py:50: Using D:\Work\research\FileX\.venv-ai\Lib\site-packages\rapidocr\models\PP-OCRv6_det_small.pth[0m
[32m[INFO] 2026-08-31 20:29:19,914 [RapidOCR] base.py:23: Using engine_name: torch[0m
[32m[INFO] 2026-08-31 20:29:19,915 [RapidOCR] device_config.py:64: Using GPU device with ID: 0[0m
[32m[INFO] 2026-08-31 20:29:19,916 [RapidOCR] download_file.py:60: File exists and is valid: D:\Work\research\FileX\.venv-ai\Lib\site-packages\rapidocr\models\ch_ptocr_mobile_v2.0_cls_mobile.pth[0m
[32m[INFO] 2026-08-31 20:29:19,916 [RapidOCR] main.py:50: Using D:\Work\research\FileX\.venv-ai\Lib\site-packages\rapidocr\models\ch_ptocr_mobile_v2.0_cls_mobile.pth[0m
[32m[INFO] 2026-08-31 20:29:20,081 [RapidOCR] base.py:23: Using engine_name: torch[0m
[32m[INFO] 2026-08-31 20:29:20,082 [RapidOCR] device_config.py:64: Using GPU device with ID: 0[0m
[32m[INFO] 2026-08-31 20:29:20,098 [RapidOCR] download_file.py:60: File exists and is valid: D:\Work\research\FileX\.venv-ai\Lib\site-packages\rapidocr\models\PP-OCRv6_rec_small.pth[0m
[32m[INFO] 2026-08-31 20:29:20,098 [RapidOCR] main.py:50: Using D:\Work\research\FileX\.venv-ai\Lib\site-packages\rapidocr\models\PP-OCRv6_rec_small.pth[0m
[32m[INFO] 2026-08-31 20:29:21,052 [RapidOCR] base.py:23: Using engine_name: torch[0m
[32m[INFO] 2026-08-31 20:29:21,052 [RapidOCR] device_config.py:64: Using GPU device with ID: 0[0m
[32m[INFO] 2026-08-31 20:29:21,062 [RapidOCR] download_file.py:60: File exists and is valid: D:\Work\research\FileX\.venv-ai\Lib\site-packages\rapidocr\models\PP-OCRv6_det_small.pth[0m
[32m[INFO] 2026-08-31 20:29:21,062 [RapidOCR] main.py:50: Using D:\Work\research\FileX\.venv-ai\Lib\site-packages\rapidocr\models\PP-OCRv6_det_small.pth[0m
[32m[INFO] 2026-08-31 20:29:21,312 [RapidOCR] base.py:23: Using engine_name: torch[0m
[32m[INFO] 2026-08-31 20:29:21,312 [RapidOCR] device_config.py:64: Using GPU device with ID: 0[0m
[32m[INFO] 2026-08-31 20:29:21,313 [RapidOCR] download_file.py:60: File exists and is valid: D:\Work\research\FileX\.venv-ai\Lib\site-packages\rapidocr\models\ch_ptocr_mobile_v2.0_cls_mobile.pth[0m
[32m[INFO] 2026-08-31 20:29:21,314 [RapidOCR] main.py:50: Using D:\Work\research\FileX\.venv-ai\Lib\site-packages\rapidocr\models\ch_ptocr_mobile_v2.0_cls_mobile.pth[0m
[32m[INFO] 2026-08-31 20:29:21,473 [RapidOCR] base.py:23: Using engine_name: torch[0m
[32m[INFO] 2026-08-31 20:29:21,473 [RapidOCR] device_config.py:64: Using GPU device with ID: 0[0m
[32m[INFO] 2026-08-31 20:29:21,490 [RapidOCR] download_file.py:60: File exists and is valid: D:\Work\research\FileX\.venv-ai\Lib\site-packages\rapidocr\models\PP-OCRv6_rec_small.pth[0m
[32m[INFO] 2026-08-31 20:29:21,490 [RapidOCR] main.py:50: Using D:\Work\research\FileX\.venv-ai\Lib\site-packages\rapidocr\models\PP-OCRv6_rec_small.pth[0m
[32m[INFO] 2026-08-31 20:29:22,696 [RapidOCR] base.py:23: Using engine_name: torch[0m
[32m[INFO] 2026-08-31 20:29:22,697 [RapidOCR] device_config.py:64: Using GPU device with ID: 0[0m
[32m[INFO] 2026-08-31 20:29:22,705 [RapidOCR] download_file.py:60: File exists and is valid: D:\Work\research\FileX\.venv-ai\Lib\site-packages\rapidocr\models\PP-OCRv6_det_small.pth[0m
[32m[INFO] 2026-08-31 20:29:22,706 [RapidOCR] main.py:50: Using D:\Work\research\FileX\.venv-ai\Lib\site-packages\rapidocr\models\PP-OCRv6_det_small.pth[0m
[32m[INFO] 2026-08-31 20:29:22,940 [RapidOCR] base.py:23: Using engine_name: torch[0m
[32m[INFO] 2026-08-31 20:29:22,941 [RapidOCR] device_config.py:64: Using GPU device with ID: 0[0m
[32m[INFO] 2026-08-31 20:29:22,942 [RapidOCR] download_file.py:60: File exists and is valid: D:\Work\research\FileX\.venv-ai\Lib\site-packages\rapidocr\models\ch_ptocr_mobile_v2.0_cls_mobile.pth[0m
[32m[INFO] 2026-08-31 20:29:22,942 [RapidOCR] main.py:50: Using D:\Work\research\FileX\.venv-ai\Lib\site-packages\rapidocr\models\ch_ptocr_mobile_v2.0_cls_mobile.pth[0m
[32m[INFO] 2026-08-31 20:29:23,097 [RapidOCR] base.py:23: Using engine_name: torch[0m
[32m[INFO] 2026-08-31 20:29:23,098 [RapidOCR] device_config.py:64: Using GPU device with ID: 0[0m
[32m[INFO] 2026-08-31 20:29:23,117 [RapidOCR] download_file.py:60: File exists and is valid: D:\Work\research\FileX\.venv-ai\Lib\site-packages\rapidocr\models\PP-OCRv6_rec_small.pth[0m
[32m[INFO] 2026-08-31 20:29:23,117 [RapidOCR] main.py:50: Using D:\Work\research\FileX\.venv-ai\Lib\site-packages\rapidocr\models\PP-OCRv6_rec_small.pth[0m
[32m[INFO] 2026-08-31 20:29:24,205 [RapidOCR] base.py:23: Using engine_name: torch[0m
[32m[INFO] 2026-08-31 20:29:24,206 [RapidOCR] device_config.py:64: Using GPU device with ID: 0[0m
[32m[INFO] 2026-08-31 20:29:24,215 [RapidOCR] download_file.py:60: File exists and is valid: D:\Work\research\FileX\.venv-ai\Lib\site-packages\rapidocr\models\PP-OCRv6_det_small.pth[0m
[32m[INFO] 2026-08-31 20:29:24,215 [RapidOCR] main.py:50: Using D:\Work\research\FileX\.venv-ai\Lib\site-packages\rapidocr\models\PP-OCRv6_det_small.pth[0m
[32m[INFO] 2026-08-31 20:29:24,417 [RapidOCR] base.py:23: Using engine_name: torch[0m
[32m[INFO] 2026-08-31 20:29:24,417 [RapidOCR] device_config.py:64: Using GPU device with ID: 0[0m
[32m[INFO] 2026-08-31 20:29:24,418 [RapidOCR] download_file.py:60: File exists and is valid: D:\Work\research\FileX\.venv-ai\Lib\site-packages\rapidocr\models\ch_ptocr_mobile_v2.0_cls_mobile.pth[0m
[32m[INFO] 2026-08-31 20:29:24,418 [RapidOCR] main.py:50: Using D:\Work\research\FileX\.venv-ai\Lib\site-packages\rapidocr\models\ch_ptocr_mobile_v2.0_cls_mobile.pth[0m
[32m[INFO] 2026-08-31 20:29:24,550 [RapidOCR] base.py:23: Using engine_name: torch[0m
[32m[INFO] 2026-08-31 20:29:24,551 [RapidOCR] device_config.py:64: Using GPU device with ID: 0[0m
[32m[INFO] 2026-08-31 20:29:24,568 [RapidOCR] download_file.py:60: File exists and is valid: D:\Work\research\FileX\.venv-ai\Lib\site-packages\rapidocr\models\PP-OCRv6_rec_small.pth[0m
[32m[INFO] 2026-08-31 20:29:24,568 [RapidOCR] main.py:50: Using D:\Work\research\FileX\.venv-ai\Lib\site-packages\rapidocr\models\PP-OCRv6_rec_small.pth[0m
[32m[INFO] 2026-08-31 20:29:25,562 [RapidOCR] base.py:23: Using engine_name: torch[0m
[32m[INFO] 2026-08-31 20:29:25,563 [RapidOCR] device_config.py:64: Using GPU device with ID: 0[0m
[32m[INFO] 2026-08-31 20:29:25,571 [RapidOCR] download_file.py:60: File exists and is valid: D:\Work\research\FileX\.venv-ai\Lib\site-packages\rapidocr\models\PP-OCRv6_det_small.pth[0m
[32m[INFO] 2026-08-31 20:29:25,571 [RapidOCR] main.py:50: Using D:\Work\research\FileX\.venv-ai\Lib\site-packages\rapidocr\models\PP-OCRv6_det_small.pth[0m
[32m[INFO] 2026-08-31 20:29:25,831 [RapidOCR] base.py:23: Using engine_name: torch[0m
[32m[INFO] 2026-08-31 20:29:25,832 [RapidOCR] device_config.py:64: Using GPU device with ID: 0[0m
[32m[INFO] 2026-08-31 20:29:25,833 [RapidOCR] download_file.py:60: File exists and is valid: D:\Work\research\FileX\.venv-ai\Lib\site-packages\rapidocr\models\ch_ptocr_mobile_v2.0_cls_mobile.pth[0m
[32m[INFO] 2026-08-31 20:29:25,833 [RapidOCR] main.py:50: Using D:\Work\research\FileX\.venv-ai\Lib\site-packages\rapidocr\models\ch_ptocr_mobile_v2.0_cls_mobile.pth[0m
[32m[INFO] 2026-08-31 20:29:25,976 [RapidOCR] base.py:23: Using engine_name: torch[0m
[32m[INFO] 2026-08-31 20:29:25,977 [RapidOCR] device_config.py:64: Using GPU device with ID: 0[0m
[32m[INFO] 2026-08-31 20:29:25,994 [RapidOCR] download_file.py:60: File exists and is valid: D:\Work\research\FileX\.venv-ai\Lib\site-packages\rapidocr\models\PP-OCRv6_rec_small.pth[0m
[32m[INFO] 2026-08-31 20:29:25,994 [RapidOCR] main.py:50: Using D:\Work\research\FileX\.venv-ai\Lib\site-packages\rapidocr\models\PP-OCRv6_rec_small.pth[0m
[32m[INFO] 2026-08-31 20:29:27,061 [RapidOCR] base.py:23: Using engine_name: torch[0m
[32m[INFO] 2026-08-31 20:29:27,061 [RapidOCR] device_config.py:64: Using GPU device with ID: 0[0m
[32m[INFO] 2026-08-31 20:29:27,070 [RapidOCR] download_file.py:60: File exists and is valid: D:\Work\research\FileX\.venv-ai\Lib\site-packages\rapidocr\models\PP-OCRv6_det_small.pth[0m
[32m[INFO] 2026-08-31 20:29:27,070 [RapidOCR] main.py:50: Using D:\Work\research\FileX\.venv-ai\Lib\site-packages\rapidocr\models\PP-OCRv6_det_small.pth[0m
[32m[INFO] 2026-08-31 20:29:27,499 [RapidOCR] base.py:23: Using engine_name: torch[0m
[32m[INFO] 2026-08-31 20:29:27,499 [RapidOCR] device_config.py:64: Using GPU device with ID: 0[0m
[32m[INFO] 2026-08-31 20:29:27,501 [RapidOCR] download_file.py:60: File exists and is valid: D:\Work\research\FileX\.venv-ai\Lib\site-packages\rapidocr\models\ch_ptocr_mobile_v2.0_cls_mobile.pth[0m
[32m[INFO] 2026-08-31 20:29:27,501 [RapidOCR] main.py:50: Using D:\Work\research\FileX\.venv-ai\Lib\site-packages\rapidocr\models\ch_ptocr_mobile_v2.0_cls_mobile.pth[0m
[32m[INFO] 2026-08-31 20:29:27,655 [RapidOCR] base.py:23: Using engine_name: torch[0m
[32m[INFO] 2026-08-31 20:29:27,655 [RapidOCR] device_config.py:64: Using GPU device with ID: 0[0m
[32m[INFO] 2026-08-31 20:29:27,671 [RapidOCR] download_file.py:60: File exists and is valid: D:\Work\research\FileX\.venv-ai\Lib\site-packages\rapidocr\models\PP-OCRv6_rec_small.pth[0m
[32m[INFO] 2026-08-31 20:29:27,672 [RapidOCR] main.py:50: Using D:\Work\research\FileX\.venv-ai\Lib\site-packages\rapidocr\models\PP-OCRv6_rec_small.pth[0m
[32m[INFO] 2026-08-31 20:29:28,666 [RapidOCR] base.py:23: Using engine_name: torch[0m
[32m[INFO] 2026-08-31 20:29:28,667 [RapidOCR] device_config.py:64: Using GPU device with ID: 0[0m
[32m[INFO] 2026-08-31 20:29:28,675 [RapidOCR] download_file.py:60: File exists and is valid: D:\Work\research\FileX\.venv-ai\Lib\site-packages\rapidocr\models\PP-OCRv6_det_small.pth[0m
[32m[INFO] 2026-08-31 20:29:28,675 [RapidOCR] main.py:50: Using D:\Work\research\FileX\.venv-ai\Lib\site-packages\rapidocr\models\PP-OCRv6_det_small.pth[0m
[32m[INFO] 2026-08-31 20:29:28,897 [RapidOCR] base.py:23: Using engine_name: torch[0m
[32m[INFO] 2026-08-31 20:29:28,897 [RapidOCR] device_config.py:64: Using GPU device with ID: 0[0m
[32m[INFO] 2026-08-31 20:29:28,899 [RapidOCR] download_file.py:60: File exists and is valid: D:\Work\research\FileX\.venv-ai\Lib\site-packages\rapidocr\models\ch_ptocr_mobile_v2.0_cls_mobile.pth[0m
[32m[INFO] 2026-08-31 20:29:28,899 [RapidOCR] main.py:50: Using D:\Work\research\FileX\.venv-ai\Lib\site-packages\rapidocr\models\ch_ptocr_mobile_v2.0_cls_mobile.pth[0m
[32m[INFO] 2026-08-31 20:29:29,054 [RapidOCR] base.py:23: Using engine_name: torch[0m
[32m[INFO] 2026-08-31 20:29:29,055 [RapidOCR] device_config.py:64: Using GPU device with ID: 0[0m
[32m[INFO] 2026-08-31 20:29:29,074 [RapidOCR] download_file.py:60: File exists and is valid: D:\Work\research\FileX\.venv-ai\Lib\site-packages\rapidocr\models\PP-OCRv6_rec_small.pth[0m
[32m[INFO] 2026-08-31 20:29:29,074 [RapidOCR] main.py:50: Using D:\Work\research\FileX\.venv-ai\Lib\site-packages\rapidocr\models\PP-OCRv6_rec_small.pth[0m
[32m[INFO] 2026-08-31 20:29:30,110 [RapidOCR] base.py:23: Using engine_name: torch[0m
[32m[INFO] 2026-08-31 20:29:30,110 [RapidOCR] device_config.py:64: Using GPU device with ID: 0[0m
[32m[INFO] 2026-08-31 20:29:30,119 [RapidOCR] download_file.py:60: File exists and is valid: D:\Work\research\FileX\.venv-ai\Lib\site-packages\rapidocr\models\PP-OCRv6_det_small.pth[0m
[32m[INFO] 2026-08-31 20:29:30,119 [RapidOCR] main.py:50: Using D:\Work\research\FileX\.venv-ai\Lib\site-packages\rapidocr\models\PP-OCRv6_det_small.pth[0m
[32m[INFO] 2026-08-31 20:29:30,371 [RapidOCR] base.py:23: Using engine_name: torch[0m
[32m[INFO] 2026-08-31 20:29:30,372 [RapidOCR] device_config.py:64: Using GPU device with ID: 0[0m
[32m[INFO] 2026-08-31 20:29:30,373 [RapidOCR] download_file.py:60: File exists and is valid: D:\Work\research\FileX\.venv-ai\Lib\site-packages\rapidocr\models\ch_ptocr_mobile_v2.0_cls_mobile.pth[0m
[32m[INFO] 2026-08-31 20:29:30,373 [RapidOCR] main.py:50: Using D:\Work\research\FileX\.venv-ai\Lib\site-packages\rapidocr\models\ch_ptocr_mobile_v2.0_cls_mobile.pth[0m
[32m[INFO] 2026-08-31 20:29:30,537 [RapidOCR] base.py:23: Using engine_name: torch[0m
[32m[INFO] 2026-08-31 20:29:30,538 [RapidOCR] device_config.py:64: Using GPU device with ID: 0[0m
[32m[INFO] 2026-08-31 20:29:30,555 [RapidOCR] download_file.py:60: File exists and is valid: D:\Work\research\FileX\.venv-ai\Lib\site-packages\rapidocr\models\PP-OCRv6_rec_small.pth[0m
[32m[INFO] 2026-08-31 20:29:30,555 [RapidOCR] main.py:50: Using D:\Work\research\FileX\.venv-ai\Lib\site-packages\rapidocr\models\PP-OCRv6_rec_small.pth[0m
{"config": "docling-def", "doc": "escaneado_d5", "ppp_nativo": 72, "ppp": 135, "factor": 1.875, "png": "ppp135__escaneado_d5.png", "png_identify": "872x1193 53.140000000000000568,53.149999999999998579 PixelsPerCentimeter", "preflight": {"vram_libre_mib": 8801, "mpx_actual": 1.04, "mpx_pendiente_ordenada": 0}, "entrada": "PDF via Docling; scale explicita", "dispositivo": "GPU CUDA", "rc": [1, 1, 1, 1, 1, 1, 1, 1, 1], "error": ["FileNotFoundError: [WinError 3] El sistema no puede encontrar la ruta especificada: '\\\\\\\\?\\\\\\\\wsl.localhost\\\\Ubuntu\\\\'", "FileNotFoundError: [WinError 3] El sistema no puede encontrar la ruta especificada: '\\\\\\\\?\\\\\\\\wsl.localhost\\\\Ubuntu\\\\'", "FileNotFoundError: [WinError 3] El sistema no puede encontrar la ruta especificada: '\\\\\\\\?\\\\\\\\wsl.localhost\\\\Ubuntu\\\\'", "FileNotFoundError: [WinError 3] El sistema no puede encontrar la ruta especificada: '\\\\\\\\?\\\\\\\\wsl.localhost\\\\Ubuntu\\\\'", "FileNotFoundError: [WinError 3] El sistema no puede encontrar la ruta especificada: '\\\\\\\\?\\\\\\\\wsl.localhost\\\\Ubuntu\\\\'", "FileNotFoundError: [WinError 3] El sistema no puede encontrar la ruta especificada: '\\\\\\\\?\\\\\\\\wsl.localhost\\\\Ubuntu\\\\'", "FileNotFoundError: [WinError 3] El sistema no puede encontrar la ruta especificada: '\\\\\\\\?\\\\\\\\wsl.localhost\\\\Ubuntu\\\\'", "FileNotFoundError: [WinError 3] El sistema no puede encontrar la ruta especificada: '\\\\\\\\?\\\\\\\\wsl.localhost\\\\Ubuntu\\\\'", "FileNotFoundError: [WinError 3] El sistema no puede encontrar la ruta especificada: '\\\\\\\\?\\\\\\\\wsl.localhost\\\\Ubuntu\\\\'"], "n": 9, "ms_mediana": 1473.5, "determinista": true, "metrica": "acentos", "cer_pct": 100.0, "cer_acentos_pct": 100.0, "cer_ciego_pct": 100.0, "dist_acentos": 596, "texto": "docling-def__ppp135__escaneado_d5.txt"}
[32m[INFO] 2026-08-31 20:29:31,623 [RapidOCR] base.py:23: Using engine_name: torch[0m
[32m[INFO] 2026-08-31 20:29:31,623 [RapidOCR] device_config.py:64: Using GPU device with ID: 0[0m
[32m[INFO] 2026-08-31 20:29:31,631 [RapidOCR] download_file.py:60: File exists and is valid: D:\Work\research\FileX\.venv-ai\Lib\site-packages\rapidocr\models\PP-OCRv6_det_small.pth[0m
[32m[INFO] 2026-08-31 20:29:31,631 [RapidOCR] main.py:50: Using D:\Work\research\FileX\.venv-ai\Lib\site-packages\rapidocr\models\PP-OCRv6_det_small.pth[0m
[32m[INFO] 2026-08-31 20:29:32,041 [RapidOCR] base.py:23: Using engine_name: torch[0m
[32m[INFO] 2026-08-31 20:29:32,042 [RapidOCR] device_config.py:64: Using GPU device with ID: 0[0m
[32m[INFO] 2026-08-31 20:29:32,043 [RapidOCR] download_file.py:60: File exists and is valid: D:\Work\research\FileX\.venv-ai\Lib\site-packages\rapidocr\models\ch_ptocr_mobile_v2.0_cls_mobile.pth[0m
[32m[INFO] 2026-08-31 20:29:32,043 [RapidOCR] main.py:50: Using D:\Work\research\FileX\.venv-ai\Lib\site-packages\rapidocr\models\ch_ptocr_mobile_v2.0_cls_mobile.pth[0m
[32m[INFO] 2026-08-31 20:29:32,203 [RapidOCR] base.py:23: Using engine_name: torch[0m
[32m[INFO] 2026-08-31 20:29:32,204 [RapidOCR] device_config.py:64: Using GPU device with ID: 0[0m
[32m[INFO] 2026-08-31 20:29:32,223 [RapidOCR] download_file.py:60: File exists and is valid: D:\Work\research\FileX\.venv-ai\Lib\site-packages\rapidocr\models\PP-OCRv6_rec_small.pth[0m
[32m[INFO] 2026-08-31 20:29:32,223 [RapidOCR] main.py:50: Using D:\Work\research\FileX\.venv-ai\Lib\site-packages\rapidocr\models\PP-OCRv6_rec_small.pth[0m
[32m[INFO] 2026-08-31 20:29:33,249 [RapidOCR] base.py:23: Using engine_name: torch[0m
[32m[INFO] 2026-08-31 20:29:33,250 [RapidOCR] device_config.py:64: Using GPU device with ID: 0[0m
[32m[INFO] 2026-08-31 20:29:33,258 [RapidOCR] download_file.py:60: File exists and is valid: D:\Work\research\FileX\.venv-ai\Lib\site-packages\rapidocr\models\PP-OCRv6_det_small.pth[0m
[32m[INFO] 2026-08-31 20:29:33,258 [RapidOCR] main.py:50: Using D:\Work\research\FileX\.venv-ai\Lib\site-packages\rapidocr\models\PP-OCRv6_det_small.pth[0m
[32m[INFO] 2026-08-31 20:29:33,483 [RapidOCR] base.py:23: Using engine_name: torch[0m
[32m[INFO] 2026-08-31 20:29:33,483 [RapidOCR] device_config.py:64: Using GPU device with ID: 0[0m
[32m[INFO] 2026-08-31 20:29:33,484 [RapidOCR] download_file.py:60: File exists and is valid: D:\Work\research\FileX\.venv-ai\Lib\site-packages\rapidocr\models\ch_ptocr_mobile_v2.0_cls_mobile.pth[0m
[32m[INFO] 2026-08-31 20:29:33,485 [RapidOCR] main.py:50: Using D:\Work\research\FileX\.venv-ai\Lib\site-packages\rapidocr\models\ch_ptocr_mobile_v2.0_cls_mobile.pth[0m
[32m[INFO] 2026-08-31 20:29:33,634 [RapidOCR] base.py:23: Using engine_name: torch[0m
[32m[INFO] 2026-08-31 20:29:33,634 [RapidOCR] device_config.py:64: Using GPU device with ID: 0[0m
[32m[INFO] 2026-08-31 20:29:33,651 [RapidOCR] download_file.py:60: File exists and is valid: D:\Work\research\FileX\.venv-ai\Lib\site-packages\rapidocr\models\PP-OCRv6_rec_small.pth[0m
[32m[INFO] 2026-08-31 20:29:33,651 [RapidOCR] main.py:50: Using D:\Work\research\FileX\.venv-ai\Lib\site-packages\rapidocr\models\PP-OCRv6_rec_small.pth[0m
[32m[INFO] 2026-08-31 20:29:34,732 [RapidOCR] base.py:23: Using engine_name: torch[0m
[32m[INFO] 2026-08-31 20:29:34,732 [RapidOCR] device_config.py:64: Using GPU device with ID: 0[0m
[32m[INFO] 2026-08-31 20:29:34,742 [RapidOCR] download_file.py:60: File exists and is valid: D:\Work\research\FileX\.venv-ai\Lib\site-packages\rapidocr\models\PP-OCRv6_det_small.pth[0m
[32m[INFO] 2026-08-31 20:29:34,742 [RapidOCR] main.py:50: Using D:\Work\research\FileX\.venv-ai\Lib\site-packages\rapidocr\models\PP-OCRv6_det_small.pth[0m
[32m[INFO] 2026-08-31 20:29:35,004 [RapidOCR] base.py:23: Using engine_name: torch[0m
[32m[INFO] 2026-08-31 20:29:35,004 [RapidOCR] device_config.py:64: Using GPU device with ID: 0[0m
[32m[INFO] 2026-08-31 20:29:35,006 [RapidOCR] download_file.py:60: File exists and is valid: D:\Work\research\FileX\.venv-ai\Lib\site-packages\rapidocr\models\ch_ptocr_mobile_v2.0_cls_mobile.pth[0m
[32m[INFO] 2026-08-31 20:29:35,006 [RapidOCR] main.py:50: Using D:\Work\research\FileX\.venv-ai\Lib\site-packages\rapidocr\models\ch_ptocr_mobile_v2.0_cls_mobile.pth[0m
[32m[INFO] 2026-08-31 20:29:35,172 [RapidOCR] base.py:23: Using engine_name: torch[0m
[32m[INFO] 2026-08-31 20:29:35,172 [RapidOCR] device_config.py:64: Using GPU device with ID: 0[0m
[32m[INFO] 2026-08-31 20:29:35,190 [RapidOCR] download_file.py:60: File exists and is valid: D:\Work\research\FileX\.venv-ai\Lib\site-packages\rapidocr\models\PP-OCRv6_rec_small.pth[0m
[32m[INFO] 2026-08-31 20:29:35,190 [RapidOCR] main.py:50: Using D:\Work\research\FileX\.venv-ai\Lib\site-packages\rapidocr\models\PP-OCRv6_rec_small.pth[0m
[32m[INFO] 2026-08-31 20:29:36,265 [RapidOCR] base.py:23: Using engine_name: torch[0m
[32m[INFO] 2026-08-31 20:29:36,265 [RapidOCR] device_config.py:64: Using GPU device with ID: 0[0m
[32m[INFO] 2026-08-31 20:29:36,275 [RapidOCR] download_file.py:60: File exists and is valid: D:\Work\research\FileX\.venv-ai\Lib\site-packages\rapidocr\models\PP-OCRv6_det_small.pth[0m
[32m[INFO] 2026-08-31 20:29:36,275 [RapidOCR] main.py:50: Using D:\Work\research\FileX\.venv-ai\Lib\site-packages\rapidocr\models\PP-OCRv6_det_small.pth[0m
[32m[INFO] 2026-08-31 20:29:36,521 [RapidOCR] base.py:23: Using engine_name: torch[0m
[32m[INFO] 2026-08-31 20:29:36,522 [RapidOCR] device_config.py:64: Using GPU device with ID: 0[0m
[32m[INFO] 2026-08-31 20:29:36,524 [RapidOCR] download_file.py:60: File exists and is valid: D:\Work\research\FileX\.venv-ai\Lib\site-packages\rapidocr\models\ch_ptocr_mobile_v2.0_cls_mobile.pth[0m
[32m[INFO] 2026-08-31 20:29:36,524 [RapidOCR] main.py:50: Using D:\Work\research\FileX\.venv-ai\Lib\site-packages\rapidocr\models\ch_ptocr_mobile_v2.0_cls_mobile.pth[0m
[32m[INFO] 2026-08-31 20:29:36,825 [RapidOCR] base.py:23: Using engine_name: torch[0m
[32m[INFO] 2026-08-31 20:29:36,825 [RapidOCR] device_config.py:64: Using GPU device with ID: 0[0m
[32m[INFO] 2026-08-31 20:29:36,843 [RapidOCR] download_file.py:60: File exists and is valid: D:\Work\research\FileX\.venv-ai\Lib\site-packages\rapidocr\models\PP-OCRv6_rec_small.pth[0m
[32m[INFO] 2026-08-31 20:29:36,843 [RapidOCR] main.py:50: Using D:\Work\research\FileX\.venv-ai\Lib\site-packages\rapidocr\models\PP-OCRv6_rec_small.pth[0m
[32m[INFO] 2026-08-31 20:29:37,872 [RapidOCR] base.py:23: Using engine_name: torch[0m
[32m[INFO] 2026-08-31 20:29:37,872 [RapidOCR] device_config.py:64: Using GPU device with ID: 0[0m
[32m[INFO] 2026-08-31 20:29:37,881 [RapidOCR] download_file.py:60: File exists and is valid: D:\Work\research\FileX\.venv-ai\Lib\site-packages\rapidocr\models\PP-OCRv6_det_small.pth[0m
[32m[INFO] 2026-08-31 20:29:37,881 [RapidOCR] main.py:50: Using D:\Work\research\FileX\.venv-ai\Lib\site-packages\rapidocr\models\PP-OCRv6_det_small.pth[0m
[32m[INFO] 2026-08-31 20:29:38,103 [RapidOCR] base.py:23: Using engine_name: torch[0m
[32m[INFO] 2026-08-31 20:29:38,104 [RapidOCR] device_config.py:64: Using GPU device with ID: 0[0m
[32m[INFO] 2026-08-31 20:29:38,105 [RapidOCR] download_file.py:60: File exists and is valid: D:\Work\research\FileX\.venv-ai\Lib\site-packages\rapidocr\models\ch_ptocr_mobile_v2.0_cls_mobile.pth[0m
[32m[INFO] 2026-08-31 20:29:38,106 [RapidOCR] main.py:50: Using D:\Work\research\FileX\.venv-ai\Lib\site-packages\rapidocr\models\ch_ptocr_mobile_v2.0_cls_mobile.pth[0m
[32m[INFO] 2026-08-31 20:29:38,252 [RapidOCR] base.py:23: Using engine_name: torch[0m
[32m[INFO] 2026-08-31 20:29:38,252 [RapidOCR] device_config.py:64: Using GPU device with ID: 0[0m
[32m[INFO] 2026-08-31 20:29:38,271 [RapidOCR] download_file.py:60: File exists and is valid: D:\Work\research\FileX\.venv-ai\Lib\site-packages\rapidocr\models\PP-OCRv6_rec_small.pth[0m
[32m[INFO] 2026-08-31 20:29:38,271 [RapidOCR] main.py:50: Using D:\Work\research\FileX\.venv-ai\Lib\site-packages\rapidocr\models\PP-OCRv6_rec_small.pth[0m
[32m[INFO] 2026-08-31 20:29:39,327 [RapidOCR] base.py:23: Using engine_name: torch[0m
[32m[INFO] 2026-08-31 20:29:39,328 [RapidOCR] device_config.py:64: Using GPU device with ID: 0[0m
[32m[INFO] 2026-08-31 20:29:39,336 [RapidOCR] download_file.py:60: File exists and is valid: D:\Work\research\FileX\.venv-ai\Lib\site-packages\rapidocr\models\PP-OCRv6_det_small.pth[0m
[32m[INFO] 2026-08-31 20:29:39,337 [RapidOCR] main.py:50: Using D:\Work\research\FileX\.venv-ai\Lib\site-packages\rapidocr\models\PP-OCRv6_det_small.pth[0m
[32m[INFO] 2026-08-31 20:29:39,567 [RapidOCR] base.py:23: Using engine_name: torch[0m
[32m[INFO] 2026-08-31 20:29:39,568 [RapidOCR] device_config.py:64: Using GPU device with ID: 0[0m
[32m[INFO] 2026-08-31 20:29:39,569 [RapidOCR] download_file.py:60: File exists and is valid: D:\Work\research\FileX\.venv-ai\Lib\site-packages\rapidocr\models\ch_ptocr_mobile_v2.0_cls_mobile.pth[0m
[32m[INFO] 2026-08-31 20:29:39,569 [RapidOCR] main.py:50: Using D:\Work\research\FileX\.venv-ai\Lib\site-packages\rapidocr\models\ch_ptocr_mobile_v2.0_cls_mobile.pth[0m
[32m[INFO] 2026-08-31 20:29:39,732 [RapidOCR] base.py:23: Using engine_name: torch[0m
[32m[INFO] 2026-08-31 20:29:39,732 [RapidOCR] device_config.py:64: Using GPU device with ID: 0[0m
[32m[INFO] 2026-08-31 20:29:39,749 [RapidOCR] download_file.py:60: File exists and is valid: D:\Work\research\FileX\.venv-ai\Lib\site-packages\rapidocr\models\PP-OCRv6_rec_small.pth[0m
[32m[INFO] 2026-08-31 20:29:39,751 [RapidOCR] main.py:50: Using D:\Work\research\FileX\.venv-ai\Lib\site-packages\rapidocr\models\PP-OCRv6_rec_small.pth[0m
[32m[INFO] 2026-08-31 20:29:40,781 [RapidOCR] base.py:23: Using engine_name: torch[0m
[32m[INFO] 2026-08-31 20:29:40,782 [RapidOCR] device_config.py:64: Using GPU device with ID: 0[0m
[32m[INFO] 2026-08-31 20:29:40,791 [RapidOCR] download_file.py:60: File exists and is valid: D:\Work\research\FileX\.venv-ai\Lib\site-packages\rapidocr\models\PP-OCRv6_det_small.pth[0m
[32m[INFO] 2026-08-31 20:29:40,791 [RapidOCR] main.py:50: Using D:\Work\research\FileX\.venv-ai\Lib\site-packages\rapidocr\models\PP-OCRv6_det_small.pth[0m
[32m[INFO] 2026-08-31 20:29:41,029 [RapidOCR] base.py:23: Using engine_name: torch[0m
[32m[INFO] 2026-08-31 20:29:41,030 [RapidOCR] device_config.py:64: Using GPU device with ID: 0[0m
[32m[INFO] 2026-08-31 20:29:41,031 [RapidOCR] download_file.py:60: File exists and is valid: D:\Work\research\FileX\.venv-ai\Lib\site-packages\rapidocr\models\ch_ptocr_mobile_v2.0_cls_mobile.pth[0m
[32m[INFO] 2026-08-31 20:29:41,031 [RapidOCR] main.py:50: Using D:\Work\research\FileX\.venv-ai\Lib\site-packages\rapidocr\models\ch_ptocr_mobile_v2.0_cls_mobile.pth[0m
[32m[INFO] 2026-08-31 20:29:41,194 [RapidOCR] base.py:23: Using engine_name: torch[0m
[32m[INFO] 2026-08-31 20:29:41,195 [RapidOCR] device_config.py:64: Using GPU device with ID: 0[0m
[32m[INFO] 2026-08-31 20:29:41,215 [RapidOCR] download_file.py:60: File exists and is valid: D:\Work\research\FileX\.venv-ai\Lib\site-packages\rapidocr\models\PP-OCRv6_rec_small.pth[0m
[32m[INFO] 2026-08-31 20:29:41,215 [RapidOCR] main.py:50: Using D:\Work\research\FileX\.venv-ai\Lib\site-packages\rapidocr\models\PP-OCRv6_rec_small.pth[0m
[32m[INFO] 2026-08-31 20:29:42,420 [RapidOCR] base.py:23: Using engine_name: torch[0m
[32m[INFO] 2026-08-31 20:29:42,421 [RapidOCR] device_config.py:64: Using GPU device with ID: 0[0m
[32m[INFO] 2026-08-31 20:29:42,429 [RapidOCR] download_file.py:60: File exists and is valid: D:\Work\research\FileX\.venv-ai\Lib\site-packages\rapidocr\models\PP-OCRv6_det_small.pth[0m
[32m[INFO] 2026-08-31 20:29:42,429 [RapidOCR] main.py:50: Using D:\Work\research\FileX\.venv-ai\Lib\site-packages\rapidocr\models\PP-OCRv6_det_small.pth[0m
[32m[INFO] 2026-08-31 20:29:42,633 [RapidOCR] base.py:23: Using engine_name: torch[0m
[32m[INFO] 2026-08-31 20:29:42,634 [RapidOCR] device_config.py:64: Using GPU device with ID: 0[0m
[32m[INFO] 2026-08-31 20:29:42,635 [RapidOCR] download_file.py:60: File exists and is valid: D:\Work\research\FileX\.venv-ai\Lib\site-packages\rapidocr\models\ch_ptocr_mobile_v2.0_cls_mobile.pth[0m
[32m[INFO] 2026-08-31 20:29:42,635 [RapidOCR] main.py:50: Using D:\Work\research\FileX\.venv-ai\Lib\site-packages\rapidocr\models\ch_ptocr_mobile_v2.0_cls_mobile.pth[0m
[32m[INFO] 2026-08-31 20:29:42,761 [RapidOCR] base.py:23: Using engine_name: torch[0m
[32m[INFO] 2026-08-31 20:29:42,762 [RapidOCR] device_config.py:64: Using GPU device with ID: 0[0m
[32m[INFO] 2026-08-31 20:29:42,778 [RapidOCR] download_file.py:60: File exists and is valid: D:\Work\research\FileX\.venv-ai\Lib\site-packages\rapidocr\models\PP-OCRv6_rec_small.pth[0m
[32m[INFO] 2026-08-31 20:29:42,778 [RapidOCR] main.py:50: Using D:\Work\research\FileX\.venv-ai\Lib\site-packages\rapidocr\models\PP-OCRv6_rec_small.pth[0m
[32m[INFO] 2026-08-31 20:29:43,775 [RapidOCR] base.py:23: Using engine_name: torch[0m
[32m[INFO] 2026-08-31 20:29:43,776 [RapidOCR] device_config.py:64: Using GPU device with ID: 0[0m
[32m[INFO] 2026-08-31 20:29:43,785 [RapidOCR] download_file.py:60: File exists and is valid: D:\Work\research\FileX\.venv-ai\Lib\site-packages\rapidocr\models\PP-OCRv6_det_small.pth[0m
[32m[INFO] 2026-08-31 20:29:43,785 [RapidOCR] main.py:50: Using D:\Work\research\FileX\.venv-ai\Lib\site-packages\rapidocr\models\PP-OCRv6_det_small.pth[0m
[32m[INFO] 2026-08-31 20:29:44,039 [RapidOCR] base.py:23: Using engine_name: torch[0m
[32m[INFO] 2026-08-31 20:29:44,040 [RapidOCR] device_config.py:64: Using GPU device with ID: 0[0m
[32m[INFO] 2026-08-31 20:29:44,042 [RapidOCR] download_file.py:60: File exists and is valid: D:\Work\research\FileX\.venv-ai\Lib\site-packages\rapidocr\models\ch_ptocr_mobile_v2.0_cls_mobile.pth[0m
[32m[INFO] 2026-08-31 20:29:44,042 [RapidOCR] main.py:50: Using D:\Work\research\FileX\.venv-ai\Lib\site-packages\rapidocr\models\ch_ptocr_mobile_v2.0_cls_mobile.pth[0m
[32m[INFO] 2026-08-31 20:29:44,214 [RapidOCR] base.py:23: Using engine_name: torch[0m
[32m[INFO] 2026-08-31 20:29:44,215 [RapidOCR] device_config.py:64: Using GPU device with ID: 0[0m
[32m[INFO] 2026-08-31 20:29:44,233 [RapidOCR] download_file.py:60: File exists and is valid: D:\Work\research\FileX\.venv-ai\Lib\site-packages\rapidocr\models\PP-OCRv6_rec_small.pth[0m
[32m[INFO] 2026-08-31 20:29:44,233 [RapidOCR] main.py:50: Using D:\Work\research\FileX\.venv-ai\Lib\site-packages\rapidocr\models\PP-OCRv6_rec_small.pth[0m
[32m[INFO] 2026-08-31 20:29:45,292 [RapidOCR] base.py:23: Using engine_name: torch[0m
[32m[INFO] 2026-08-31 20:29:45,292 [RapidOCR] device_config.py:64: Using GPU device with ID: 0[0m
[32m[INFO] 2026-08-31 20:29:45,301 [RapidOCR] download_file.py:60: File exists and is valid: D:\Work\research\FileX\.venv-ai\Lib\site-packages\rapidocr\models\PP-OCRv6_det_small.pth[0m
[32m[INFO] 2026-08-31 20:29:45,301 [RapidOCR] main.py:50: Using D:\Work\research\FileX\.venv-ai\Lib\site-packages\rapidocr\models\PP-OCRv6_det_small.pth[0m
[32m[INFO] 2026-08-31 20:29:45,547 [RapidOCR] base.py:23: Using engine_name: torch[0m
[32m[INFO] 2026-08-31 20:29:45,548 [RapidOCR] device_config.py:64: Using GPU device with ID: 0[0m
[32m[INFO] 2026-08-31 20:29:45,549 [RapidOCR] download_file.py:60: File exists and is valid: D:\Work\research\FileX\.venv-ai\Lib\site-packages\rapidocr\models\ch_ptocr_mobile_v2.0_cls_mobile.pth[0m
[32m[INFO] 2026-08-31 20:29:45,549 [RapidOCR] main.py:50: Using D:\Work\research\FileX\.venv-ai\Lib\site-packages\rapidocr\models\ch_ptocr_mobile_v2.0_cls_mobile.pth[0m
[32m[INFO] 2026-08-31 20:29:45,706 [RapidOCR] base.py:23: Using engine_name: torch[0m
[32m[INFO] 2026-08-31 20:29:45,706 [RapidOCR] device_config.py:64: Using GPU device with ID: 0[0m
[32m[INFO] 2026-08-31 20:29:45,725 [RapidOCR] download_file.py:60: File exists and is valid: D:\Work\research\FileX\.venv-ai\Lib\site-packages\rapidocr\models\PP-OCRv6_rec_small.pth[0m
[32m[INFO] 2026-08-31 20:29:45,725 [RapidOCR] main.py:50: Using D:\Work\research\FileX\.venv-ai\Lib\site-packages\rapidocr\models\PP-OCRv6_rec_small.pth[0m
{"config": "docling-def", "doc": "escaneado_d5", "ppp_nativo": 72, "ppp": 140, "factor": 1.944, "png": "ppp140__escaneado_d5.png", "png_identify": "904x1237 55.109999999999999432,55.119999999999997442 PixelsPerCentimeter", "preflight": {"vram_libre_mib": 8801, "mpx_actual": 1.118, "mpx_pendiente_ordenada": 0}, "entrada": "PDF via Docling; scale explicita", "dispositivo": "GPU CUDA", "rc": [1, 1, 1, 1, 1, 1, 1, 1, 1], "error": ["FileNotFoundError: [WinError 3] El sistema no puede encontrar la ruta especificada: '\\\\\\\\?\\\\\\\\wsl.localhost\\\\Ubuntu\\\\'", "FileNotFoundError: [WinError 3] El sistema no puede encontrar la ruta especificada: '\\\\\\\\?\\\\\\\\wsl.localhost\\\\Ubuntu\\\\'", "FileNotFoundError: [WinError 3] El sistema no puede encontrar la ruta especificada: '\\\\\\\\?\\\\\\\\wsl.localhost\\\\Ubuntu\\\\'", "FileNotFoundError: [WinError 3] El sistema no puede encontrar la ruta especificada: '\\\\\\\\?\\\\\\\\wsl.localhost\\\\Ubuntu\\\\'", "FileNotFoundError: [WinError 3] El sistema no puede encontrar la ruta especificada: '\\\\\\\\?\\\\\\\\wsl.localhost\\\\Ubuntu\\\\'", "FileNotFoundError: [WinError 3] El sistema no puede encontrar la ruta especificada: '\\\\\\\\?\\\\\\\\wsl.localhost\\\\Ubuntu\\\\'", "FileNotFoundError: [WinError 3] El sistema no puede encontrar la ruta especificada: '\\\\\\\\?\\\\\\\\wsl.localhost\\\\Ubuntu\\\\'", "FileNotFoundError: [WinError 3] El sistema no puede encontrar la ruta especificada: '\\\\\\\\?\\\\\\\\wsl.localhost\\\\Ubuntu\\\\'", "FileNotFoundError: [WinError 3] El sistema no puede encontrar la ruta especificada: '\\\\\\\\?\\\\\\\\wsl.localhost\\\\Ubuntu\\\\'"], "n": 9, "ms_mediana": 1511.7, "determinista": true, "metrica": "acentos", "cer_pct": 100.0, "cer_acentos_pct": 100.0, "cer_ciego_pct": 100.0, "dist_acentos": 596, "texto": "docling-def__ppp140__escaneado_d5.txt"}
[32m[INFO] 2026-08-31 20:29:47,034 [RapidOCR] base.py:23: Using engine_name: torch[0m
[32m[INFO] 2026-08-31 20:29:47,035 [RapidOCR] device_config.py:64: Using GPU device with ID: 0[0m
[32m[INFO] 2026-08-31 20:29:47,044 [RapidOCR] download_file.py:60: File exists and is valid: D:\Work\research\FileX\.venv-ai\Lib\site-packages\rapidocr\models\PP-OCRv6_det_small.pth[0m
[32m[INFO] 2026-08-31 20:29:47,044 [RapidOCR] main.py:50: Using D:\Work\research\FileX\.venv-ai\Lib\site-packages\rapidocr\models\PP-OCRv6_det_small.pth[0m
[32m[INFO] 2026-08-31 20:29:47,266 [RapidOCR] base.py:23: Using engine_name: torch[0m
[32m[INFO] 2026-08-31 20:29:47,267 [RapidOCR] device_config.py:64: Using GPU device with ID: 0[0m
[32m[INFO] 2026-08-31 20:29:47,268 [RapidOCR] download_file.py:60: File exists and is valid: D:\Work\research\FileX\.venv-ai\Lib\site-packages\rapidocr\models\ch_ptocr_mobile_v2.0_cls_mobile.pth[0m
[32m[INFO] 2026-08-31 20:29:47,268 [RapidOCR] main.py:50: Using D:\Work\research\FileX\.venv-ai\Lib\site-packages\rapidocr\models\ch_ptocr_mobile_v2.0_cls_mobile.pth[0m
[32m[INFO] 2026-08-31 20:29:47,415 [RapidOCR] base.py:23: Using engine_name: torch[0m
[32m[INFO] 2026-08-31 20:29:47,415 [RapidOCR] device_config.py:64: Using GPU device with ID: 0[0m
[32m[INFO] 2026-08-31 20:29:47,433 [RapidOCR] download_file.py:60: File exists and is valid: D:\Work\research\FileX\.venv-ai\Lib\site-packages\rapidocr\models\PP-OCRv6_rec_small.pth[0m
[32m[INFO] 2026-08-31 20:29:47,433 [RapidOCR] main.py:50: Using D:\Work\research\FileX\.venv-ai\Lib\site-packages\rapidocr\models\PP-OCRv6_rec_small.pth[0m
[32m[INFO] 2026-08-31 20:29:48,490 [RapidOCR] base.py:23: Using engine_name: torch[0m
[32m[INFO] 2026-08-31 20:29:48,490 [RapidOCR] device_config.py:64: Using GPU device with ID: 0[0m
[32m[INFO] 2026-08-31 20:29:48,500 [RapidOCR] download_file.py:60: File exists and is valid: D:\Work\research\FileX\.venv-ai\Lib\site-packages\rapidocr\models\PP-OCRv6_det_small.pth[0m
[32m[INFO] 2026-08-31 20:29:48,500 [RapidOCR] main.py:50: Using D:\Work\research\FileX\.venv-ai\Lib\site-packages\rapidocr\models\PP-OCRv6_det_small.pth[0m
[32m[INFO] 2026-08-31 20:29:48,772 [RapidOCR] base.py:23: Using engine_name: torch[0m
[32m[INFO] 2026-08-31 20:29:48,772 [RapidOCR] device_config.py:64: Using GPU device with ID: 0[0m
[32m[INFO] 2026-08-31 20:29:48,774 [RapidOCR] download_file.py:60: File exists and is valid: D:\Work\research\FileX\.venv-ai\Lib\site-packages\rapidocr\models\ch_ptocr_mobile_v2.0_cls_mobile.pth[0m
[32m[INFO] 2026-08-31 20:29:48,774 [RapidOCR] main.py:50: Using D:\Work\research\FileX\.venv-ai\Lib\site-packages\rapidocr\models\ch_ptocr_mobile_v2.0_cls_mobile.pth[0m
[32m[INFO] 2026-08-31 20:29:48,987 [RapidOCR] base.py:23: Using engine_name: torch[0m
[32m[INFO] 2026-08-31 20:29:48,988 [RapidOCR] device_config.py:64: Using GPU device with ID: 0[0m
[32m[INFO] 2026-08-31 20:29:49,007 [RapidOCR] download_file.py:60: File exists and is valid: D:\Work\research\FileX\.venv-ai\Lib\site-packages\rapidocr\models\PP-OCRv6_rec_small.pth[0m
[32m[INFO] 2026-08-31 20:29:49,008 [RapidOCR] main.py:50: Using D:\Work\research\FileX\.venv-ai\Lib\site-packages\rapidocr\models\PP-OCRv6_rec_small.pth[0m
[32m[INFO] 2026-08-31 20:29:50,147 [RapidOCR] base.py:23: Using engine_name: torch[0m
[32m[INFO] 2026-08-31 20:29:50,148 [RapidOCR] device_config.py:64: Using GPU device with ID: 0[0m
[32m[INFO] 2026-08-31 20:29:50,157 [RapidOCR] download_file.py:60: File exists and is valid: D:\Work\research\FileX\.venv-ai\Lib\site-packages\rapidocr\models\PP-OCRv6_det_small.pth[0m
[32m[INFO] 2026-08-31 20:29:50,158 [RapidOCR] main.py:50: Using D:\Work\research\FileX\.venv-ai\Lib\site-packages\rapidocr\models\PP-OCRv6_det_small.pth[0m
[32m[INFO] 2026-08-31 20:29:50,435 [RapidOCR] base.py:23: Using engine_name: torch[0m
[32m[INFO] 2026-08-31 20:29:50,436 [RapidOCR] device_config.py:64: Using GPU device with ID: 0[0m
[32m[INFO] 2026-08-31 20:29:50,437 [RapidOCR] download_file.py:60: File exists and is valid: D:\Work\research\FileX\.venv-ai\Lib\site-packages\rapidocr\models\ch_ptocr_mobile_v2.0_cls_mobile.pth[0m
[32m[INFO] 2026-08-31 20:29:50,437 [RapidOCR] main.py:50: Using D:\Work\research\FileX\.venv-ai\Lib\site-packages\rapidocr\models\ch_ptocr_mobile_v2.0_cls_mobile.pth[0m
[32m[INFO] 2026-08-31 20:29:50,596 [RapidOCR] base.py:23: Using engine_name: torch[0m
[32m[INFO] 2026-08-31 20:29:50,597 [RapidOCR] device_config.py:64: Using GPU device with ID: 0[0m
[32m[INFO] 2026-08-31 20:29:50,613 [RapidOCR] download_file.py:60: File exists and is valid: D:\Work\research\FileX\.venv-ai\Lib\site-packages\rapidocr\models\PP-OCRv6_rec_small.pth[0m
[32m[INFO] 2026-08-31 20:29:50,613 [RapidOCR] main.py:50: Using D:\Work\research\FileX\.venv-ai\Lib\site-packages\rapidocr\models\PP-OCRv6_rec_small.pth[0m
[32m[INFO] 2026-08-31 20:29:51,884 [RapidOCR] base.py:23: Using engine_name: torch[0m
[32m[INFO] 2026-08-31 20:29:51,884 [RapidOCR] device_config.py:64: Using GPU device with ID: 0[0m
[32m[INFO] 2026-08-31 20:29:51,893 [RapidOCR] download_file.py:60: File exists and is valid: D:\Work\research\FileX\.venv-ai\Lib\site-packages\rapidocr\models\PP-OCRv6_det_small.pth[0m
[32m[INFO] 2026-08-31 20:29:51,893 [RapidOCR] main.py:50: Using D:\Work\research\FileX\.venv-ai\Lib\site-packages\rapidocr\models\PP-OCRv6_det_small.pth[0m
[32m[INFO] 2026-08-31 20:29:52,134 [RapidOCR] base.py:23: Using engine_name: torch[0m
[32m[INFO] 2026-08-31 20:29:52,135 [RapidOCR] device_config.py:64: Using GPU device with ID: 0[0m
[32m[INFO] 2026-08-31 20:29:52,137 [RapidOCR] download_file.py:60: File exists and is valid: D:\Work\research\FileX\.venv-ai\Lib\site-packages\rapidocr\models\ch_ptocr_mobile_v2.0_cls_mobile.pth[0m
[32m[INFO] 2026-08-31 20:29:52,137 [RapidOCR] main.py:50: Using D:\Work\research\FileX\.venv-ai\Lib\site-packages\rapidocr\models\ch_ptocr_mobile_v2.0_cls_mobile.pth[0m
[32m[INFO] 2026-08-31 20:29:52,297 [RapidOCR] base.py:23: Using engine_name: torch[0m
[32m[INFO] 2026-08-31 20:29:52,297 [RapidOCR] device_config.py:64: Using GPU device with ID: 0[0m
[32m[INFO] 2026-08-31 20:29:52,316 [RapidOCR] download_file.py:60: File exists and is valid: D:\Work\research\FileX\.venv-ai\Lib\site-packages\rapidocr\models\PP-OCRv6_rec_small.pth[0m
[32m[INFO] 2026-08-31 20:29:52,316 [RapidOCR] main.py:50: Using D:\Work\research\FileX\.venv-ai\Lib\site-packages\rapidocr\models\PP-OCRv6_rec_small.pth[0m
[32m[INFO] 2026-08-31 20:29:53,463 [RapidOCR] base.py:23: Using engine_name: torch[0m
[32m[INFO] 2026-08-31 20:29:53,463 [RapidOCR] device_config.py:64: Using GPU device with ID: 0[0m
[32m[INFO] 2026-08-31 20:29:53,474 [RapidOCR] download_file.py:60: File exists and is valid: D:\Work\research\FileX\.venv-ai\Lib\site-packages\rapidocr\models\PP-OCRv6_det_small.pth[0m
[32m[INFO] 2026-08-31 20:29:53,474 [RapidOCR] main.py:50: Using D:\Work\research\FileX\.venv-ai\Lib\site-packages\rapidocr\models\PP-OCRv6_det_small.pth[0m
[32m[INFO] 2026-08-31 20:29:53,763 [RapidOCR] base.py:23: Using engine_name: torch[0m
[32m[INFO] 2026-08-31 20:29:53,764 [RapidOCR] device_config.py:64: Using GPU device with ID: 0[0m
[32m[INFO] 2026-08-31 20:29:53,766 [RapidOCR] download_file.py:60: File exists and is valid: D:\Work\research\FileX\.venv-ai\Lib\site-packages\rapidocr\models\ch_ptocr_mobile_v2.0_cls_mobile.pth[0m
[32m[INFO] 2026-08-31 20:29:53,766 [RapidOCR] main.py:50: Using D:\Work\research\FileX\.venv-ai\Lib\site-packages\rapidocr\models\ch_ptocr_mobile_v2.0_cls_mobile.pth[0m
[32m[INFO] 2026-08-31 20:29:53,971 [RapidOCR] base.py:23: Using engine_name: torch[0m
[32m[INFO] 2026-08-31 20:29:53,971 [RapidOCR] device_config.py:64: Using GPU device with ID: 0[0m
[32m[INFO] 2026-08-31 20:29:53,990 [RapidOCR] download_file.py:60: File exists and is valid: D:\Work\research\FileX\.venv-ai\Lib\site-packages\rapidocr\models\PP-OCRv6_rec_small.pth[0m
[32m[INFO] 2026-08-31 20:29:53,990 [RapidOCR] main.py:50: Using D:\Work\research\FileX\.venv-ai\Lib\site-packages\rapidocr\models\PP-OCRv6_rec_small.pth[0m
[32m[INFO] 2026-08-31 20:29:55,191 [RapidOCR] base.py:23: Using engine_name: torch[0m
[32m[INFO] 2026-08-31 20:29:55,192 [RapidOCR] device_config.py:64: Using GPU device with ID: 0[0m
[32m[INFO] 2026-08-31 20:29:55,202 [RapidOCR] download_file.py:60: File exists and is valid: D:\Work\research\FileX\.venv-ai\Lib\site-packages\rapidocr\models\PP-OCRv6_det_small.pth[0m
[32m[INFO] 2026-08-31 20:29:55,202 [RapidOCR] main.py:50: Using D:\Work\research\FileX\.venv-ai\Lib\site-packages\rapidocr\models\PP-OCRv6_det_small.pth[0m
[32m[INFO] 2026-08-31 20:29:55,506 [RapidOCR] base.py:23: Using engine_name: torch[0m
[32m[INFO] 2026-08-31 20:29:55,507 [RapidOCR] device_config.py:64: Using GPU device with ID: 0[0m
[32m[INFO] 2026-08-31 20:29:55,508 [RapidOCR] download_file.py:60: File exists and is valid: D:\Work\research\FileX\.venv-ai\Lib\site-packages\rapidocr\models\ch_ptocr_mobile_v2.0_cls_mobile.pth[0m
[32m[INFO] 2026-08-31 20:29:55,508 [RapidOCR] main.py:50: Using D:\Work\research\FileX\.venv-ai\Lib\site-packages\rapidocr\models\ch_ptocr_mobile_v2.0_cls_mobile.pth[0m
[32m[INFO] 2026-08-31 20:29:55,681 [RapidOCR] base.py:23: Using engine_name: torch[0m
[32m[INFO] 2026-08-31 20:29:55,682 [RapidOCR] device_config.py:64: Using GPU device with ID: 0[0m
[32m[INFO] 2026-08-31 20:29:55,702 [RapidOCR] download_file.py:60: File exists and is valid: D:\Work\research\FileX\.venv-ai\Lib\site-packages\rapidocr\models\PP-OCRv6_rec_small.pth[0m
[32m[INFO] 2026-08-31 20:29:55,702 [RapidOCR] main.py:50: Using D:\Work\research\FileX\.venv-ai\Lib\site-packages\rapidocr\models\PP-OCRv6_rec_small.pth[0m
[32m[INFO] 2026-08-31 20:29:57,112 [RapidOCR] base.py:23: Using engine_name: torch[0m
[32m[INFO] 2026-08-31 20:29:57,112 [RapidOCR] device_config.py:64: Using GPU device with ID: 0[0m
[32m[INFO] 2026-08-31 20:29:57,122 [RapidOCR] download_file.py:60: File exists and is valid: D:\Work\research\FileX\.venv-ai\Lib\site-packages\rapidocr\models\PP-OCRv6_det_small.pth[0m
[32m[INFO] 2026-08-31 20:29:57,122 [RapidOCR] main.py:50: Using D:\Work\research\FileX\.venv-ai\Lib\site-packages\rapidocr\models\PP-OCRv6_det_small.pth[0m
[32m[INFO] 2026-08-31 20:29:57,404 [RapidOCR] base.py:23: Using engine_name: torch[0m
[32m[INFO] 2026-08-31 20:29:57,405 [RapidOCR] device_config.py:64: Using GPU device with ID: 0[0m
[32m[INFO] 2026-08-31 20:29:57,406 [RapidOCR] download_file.py:60: File exists and is valid: D:\Work\research\FileX\.venv-ai\Lib\site-packages\rapidocr\models\ch_ptocr_mobile_v2.0_cls_mobile.pth[0m
[32m[INFO] 2026-08-31 20:29:57,406 [RapidOCR] main.py:50: Using D:\Work\research\FileX\.venv-ai\Lib\site-packages\rapidocr\models\ch_ptocr_mobile_v2.0_cls_mobile.pth[0m
[32m[INFO] 2026-08-31 20:29:57,607 [RapidOCR] base.py:23: Using engine_name: torch[0m
[32m[INFO] 2026-08-31 20:29:57,608 [RapidOCR] device_config.py:64: Using GPU device with ID: 0[0m
[32m[INFO] 2026-08-31 20:29:57,628 [RapidOCR] download_file.py:60: File exists and is valid: D:\Work\research\FileX\.venv-ai\Lib\site-packages\rapidocr\models\PP-OCRv6_rec_small.pth[0m
[32m[INFO] 2026-08-31 20:29:57,628 [RapidOCR] main.py:50: Using D:\Work\research\FileX\.venv-ai\Lib\site-packages\rapidocr\models\PP-OCRv6_rec_small.pth[0m
[32m[INFO] 2026-08-31 20:29:58,771 [RapidOCR] base.py:23: Using engine_name: torch[0m
[32m[INFO] 2026-08-31 20:29:58,772 [RapidOCR] device_config.py:64: Using GPU device with ID: 0[0m
[32m[INFO] 2026-08-31 20:29:58,782 [RapidOCR] download_file.py:60: File exists and is valid: D:\Work\research\FileX\.venv-ai\Lib\site-packages\rapidocr\models\PP-OCRv6_det_small.pth[0m
[32m[INFO] 2026-08-31 20:29:58,783 [RapidOCR] main.py:50: Using D:\Work\research\FileX\.venv-ai\Lib\site-packages\rapidocr\models\PP-OCRv6_det_small.pth[0m
[32m[INFO] 2026-08-31 20:29:59,152 [RapidOCR] base.py:23: Using engine_name: torch[0m
[32m[INFO] 2026-08-31 20:29:59,153 [RapidOCR] device_config.py:64: Using GPU device with ID: 0[0m
[32m[INFO] 2026-08-31 20:29:59,154 [RapidOCR] download_file.py:60: File exists and is valid: D:\Work\research\FileX\.venv-ai\Lib\site-packages\rapidocr\models\ch_ptocr_mobile_v2.0_cls_mobile.pth[0m
[32m[INFO] 2026-08-31 20:29:59,155 [RapidOCR] main.py:50: Using D:\Work\research\FileX\.venv-ai\Lib\site-packages\rapidocr\models\ch_ptocr_mobile_v2.0_cls_mobile.pth[0m
[32m[INFO] 2026-08-31 20:29:59,322 [RapidOCR] base.py:23: Using engine_name: torch[0m
[32m[INFO] 2026-08-31 20:29:59,323 [RapidOCR] device_config.py:64: Using GPU device with ID: 0[0m
[32m[INFO] 2026-08-31 20:29:59,343 [RapidOCR] download_file.py:60: File exists and is valid: D:\Work\research\FileX\.venv-ai\Lib\site-packages\rapidocr\models\PP-OCRv6_rec_small.pth[0m
[32m[INFO] 2026-08-31 20:29:59,343 [RapidOCR] main.py:50: Using D:\Work\research\FileX\.venv-ai\Lib\site-packages\rapidocr\models\PP-OCRv6_rec_small.pth[0m
[32m[INFO] 2026-08-31 20:30:00,532 [RapidOCR] base.py:23: Using engine_name: torch[0m
[32m[INFO] 2026-08-31 20:30:00,533 [RapidOCR] device_config.py:64: Using GPU device with ID: 0[0m
[32m[INFO] 2026-08-31 20:30:00,542 [RapidOCR] download_file.py:60: File exists and is valid: D:\Work\research\FileX\.venv-ai\Lib\site-packages\rapidocr\models\PP-OCRv6_det_small.pth[0m
[32m[INFO] 2026-08-31 20:30:00,542 [RapidOCR] main.py:50: Using D:\Work\research\FileX\.venv-ai\Lib\site-packages\rapidocr\models\PP-OCRv6_det_small.pth[0m
[32m[INFO] 2026-08-31 20:30:00,833 [RapidOCR] base.py:23: Using engine_name: torch[0m
[32m[INFO] 2026-08-31 20:30:00,834 [RapidOCR] device_config.py:64: Using GPU device with ID: 0[0m
[32m[INFO] 2026-08-31 20:30:00,835 [RapidOCR] download_file.py:60: File exists and is valid: D:\Work\research\FileX\.venv-ai\Lib\site-packages\rapidocr\models\ch_ptocr_mobile_v2.0_cls_mobile.pth[0m
[32m[INFO] 2026-08-31 20:30:00,835 [RapidOCR] main.py:50: Using D:\Work\research\FileX\.venv-ai\Lib\site-packages\rapidocr\models\ch_ptocr_mobile_v2.0_cls_mobile.pth[0m
[32m[INFO] 2026-08-31 20:30:01,031 [RapidOCR] base.py:23: Using engine_name: torch[0m
[32m[INFO] 2026-08-31 20:30:01,032 [RapidOCR] device_config.py:64: Using GPU device with ID: 0[0m
[32m[INFO] 2026-08-31 20:30:01,049 [RapidOCR] download_file.py:60: File exists and is valid: D:\Work\research\FileX\.venv-ai\Lib\site-packages\rapidocr\models\PP-OCRv6_rec_small.pth[0m
[32m[INFO] 2026-08-31 20:30:01,049 [RapidOCR] main.py:50: Using D:\Work\research\FileX\.venv-ai\Lib\site-packages\rapidocr\models\PP-OCRv6_rec_small.pth[0m
[32m[INFO] 2026-08-31 20:30:02,116 [RapidOCR] base.py:23: Using engine_name: torch[0m
[32m[INFO] 2026-08-31 20:30:02,117 [RapidOCR] device_config.py:64: Using GPU device with ID: 0[0m
[32m[INFO] 2026-08-31 20:30:02,125 [RapidOCR] download_file.py:60: File exists and is valid: D:\Work\research\FileX\.venv-ai\Lib\site-packages\rapidocr\models\PP-OCRv6_det_small.pth[0m
[32m[INFO] 2026-08-31 20:30:02,126 [RapidOCR] main.py:50: Using D:\Work\research\FileX\.venv-ai\Lib\site-packages\rapidocr\models\PP-OCRv6_det_small.pth[0m
[32m[INFO] 2026-08-31 20:30:02,641 [RapidOCR] base.py:23: Using engine_name: torch[0m
[32m[INFO] 2026-08-31 20:30:02,642 [RapidOCR] device_config.py:64: Using GPU device with ID: 0[0m
[32m[INFO] 2026-08-31 20:30:02,643 [RapidOCR] download_file.py:60: File exists and is valid: D:\Work\research\FileX\.venv-ai\Lib\site-packages\rapidocr\models\ch_ptocr_mobile_v2.0_cls_mobile.pth[0m
[32m[INFO] 2026-08-31 20:30:02,643 [RapidOCR] main.py:50: Using D:\Work\research\FileX\.venv-ai\Lib\site-packages\rapidocr\models\ch_ptocr_mobile_v2.0_cls_mobile.pth[0m
[32m[INFO] 2026-08-31 20:30:02,812 [RapidOCR] base.py:23: Using engine_name: torch[0m
[32m[INFO] 2026-08-31 20:30:02,812 [RapidOCR] device_config.py:64: Using GPU device with ID: 0[0m
[32m[INFO] 2026-08-31 20:30:02,831 [RapidOCR] download_file.py:60: File exists and is valid: D:\Work\research\FileX\.venv-ai\Lib\site-packages\rapidocr\models\PP-OCRv6_rec_small.pth[0m
[32m[INFO] 2026-08-31 20:30:02,832 [RapidOCR] main.py:50: Using D:\Work\research\FileX\.venv-ai\Lib\site-packages\rapidocr\models\PP-OCRv6_rec_small.pth[0m
{"config": "docling-def", "doc": "escaneado_d5", "ppp_nativo": 72, "ppp": 145, "factor": 2.014, "png": "ppp145__escaneado_d5.png", "png_identify": "936x1281 57.079999999999998295,57.079999999999998295 PixelsPerCentimeter", "preflight": {"vram_libre_mib": 8802, "mpx_actual": 1.199, "mpx_pendiente_ordenada": 0}, "entrada": "PDF via Docling; scale explicita", "dispositivo": "GPU CUDA", "rc": [1, 1, 1, 1, 1, 1, 1, 1, 1], "error": ["FileNotFoundError: [WinError 3] El sistema no puede encontrar la ruta especificada: '\\\\\\\\?\\\\\\\\wsl.localhost\\\\Ubuntu\\\\'", "FileNotFoundError: [WinError 3] El sistema no puede encontrar la ruta especificada: '\\\\\\\\?\\\\\\\\wsl.localhost\\\\Ubuntu\\\\'", "FileNotFoundError: [WinError 3] El sistema no puede encontrar la ruta especificada: '\\\\\\\\?\\\\\\\\wsl.localhost\\\\Ubuntu\\\\'", "FileNotFoundError: [WinError 3] El sistema no puede encontrar la ruta especificada: '\\\\\\\\?\\\\\\\\wsl.localhost\\\\Ubuntu\\\\'", "FileNotFoundError: [WinError 3] El sistema no puede encontrar la ruta especificada: '\\\\\\\\?\\\\\\\\wsl.localhost\\\\Ubuntu\\\\'", "FileNotFoundError: [WinError 3] El sistema no puede encontrar la ruta especificada: '\\\\\\\\?\\\\\\\\wsl.localhost\\\\Ubuntu\\\\'", "FileNotFoundError: [WinError 3] El sistema no puede encontrar la ruta especificada: '\\\\\\\\?\\\\\\\\wsl.localhost\\\\Ubuntu\\\\'", "FileNotFoundError: [WinError 3] El sistema no puede encontrar la ruta especificada: '\\\\\\\\?\\\\\\\\wsl.localhost\\\\Ubuntu\\\\'", "FileNotFoundError: [WinError 3] El sistema no puede encontrar la ruta especificada: '\\\\\\\\?\\\\\\\\wsl.localhost\\\\Ubuntu\\\\'"], "n": 9, "ms_mediana": 1755.5, "determinista": true, "metrica": "acentos", "cer_pct": 100.0, "cer_acentos_pct": 100.0, "cer_ciego_pct": 100.0, "dist_acentos": 596, "texto": "docling-def__ppp145__escaneado_d5.txt"}
[32m[INFO] 2026-08-31 20:30:04,083 [RapidOCR] base.py:23: Using engine_name: torch[0m
[32m[INFO] 2026-08-31 20:30:04,084 [RapidOCR] device_config.py:64: Using GPU device with ID: 0[0m
[32m[INFO] 2026-08-31 20:30:04,095 [RapidOCR] download_file.py:60: File exists and is valid: D:\Work\research\FileX\.venv-ai\Lib\site-packages\rapidocr\models\PP-OCRv6_det_small.pth[0m
[32m[INFO] 2026-08-31 20:30:04,095 [RapidOCR] main.py:50: Using D:\Work\research\FileX\.venv-ai\Lib\site-packages\rapidocr\models\PP-OCRv6_det_small.pth[0m
[32m[INFO] 2026-08-31 20:30:04,494 [RapidOCR] base.py:23: Using engine_name: torch[0m
[32m[INFO] 2026-08-31 20:30:04,494 [RapidOCR] device_config.py:64: Using GPU device with ID: 0[0m
[32m[INFO] 2026-08-31 20:30:04,496 [RapidOCR] download_file.py:60: File exists and is valid: D:\Work\research\FileX\.venv-ai\Lib\site-packages\rapidocr\models\ch_ptocr_mobile_v2.0_cls_mobile.pth[0m
[32m[INFO] 2026-08-31 20:30:04,496 [RapidOCR] main.py:50: Using D:\Work\research\FileX\.venv-ai\Lib\site-packages\rapidocr\models\ch_ptocr_mobile_v2.0_cls_mobile.pth[0m
[32m[INFO] 2026-08-31 20:30:04,656 [RapidOCR] base.py:23: Using engine_name: torch[0m
[32m[INFO] 2026-08-31 20:30:04,656 [RapidOCR] device_config.py:64: Using GPU device with ID: 0[0m
[32m[INFO] 2026-08-31 20:30:04,674 [RapidOCR] download_file.py:60: File exists and is valid: D:\Work\research\FileX\.venv-ai\Lib\site-packages\rapidocr\models\PP-OCRv6_rec_small.pth[0m
[32m[INFO] 2026-08-31 20:30:04,674 [RapidOCR] main.py:50: Using D:\Work\research\FileX\.venv-ai\Lib\site-packages\rapidocr\models\PP-OCRv6_rec_small.pth[0m
[32m[INFO] 2026-08-31 20:30:05,764 [RapidOCR] base.py:23: Using engine_name: torch[0m
[32m[INFO] 2026-08-31 20:30:05,764 [RapidOCR] device_config.py:64: Using GPU device with ID: 0[0m
[32m[INFO] 2026-08-31 20:30:05,772 [RapidOCR] download_file.py:60: File exists and is valid: D:\Work\research\FileX\.venv-ai\Lib\site-packages\rapidocr\models\PP-OCRv6_det_small.pth[0m
[32m[INFO] 2026-08-31 20:30:05,773 [RapidOCR] main.py:50: Using D:\Work\research\FileX\.venv-ai\Lib\site-packages\rapidocr\models\PP-OCRv6_det_small.pth[0m
[32m[INFO] 2026-08-31 20:30:06,025 [RapidOCR] base.py:23: Using engine_name: torch[0m
[32m[INFO] 2026-08-31 20:30:06,025 [RapidOCR] device_config.py:64: Using GPU device with ID: 0[0m
[32m[INFO] 2026-08-31 20:30:06,026 [RapidOCR] download_file.py:60: File exists and is valid: D:\Work\research\FileX\.venv-ai\Lib\site-packages\rapidocr\models\ch_ptocr_mobile_v2.0_cls_mobile.pth[0m
[32m[INFO] 2026-08-31 20:30:06,027 [RapidOCR] main.py:50: Using D:\Work\research\FileX\.venv-ai\Lib\site-packages\rapidocr\models\ch_ptocr_mobile_v2.0_cls_mobile.pth[0m
[32m[INFO] 2026-08-31 20:30:06,179 [RapidOCR] base.py:23: Using engine_name: torch[0m
[32m[INFO] 2026-08-31 20:30:06,180 [RapidOCR] device_config.py:64: Using GPU device with ID: 0[0m
[32m[INFO] 2026-08-31 20:30:06,197 [RapidOCR] download_file.py:60: File exists and is valid: D:\Work\research\FileX\.venv-ai\Lib\site-packages\rapidocr\models\PP-OCRv6_rec_small.pth[0m
[32m[INFO] 2026-08-31 20:30:06,197 [RapidOCR] main.py:50: Using D:\Work\research\FileX\.venv-ai\Lib\site-packages\rapidocr\models\PP-OCRv6_rec_small.pth[0m
[32m[INFO] 2026-08-31 20:30:07,297 [RapidOCR] base.py:23: Using engine_name: torch[0m
[32m[INFO] 2026-08-31 20:30:07,300 [RapidOCR] device_config.py:64: Using GPU device with ID: 0[0m
[32m[INFO] 2026-08-31 20:30:07,313 [RapidOCR] download_file.py:60: File exists and is valid: D:\Work\research\FileX\.venv-ai\Lib\site-packages\rapidocr\models\PP-OCRv6_det_small.pth[0m
[32m[INFO] 2026-08-31 20:30:07,314 [RapidOCR] main.py:50: Using D:\Work\research\FileX\.venv-ai\Lib\site-packages\rapidocr\models\PP-OCRv6_det_small.pth[0m
[32m[INFO] 2026-08-31 20:30:07,600 [RapidOCR] base.py:23: Using engine_name: torch[0m
[32m[INFO] 2026-08-31 20:30:07,601 [RapidOCR] device_config.py:64: Using GPU device with ID: 0[0m
[32m[INFO] 2026-08-31 20:30:07,602 [RapidOCR] download_file.py:60: File exists and is valid: D:\Work\research\FileX\.venv-ai\Lib\site-packages\rapidocr\models\ch_ptocr_mobile_v2.0_cls_mobile.pth[0m
[32m[INFO] 2026-08-31 20:30:07,602 [RapidOCR] main.py:50: Using D:\Work\research\FileX\.venv-ai\Lib\site-packages\rapidocr\models\ch_ptocr_mobile_v2.0_cls_mobile.pth[0m
[32m[INFO] 2026-08-31 20:30:07,931 [RapidOCR] base.py:23: Using engine_name: torch[0m
[32m[INFO] 2026-08-31 20:30:07,932 [RapidOCR] device_config.py:64: Using GPU device with ID: 0[0m
[32m[INFO] 2026-08-31 20:30:07,951 [RapidOCR] download_file.py:60: File exists and is valid: D:\Work\research\FileX\.venv-ai\Lib\site-packages\rapidocr\models\PP-OCRv6_rec_small.pth[0m
[32m[INFO] 2026-08-31 20:30:07,952 [RapidOCR] main.py:50: Using D:\Work\research\FileX\.venv-ai\Lib\site-packages\rapidocr\models\PP-OCRv6_rec_small.pth[0m
[32m[INFO] 2026-08-31 20:30:09,138 [RapidOCR] base.py:23: Using engine_name: torch[0m
[32m[INFO] 2026-08-31 20:30:09,139 [RapidOCR] device_config.py:64: Using GPU device with ID: 0[0m
[32m[INFO] 2026-08-31 20:30:09,150 [RapidOCR] download_file.py:60: File exists and is valid: D:\Work\research\FileX\.venv-ai\Lib\site-packages\rapidocr\models\PP-OCRv6_det_small.pth[0m
[32m[INFO] 2026-08-31 20:30:09,150 [RapidOCR] main.py:50: Using D:\Work\research\FileX\.venv-ai\Lib\site-packages\rapidocr\models\PP-OCRv6_det_small.pth[0m
[32m[INFO] 2026-08-31 20:30:09,451 [RapidOCR] base.py:23: Using engine_name: torch[0m
[32m[INFO] 2026-08-31 20:30:09,451 [RapidOCR] device_config.py:64: Using GPU device with ID: 0[0m
[32m[INFO] 2026-08-31 20:30:09,453 [RapidOCR] download_file.py:60: File exists and is valid: D:\Work\research\FileX\.venv-ai\Lib\site-packages\rapidocr\models\ch_ptocr_mobile_v2.0_cls_mobile.pth[0m
[32m[INFO] 2026-08-31 20:30:09,453 [RapidOCR] main.py:50: Using D:\Work\research\FileX\.venv-ai\Lib\site-packages\rapidocr\models\ch_ptocr_mobile_v2.0_cls_mobile.pth[0m
[32m[INFO] 2026-08-31 20:30:09,627 [RapidOCR] base.py:23: Using engine_name: torch[0m
[32m[INFO] 2026-08-31 20:30:09,628 [RapidOCR] device_config.py:64: Using GPU device with ID: 0[0m
[32m[INFO] 2026-08-31 20:30:09,648 [RapidOCR] download_file.py:60: File exists and is valid: D:\Work\research\FileX\.venv-ai\Lib\site-packages\rapidocr\models\PP-OCRv6_rec_small.pth[0m
[32m[INFO] 2026-08-31 20:30:09,649 [RapidOCR] main.py:50: Using D:\Work\research\FileX\.venv-ai\Lib\site-packages\rapidocr\models\PP-OCRv6_rec_small.pth[0m
[32m[INFO] 2026-08-31 20:30:10,772 [RapidOCR] base.py:23: Using engine_name: torch[0m
[32m[INFO] 2026-08-31 20:30:10,772 [RapidOCR] device_config.py:64: Using GPU device with ID: 0[0m
[32m[INFO] 2026-08-31 20:30:10,781 [RapidOCR] download_file.py:60: File exists and is valid: D:\Work\research\FileX\.venv-ai\Lib\site-packages\rapidocr\models\PP-OCRv6_det_small.pth[0m
[32m[INFO] 2026-08-31 20:30:10,782 [RapidOCR] main.py:50: Using D:\Work\research\FileX\.venv-ai\Lib\site-packages\rapidocr\models\PP-OCRv6_det_small.pth[0m
[32m[INFO] 2026-08-31 20:30:11,011 [RapidOCR] base.py:23: Using engine_name: torch[0m
[32m[INFO] 2026-08-31 20:30:11,012 [RapidOCR] device_config.py:64: Using GPU device with ID: 0[0m
[32m[INFO] 2026-08-31 20:30:11,014 [RapidOCR] download_file.py:60: File exists and is valid: D:\Work\research\FileX\.venv-ai\Lib\site-packages\rapidocr\models\ch_ptocr_mobile_v2.0_cls_mobile.pth[0m
[32m[INFO] 2026-08-31 20:30:11,014 [RapidOCR] main.py:50: Using D:\Work\research\FileX\.venv-ai\Lib\site-packages\rapidocr\models\ch_ptocr_mobile_v2.0_cls_mobile.pth[0m
[32m[INFO] 2026-08-31 20:30:11,179 [RapidOCR] base.py:23: Using engine_name: torch[0m
[32m[INFO] 2026-08-31 20:30:11,180 [RapidOCR] device_config.py:64: Using GPU device with ID: 0[0m
[32m[INFO] 2026-08-31 20:30:11,199 [RapidOCR] download_file.py:60: File exists and is valid: D:\Work\research\FileX\.venv-ai\Lib\site-packages\rapidocr\models\PP-OCRv6_rec_small.pth[0m
[32m[INFO] 2026-08-31 20:30:11,199 [RapidOCR] main.py:50: Using D:\Work\research\FileX\.venv-ai\Lib\site-packages\rapidocr\models\PP-OCRv6_rec_small.pth[0m
[32m[INFO] 2026-08-31 20:30:12,343 [RapidOCR] base.py:23: Using engine_name: torch[0m
[32m[INFO] 2026-08-31 20:30:12,343 [RapidOCR] device_config.py:64: Using GPU device with ID: 0[0m
[32m[INFO] 2026-08-31 20:30:12,355 [RapidOCR] download_file.py:60: File exists and is valid: D:\Work\research\FileX\.venv-ai\Lib\site-packages\rapidocr\models\PP-OCRv6_det_small.pth[0m
[32m[INFO] 2026-08-31 20:30:12,355 [RapidOCR] main.py:50: Using D:\Work\research\FileX\.venv-ai\Lib\site-packages\rapidocr\models\PP-OCRv6_det_small.pth[0m
[32m[INFO] 2026-08-31 20:30:12,593 [RapidOCR] base.py:23: Using engine_name: torch[0m
[32m[INFO] 2026-08-31 20:30:12,594 [RapidOCR] device_config.py:64: Using GPU device with ID: 0[0m
[32m[INFO] 2026-08-31 20:30:12,595 [RapidOCR] download_file.py:60: File exists and is valid: D:\Work\research\FileX\.venv-ai\Lib\site-packages\rapidocr\models\ch_ptocr_mobile_v2.0_cls_mobile.pth[0m
[32m[INFO] 2026-08-31 20:30:12,595 [RapidOCR] main.py:50: Using D:\Work\research\FileX\.venv-ai\Lib\site-packages\rapidocr\models\ch_ptocr_mobile_v2.0_cls_mobile.pth[0m
[32m[INFO] 2026-08-31 20:30:12,747 [RapidOCR] base.py:23: Using engine_name: torch[0m
[32m[INFO] 2026-08-31 20:30:12,748 [RapidOCR] device_config.py:64: Using GPU device with ID: 0[0m
[32m[INFO] 2026-08-31 20:30:12,765 [RapidOCR] download_file.py:60: File exists and is valid: D:\Work\research\FileX\.venv-ai\Lib\site-packages\rapidocr\models\PP-OCRv6_rec_small.pth[0m
[32m[INFO] 2026-08-31 20:30:12,765 [RapidOCR] main.py:50: Using D:\Work\research\FileX\.venv-ai\Lib\site-packages\rapidocr\models\PP-OCRv6_rec_small.pth[0m
[32m[INFO] 2026-08-31 20:30:14,327 [RapidOCR] base.py:23: Using engine_name: torch[0m
[32m[INFO] 2026-08-31 20:30:14,327 [RapidOCR] device_config.py:64: Using GPU device with ID: 0[0m
[32m[INFO] 2026-08-31 20:30:14,337 [RapidOCR] download_file.py:60: File exists and is valid: D:\Work\research\FileX\.venv-ai\Lib\site-packages\rapidocr\models\PP-OCRv6_det_small.pth[0m
[32m[INFO] 2026-08-31 20:30:14,337 [RapidOCR] main.py:50: Using D:\Work\research\FileX\.venv-ai\Lib\site-packages\rapidocr\models\PP-OCRv6_det_small.pth[0m
[32m[INFO] 2026-08-31 20:30:14,535 [RapidOCR] base.py:23: Using engine_name: torch[0m
[32m[INFO] 2026-08-31 20:30:14,535 [RapidOCR] device_config.py:64: Using GPU device with ID: 0[0m
[32m[INFO] 2026-08-31 20:30:14,536 [RapidOCR] download_file.py:60: File exists and is valid: D:\Work\research\FileX\.venv-ai\Lib\site-packages\rapidocr\models\ch_ptocr_mobile_v2.0_cls_mobile.pth[0m
[32m[INFO] 2026-08-31 20:30:14,536 [RapidOCR] main.py:50: Using D:\Work\research\FileX\.venv-ai\Lib\site-packages\rapidocr\models\ch_ptocr_mobile_v2.0_cls_mobile.pth[0m
[32m[INFO] 2026-08-31 20:30:14,683 [RapidOCR] base.py:23: Using engine_name: torch[0m
[32m[INFO] 2026-08-31 20:30:14,684 [RapidOCR] device_config.py:64: Using GPU device with ID: 0[0m
[32m[INFO] 2026-08-31 20:30:14,702 [RapidOCR] download_file.py:60: File exists and is valid: D:\Work\research\FileX\.venv-ai\Lib\site-packages\rapidocr\models\PP-OCRv6_rec_small.pth[0m
[32m[INFO] 2026-08-31 20:30:14,702 [RapidOCR] main.py:50: Using D:\Work\research\FileX\.venv-ai\Lib\site-packages\rapidocr\models\PP-OCRv6_rec_small.pth[0m
[32m[INFO] 2026-08-31 20:30:15,772 [RapidOCR] base.py:23: Using engine_name: torch[0m
[32m[INFO] 2026-08-31 20:30:15,773 [RapidOCR] device_config.py:64: Using GPU device with ID: 0[0m
[32m[INFO] 2026-08-31 20:30:15,782 [RapidOCR] download_file.py:60: File exists and is valid: D:\Work\research\FileX\.venv-ai\Lib\site-packages\rapidocr\models\PP-OCRv6_det_small.pth[0m
[32m[INFO] 2026-08-31 20:30:15,782 [RapidOCR] main.py:50: Using D:\Work\research\FileX\.venv-ai\Lib\site-packages\rapidocr\models\PP-OCRv6_det_small.pth[0m
[32m[INFO] 2026-08-31 20:30:16,069 [RapidOCR] base.py:23: Using engine_name: torch[0m
[32m[INFO] 2026-08-31 20:30:16,069 [RapidOCR] device_config.py:64: Using GPU device with ID: 0[0m
[32m[INFO] 2026-08-31 20:30:16,071 [RapidOCR] download_file.py:60: File exists and is valid: D:\Work\research\FileX\.venv-ai\Lib\site-packages\rapidocr\models\ch_ptocr_mobile_v2.0_cls_mobile.pth[0m
[32m[INFO] 2026-08-31 20:30:16,071 [RapidOCR] main.py:50: Using D:\Work\research\FileX\.venv-ai\Lib\site-packages\rapidocr\models\ch_ptocr_mobile_v2.0_cls_mobile.pth[0m
[32m[INFO] 2026-08-31 20:30:16,254 [RapidOCR] base.py:23: Using engine_name: torch[0m
[32m[INFO] 2026-08-31 20:30:16,255 [RapidOCR] device_config.py:64: Using GPU device with ID: 0[0m
[32m[INFO] 2026-08-31 20:30:16,274 [RapidOCR] download_file.py:60: File exists and is valid: D:\Work\research\FileX\.venv-ai\Lib\site-packages\rapidocr\models\PP-OCRv6_rec_small.pth[0m
[32m[INFO] 2026-08-31 20:30:16,274 [RapidOCR] main.py:50: Using D:\Work\research\FileX\.venv-ai\Lib\site-packages\rapidocr\models\PP-OCRv6_rec_small.pth[0m
[32m[INFO] 2026-08-31 20:30:17,587 [RapidOCR] base.py:23: Using engine_name: torch[0m
[32m[INFO] 2026-08-31 20:30:17,587 [RapidOCR] device_config.py:64: Using GPU device with ID: 0[0m
[32m[INFO] 2026-08-31 20:30:17,600 [RapidOCR] download_file.py:60: File exists and is valid: D:\Work\research\FileX\.venv-ai\Lib\site-packages\rapidocr\models\PP-OCRv6_det_small.pth[0m
[32m[INFO] 2026-08-31 20:30:17,600 [RapidOCR] main.py:50: Using D:\Work\research\FileX\.venv-ai\Lib\site-packages\rapidocr\models\PP-OCRv6_det_small.pth[0m
[32m[INFO] 2026-08-31 20:30:17,872 [RapidOCR] base.py:23: Using engine_name: torch[0m
[32m[INFO] 2026-08-31 20:30:17,873 [RapidOCR] device_config.py:64: Using GPU device with ID: 0[0m
[32m[INFO] 2026-08-31 20:30:17,874 [RapidOCR] download_file.py:60: File exists and is valid: D:\Work\research\FileX\.venv-ai\Lib\site-packages\rapidocr\models\ch_ptocr_mobile_v2.0_cls_mobile.pth[0m
[32m[INFO] 2026-08-31 20:30:17,875 [RapidOCR] main.py:50: Using D:\Work\research\FileX\.venv-ai\Lib\site-packages\rapidocr\models\ch_ptocr_mobile_v2.0_cls_mobile.pth[0m
[32m[INFO] 2026-08-31 20:30:18,038 [RapidOCR] base.py:23: Using engine_name: torch[0m
[32m[INFO] 2026-08-31 20:30:18,039 [RapidOCR] device_config.py:64: Using GPU device with ID: 0[0m
[32m[INFO] 2026-08-31 20:30:18,061 [RapidOCR] download_file.py:60: File exists and is valid: D:\Work\research\FileX\.venv-ai\Lib\site-packages\rapidocr\models\PP-OCRv6_rec_small.pth[0m
[32m[INFO] 2026-08-31 20:30:18,061 [RapidOCR] main.py:50: Using D:\Work\research\FileX\.venv-ai\Lib\site-packages\rapidocr\models\PP-OCRv6_rec_small.pth[0m
[32m[INFO] 2026-08-31 20:30:19,518 [RapidOCR] base.py:23: Using engine_name: torch[0m
[32m[INFO] 2026-08-31 20:30:19,519 [RapidOCR] device_config.py:64: Using GPU device with ID: 0[0m
[32m[INFO] 2026-08-31 20:30:19,528 [RapidOCR] download_file.py:60: File exists and is valid: D:\Work\research\FileX\.venv-ai\Lib\site-packages\rapidocr\models\PP-OCRv6_det_small.pth[0m
[32m[INFO] 2026-08-31 20:30:19,529 [RapidOCR] main.py:50: Using D:\Work\research\FileX\.venv-ai\Lib\site-packages\rapidocr\models\PP-OCRv6_det_small.pth[0m
[32m[INFO] 2026-08-31 20:30:19,789 [RapidOCR] base.py:23: Using engine_name: torch[0m
[32m[INFO] 2026-08-31 20:30:19,790 [RapidOCR] device_config.py:64: Using GPU device with ID: 0[0m
[32m[INFO] 2026-08-31 20:30:19,792 [RapidOCR] download_file.py:60: File exists and is valid: D:\Work\research\FileX\.venv-ai\Lib\site-packages\rapidocr\models\ch_ptocr_mobile_v2.0_cls_mobile.pth[0m
[32m[INFO] 2026-08-31 20:30:19,792 [RapidOCR] main.py:50: Using D:\Work\research\FileX\.venv-ai\Lib\site-packages\rapidocr\models\ch_ptocr_mobile_v2.0_cls_mobile.pth[0m
[32m[INFO] 2026-08-31 20:30:19,965 [RapidOCR] base.py:23: Using engine_name: torch[0m
[32m[INFO] 2026-08-31 20:30:19,966 [RapidOCR] device_config.py:64: Using GPU device with ID: 0[0m
[32m[INFO] 2026-08-31 20:30:19,984 [RapidOCR] download_file.py:60: File exists and is valid: D:\Work\research\FileX\.venv-ai\Lib\site-packages\rapidocr\models\PP-OCRv6_rec_small.pth[0m
[32m[INFO] 2026-08-31 20:30:19,984 [RapidOCR] main.py:50: Using D:\Work\research\FileX\.venv-ai\Lib\site-packages\rapidocr\models\PP-OCRv6_rec_small.pth[0m
{"config": "docling-def", "doc": "escaneado_d5", "ppp_nativo": 72, "ppp": 150, "factor": 2.083, "png": "ppp150__escaneado_d5.png", "png_identify": "969x1325 59.049999999999997158,59.049999999999997158 PixelsPerCentimeter", "preflight": {"vram_libre_mib": 8711, "mpx_actual": 1.284, "mpx_pendiente_ordenada": 0}, "entrada": "PDF via Docling; scale explicita", "dispositivo": "GPU CUDA", "rc": [1, 1, 1, 1, 1, 1, 1, 1, 1], "error": ["FileNotFoundError: [WinError 3] El sistema no puede encontrar la ruta especificada: '\\\\\\\\?\\\\\\\\wsl.localhost\\\\Ubuntu\\\\'", "FileNotFoundError: [WinError 3] El sistema no puede encontrar la ruta especificada: '\\\\\\\\?\\\\\\\\wsl.localhost\\\\Ubuntu\\\\'", "FileNotFoundError: [WinError 3] El sistema no puede encontrar la ruta especificada: '\\\\\\\\?\\\\\\\\wsl.localhost\\\\Ubuntu\\\\'", "FileNotFoundError: [WinError 3] El sistema no puede encontrar la ruta especificada: '\\\\\\\\?\\\\\\\\wsl.localhost\\\\Ubuntu\\\\'", "FileNotFoundError: [WinError 3] El sistema no puede encontrar la ruta especificada: '\\\\\\\\?\\\\\\\\wsl.localhost\\\\Ubuntu\\\\'", "FileNotFoundError: [WinError 3] El sistema no puede encontrar la ruta especificada: '\\\\\\\\?\\\\\\\\wsl.localhost\\\\Ubuntu\\\\'", "FileNotFoundError: [WinError 3] El sistema no puede encontrar la ruta especificada: '\\\\\\\\?\\\\\\\\wsl.localhost\\\\Ubuntu\\\\'", "FileNotFoundError: [WinError 3] El sistema no puede encontrar la ruta especificada: '\\\\\\\\?\\\\\\\\wsl.localhost\\\\Ubuntu\\\\'", "FileNotFoundError: [WinError 3] El sistema no puede encontrar la ruta especificada: '\\\\\\\\?\\\\\\\\wsl.localhost\\\\Ubuntu\\\\'"], "n": 9, "ms_mediana": 1778.6, "determinista": true, "metrica": "acentos", "cer_pct": 100.0, "cer_acentos_pct": 100.0, "cer_ciego_pct": 100.0, "dist_acentos": 596, "texto": "docling-def__ppp150__escaneado_d5.txt"}
[32m[INFO] 2026-08-31 20:30:22,078 [RapidOCR] base.py:23: Using engine_name: torch[0m
[32m[INFO] 2026-08-31 20:30:22,080 [RapidOCR] device_config.py:64: Using GPU device with ID: 0[0m
[32m[INFO] 2026-08-31 20:30:22,090 [RapidOCR] download_file.py:60: File exists and is valid: D:\Work\research\FileX\.venv-ai\Lib\site-packages\rapidocr\models\PP-OCRv6_det_small.pth[0m
[32m[INFO] 2026-08-31 20:30:22,090 [RapidOCR] main.py:50: Using D:\Work\research\FileX\.venv-ai\Lib\site-packages\rapidocr\models\PP-OCRv6_det_small.pth[0m
[32m[INFO] 2026-08-31 20:30:22,361 [RapidOCR] base.py:23: Using engine_name: torch[0m
[32m[INFO] 2026-08-31 20:30:22,363 [RapidOCR] device_config.py:64: Using GPU device with ID: 0[0m
[32m[INFO] 2026-08-31 20:30:22,363 [RapidOCR] download_file.py:60: File exists and is valid: D:\Work\research\FileX\.venv-ai\Lib\site-packages\rapidocr\models\ch_ptocr_mobile_v2.0_cls_mobile.pth[0m
[32m[INFO] 2026-08-31 20:30:22,364 [RapidOCR] main.py:50: Using D:\Work\research\FileX\.venv-ai\Lib\site-packages\rapidocr\models\ch_ptocr_mobile_v2.0_cls_mobile.pth[0m
[32m[INFO] 2026-08-31 20:30:22,549 [RapidOCR] base.py:23: Using engine_name: torch[0m
[32m[INFO] 2026-08-31 20:30:22,549 [RapidOCR] device_config.py:64: Using GPU device with ID: 0[0m
[32m[INFO] 2026-08-31 20:30:22,569 [RapidOCR] download_file.py:60: File exists and is valid: D:\Work\research\FileX\.venv-ai\Lib\site-packages\rapidocr\models\PP-OCRv6_rec_small.pth[0m
[32m[INFO] 2026-08-31 20:30:22,569 [RapidOCR] main.py:50: Using D:\Work\research\FileX\.venv-ai\Lib\site-packages\rapidocr\models\PP-OCRv6_rec_small.pth[0m
[32m[INFO] 2026-08-31 20:30:23,645 [RapidOCR] base.py:23: Using engine_name: torch[0m
[32m[INFO] 2026-08-31 20:30:23,646 [RapidOCR] device_config.py:64: Using GPU device with ID: 0[0m
[32m[INFO] 2026-08-31 20:30:23,654 [RapidOCR] download_file.py:60: File exists and is valid: D:\Work\research\FileX\.venv-ai\Lib\site-packages\rapidocr\models\PP-OCRv6_det_small.pth[0m
[32m[INFO] 2026-08-31 20:30:23,654 [RapidOCR] main.py:50: Using D:\Work\research\FileX\.venv-ai\Lib\site-packages\rapidocr\models\PP-OCRv6_det_small.pth[0m
[32m[INFO] 2026-08-31 20:30:24,004 [RapidOCR] base.py:23: Using engine_name: torch[0m
[32m[INFO] 2026-08-31 20:30:24,004 [RapidOCR] device_config.py:64: Using GPU device with ID: 0[0m
[32m[INFO] 2026-08-31 20:30:24,008 [RapidOCR] download_file.py:60: File exists and is valid: D:\Work\research\FileX\.venv-ai\Lib\site-packages\rapidocr\models\ch_ptocr_mobile_v2.0_cls_mobile.pth[0m
[32m[INFO] 2026-08-31 20:30:24,008 [RapidOCR] main.py:50: Using D:\Work\research\FileX\.venv-ai\Lib\site-packages\rapidocr\models\ch_ptocr_mobile_v2.0_cls_mobile.pth[0m
[32m[INFO] 2026-08-31 20:30:24,253 [RapidOCR] base.py:23: Using engine_name: torch[0m
[32m[INFO] 2026-08-31 20:30:24,254 [RapidOCR] device_config.py:64: Using GPU device with ID: 0[0m
[32m[INFO] 2026-08-31 20:30:24,279 [RapidOCR] download_file.py:60: File exists and is valid: D:\Work\research\FileX\.venv-ai\Lib\site-packages\rapidocr\models\PP-OCRv6_rec_small.pth[0m
[32m[INFO] 2026-08-31 20:30:24,279 [RapidOCR] main.py:50: Using D:\Work\research\FileX\.venv-ai\Lib\site-packages\rapidocr\models\PP-OCRv6_rec_small.pth[0m
[32m[INFO] 2026-08-31 20:30:25,663 [RapidOCR] base.py:23: Using engine_name: torch[0m
[32m[INFO] 2026-08-31 20:30:25,663 [RapidOCR] device_config.py:64: Using GPU device with ID: 0[0m
[32m[INFO] 2026-08-31 20:30:25,673 [RapidOCR] download_file.py:60: File exists and is valid: D:\Work\research\FileX\.venv-ai\Lib\site-packages\rapidocr\models\PP-OCRv6_det_small.pth[0m
[32m[INFO] 2026-08-31 20:30:25,673 [RapidOCR] main.py:50: Using D:\Work\research\FileX\.venv-ai\Lib\site-packages\rapidocr\models\PP-OCRv6_det_small.pth[0m
[32m[INFO] 2026-08-31 20:30:25,892 [RapidOCR] base.py:23: Using engine_name: torch[0m
[32m[INFO] 2026-08-31 20:30:25,893 [RapidOCR] device_config.py:64: Using GPU device with ID: 0[0m
[32m[INFO] 2026-08-31 20:30:25,895 [RapidOCR] download_file.py:60: File exists and is valid: D:\Work\research\FileX\.venv-ai\Lib\site-packages\rapidocr\models\ch_ptocr_mobile_v2.0_cls_mobile.pth[0m
[32m[INFO] 2026-08-31 20:30:25,895 [RapidOCR] main.py:50: Using D:\Work\research\FileX\.venv-ai\Lib\site-packages\rapidocr\models\ch_ptocr_mobile_v2.0_cls_mobile.pth[0m
[32m[INFO] 2026-08-31 20:30:26,061 [RapidOCR] base.py:23: Using engine_name: torch[0m
[32m[INFO] 2026-08-31 20:30:26,062 [RapidOCR] device_config.py:64: Using GPU device with ID: 0[0m
[32m[INFO] 2026-08-31 20:30:26,081 [RapidOCR] download_file.py:60: File exists and is valid: D:\Work\research\FileX\.venv-ai\Lib\site-packages\rapidocr\models\PP-OCRv6_rec_small.pth[0m
[32m[INFO] 2026-08-31 20:30:26,082 [RapidOCR] main.py:50: Using D:\Work\research\FileX\.venv-ai\Lib\site-packages\rapidocr\models\PP-OCRv6_rec_small.pth[0m
[32m[INFO] 2026-08-31 20:30:27,101 [RapidOCR] base.py:23: Using engine_name: torch[0m
[32m[INFO] 2026-08-31 20:30:27,102 [RapidOCR] device_config.py:64: Using GPU device with ID: 0[0m
[32m[INFO] 2026-08-31 20:30:27,111 [RapidOCR] download_file.py:60: File exists and is valid: D:\Work\research\FileX\.venv-ai\Lib\site-packages\rapidocr\models\PP-OCRv6_det_small.pth[0m
[32m[INFO] 2026-08-31 20:30:27,112 [RapidOCR] main.py:50: Using D:\Work\research\FileX\.venv-ai\Lib\site-packages\rapidocr\models\PP-OCRv6_det_small.pth[0m
[32m[INFO] 2026-08-31 20:30:27,330 [RapidOCR] base.py:23: Using engine_name: torch[0m
[32m[INFO] 2026-08-31 20:30:27,330 [RapidOCR] device_config.py:64: Using GPU device with ID: 0[0m
[32m[INFO] 2026-08-31 20:30:27,332 [RapidOCR] download_file.py:60: File exists and is valid: D:\Work\research\FileX\.venv-ai\Lib\site-packages\rapidocr\models\ch_ptocr_mobile_v2.0_cls_mobile.pth[0m
[32m[INFO] 2026-08-31 20:30:27,332 [RapidOCR] main.py:50: Using D:\Work\research\FileX\.venv-ai\Lib\site-packages\rapidocr\models\ch_ptocr_mobile_v2.0_cls_mobile.pth[0m
[32m[INFO] 2026-08-31 20:30:27,483 [RapidOCR] base.py:23: Using engine_name: torch[0m
[32m[INFO] 2026-08-31 20:30:27,484 [RapidOCR] device_config.py:64: Using GPU device with ID: 0[0m
[32m[INFO] 2026-08-31 20:30:27,503 [RapidOCR] download_file.py:60: File exists and is valid: D:\Work\research\FileX\.venv-ai\Lib\site-packages\rapidocr\models\PP-OCRv6_rec_small.pth[0m
[32m[INFO] 2026-08-31 20:30:27,503 [RapidOCR] main.py:50: Using D:\Work\research\FileX\.venv-ai\Lib\site-packages\rapidocr\models\PP-OCRv6_rec_small.pth[0m
[32m[INFO] 2026-08-31 20:30:28,613 [RapidOCR] base.py:23: Using engine_name: torch[0m
[32m[INFO] 2026-08-31 20:30:28,613 [RapidOCR] device_config.py:64: Using GPU device with ID: 0[0m
[32m[INFO] 2026-08-31 20:30:28,623 [RapidOCR] download_file.py:60: File exists and is valid: D:\Work\research\FileX\.venv-ai\Lib\site-packages\rapidocr\models\PP-OCRv6_det_small.pth[0m
[32m[INFO] 2026-08-31 20:30:28,623 [RapidOCR] main.py:50: Using D:\Work\research\FileX\.venv-ai\Lib\site-packages\rapidocr\models\PP-OCRv6_det_small.pth[0m
[32m[INFO] 2026-08-31 20:30:28,892 [RapidOCR] base.py:23: Using engine_name: torch[0m
[32m[INFO] 2026-08-31 20:30:28,893 [RapidOCR] device_config.py:64: Using GPU device with ID: 0[0m
[32m[INFO] 2026-08-31 20:30:28,894 [RapidOCR] download_file.py:60: File exists and is valid: D:\Work\research\FileX\.venv-ai\Lib\site-packages\rapidocr\models\ch_ptocr_mobile_v2.0_cls_mobile.pth[0m
[32m[INFO] 2026-08-31 20:30:28,894 [RapidOCR] main.py:50: Using D:\Work\research\FileX\.venv-ai\Lib\site-packages\rapidocr\models\ch_ptocr_mobile_v2.0_cls_mobile.pth[0m
[32m[INFO] 2026-08-31 20:30:29,070 [RapidOCR] base.py:23: Using engine_name: torch[0m
[32m[INFO] 2026-08-31 20:30:29,070 [RapidOCR] device_config.py:64: Using GPU device with ID: 0[0m
[32m[INFO] 2026-08-31 20:30:29,095 [RapidOCR] download_file.py:60: File exists and is valid: D:\Work\research\FileX\.venv-ai\Lib\site-packages\rapidocr\models\PP-OCRv6_rec_small.pth[0m
[32m[INFO] 2026-08-31 20:30:29,095 [RapidOCR] main.py:50: Using D:\Work\research\FileX\.venv-ai\Lib\site-packages\rapidocr\models\PP-OCRv6_rec_small.pth[0m
[32m[INFO] 2026-08-31 20:30:30,418 [RapidOCR] base.py:23: Using engine_name: torch[0m
[32m[INFO] 2026-08-31 20:30:30,419 [RapidOCR] device_config.py:64: Using GPU device with ID: 0[0m
[32m[INFO] 2026-08-31 20:30:30,429 [RapidOCR] download_file.py:60: File exists and is valid: D:\Work\research\FileX\.venv-ai\Lib\site-packages\rapidocr\models\PP-OCRv6_det_small.pth[0m
[32m[INFO] 2026-08-31 20:30:30,429 [RapidOCR] main.py:50: Using D:\Work\research\FileX\.venv-ai\Lib\site-packages\rapidocr\models\PP-OCRv6_det_small.pth[0m
[32m[INFO] 2026-08-31 20:30:30,967 [RapidOCR] base.py:23: Using engine_name: torch[0m
[32m[INFO] 2026-08-31 20:30:30,967 [RapidOCR] device_config.py:64: Using GPU device with ID: 0[0m
[32m[INFO] 2026-08-31 20:30:30,969 [RapidOCR] download_file.py:60: File exists and is valid: D:\Work\research\FileX\.venv-ai\Lib\site-packages\rapidocr\models\ch_ptocr_mobile_v2.0_cls_mobile.pth[0m
[32m[INFO] 2026-08-31 20:30:30,969 [RapidOCR] main.py:50: Using D:\Work\research\FileX\.venv-ai\Lib\site-packages\rapidocr\models\ch_ptocr_mobile_v2.0_cls_mobile.pth[0m
[32m[INFO] 2026-08-31 20:30:31,153 [RapidOCR] base.py:23: Using engine_name: torch[0m
[32m[INFO] 2026-08-31 20:30:31,154 [RapidOCR] device_config.py:64: Using GPU device with ID: 0[0m
[32m[INFO] 2026-08-31 20:30:31,173 [RapidOCR] download_file.py:60: File exists and is valid: D:\Work\research\FileX\.venv-ai\Lib\site-packages\rapidocr\models\PP-OCRv6_rec_small.pth[0m
[32m[INFO] 2026-08-31 20:30:31,173 [RapidOCR] main.py:50: Using D:\Work\research\FileX\.venv-ai\Lib\site-packages\rapidocr\models\PP-OCRv6_rec_small.pth[0m
[32m[INFO] 2026-08-31 20:30:32,337 [RapidOCR] base.py:23: Using engine_name: torch[0m
[32m[INFO] 2026-08-31 20:30:32,338 [RapidOCR] device_config.py:64: Using GPU device with ID: 0[0m
[32m[INFO] 2026-08-31 20:30:32,348 [RapidOCR] download_file.py:60: File exists and is valid: D:\Work\research\FileX\.venv-ai\Lib\site-packages\rapidocr\models\PP-OCRv6_det_small.pth[0m
[32m[INFO] 2026-08-31 20:30:32,348 [RapidOCR] main.py:50: Using D:\Work\research\FileX\.venv-ai\Lib\site-packages\rapidocr\models\PP-OCRv6_det_small.pth[0m
[32m[INFO] 2026-08-31 20:30:32,658 [RapidOCR] base.py:23: Using engine_name: torch[0m
[32m[INFO] 2026-08-31 20:30:32,659 [RapidOCR] device_config.py:64: Using GPU device with ID: 0[0m
[32m[INFO] 2026-08-31 20:30:32,660 [RapidOCR] download_file.py:60: File exists and is valid: D:\Work\research\FileX\.venv-ai\Lib\site-packages\rapidocr\models\ch_ptocr_mobile_v2.0_cls_mobile.pth[0m
[32m[INFO] 2026-08-31 20:30:32,660 [RapidOCR] main.py:50: Using D:\Work\research\FileX\.venv-ai\Lib\site-packages\rapidocr\models\ch_ptocr_mobile_v2.0_cls_mobile.pth[0m
[32m[INFO] 2026-08-31 20:30:32,862 [RapidOCR] base.py:23: Using engine_name: torch[0m
[32m[INFO] 2026-08-31 20:30:32,862 [RapidOCR] device_config.py:64: Using GPU device with ID: 0[0m
[32m[INFO] 2026-08-31 20:30:32,882 [RapidOCR] download_file.py:60: File exists and is valid: D:\Work\research\FileX\.venv-ai\Lib\site-packages\rapidocr\models\PP-OCRv6_rec_small.pth[0m
[32m[INFO] 2026-08-31 20:30:32,882 [RapidOCR] main.py:50: Using D:\Work\research\FileX\.venv-ai\Lib\site-packages\rapidocr\models\PP-OCRv6_rec_small.pth[0m
[32m[INFO] 2026-08-31 20:30:34,086 [RapidOCR] base.py:23: Using engine_name: torch[0m
[32m[INFO] 2026-08-31 20:30:34,087 [RapidOCR] device_config.py:64: Using GPU device with ID: 0[0m
[32m[INFO] 2026-08-31 20:30:34,100 [RapidOCR] download_file.py:60: File exists and is valid: D:\Work\research\FileX\.venv-ai\Lib\site-packages\rapidocr\models\PP-OCRv6_det_small.pth[0m
[32m[INFO] 2026-08-31 20:30:34,100 [RapidOCR] main.py:50: Using D:\Work\research\FileX\.venv-ai\Lib\site-packages\rapidocr\models\PP-OCRv6_det_small.pth[0m
[32m[INFO] 2026-08-31 20:30:34,488 [RapidOCR] base.py:23: Using engine_name: torch[0m
[32m[INFO] 2026-08-31 20:30:34,489 [RapidOCR] device_config.py:64: Using GPU device with ID: 0[0m
[32m[INFO] 2026-08-31 20:30:34,490 [RapidOCR] download_file.py:60: File exists and is valid: D:\Work\research\FileX\.venv-ai\Lib\site-packages\rapidocr\models\ch_ptocr_mobile_v2.0_cls_mobile.pth[0m
[32m[INFO] 2026-08-31 20:30:34,490 [RapidOCR] main.py:50: Using D:\Work\research\FileX\.venv-ai\Lib\site-packages\rapidocr\models\ch_ptocr_mobile_v2.0_cls_mobile.pth[0m
[32m[INFO] 2026-08-31 20:30:34,689 [RapidOCR] base.py:23: Using engine_name: torch[0m
[32m[INFO] 2026-08-31 20:30:34,690 [RapidOCR] device_config.py:64: Using GPU device with ID: 0[0m
[32m[INFO] 2026-08-31 20:30:34,709 [RapidOCR] download_file.py:60: File exists and is valid: D:\Work\research\FileX\.venv-ai\Lib\site-packages\rapidocr\models\PP-OCRv6_rec_small.pth[0m
[32m[INFO] 2026-08-31 20:30:34,709 [RapidOCR] main.py:50: Using D:\Work\research\FileX\.venv-ai\Lib\site-packages\rapidocr\models\PP-OCRv6_rec_small.pth[0m
[32m[INFO] 2026-08-31 20:30:35,981 [RapidOCR] base.py:23: Using engine_name: torch[0m
[32m[INFO] 2026-08-31 20:30:35,982 [RapidOCR] device_config.py:64: Using GPU device with ID: 0[0m
[32m[INFO] 2026-08-31 20:30:35,994 [RapidOCR] download_file.py:60: File exists and is valid: D:\Work\research\FileX\.venv-ai\Lib\site-packages\rapidocr\models\PP-OCRv6_det_small.pth[0m
[32m[INFO] 2026-08-31 20:30:35,994 [RapidOCR] main.py:50: Using D:\Work\research\FileX\.venv-ai\Lib\site-packages\rapidocr\models\PP-OCRv6_det_small.pth[0m
[32m[INFO] 2026-08-31 20:30:36,560 [RapidOCR] base.py:23: Using engine_name: torch[0m
[32m[INFO] 2026-08-31 20:30:36,561 [RapidOCR] device_config.py:64: Using GPU device with ID: 0[0m
[32m[INFO] 2026-08-31 20:30:36,562 [RapidOCR] download_file.py:60: File exists and is valid: D:\Work\research\FileX\.venv-ai\Lib\site-packages\rapidocr\models\ch_ptocr_mobile_v2.0_cls_mobile.pth[0m
[32m[INFO] 2026-08-31 20:30:36,562 [RapidOCR] main.py:50: Using D:\Work\research\FileX\.venv-ai\Lib\site-packages\rapidocr\models\ch_ptocr_mobile_v2.0_cls_mobile.pth[0m
[32m[INFO] 2026-08-31 20:30:36,762 [RapidOCR] base.py:23: Using engine_name: torch[0m
[32m[INFO] 2026-08-31 20:30:36,763 [RapidOCR] device_config.py:64: Using GPU device with ID: 0[0m
[32m[INFO] 2026-08-31 20:30:36,785 [RapidOCR] download_file.py:60: File exists and is valid: D:\Work\research\FileX\.venv-ai\Lib\site-packages\rapidocr\models\PP-OCRv6_rec_small.pth[0m
[32m[INFO] 2026-08-31 20:30:36,785 [RapidOCR] main.py:50: Using D:\Work\research\FileX\.venv-ai\Lib\site-packages\rapidocr\models\PP-OCRv6_rec_small.pth[0m
[32m[INFO] 2026-08-31 20:30:38,067 [RapidOCR] base.py:23: Using engine_name: torch[0m
[32m[INFO] 2026-08-31 20:30:38,069 [RapidOCR] device_config.py:64: Using GPU device with ID: 0[0m
[32m[INFO] 2026-08-31 20:30:38,079 [RapidOCR] download_file.py:60: File exists and is valid: D:\Work\research\FileX\.venv-ai\Lib\site-packages\rapidocr\models\PP-OCRv6_det_small.pth[0m
[32m[INFO] 2026-08-31 20:30:38,079 [RapidOCR] main.py:50: Using D:\Work\research\FileX\.venv-ai\Lib\site-packages\rapidocr\models\PP-OCRv6_det_small.pth[0m
[32m[INFO] 2026-08-31 20:30:38,319 [RapidOCR] base.py:23: Using engine_name: torch[0m
[32m[INFO] 2026-08-31 20:30:38,319 [RapidOCR] device_config.py:64: Using GPU device with ID: 0[0m
[32m[INFO] 2026-08-31 20:30:38,321 [RapidOCR] download_file.py:60: File exists and is valid: D:\Work\research\FileX\.venv-ai\Lib\site-packages\rapidocr\models\ch_ptocr_mobile_v2.0_cls_mobile.pth[0m
[32m[INFO] 2026-08-31 20:30:38,321 [RapidOCR] main.py:50: Using D:\Work\research\FileX\.venv-ai\Lib\site-packages\rapidocr\models\ch_ptocr_mobile_v2.0_cls_mobile.pth[0m
[32m[INFO] 2026-08-31 20:30:38,506 [RapidOCR] base.py:23: Using engine_name: torch[0m
[32m[INFO] 2026-08-31 20:30:38,507 [RapidOCR] device_config.py:64: Using GPU device with ID: 0[0m
[32m[INFO] 2026-08-31 20:30:38,532 [RapidOCR] download_file.py:60: File exists and is valid: D:\Work\research\FileX\.venv-ai\Lib\site-packages\rapidocr\models\PP-OCRv6_rec_small.pth[0m
[32m[INFO] 2026-08-31 20:30:38,532 [RapidOCR] main.py:50: Using D:\Work\research\FileX\.venv-ai\Lib\site-packages\rapidocr\models\PP-OCRv6_rec_small.pth[0m
{"config": "docling-def", "doc": "escaneado_d5b", "ppp_nativo": 60, "ppp": 60, "factor": 1.0, "png": "ppp060__escaneado_d5b.png", "png_identify": "388x531 23.620000000000000995,23.620000000000000995 PixelsPerCentimeter", "preflight": {"vram_libre_mib": 8605, "mpx_actual": 0.206, "mpx_pendiente_ordenada": 0}, "entrada": "PDF via Docling; scale explicita", "dispositivo": "GPU CUDA", "rc": [1, 1, 1, 1, 1, 1, 1, 1, 1], "error": ["FileNotFoundError: [WinError 3] El sistema no puede encontrar la ruta especificada: '\\\\\\\\?\\\\\\\\wsl.localhost\\\\Ubuntu\\\\'", "FileNotFoundError: [WinError 3] El sistema no puede encontrar la ruta especificada: '\\\\\\\\?\\\\\\\\wsl.localhost\\\\Ubuntu\\\\'", "FileNotFoundError: [WinError 3] El sistema no puede encontrar la ruta especificada: '\\\\\\\\?\\\\\\\\wsl.localhost\\\\Ubuntu\\\\'", "FileNotFoundError: [WinError 3] El sistema no puede encontrar la ruta especificada: '\\\\\\\\?\\\\\\\\wsl.localhost\\\\Ubuntu\\\\'", "FileNotFoundError: [WinError 3] El sistema no puede encontrar la ruta especificada: '\\\\\\\\?\\\\\\\\wsl.localhost\\\\Ubuntu\\\\'", "FileNotFoundError: [WinError 3] El sistema no puede encontrar la ruta especificada: '\\\\\\\\?\\\\\\\\wsl.localhost\\\\Ubuntu\\\\'", "FileNotFoundError: [WinError 3] El sistema no puede encontrar la ruta especificada: '\\\\\\\\?\\\\\\\\wsl.localhost\\\\Ubuntu\\\\'", "FileNotFoundError: [WinError 3] El sistema no puede encontrar la ruta especificada: '\\\\\\\\?\\\\\\\\wsl.localhost\\\\Ubuntu\\\\'", "FileNotFoundError: [WinError 3] El sistema no puede encontrar la ruta especificada: '\\\\\\\\?\\\\\\\\wsl.localhost\\\\Ubuntu\\\\'"], "n": 9, "ms_mediana": 1762.7, "determinista": true, "metrica": "acentos", "cer_pct": 100.0, "cer_acentos_pct": 100.0, "cer_ciego_pct": 100.0, "dist_acentos": 596, "texto": "docling-def__ppp060__escaneado_d5b.txt"}
[32m[INFO] 2026-08-31 20:30:39,878 [RapidOCR] base.py:23: Using engine_name: torch[0m
[32m[INFO] 2026-08-31 20:30:39,878 [RapidOCR] device_config.py:64: Using GPU device with ID: 0[0m
[32m[INFO] 2026-08-31 20:30:39,889 [RapidOCR] download_file.py:60: File exists and is valid: D:\Work\research\FileX\.venv-ai\Lib\site-packages\rapidocr\models\PP-OCRv6_det_small.pth[0m
[32m[INFO] 2026-08-31 20:30:39,889 [RapidOCR] main.py:50: Using D:\Work\research\FileX\.venv-ai\Lib\site-packages\rapidocr\models\PP-OCRv6_det_small.pth[0m
[32m[INFO] 2026-08-31 20:30:40,163 [RapidOCR] base.py:23: Using engine_name: torch[0m
[32m[INFO] 2026-08-31 20:30:40,164 [RapidOCR] device_config.py:64: Using GPU device with ID: 0[0m
[32m[INFO] 2026-08-31 20:30:40,166 [RapidOCR] download_file.py:60: File exists and is valid: D:\Work\research\FileX\.venv-ai\Lib\site-packages\rapidocr\models\ch_ptocr_mobile_v2.0_cls_mobile.pth[0m
[32m[INFO] 2026-08-31 20:30:40,166 [RapidOCR] main.py:50: Using D:\Work\research\FileX\.venv-ai\Lib\site-packages\rapidocr\models\ch_ptocr_mobile_v2.0_cls_mobile.pth[0m
[32m[INFO] 2026-08-31 20:30:40,354 [RapidOCR] base.py:23: Using engine_name: torch[0m
[32m[INFO] 2026-08-31 20:30:40,354 [RapidOCR] device_config.py:64: Using GPU device with ID: 0[0m
[32m[INFO] 2026-08-31 20:30:40,375 [RapidOCR] download_file.py:60: File exists and is valid: D:\Work\research\FileX\.venv-ai\Lib\site-packages\rapidocr\models\PP-OCRv6_rec_small.pth[0m
[32m[INFO] 2026-08-31 20:30:40,375 [RapidOCR] main.py:50: Using D:\Work\research\FileX\.venv-ai\Lib\site-packages\rapidocr\models\PP-OCRv6_rec_small.pth[0m
[32m[INFO] 2026-08-31 20:30:41,497 [RapidOCR] base.py:23: Using engine_name: torch[0m
[32m[INFO] 2026-08-31 20:30:41,498 [RapidOCR] device_config.py:64: Using GPU device with ID: 0[0m
[32m[INFO] 2026-08-31 20:30:41,508 [RapidOCR] download_file.py:60: File exists and is valid: D:\Work\research\FileX\.venv-ai\Lib\site-packages\rapidocr\models\PP-OCRv6_det_small.pth[0m
[32m[INFO] 2026-08-31 20:30:41,508 [RapidOCR] main.py:50: Using D:\Work\research\FileX\.venv-ai\Lib\site-packages\rapidocr\models\PP-OCRv6_det_small.pth[0m
[32m[INFO] 2026-08-31 20:30:41,772 [RapidOCR] base.py:23: Using engine_name: torch[0m
[32m[INFO] 2026-08-31 20:30:41,772 [RapidOCR] device_config.py:64: Using GPU device with ID: 0[0m
[32m[INFO] 2026-08-31 20:30:41,773 [RapidOCR] download_file.py:60: File exists and is valid: D:\Work\research\FileX\.venv-ai\Lib\site-packages\rapidocr\models\ch_ptocr_mobile_v2.0_cls_mobile.pth[0m
[32m[INFO] 2026-08-31 20:30:41,773 [RapidOCR] main.py:50: Using D:\Work\research\FileX\.venv-ai\Lib\site-packages\rapidocr\models\ch_ptocr_mobile_v2.0_cls_mobile.pth[0m
[32m[INFO] 2026-08-31 20:30:42,270 [RapidOCR] base.py:23: Using engine_name: torch[0m
[32m[INFO] 2026-08-31 20:30:42,271 [RapidOCR] device_config.py:64: Using GPU device with ID: 0[0m
[32m[INFO] 2026-08-31 20:30:42,291 [RapidOCR] download_file.py:60: File exists and is valid: D:\Work\research\FileX\.venv-ai\Lib\site-packages\rapidocr\models\PP-OCRv6_rec_small.pth[0m
[32m[INFO] 2026-08-31 20:30:42,292 [RapidOCR] main.py:50: Using D:\Work\research\FileX\.venv-ai\Lib\site-packages\rapidocr\models\PP-OCRv6_rec_small.pth[0m
[32m[INFO] 2026-08-31 20:30:43,514 [RapidOCR] base.py:23: Using engine_name: torch[0m
[32m[INFO] 2026-08-31 20:30:43,514 [RapidOCR] device_config.py:64: Using GPU device with ID: 0[0m
[32m[INFO] 2026-08-31 20:30:43,525 [RapidOCR] download_file.py:60: File exists and is valid: D:\Work\research\FileX\.venv-ai\Lib\site-packages\rapidocr\models\PP-OCRv6_det_small.pth[0m
[32m[INFO] 2026-08-31 20:30:43,526 [RapidOCR] main.py:50: Using D:\Work\research\FileX\.venv-ai\Lib\site-packages\rapidocr\models\PP-OCRv6_det_small.pth[0m
[32m[INFO] 2026-08-31 20:30:43,796 [RapidOCR] base.py:23: Using engine_name: torch[0m
[32m[INFO] 2026-08-31 20:30:43,797 [RapidOCR] device_config.py:64: Using GPU device with ID: 0[0m
[32m[INFO] 2026-08-31 20:30:43,798 [RapidOCR] download_file.py:60: File exists and is valid: D:\Work\research\FileX\.venv-ai\Lib\site-packages\rapidocr\models\ch_ptocr_mobile_v2.0_cls_mobile.pth[0m
[32m[INFO] 2026-08-31 20:30:43,798 [RapidOCR] main.py:50: Using D:\Work\research\FileX\.venv-ai\Lib\site-packages\rapidocr\models\ch_ptocr_mobile_v2.0_cls_mobile.pth[0m
[32m[INFO] 2026-08-31 20:30:43,985 [RapidOCR] base.py:23: Using engine_name: torch[0m
[32m[INFO] 2026-08-31 20:30:43,985 [RapidOCR] device_config.py:64: Using GPU device with ID: 0[0m
[32m[INFO] 2026-08-31 20:30:44,004 [RapidOCR] download_file.py:60: File exists and is valid: D:\Work\research\FileX\.venv-ai\Lib\site-packages\rapidocr\models\PP-OCRv6_rec_small.pth[0m
[32m[INFO] 2026-08-31 20:30:44,004 [RapidOCR] main.py:50: Using D:\Work\research\FileX\.venv-ai\Lib\site-packages\rapidocr\models\PP-OCRv6_rec_small.pth[0m
[32m[INFO] 2026-08-31 20:30:45,304 [RapidOCR] base.py:23: Using engine_name: torch[0m
[32m[INFO] 2026-08-31 20:30:45,305 [RapidOCR] device_config.py:64: Using GPU device with ID: 0[0m
[32m[INFO] 2026-08-31 20:30:45,318 [RapidOCR] download_file.py:60: File exists and is valid: D:\Work\research\FileX\.venv-ai\Lib\site-packages\rapidocr\models\PP-OCRv6_det_small.pth[0m
[32m[INFO] 2026-08-31 20:30:45,319 [RapidOCR] main.py:50: Using D:\Work\research\FileX\.venv-ai\Lib\site-packages\rapidocr\models\PP-OCRv6_det_small.pth[0m
[32m[INFO] 2026-08-31 20:30:45,643 [RapidOCR] base.py:23: Using engine_name: torch[0m
[32m[INFO] 2026-08-31 20:30:45,644 [RapidOCR] device_config.py:64: Using GPU device with ID: 0[0m
[32m[INFO] 2026-08-31 20:30:45,646 [RapidOCR] download_file.py:60: File exists and is valid: D:\Work\research\FileX\.venv-ai\Lib\site-packages\rapidocr\models\ch_ptocr_mobile_v2.0_cls_mobile.pth[0m
[32m[INFO] 2026-08-31 20:30:45,646 [RapidOCR] main.py:50: Using D:\Work\research\FileX\.venv-ai\Lib\site-packages\rapidocr\models\ch_ptocr_mobile_v2.0_cls_mobile.pth[0m
[32m[INFO] 2026-08-31 20:30:45,812 [RapidOCR] base.py:23: Using engine_name: torch[0m
[32m[INFO] 2026-08-31 20:30:45,813 [RapidOCR] device_config.py:64: Using GPU device with ID: 0[0m
[32m[INFO] 2026-08-31 20:30:45,834 [RapidOCR] download_file.py:60: File exists and is valid: D:\Work\research\FileX\.venv-ai\Lib\site-packages\rapidocr\models\PP-OCRv6_rec_small.pth[0m
[32m[INFO] 2026-08-31 20:30:45,834 [RapidOCR] main.py:50: Using D:\Work\research\FileX\.venv-ai\Lib\site-packages\rapidocr\models\PP-OCRv6_rec_small.pth[0m
[32m[INFO] 2026-08-31 20:30:47,028 [RapidOCR] base.py:23: Using engine_name: torch[0m
[32m[INFO] 2026-08-31 20:30:47,028 [RapidOCR] device_config.py:64: Using GPU device with ID: 0[0m
[32m[INFO] 2026-08-31 20:30:47,039 [RapidOCR] download_file.py:60: File exists and is valid: D:\Work\research\FileX\.venv-ai\Lib\site-packages\rapidocr\models\PP-OCRv6_det_small.pth[0m
[32m[INFO] 2026-08-31 20:30:47,040 [RapidOCR] main.py:50: Using D:\Work\research\FileX\.venv-ai\Lib\site-packages\rapidocr\models\PP-OCRv6_det_small.pth[0m
[32m[INFO] 2026-08-31 20:30:47,500 [RapidOCR] base.py:23: Using engine_name: torch[0m
[32m[INFO] 2026-08-31 20:30:47,501 [RapidOCR] device_config.py:64: Using GPU device with ID: 0[0m
[32m[INFO] 2026-08-31 20:30:47,503 [RapidOCR] download_file.py:60: File exists and is valid: D:\Work\research\FileX\.venv-ai\Lib\site-packages\rapidocr\models\ch_ptocr_mobile_v2.0_cls_mobile.pth[0m
[32m[INFO] 2026-08-31 20:30:47,503 [RapidOCR] main.py:50: Using D:\Work\research\FileX\.venv-ai\Lib\site-packages\rapidocr\models\ch_ptocr_mobile_v2.0_cls_mobile.pth[0m
[32m[INFO] 2026-08-31 20:30:47,749 [RapidOCR] base.py:23: Using engine_name: torch[0m
[32m[INFO] 2026-08-31 20:30:47,750 [RapidOCR] device_config.py:64: Using GPU device with ID: 0[0m
[32m[INFO] 2026-08-31 20:30:47,777 [RapidOCR] download_file.py:60: File exists and is valid: D:\Work\research\FileX\.venv-ai\Lib\site-packages\rapidocr\models\PP-OCRv6_rec_small.pth[0m
[32m[INFO] 2026-08-31 20:30:47,777 [RapidOCR] main.py:50: Using D:\Work\research\FileX\.venv-ai\Lib\site-packages\rapidocr\models\PP-OCRv6_rec_small.pth[0m
[32m[INFO] 2026-08-31 20:30:49,328 [RapidOCR] base.py:23: Using engine_name: torch[0m
[32m[INFO] 2026-08-31 20:30:49,329 [RapidOCR] device_config.py:64: Using GPU device with ID: 0[0m
[32m[INFO] 2026-08-31 20:30:49,340 [RapidOCR] download_file.py:60: File exists and is valid: D:\Work\research\FileX\.venv-ai\Lib\site-packages\rapidocr\models\PP-OCRv6_det_small.pth[0m
[32m[INFO] 2026-08-31 20:30:49,341 [RapidOCR] main.py:50: Using D:\Work\research\FileX\.venv-ai\Lib\site-packages\rapidocr\models\PP-OCRv6_det_small.pth[0m
[32m[INFO] 2026-08-31 20:30:49,682 [RapidOCR] base.py:23: Using engine_name: torch[0m
[32m[INFO] 2026-08-31 20:30:49,685 [RapidOCR] device_config.py:64: Using GPU device with ID: 0[0m
[32m[INFO] 2026-08-31 20:30:49,689 [RapidOCR] download_file.py:60: File exists and is valid: D:\Work\research\FileX\.venv-ai\Lib\site-packages\rapidocr\models\ch_ptocr_mobile_v2.0_cls_mobile.pth[0m
[32m[INFO] 2026-08-31 20:30:49,689 [RapidOCR] main.py:50: Using D:\Work\research\FileX\.venv-ai\Lib\site-packages\rapidocr\models\ch_ptocr_mobile_v2.0_cls_mobile.pth[0m
[32m[INFO] 2026-08-31 20:30:49,928 [RapidOCR] base.py:23: Using engine_name: torch[0m
[32m[INFO] 2026-08-31 20:30:49,928 [RapidOCR] device_config.py:64: Using GPU device with ID: 0[0m
[32m[INFO] 2026-08-31 20:30:49,953 [RapidOCR] download_file.py:60: File exists and is valid: D:\Work\research\FileX\.venv-ai\Lib\site-packages\rapidocr\models\PP-OCRv6_rec_small.pth[0m
[32m[INFO] 2026-08-31 20:30:49,953 [RapidOCR] main.py:50: Using D:\Work\research\FileX\.venv-ai\Lib\site-packages\rapidocr\models\PP-OCRv6_rec_small.pth[0m
[32m[INFO] 2026-08-31 20:30:51,115 [RapidOCR] base.py:23: Using engine_name: torch[0m
[32m[INFO] 2026-08-31 20:30:51,116 [RapidOCR] device_config.py:64: Using GPU device with ID: 0[0m
[32m[INFO] 2026-08-31 20:30:51,126 [RapidOCR] download_file.py:60: File exists and is valid: D:\Work\research\FileX\.venv-ai\Lib\site-packages\rapidocr\models\PP-OCRv6_det_small.pth[0m
[32m[INFO] 2026-08-31 20:30:51,126 [RapidOCR] main.py:50: Using D:\Work\research\FileX\.venv-ai\Lib\site-packages\rapidocr\models\PP-OCRv6_det_small.pth[0m
[32m[INFO] 2026-08-31 20:30:51,386 [RapidOCR] base.py:23: Using engine_name: torch[0m
[32m[INFO] 2026-08-31 20:30:51,387 [RapidOCR] device_config.py:64: Using GPU device with ID: 0[0m
[32m[INFO] 2026-08-31 20:30:51,390 [RapidOCR] download_file.py:60: File exists and is valid: D:\Work\research\FileX\.venv-ai\Lib\site-packages\rapidocr\models\ch_ptocr_mobile_v2.0_cls_mobile.pth[0m
[32m[INFO] 2026-08-31 20:30:51,390 [RapidOCR] main.py:50: Using D:\Work\research\FileX\.venv-ai\Lib\site-packages\rapidocr\models\ch_ptocr_mobile_v2.0_cls_mobile.pth[0m
[32m[INFO] 2026-08-31 20:30:51,549 [RapidOCR] base.py:23: Using engine_name: torch[0m
[32m[INFO] 2026-08-31 20:30:51,550 [RapidOCR] device_config.py:64: Using GPU device with ID: 0[0m
[32m[INFO] 2026-08-31 20:30:51,575 [RapidOCR] download_file.py:60: File exists and is valid: D:\Work\research\FileX\.venv-ai\Lib\site-packages\rapidocr\models\PP-OCRv6_rec_small.pth[0m
[32m[INFO] 2026-08-31 20:30:51,575 [RapidOCR] main.py:50: Using D:\Work\research\FileX\.venv-ai\Lib\site-packages\rapidocr\models\PP-OCRv6_rec_small.pth[0m
[32m[INFO] 2026-08-31 20:30:52,779 [RapidOCR] base.py:23: Using engine_name: torch[0m
[32m[INFO] 2026-08-31 20:30:52,780 [RapidOCR] device_config.py:64: Using GPU device with ID: 0[0m
[32m[INFO] 2026-08-31 20:30:52,792 [RapidOCR] download_file.py:60: File exists and is valid: D:\Work\research\FileX\.venv-ai\Lib\site-packages\rapidocr\models\PP-OCRv6_det_small.pth[0m
[32m[INFO] 2026-08-31 20:30:52,792 [RapidOCR] main.py:50: Using D:\Work\research\FileX\.venv-ai\Lib\site-packages\rapidocr\models\PP-OCRv6_det_small.pth[0m
[32m[INFO] 2026-08-31 20:30:53,090 [RapidOCR] base.py:23: Using engine_name: torch[0m
[32m[INFO] 2026-08-31 20:30:53,091 [RapidOCR] device_config.py:64: Using GPU device with ID: 0[0m
[32m[INFO] 2026-08-31 20:30:53,092 [RapidOCR] download_file.py:60: File exists and is valid: D:\Work\research\FileX\.venv-ai\Lib\site-packages\rapidocr\models\ch_ptocr_mobile_v2.0_cls_mobile.pth[0m
[32m[INFO] 2026-08-31 20:30:53,092 [RapidOCR] main.py:50: Using D:\Work\research\FileX\.venv-ai\Lib\site-packages\rapidocr\models\ch_ptocr_mobile_v2.0_cls_mobile.pth[0m
[32m[INFO] 2026-08-31 20:30:53,257 [RapidOCR] base.py:23: Using engine_name: torch[0m
[32m[INFO] 2026-08-31 20:30:53,257 [RapidOCR] device_config.py:64: Using GPU device with ID: 0[0m
[32m[INFO] 2026-08-31 20:30:53,276 [RapidOCR] download_file.py:60: File exists and is valid: D:\Work\research\FileX\.venv-ai\Lib\site-packages\rapidocr\models\PP-OCRv6_rec_small.pth[0m
[32m[INFO] 2026-08-31 20:30:53,276 [RapidOCR] main.py:50: Using D:\Work\research\FileX\.venv-ai\Lib\site-packages\rapidocr\models\PP-OCRv6_rec_small.pth[0m
[32m[INFO] 2026-08-31 20:30:54,664 [RapidOCR] base.py:23: Using engine_name: torch[0m
[32m[INFO] 2026-08-31 20:30:54,664 [RapidOCR] device_config.py:64: Using GPU device with ID: 0[0m
[32m[INFO] 2026-08-31 20:30:54,674 [RapidOCR] download_file.py:60: File exists and is valid: D:\Work\research\FileX\.venv-ai\Lib\site-packages\rapidocr\models\PP-OCRv6_det_small.pth[0m
[32m[INFO] 2026-08-31 20:30:54,675 [RapidOCR] main.py:50: Using D:\Work\research\FileX\.venv-ai\Lib\site-packages\rapidocr\models\PP-OCRv6_det_small.pth[0m
[32m[INFO] 2026-08-31 20:30:54,963 [RapidOCR] base.py:23: Using engine_name: torch[0m
[32m[INFO] 2026-08-31 20:30:54,964 [RapidOCR] device_config.py:64: Using GPU device with ID: 0[0m
[32m[INFO] 2026-08-31 20:30:54,966 [RapidOCR] download_file.py:60: File exists and is valid: D:\Work\research\FileX\.venv-ai\Lib\site-packages\rapidocr\models\ch_ptocr_mobile_v2.0_cls_mobile.pth[0m
[32m[INFO] 2026-08-31 20:30:54,966 [RapidOCR] main.py:50: Using D:\Work\research\FileX\.venv-ai\Lib\site-packages\rapidocr\models\ch_ptocr_mobile_v2.0_cls_mobile.pth[0m
[32m[INFO] 2026-08-31 20:30:55,188 [RapidOCR] base.py:23: Using engine_name: torch[0m
[32m[INFO] 2026-08-31 20:30:55,189 [RapidOCR] device_config.py:64: Using GPU device with ID: 0[0m
[32m[INFO] 2026-08-31 20:30:55,212 [RapidOCR] download_file.py:60: File exists and is valid: D:\Work\research\FileX\.venv-ai\Lib\site-packages\rapidocr\models\PP-OCRv6_rec_small.pth[0m
[32m[INFO] 2026-08-31 20:30:55,212 [RapidOCR] main.py:50: Using D:\Work\research\FileX\.venv-ai\Lib\site-packages\rapidocr\models\PP-OCRv6_rec_small.pth[0m
[32m[INFO] 2026-08-31 20:30:56,461 [RapidOCR] base.py:23: Using engine_name: torch[0m
[32m[INFO] 2026-08-31 20:30:56,462 [RapidOCR] device_config.py:64: Using GPU device with ID: 0[0m
[32m[INFO] 2026-08-31 20:30:56,472 [RapidOCR] download_file.py:60: File exists and is valid: D:\Work\research\FileX\.venv-ai\Lib\site-packages\rapidocr\models\PP-OCRv6_det_small.pth[0m
[32m[INFO] 2026-08-31 20:30:56,473 [RapidOCR] main.py:50: Using D:\Work\research\FileX\.venv-ai\Lib\site-packages\rapidocr\models\PP-OCRv6_det_small.pth[0m
[32m[INFO] 2026-08-31 20:30:56,756 [RapidOCR] base.py:23: Using engine_name: torch[0m
[32m[INFO] 2026-08-31 20:30:56,757 [RapidOCR] device_config.py:64: Using GPU device with ID: 0[0m
[32m[INFO] 2026-08-31 20:30:56,758 [RapidOCR] download_file.py:60: File exists and is valid: D:\Work\research\FileX\.venv-ai\Lib\site-packages\rapidocr\models\ch_ptocr_mobile_v2.0_cls_mobile.pth[0m
[32m[INFO] 2026-08-31 20:30:56,758 [RapidOCR] main.py:50: Using D:\Work\research\FileX\.venv-ai\Lib\site-packages\rapidocr\models\ch_ptocr_mobile_v2.0_cls_mobile.pth[0m
[32m[INFO] 2026-08-31 20:30:56,988 [RapidOCR] base.py:23: Using engine_name: torch[0m
[32m[INFO] 2026-08-31 20:30:56,989 [RapidOCR] device_config.py:64: Using GPU device with ID: 0[0m
[32m[INFO] 2026-08-31 20:30:57,014 [RapidOCR] download_file.py:60: File exists and is valid: D:\Work\research\FileX\.venv-ai\Lib\site-packages\rapidocr\models\PP-OCRv6_rec_small.pth[0m
[32m[INFO] 2026-08-31 20:30:57,015 [RapidOCR] main.py:50: Using D:\Work\research\FileX\.venv-ai\Lib\site-packages\rapidocr\models\PP-OCRv6_rec_small.pth[0m
{"config": "docling-def", "doc": "escaneado_d5b", "ppp_nativo": 60, "ppp": 100, "factor": 1.667, "png": "ppp100__escaneado_d5b.png", "png_identify": "647x885 39.369999999999997442,39.369999999999997442 PixelsPerCentimeter", "preflight": {"vram_libre_mib": 8523, "mpx_actual": 0.573, "mpx_pendiente_ordenada": 0}, "entrada": "PDF via Docling; scale explicita", "dispositivo": "GPU CUDA", "rc": [1, 1, 1, 1, 1, 1, 1, 1, 1], "error": ["FileNotFoundError: [WinError 3] El sistema no puede encontrar la ruta especificada: '\\\\\\\\?\\\\\\\\wsl.localhost\\\\Ubuntu\\\\'", "FileNotFoundError: [WinError 3] El sistema no puede encontrar la ruta especificada: '\\\\\\\\?\\\\\\\\wsl.localhost\\\\Ubuntu\\\\'", "FileNotFoundError: [WinError 3] El sistema no puede encontrar la ruta especificada: '\\\\\\\\?\\\\\\\\wsl.localhost\\\\Ubuntu\\\\'", "FileNotFoundError: [WinError 3] El sistema no puede encontrar la ruta especificada: '\\\\\\\\?\\\\\\\\wsl.localhost\\\\Ubuntu\\\\'", "FileNotFoundError: [WinError 3] El sistema no puede encontrar la ruta especificada: '\\\\\\\\?\\\\\\\\wsl.localhost\\\\Ubuntu\\\\'", "FileNotFoundError: [WinError 3] El sistema no puede encontrar la ruta especificada: '\\\\\\\\?\\\\\\\\wsl.localhost\\\\Ubuntu\\\\'", "FileNotFoundError: [WinError 3] El sistema no puede encontrar la ruta especificada: '\\\\\\\\?\\\\\\\\wsl.localhost\\\\Ubuntu\\\\'", "FileNotFoundError: [WinError 3] El sistema no puede encontrar la ruta especificada: '\\\\\\\\?\\\\\\\\wsl.localhost\\\\Ubuntu\\\\'", "FileNotFoundError: [WinError 3] El sistema no puede encontrar la ruta especificada: '\\\\\\\\?\\\\\\\\wsl.localhost\\\\Ubuntu\\\\'"], "n": 9, "ms_mediana": 1842.3, "determinista": true, "metrica": "acentos", "cer_pct": 100.0, "cer_acentos_pct": 100.0, "cer_ciego_pct": 100.0, "dist_acentos": 596, "texto": "docling-def__ppp100__escaneado_d5b.txt"}
[32m[INFO] 2026-08-31 20:30:58,364 [RapidOCR] base.py:23: Using engine_name: torch[0m
[32m[INFO] 2026-08-31 20:30:58,365 [RapidOCR] device_config.py:64: Using GPU device with ID: 0[0m
[32m[INFO] 2026-08-31 20:30:58,374 [RapidOCR] download_file.py:60: File exists and is valid: D:\Work\research\FileX\.venv-ai\Lib\site-packages\rapidocr\models\PP-OCRv6_det_small.pth[0m
[32m[INFO] 2026-08-31 20:30:58,374 [RapidOCR] main.py:50: Using D:\Work\research\FileX\.venv-ai\Lib\site-packages\rapidocr\models\PP-OCRv6_det_small.pth[0m
[32m[INFO] 2026-08-31 20:30:58,784 [RapidOCR] base.py:23: Using engine_name: torch[0m
[32m[INFO] 2026-08-31 20:30:58,785 [RapidOCR] device_config.py:64: Using GPU device with ID: 0[0m
[32m[INFO] 2026-08-31 20:30:58,787 [RapidOCR] download_file.py:60: File exists and is valid: D:\Work\research\FileX\.venv-ai\Lib\site-packages\rapidocr\models\ch_ptocr_mobile_v2.0_cls_mobile.pth[0m
[32m[INFO] 2026-08-31 20:30:58,787 [RapidOCR] main.py:50: Using D:\Work\research\FileX\.venv-ai\Lib\site-packages\rapidocr\models\ch_ptocr_mobile_v2.0_cls_mobile.pth[0m
[32m[INFO] 2026-08-31 20:30:59,242 [RapidOCR] base.py:23: Using engine_name: torch[0m
[32m[INFO] 2026-08-31 20:30:59,243 [RapidOCR] device_config.py:64: Using GPU device with ID: 0[0m
[32m[INFO] 2026-08-31 20:30:59,269 [RapidOCR] download_file.py:60: File exists and is valid: D:\Work\research\FileX\.venv-ai\Lib\site-packages\rapidocr\models\PP-OCRv6_rec_small.pth[0m
[32m[INFO] 2026-08-31 20:30:59,269 [RapidOCR] main.py:50: Using D:\Work\research\FileX\.venv-ai\Lib\site-packages\rapidocr\models\PP-OCRv6_rec_small.pth[0m
[32m[INFO] 2026-08-31 20:31:00,795 [RapidOCR] base.py:23: Using engine_name: torch[0m
[32m[INFO] 2026-08-31 20:31:00,796 [RapidOCR] device_config.py:64: Using GPU device with ID: 0[0m
[32m[INFO] 2026-08-31 20:31:00,805 [RapidOCR] download_file.py:60: File exists and is valid: D:\Work\research\FileX\.venv-ai\Lib\site-packages\rapidocr\models\PP-OCRv6_det_small.pth[0m
[32m[INFO] 2026-08-31 20:31:00,805 [RapidOCR] main.py:50: Using D:\Work\research\FileX\.venv-ai\Lib\site-packages\rapidocr\models\PP-OCRv6_det_small.pth[0m
[32m[INFO] 2026-08-31 20:31:01,042 [RapidOCR] base.py:23: Using engine_name: torch[0m
[32m[INFO] 2026-08-31 20:31:01,043 [RapidOCR] device_config.py:64: Using GPU device with ID: 0[0m
[32m[INFO] 2026-08-31 20:31:01,044 [RapidOCR] download_file.py:60: File exists and is valid: D:\Work\research\FileX\.venv-ai\Lib\site-packages\rapidocr\models\ch_ptocr_mobile_v2.0_cls_mobile.pth[0m
[32m[INFO] 2026-08-31 20:31:01,044 [RapidOCR] main.py:50: Using D:\Work\research\FileX\.venv-ai\Lib\site-packages\rapidocr\models\ch_ptocr_mobile_v2.0_cls_mobile.pth[0m
[32m[INFO] 2026-08-31 20:31:01,212 [RapidOCR] base.py:23: Using engine_name: torch[0m
[32m[INFO] 2026-08-31 20:31:01,212 [RapidOCR] device_config.py:64: Using GPU device with ID: 0[0m
[32m[INFO] 2026-08-31 20:31:01,232 [RapidOCR] download_file.py:60: File exists and is valid: D:\Work\research\FileX\.venv-ai\Lib\site-packages\rapidocr\models\PP-OCRv6_rec_small.pth[0m
[32m[INFO] 2026-08-31 20:31:01,233 [RapidOCR] main.py:50: Using D:\Work\research\FileX\.venv-ai\Lib\site-packages\rapidocr\models\PP-OCRv6_rec_small.pth[0m
[32m[INFO] 2026-08-31 20:31:02,410 [RapidOCR] base.py:23: Using engine_name: torch[0m
[32m[INFO] 2026-08-31 20:31:02,411 [RapidOCR] device_config.py:64: Using GPU device with ID: 0[0m
[32m[INFO] 2026-08-31 20:31:02,422 [RapidOCR] download_file.py:60: File exists and is valid: D:\Work\research\FileX\.venv-ai\Lib\site-packages\rapidocr\models\PP-OCRv6_det_small.pth[0m
[32m[INFO] 2026-08-31 20:31:02,422 [RapidOCR] main.py:50: Using D:\Work\research\FileX\.venv-ai\Lib\site-packages\rapidocr\models\PP-OCRv6_det_small.pth[0m
[32m[INFO] 2026-08-31 20:31:02,697 [RapidOCR] base.py:23: Using engine_name: torch[0m
[32m[INFO] 2026-08-31 20:31:02,698 [RapidOCR] device_config.py:64: Using GPU device with ID: 0[0m
[32m[INFO] 2026-08-31 20:31:02,700 [RapidOCR] download_file.py:60: File exists and is valid: D:\Work\research\FileX\.venv-ai\Lib\site-packages\rapidocr\models\ch_ptocr_mobile_v2.0_cls_mobile.pth[0m
[32m[INFO] 2026-08-31 20:31:02,700 [RapidOCR] main.py:50: Using D:\Work\research\FileX\.venv-ai\Lib\site-packages\rapidocr\models\ch_ptocr_mobile_v2.0_cls_mobile.pth[0m
[32m[INFO] 2026-08-31 20:31:02,886 [RapidOCR] base.py:23: Using engine_name: torch[0m
[32m[INFO] 2026-08-31 20:31:02,888 [RapidOCR] device_config.py:64: Using GPU device with ID: 0[0m
[32m[INFO] 2026-08-31 20:31:02,911 [RapidOCR] download_file.py:60: File exists and is valid: D:\Work\research\FileX\.venv-ai\Lib\site-packages\rapidocr\models\PP-OCRv6_rec_small.pth[0m
[32m[INFO] 2026-08-31 20:31:02,911 [RapidOCR] main.py:50: Using D:\Work\research\FileX\.venv-ai\Lib\site-packages\rapidocr\models\PP-OCRv6_rec_small.pth[0m
[32m[INFO] 2026-08-31 20:31:04,110 [RapidOCR] base.py:23: Using engine_name: torch[0m
[32m[INFO] 2026-08-31 20:31:04,111 [RapidOCR] device_config.py:64: Using GPU device with ID: 0[0m
[32m[INFO] 2026-08-31 20:31:04,123 [RapidOCR] download_file.py:60: File exists and is valid: D:\Work\research\FileX\.venv-ai\Lib\site-packages\rapidocr\models\PP-OCRv6_det_small.pth[0m
[32m[INFO] 2026-08-31 20:31:04,124 [RapidOCR] main.py:50: Using D:\Work\research\FileX\.venv-ai\Lib\site-packages\rapidocr\models\PP-OCRv6_det_small.pth[0m
[32m[INFO] 2026-08-31 20:31:04,469 [RapidOCR] base.py:23: Using engine_name: torch[0m
[32m[INFO] 2026-08-31 20:31:04,469 [RapidOCR] device_config.py:64: Using GPU device with ID: 0[0m
[32m[INFO] 2026-08-31 20:31:04,470 [RapidOCR] download_file.py:60: File exists and is valid: D:\Work\research\FileX\.venv-ai\Lib\site-packages\rapidocr\models\ch_ptocr_mobile_v2.0_cls_mobile.pth[0m
[32m[INFO] 2026-08-31 20:31:04,471 [RapidOCR] main.py:50: Using D:\Work\research\FileX\.venv-ai\Lib\site-packages\rapidocr\models\ch_ptocr_mobile_v2.0_cls_mobile.pth[0m
[32m[INFO] 2026-08-31 20:31:04,653 [RapidOCR] base.py:23: Using engine_name: torch[0m
[32m[INFO] 2026-08-31 20:31:04,653 [RapidOCR] device_config.py:64: Using GPU device with ID: 0[0m
[32m[INFO] 2026-08-31 20:31:04,674 [RapidOCR] download_file.py:60: File exists and is valid: D:\Work\research\FileX\.venv-ai\Lib\site-packages\rapidocr\models\PP-OCRv6_rec_small.pth[0m
[32m[INFO] 2026-08-31 20:31:04,674 [RapidOCR] main.py:50: Using D:\Work\research\FileX\.venv-ai\Lib\site-packages\rapidocr\models\PP-OCRv6_rec_small.pth[0m
[32m[INFO] 2026-08-31 20:31:06,031 [RapidOCR] base.py:23: Using engine_name: torch[0m
[32m[INFO] 2026-08-31 20:31:06,032 [RapidOCR] device_config.py:64: Using GPU device with ID: 0[0m
[32m[INFO] 2026-08-31 20:31:06,041 [RapidOCR] download_file.py:60: File exists and is valid: D:\Work\research\FileX\.venv-ai\Lib\site-packages\rapidocr\models\PP-OCRv6_det_small.pth[0m
[32m[INFO] 2026-08-31 20:31:06,041 [RapidOCR] main.py:50: Using D:\Work\research\FileX\.venv-ai\Lib\site-packages\rapidocr\models\PP-OCRv6_det_small.pth[0m
[32m[INFO] 2026-08-31 20:31:06,339 [RapidOCR] base.py:23: Using engine_name: torch[0m
[32m[INFO] 2026-08-31 20:31:06,339 [RapidOCR] device_config.py:64: Using GPU device with ID: 0[0m
[32m[INFO] 2026-08-31 20:31:06,341 [RapidOCR] download_file.py:60: File exists and is valid: D:\Work\research\FileX\.venv-ai\Lib\site-packages\rapidocr\models\ch_ptocr_mobile_v2.0_cls_mobile.pth[0m
[32m[INFO] 2026-08-31 20:31:06,341 [RapidOCR] main.py:50: Using D:\Work\research\FileX\.venv-ai\Lib\site-packages\rapidocr\models\ch_ptocr_mobile_v2.0_cls_mobile.pth[0m
[32m[INFO] 2026-08-31 20:31:06,546 [RapidOCR] base.py:23: Using engine_name: torch[0m
[32m[INFO] 2026-08-31 20:31:06,547 [RapidOCR] device_config.py:64: Using GPU device with ID: 0[0m
[32m[INFO] 2026-08-31 20:31:06,567 [RapidOCR] download_file.py:60: File exists and is valid: D:\Work\research\FileX\.venv-ai\Lib\site-packages\rapidocr\models\PP-OCRv6_rec_small.pth[0m
[32m[INFO] 2026-08-31 20:31:06,567 [RapidOCR] main.py:50: Using D:\Work\research\FileX\.venv-ai\Lib\site-packages\rapidocr\models\PP-OCRv6_rec_small.pth[0m
[32m[INFO] 2026-08-31 20:31:07,774 [RapidOCR] base.py:23: Using engine_name: torch[0m
[32m[INFO] 2026-08-31 20:31:07,774 [RapidOCR] device_config.py:64: Using GPU device with ID: 0[0m
[32m[INFO] 2026-08-31 20:31:07,784 [RapidOCR] download_file.py:60: File exists and is valid: D:\Work\research\FileX\.venv-ai\Lib\site-packages\rapidocr\models\PP-OCRv6_det_small.pth[0m
[32m[INFO] 2026-08-31 20:31:07,784 [RapidOCR] main.py:50: Using D:\Work\research\FileX\.venv-ai\Lib\site-packages\rapidocr\models\PP-OCRv6_det_small.pth[0m
[32m[INFO] 2026-08-31 20:31:08,079 [RapidOCR] base.py:23: Using engine_name: torch[0m
[32m[INFO] 2026-08-31 20:31:08,080 [RapidOCR] device_config.py:64: Using GPU device with ID: 0[0m
[32m[INFO] 2026-08-31 20:31:08,081 [RapidOCR] download_file.py:60: File exists and is valid: D:\Work\research\FileX\.venv-ai\Lib\site-packages\rapidocr\models\ch_ptocr_mobile_v2.0_cls_mobile.pth[0m
[32m[INFO] 2026-08-31 20:31:08,082 [RapidOCR] main.py:50: Using D:\Work\research\FileX\.venv-ai\Lib\site-packages\rapidocr\models\ch_ptocr_mobile_v2.0_cls_mobile.pth[0m
[32m[INFO] 2026-08-31 20:31:08,270 [RapidOCR] base.py:23: Using engine_name: torch[0m
[32m[INFO] 2026-08-31 20:31:08,270 [RapidOCR] device_config.py:64: Using GPU device with ID: 0[0m
[32m[INFO] 2026-08-31 20:31:08,292 [RapidOCR] download_file.py:60: File exists and is valid: D:\Work\research\FileX\.venv-ai\Lib\site-packages\rapidocr\models\PP-OCRv6_rec_small.pth[0m
[32m[INFO] 2026-08-31 20:31:08,293 [RapidOCR] main.py:50: Using D:\Work\research\FileX\.venv-ai\Lib\site-packages\rapidocr\models\PP-OCRv6_rec_small.pth[0m
[32m[INFO] 2026-08-31 20:31:09,531 [RapidOCR] base.py:23: Using engine_name: torch[0m
[32m[INFO] 2026-08-31 20:31:09,531 [RapidOCR] device_config.py:64: Using GPU device with ID: 0[0m
[32m[INFO] 2026-08-31 20:31:09,541 [RapidOCR] download_file.py:60: File exists and is valid: D:\Work\research\FileX\.venv-ai\Lib\site-packages\rapidocr\models\PP-OCRv6_det_small.pth[0m
[32m[INFO] 2026-08-31 20:31:09,541 [RapidOCR] main.py:50: Using D:\Work\research\FileX\.venv-ai\Lib\site-packages\rapidocr\models\PP-OCRv6_det_small.pth[0m
[32m[INFO] 2026-08-31 20:31:09,781 [RapidOCR] base.py:23: Using engine_name: torch[0m
[32m[INFO] 2026-08-31 20:31:09,781 [RapidOCR] device_config.py:64: Using GPU device with ID: 0[0m
[32m[INFO] 2026-08-31 20:31:09,787 [RapidOCR] download_file.py:60: File exists and is valid: D:\Work\research\FileX\.venv-ai\Lib\site-packages\rapidocr\models\ch_ptocr_mobile_v2.0_cls_mobile.pth[0m
[32m[INFO] 2026-08-31 20:31:09,787 [RapidOCR] main.py:50: Using D:\Work\research\FileX\.venv-ai\Lib\site-packages\rapidocr\models\ch_ptocr_mobile_v2.0_cls_mobile.pth[0m
[32m[INFO] 2026-08-31 20:31:09,969 [RapidOCR] base.py:23: Using engine_name: torch[0m
[32m[INFO] 2026-08-31 20:31:09,970 [RapidOCR] device_config.py:64: Using GPU device with ID: 0[0m
[32m[INFO] 2026-08-31 20:31:09,991 [RapidOCR] download_file.py:60: File exists and is valid: D:\Work\research\FileX\.venv-ai\Lib\site-packages\rapidocr\models\PP-OCRv6_rec_small.pth[0m
[32m[INFO] 2026-08-31 20:31:09,991 [RapidOCR] main.py:50: Using D:\Work\research\FileX\.venv-ai\Lib\site-packages\rapidocr\models\PP-OCRv6_rec_small.pth[0m
[32m[INFO] 2026-08-31 20:31:11,099 [RapidOCR] base.py:23: Using engine_name: torch[0m
[32m[INFO] 2026-08-31 20:31:11,099 [RapidOCR] device_config.py:64: Using GPU device with ID: 0[0m
[32m[INFO] 2026-08-31 20:31:11,110 [RapidOCR] download_file.py:60: File exists and is valid: D:\Work\research\FileX\.venv-ai\Lib\site-packages\rapidocr\models\PP-OCRv6_det_small.pth[0m
[32m[INFO] 2026-08-31 20:31:11,110 [RapidOCR] main.py:50: Using D:\Work\research\FileX\.venv-ai\Lib\site-packages\rapidocr\models\PP-OCRv6_det_small.pth[0m
[32m[INFO] 2026-08-31 20:31:11,637 [RapidOCR] base.py:23: Using engine_name: torch[0m
[32m[INFO] 2026-08-31 20:31:11,637 [RapidOCR] device_config.py:64: Using GPU device with ID: 0[0m
[32m[INFO] 2026-08-31 20:31:11,640 [RapidOCR] download_file.py:60: File exists and is valid: D:\Work\research\FileX\.venv-ai\Lib\site-packages\rapidocr\models\ch_ptocr_mobile_v2.0_cls_mobile.pth[0m
[32m[INFO] 2026-08-31 20:31:11,640 [RapidOCR] main.py:50: Using D:\Work\research\FileX\.venv-ai\Lib\site-packages\rapidocr\models\ch_ptocr_mobile_v2.0_cls_mobile.pth[0m
[32m[INFO] 2026-08-31 20:31:11,818 [RapidOCR] base.py:23: Using engine_name: torch[0m
[32m[INFO] 2026-08-31 20:31:11,819 [RapidOCR] device_config.py:64: Using GPU device with ID: 0[0m
[32m[INFO] 2026-08-31 20:31:11,837 [RapidOCR] download_file.py:60: File exists and is valid: D:\Work\research\FileX\.venv-ai\Lib\site-packages\rapidocr\models\PP-OCRv6_rec_small.pth[0m
[32m[INFO] 2026-08-31 20:31:11,838 [RapidOCR] main.py:50: Using D:\Work\research\FileX\.venv-ai\Lib\site-packages\rapidocr\models\PP-OCRv6_rec_small.pth[0m
[32m[INFO] 2026-08-31 20:31:12,937 [RapidOCR] base.py:23: Using engine_name: torch[0m
[32m[INFO] 2026-08-31 20:31:12,937 [RapidOCR] device_config.py:64: Using GPU device with ID: 0[0m
[32m[INFO] 2026-08-31 20:31:12,946 [RapidOCR] download_file.py:60: File exists and is valid: D:\Work\research\FileX\.venv-ai\Lib\site-packages\rapidocr\models\PP-OCRv6_det_small.pth[0m
[32m[INFO] 2026-08-31 20:31:12,946 [RapidOCR] main.py:50: Using D:\Work\research\FileX\.venv-ai\Lib\site-packages\rapidocr\models\PP-OCRv6_det_small.pth[0m
[32m[INFO] 2026-08-31 20:31:13,204 [RapidOCR] base.py:23: Using engine_name: torch[0m
[32m[INFO] 2026-08-31 20:31:13,205 [RapidOCR] device_config.py:64: Using GPU device with ID: 0[0m
[32m[INFO] 2026-08-31 20:31:13,206 [RapidOCR] download_file.py:60: File exists and is valid: D:\Work\research\FileX\.venv-ai\Lib\site-packages\rapidocr\models\ch_ptocr_mobile_v2.0_cls_mobile.pth[0m
[32m[INFO] 2026-08-31 20:31:13,206 [RapidOCR] main.py:50: Using D:\Work\research\FileX\.venv-ai\Lib\site-packages\rapidocr\models\ch_ptocr_mobile_v2.0_cls_mobile.pth[0m
[32m[INFO] 2026-08-31 20:31:13,397 [RapidOCR] base.py:23: Using engine_name: torch[0m
[32m[INFO] 2026-08-31 20:31:13,398 [RapidOCR] device_config.py:64: Using GPU device with ID: 0[0m
[32m[INFO] 2026-08-31 20:31:13,417 [RapidOCR] download_file.py:60: File exists and is valid: D:\Work\research\FileX\.venv-ai\Lib\site-packages\rapidocr\models\PP-OCRv6_rec_small.pth[0m
[32m[INFO] 2026-08-31 20:31:13,417 [RapidOCR] main.py:50: Using D:\Work\research\FileX\.venv-ai\Lib\site-packages\rapidocr\models\PP-OCRv6_rec_small.pth[0m
[32m[INFO] 2026-08-31 20:31:14,560 [RapidOCR] base.py:23: Using engine_name: torch[0m
[32m[INFO] 2026-08-31 20:31:14,561 [RapidOCR] device_config.py:64: Using GPU device with ID: 0[0m
[32m[INFO] 2026-08-31 20:31:14,570 [RapidOCR] download_file.py:60: File exists and is valid: D:\Work\research\FileX\.venv-ai\Lib\site-packages\rapidocr\models\PP-OCRv6_det_small.pth[0m
[32m[INFO] 2026-08-31 20:31:14,570 [RapidOCR] main.py:50: Using D:\Work\research\FileX\.venv-ai\Lib\site-packages\rapidocr\models\PP-OCRv6_det_small.pth[0m
[32m[INFO] 2026-08-31 20:31:14,831 [RapidOCR] base.py:23: Using engine_name: torch[0m
[32m[INFO] 2026-08-31 20:31:14,832 [RapidOCR] device_config.py:64: Using GPU device with ID: 0[0m
[32m[INFO] 2026-08-31 20:31:14,834 [RapidOCR] download_file.py:60: File exists and is valid: D:\Work\research\FileX\.venv-ai\Lib\site-packages\rapidocr\models\ch_ptocr_mobile_v2.0_cls_mobile.pth[0m
[32m[INFO] 2026-08-31 20:31:14,834 [RapidOCR] main.py:50: Using D:\Work\research\FileX\.venv-ai\Lib\site-packages\rapidocr\models\ch_ptocr_mobile_v2.0_cls_mobile.pth[0m
[32m[INFO] 2026-08-31 20:31:15,051 [RapidOCR] base.py:23: Using engine_name: torch[0m
[32m[INFO] 2026-08-31 20:31:15,051 [RapidOCR] device_config.py:64: Using GPU device with ID: 0[0m
[32m[INFO] 2026-08-31 20:31:15,072 [RapidOCR] download_file.py:60: File exists and is valid: D:\Work\research\FileX\.venv-ai\Lib\site-packages\rapidocr\models\PP-OCRv6_rec_small.pth[0m
[32m[INFO] 2026-08-31 20:31:15,072 [RapidOCR] main.py:50: Using D:\Work\research\FileX\.venv-ai\Lib\site-packages\rapidocr\models\PP-OCRv6_rec_small.pth[0m
{"config": "docling-def", "doc": "escaneado_d5b", "ppp_nativo": 60, "ppp": 105, "factor": 1.75, "png": "ppp105__escaneado_d5b.png", "png_identify": "679x929 41.329999999999998295,41.340000000000003411 PixelsPerCentimeter", "preflight": {"vram_libre_mib": 8465, "mpx_actual": 0.631, "mpx_pendiente_ordenada": 0}, "entrada": "PDF via Docling; scale explicita", "dispositivo": "GPU CUDA", "rc": [1, 1, 1, 1, 1, 1, 1, 1, 1], "error": ["FileNotFoundError: [WinError 3] El sistema no puede encontrar la ruta especificada: '\\\\\\\\?\\\\\\\\wsl.localhost\\\\Ubuntu\\\\'", "FileNotFoundError: [WinError 3] El sistema no puede encontrar la ruta especificada: '\\\\\\\\?\\\\\\\\wsl.localhost\\\\Ubuntu\\\\'", "FileNotFoundError: [WinError 3] El sistema no puede encontrar la ruta especificada: '\\\\\\\\?\\\\\\\\wsl.localhost\\\\Ubuntu\\\\'", "FileNotFoundError: [WinError 3] El sistema no puede encontrar la ruta especificada: '\\\\\\\\?\\\\\\\\wsl.localhost\\\\Ubuntu\\\\'", "FileNotFoundError: [WinError 3] El sistema no puede encontrar la ruta especificada: '\\\\\\\\?\\\\\\\\wsl.localhost\\\\Ubuntu\\\\'", "FileNotFoundError: [WinError 3] El sistema no puede encontrar la ruta especificada: '\\\\\\\\?\\\\\\\\wsl.localhost\\\\Ubuntu\\\\'", "FileNotFoundError: [WinError 3] El sistema no puede encontrar la ruta especificada: '\\\\\\\\?\\\\\\\\wsl.localhost\\\\Ubuntu\\\\'", "FileNotFoundError: [WinError 3] El sistema no puede encontrar la ruta especificada: '\\\\\\\\?\\\\\\\\wsl.localhost\\\\Ubuntu\\\\'", "FileNotFoundError: [WinError 3] El sistema no puede encontrar la ruta especificada: '\\\\\\\\?\\\\\\\\wsl.localhost\\\\Ubuntu\\\\'"], "n": 9, "ms_mediana": 1747.3, "determinista": true, "metrica": "acentos", "cer_pct": 100.0, "cer_acentos_pct": 100.0, "cer_ciego_pct": 100.0, "dist_acentos": 596, "texto": "docling-def__ppp105__escaneado_d5b.txt"}
[32m[INFO] 2026-08-31 20:31:16,242 [RapidOCR] base.py:23: Using engine_name: torch[0m
[32m[INFO] 2026-08-31 20:31:16,243 [RapidOCR] device_config.py:64: Using GPU device with ID: 0[0m
[32m[INFO] 2026-08-31 20:31:16,251 [RapidOCR] download_file.py:60: File exists and is valid: D:\Work\research\FileX\.venv-ai\Lib\site-packages\rapidocr\models\PP-OCRv6_det_small.pth[0m
[32m[INFO] 2026-08-31 20:31:16,251 [RapidOCR] main.py:50: Using D:\Work\research\FileX\.venv-ai\Lib\site-packages\rapidocr\models\PP-OCRv6_det_small.pth[0m
[32m[INFO] 2026-08-31 20:31:16,486 [RapidOCR] base.py:23: Using engine_name: torch[0m
[32m[INFO] 2026-08-31 20:31:16,487 [RapidOCR] device_config.py:64: Using GPU device with ID: 0[0m
[32m[INFO] 2026-08-31 20:31:16,489 [RapidOCR] download_file.py:60: File exists and is valid: D:\Work\research\FileX\.venv-ai\Lib\site-packages\rapidocr\models\ch_ptocr_mobile_v2.0_cls_mobile.pth[0m
[32m[INFO] 2026-08-31 20:31:16,489 [RapidOCR] main.py:50: Using D:\Work\research\FileX\.venv-ai\Lib\site-packages\rapidocr\models\ch_ptocr_mobile_v2.0_cls_mobile.pth[0m
[32m[INFO] 2026-08-31 20:31:16,913 [RapidOCR] base.py:23: Using engine_name: torch[0m
[32m[INFO] 2026-08-31 20:31:16,914 [RapidOCR] device_config.py:64: Using GPU device with ID: 0[0m
[32m[INFO] 2026-08-31 20:31:16,931 [RapidOCR] download_file.py:60: File exists and is valid: D:\Work\research\FileX\.venv-ai\Lib\site-packages\rapidocr\models\PP-OCRv6_rec_small.pth[0m
[32m[INFO] 2026-08-31 20:31:16,931 [RapidOCR] main.py:50: Using D:\Work\research\FileX\.venv-ai\Lib\site-packages\rapidocr\models\PP-OCRv6_rec_small.pth[0m
[32m[INFO] 2026-08-31 20:31:17,877 [RapidOCR] base.py:23: Using engine_name: torch[0m
[32m[INFO] 2026-08-31 20:31:17,877 [RapidOCR] device_config.py:64: Using GPU device with ID: 0[0m
[32m[INFO] 2026-08-31 20:31:17,885 [RapidOCR] download_file.py:60: File exists and is valid: D:\Work\research\FileX\.venv-ai\Lib\site-packages\rapidocr\models\PP-OCRv6_det_small.pth[0m
[32m[INFO] 2026-08-31 20:31:17,886 [RapidOCR] main.py:50: Using D:\Work\research\FileX\.venv-ai\Lib\site-packages\rapidocr\models\PP-OCRv6_det_small.pth[0m
[32m[INFO] 2026-08-31 20:31:18,104 [RapidOCR] base.py:23: Using engine_name: torch[0m
[32m[INFO] 2026-08-31 20:31:18,104 [RapidOCR] device_config.py:64: Using GPU device with ID: 0[0m
[32m[INFO] 2026-08-31 20:31:18,105 [RapidOCR] download_file.py:60: File exists and is valid: D:\Work\research\FileX\.venv-ai\Lib\site-packages\rapidocr\models\ch_ptocr_mobile_v2.0_cls_mobile.pth[0m
[32m[INFO] 2026-08-31 20:31:18,106 [RapidOCR] main.py:50: Using D:\Work\research\FileX\.venv-ai\Lib\site-packages\rapidocr\models\ch_ptocr_mobile_v2.0_cls_mobile.pth[0m
[32m[INFO] 2026-08-31 20:31:18,263 [RapidOCR] base.py:23: Using engine_name: torch[0m
[32m[INFO] 2026-08-31 20:31:18,263 [RapidOCR] device_config.py:64: Using GPU device with ID: 0[0m
[32m[INFO] 2026-08-31 20:31:18,282 [RapidOCR] download_file.py:60: File exists and is valid: D:\Work\research\FileX\.venv-ai\Lib\site-packages\rapidocr\models\PP-OCRv6_rec_small.pth[0m
[32m[INFO] 2026-08-31 20:31:18,282 [RapidOCR] main.py:50: Using D:\Work\research\FileX\.venv-ai\Lib\site-packages\rapidocr\models\PP-OCRv6_rec_small.pth[0m
[32m[INFO] 2026-08-31 20:31:19,363 [RapidOCR] base.py:23: Using engine_name: torch[0m
[32m[INFO] 2026-08-31 20:31:19,364 [RapidOCR] device_config.py:64: Using GPU device with ID: 0[0m
[32m[INFO] 2026-08-31 20:31:19,373 [RapidOCR] download_file.py:60: File exists and is valid: D:\Work\research\FileX\.venv-ai\Lib\site-packages\rapidocr\models\PP-OCRv6_det_small.pth[0m
[32m[INFO] 2026-08-31 20:31:19,373 [RapidOCR] main.py:50: Using D:\Work\research\FileX\.venv-ai\Lib\site-packages\rapidocr\models\PP-OCRv6_det_small.pth[0m
[32m[INFO] 2026-08-31 20:31:19,626 [RapidOCR] base.py:23: Using engine_name: torch[0m
[32m[INFO] 2026-08-31 20:31:19,626 [RapidOCR] device_config.py:64: Using GPU device with ID: 0[0m
[32m[INFO] 2026-08-31 20:31:19,627 [RapidOCR] download_file.py:60: File exists and is valid: D:\Work\research\FileX\.venv-ai\Lib\site-packages\rapidocr\models\ch_ptocr_mobile_v2.0_cls_mobile.pth[0m
[32m[INFO] 2026-08-31 20:31:19,628 [RapidOCR] main.py:50: Using D:\Work\research\FileX\.venv-ai\Lib\site-packages\rapidocr\models\ch_ptocr_mobile_v2.0_cls_mobile.pth[0m
[32m[INFO] 2026-08-31 20:31:19,817 [RapidOCR] base.py:23: Using engine_name: torch[0m
[32m[INFO] 2026-08-31 20:31:19,817 [RapidOCR] device_config.py:64: Using GPU device with ID: 0[0m
[32m[INFO] 2026-08-31 20:31:19,838 [RapidOCR] download_file.py:60: File exists and is valid: D:\Work\research\FileX\.venv-ai\Lib\site-packages\rapidocr\models\PP-OCRv6_rec_small.pth[0m
[32m[INFO] 2026-08-31 20:31:19,838 [RapidOCR] main.py:50: Using D:\Work\research\FileX\.venv-ai\Lib\site-packages\rapidocr\models\PP-OCRv6_rec_small.pth[0m
[32m[INFO] 2026-08-31 20:31:21,165 [RapidOCR] base.py:23: Using engine_name: torch[0m
[32m[INFO] 2026-08-31 20:31:21,166 [RapidOCR] device_config.py:64: Using GPU device with ID: 0[0m
[32m[INFO] 2026-08-31 20:31:21,177 [RapidOCR] download_file.py:60: File exists and is valid: D:\Work\research\FileX\.venv-ai\Lib\site-packages\rapidocr\models\PP-OCRv6_det_small.pth[0m
[32m[INFO] 2026-08-31 20:31:21,177 [RapidOCR] main.py:50: Using D:\Work\research\FileX\.venv-ai\Lib\site-packages\rapidocr\models\PP-OCRv6_det_small.pth[0m
[32m[INFO] 2026-08-31 20:31:21,452 [RapidOCR] base.py:23: Using engine_name: torch[0m
[32m[INFO] 2026-08-31 20:31:21,452 [RapidOCR] device_config.py:64: Using GPU device with ID: 0[0m
[32m[INFO] 2026-08-31 20:31:21,454 [RapidOCR] download_file.py:60: File exists and is valid: D:\Work\research\FileX\.venv-ai\Lib\site-packages\rapidocr\models\ch_ptocr_mobile_v2.0_cls_mobile.pth[0m
[32m[INFO] 2026-08-31 20:31:21,454 [RapidOCR] main.py:50: Using D:\Work\research\FileX\.venv-ai\Lib\site-packages\rapidocr\models\ch_ptocr_mobile_v2.0_cls_mobile.pth[0m
[32m[INFO] 2026-08-31 20:31:21,633 [RapidOCR] base.py:23: Using engine_name: torch[0m
[32m[INFO] 2026-08-31 20:31:21,633 [RapidOCR] device_config.py:64: Using GPU device with ID: 0[0m
[32m[INFO] 2026-08-31 20:31:21,653 [RapidOCR] download_file.py:60: File exists and is valid: D:\Work\research\FileX\.venv-ai\Lib\site-packages\rapidocr\models\PP-OCRv6_rec_small.pth[0m
[32m[INFO] 2026-08-31 20:31:21,653 [RapidOCR] main.py:50: Using D:\Work\research\FileX\.venv-ai\Lib\site-packages\rapidocr\models\PP-OCRv6_rec_small.pth[0m
[32m[INFO] 2026-08-31 20:31:23,118 [RapidOCR] base.py:23: Using engine_name: torch[0m
[32m[INFO] 2026-08-31 20:31:23,119 [RapidOCR] device_config.py:64: Using GPU device with ID: 0[0m
[32m[INFO] 2026-08-31 20:31:23,128 [RapidOCR] download_file.py:60: File exists and is valid: D:\Work\research\FileX\.venv-ai\Lib\site-packages\rapidocr\models\PP-OCRv6_det_small.pth[0m
[32m[INFO] 2026-08-31 20:31:23,129 [RapidOCR] main.py:50: Using D:\Work\research\FileX\.venv-ai\Lib\site-packages\rapidocr\models\PP-OCRv6_det_small.pth[0m
[32m[INFO] 2026-08-31 20:31:23,391 [RapidOCR] base.py:23: Using engine_name: torch[0m
[32m[INFO] 2026-08-31 20:31:23,392 [RapidOCR] device_config.py:64: Using GPU device with ID: 0[0m
[32m[INFO] 2026-08-31 20:31:23,393 [RapidOCR] download_file.py:60: File exists and is valid: D:\Work\research\FileX\.venv-ai\Lib\site-packages\rapidocr\models\ch_ptocr_mobile_v2.0_cls_mobile.pth[0m
[32m[INFO] 2026-08-31 20:31:23,393 [RapidOCR] main.py:50: Using D:\Work\research\FileX\.venv-ai\Lib\site-packages\rapidocr\models\ch_ptocr_mobile_v2.0_cls_mobile.pth[0m
[32m[INFO] 2026-08-31 20:31:23,570 [RapidOCR] base.py:23: Using engine_name: torch[0m
[32m[INFO] 2026-08-31 20:31:23,570 [RapidOCR] device_config.py:64: Using GPU device with ID: 0[0m
[32m[INFO] 2026-08-31 20:31:23,591 [RapidOCR] download_file.py:60: File exists and is valid: D:\Work\research\FileX\.venv-ai\Lib\site-packages\rapidocr\models\PP-OCRv6_rec_small.pth[0m
[32m[INFO] 2026-08-31 20:31:23,592 [RapidOCR] main.py:50: Using D:\Work\research\FileX\.venv-ai\Lib\site-packages\rapidocr\models\PP-OCRv6_rec_small.pth[0m
[32m[INFO] 2026-08-31 20:31:24,873 [RapidOCR] base.py:23: Using engine_name: torch[0m
[32m[INFO] 2026-08-31 20:31:24,873 [RapidOCR] device_config.py:64: Using GPU device with ID: 0[0m
[32m[INFO] 2026-08-31 20:31:24,884 [RapidOCR] download_file.py:60: File exists and is valid: D:\Work\research\FileX\.venv-ai\Lib\site-packages\rapidocr\models\PP-OCRv6_det_small.pth[0m
[32m[INFO] 2026-08-31 20:31:24,884 [RapidOCR] main.py:50: Using D:\Work\research\FileX\.venv-ai\Lib\site-packages\rapidocr\models\PP-OCRv6_det_small.pth[0m
[32m[INFO] 2026-08-31 20:31:25,176 [RapidOCR] base.py:23: Using engine_name: torch[0m
[32m[INFO] 2026-08-31 20:31:25,177 [RapidOCR] device_config.py:64: Using GPU device with ID: 0[0m
[32m[INFO] 2026-08-31 20:31:25,178 [RapidOCR] download_file.py:60: File exists and is valid: D:\Work\research\FileX\.venv-ai\Lib\site-packages\rapidocr\models\ch_ptocr_mobile_v2.0_cls_mobile.pth[0m
[32m[INFO] 2026-08-31 20:31:25,178 [RapidOCR] main.py:50: Using D:\Work\research\FileX\.venv-ai\Lib\site-packages\rapidocr\models\ch_ptocr_mobile_v2.0_cls_mobile.pth[0m
[32m[INFO] 2026-08-31 20:31:25,361 [RapidOCR] base.py:23: Using engine_name: torch[0m
[32m[INFO] 2026-08-31 20:31:25,362 [RapidOCR] device_config.py:64: Using GPU device with ID: 0[0m
[32m[INFO] 2026-08-31 20:31:25,380 [RapidOCR] download_file.py:60: File exists and is valid: D:\Work\research\FileX\.venv-ai\Lib\site-packages\rapidocr\models\PP-OCRv6_rec_small.pth[0m
[32m[INFO] 2026-08-31 20:31:25,381 [RapidOCR] main.py:50: Using D:\Work\research\FileX\.venv-ai\Lib\site-packages\rapidocr\models\PP-OCRv6_rec_small.pth[0m
[32m[INFO] 2026-08-31 20:31:26,595 [RapidOCR] base.py:23: Using engine_name: torch[0m
[32m[INFO] 2026-08-31 20:31:26,595 [RapidOCR] device_config.py:64: Using GPU device with ID: 0[0m
[32m[INFO] 2026-08-31 20:31:26,607 [RapidOCR] download_file.py:60: File exists and is valid: D:\Work\research\FileX\.venv-ai\Lib\site-packages\rapidocr\models\PP-OCRv6_det_small.pth[0m
[32m[INFO] 2026-08-31 20:31:26,607 [RapidOCR] main.py:50: Using D:\Work\research\FileX\.venv-ai\Lib\site-packages\rapidocr\models\PP-OCRv6_det_small.pth[0m
[32m[INFO] 2026-08-31 20:31:26,845 [RapidOCR] base.py:23: Using engine_name: torch[0m
[32m[INFO] 2026-08-31 20:31:26,846 [RapidOCR] device_config.py:64: Using GPU device with ID: 0[0m
[32m[INFO] 2026-08-31 20:31:26,847 [RapidOCR] download_file.py:60: File exists and is valid: D:\Work\research\FileX\.venv-ai\Lib\site-packages\rapidocr\models\ch_ptocr_mobile_v2.0_cls_mobile.pth[0m
[32m[INFO] 2026-08-31 20:31:26,848 [RapidOCR] main.py:50: Using D:\Work\research\FileX\.venv-ai\Lib\site-packages\rapidocr\models\ch_ptocr_mobile_v2.0_cls_mobile.pth[0m
[32m[INFO] 2026-08-31 20:31:27,079 [RapidOCR] base.py:23: Using engine_name: torch[0m
[32m[INFO] 2026-08-31 20:31:27,079 [RapidOCR] device_config.py:64: Using GPU device with ID: 0[0m
[32m[INFO] 2026-08-31 20:31:27,106 [RapidOCR] download_file.py:60: File exists and is valid: D:\Work\research\FileX\.venv-ai\Lib\site-packages\rapidocr\models\PP-OCRv6_rec_small.pth[0m
[32m[INFO] 2026-08-31 20:31:27,106 [RapidOCR] main.py:50: Using D:\Work\research\FileX\.venv-ai\Lib\site-packages\rapidocr\models\PP-OCRv6_rec_small.pth[0m
[32m[INFO] 2026-08-31 20:31:28,512 [RapidOCR] base.py:23: Using engine_name: torch[0m
[32m[INFO] 2026-08-31 20:31:28,513 [RapidOCR] device_config.py:64: Using GPU device with ID: 0[0m
[32m[INFO] 2026-08-31 20:31:28,522 [RapidOCR] download_file.py:60: File exists and is valid: D:\Work\research\FileX\.venv-ai\Lib\site-packages\rapidocr\models\PP-OCRv6_det_small.pth[0m
[32m[INFO] 2026-08-31 20:31:28,522 [RapidOCR] main.py:50: Using D:\Work\research\FileX\.venv-ai\Lib\site-packages\rapidocr\models\PP-OCRv6_det_small.pth[0m
[32m[INFO] 2026-08-31 20:31:28,790 [RapidOCR] base.py:23: Using engine_name: torch[0m
[32m[INFO] 2026-08-31 20:31:28,790 [RapidOCR] device_config.py:64: Using GPU device with ID: 0[0m
[32m[INFO] 2026-08-31 20:31:28,792 [RapidOCR] download_file.py:60: File exists and is valid: D:\Work\research\FileX\.venv-ai\Lib\site-packages\rapidocr\models\ch_ptocr_mobile_v2.0_cls_mobile.pth[0m
[32m[INFO] 2026-08-31 20:31:28,792 [RapidOCR] main.py:50: Using D:\Work\research\FileX\.venv-ai\Lib\site-packages\rapidocr\models\ch_ptocr_mobile_v2.0_cls_mobile.pth[0m
[32m[INFO] 2026-08-31 20:31:28,986 [RapidOCR] base.py:23: Using engine_name: torch[0m
[32m[INFO] 2026-08-31 20:31:28,987 [RapidOCR] device_config.py:64: Using GPU device with ID: 0[0m
[32m[INFO] 2026-08-31 20:31:29,009 [RapidOCR] download_file.py:60: File exists and is valid: D:\Work\research\FileX\.venv-ai\Lib\site-packages\rapidocr\models\PP-OCRv6_rec_small.pth[0m
[32m[INFO] 2026-08-31 20:31:29,009 [RapidOCR] main.py:50: Using D:\Work\research\FileX\.venv-ai\Lib\site-packages\rapidocr\models\PP-OCRv6_rec_small.pth[0m
[32m[INFO] 2026-08-31 20:31:30,300 [RapidOCR] base.py:23: Using engine_name: torch[0m
[32m[INFO] 2026-08-31 20:31:30,301 [RapidOCR] device_config.py:64: Using GPU device with ID: 0[0m
[32m[INFO] 2026-08-31 20:31:30,313 [RapidOCR] download_file.py:60: File exists and is valid: D:\Work\research\FileX\.venv-ai\Lib\site-packages\rapidocr\models\PP-OCRv6_det_small.pth[0m
[32m[INFO] 2026-08-31 20:31:30,313 [RapidOCR] main.py:50: Using D:\Work\research\FileX\.venv-ai\Lib\site-packages\rapidocr\models\PP-OCRv6_det_small.pth[0m
[32m[INFO] 2026-08-31 20:31:30,602 [RapidOCR] base.py:23: Using engine_name: torch[0m
[32m[INFO] 2026-08-31 20:31:30,603 [RapidOCR] device_config.py:64: Using GPU device with ID: 0[0m
[32m[INFO] 2026-08-31 20:31:30,604 [RapidOCR] download_file.py:60: File exists and is valid: D:\Work\research\FileX\.venv-ai\Lib\site-packages\rapidocr\models\ch_ptocr_mobile_v2.0_cls_mobile.pth[0m
[32m[INFO] 2026-08-31 20:31:30,605 [RapidOCR] main.py:50: Using D:\Work\research\FileX\.venv-ai\Lib\site-packages\rapidocr\models\ch_ptocr_mobile_v2.0_cls_mobile.pth[0m
[32m[INFO] 2026-08-31 20:31:30,821 [RapidOCR] base.py:23: Using engine_name: torch[0m
[32m[INFO] 2026-08-31 20:31:30,822 [RapidOCR] device_config.py:64: Using GPU device with ID: 0[0m
[32m[INFO] 2026-08-31 20:31:30,846 [RapidOCR] download_file.py:60: File exists and is valid: D:\Work\research\FileX\.venv-ai\Lib\site-packages\rapidocr\models\PP-OCRv6_rec_small.pth[0m
[32m[INFO] 2026-08-31 20:31:30,846 [RapidOCR] main.py:50: Using D:\Work\research\FileX\.venv-ai\Lib\site-packages\rapidocr\models\PP-OCRv6_rec_small.pth[0m
[32m[INFO] 2026-08-31 20:31:31,971 [RapidOCR] base.py:23: Using engine_name: torch[0m
[32m[INFO] 2026-08-31 20:31:31,971 [RapidOCR] device_config.py:64: Using GPU device with ID: 0[0m
[32m[INFO] 2026-08-31 20:31:31,982 [RapidOCR] download_file.py:60: File exists and is valid: D:\Work\research\FileX\.venv-ai\Lib\site-packages\rapidocr\models\PP-OCRv6_det_small.pth[0m
[32m[INFO] 2026-08-31 20:31:31,982 [RapidOCR] main.py:50: Using D:\Work\research\FileX\.venv-ai\Lib\site-packages\rapidocr\models\PP-OCRv6_det_small.pth[0m
[32m[INFO] 2026-08-31 20:31:32,321 [RapidOCR] base.py:23: Using engine_name: torch[0m
[32m[INFO] 2026-08-31 20:31:32,322 [RapidOCR] device_config.py:64: Using GPU device with ID: 0[0m
[32m[INFO] 2026-08-31 20:31:32,323 [RapidOCR] download_file.py:60: File exists and is valid: D:\Work\research\FileX\.venv-ai\Lib\site-packages\rapidocr\models\ch_ptocr_mobile_v2.0_cls_mobile.pth[0m
[32m[INFO] 2026-08-31 20:31:32,323 [RapidOCR] main.py:50: Using D:\Work\research\FileX\.venv-ai\Lib\site-packages\rapidocr\models\ch_ptocr_mobile_v2.0_cls_mobile.pth[0m
[32m[INFO] 2026-08-31 20:31:32,538 [RapidOCR] base.py:23: Using engine_name: torch[0m
[32m[INFO] 2026-08-31 20:31:32,539 [RapidOCR] device_config.py:64: Using GPU device with ID: 0[0m
[32m[INFO] 2026-08-31 20:31:32,560 [RapidOCR] download_file.py:60: File exists and is valid: D:\Work\research\FileX\.venv-ai\Lib\site-packages\rapidocr\models\PP-OCRv6_rec_small.pth[0m
[32m[INFO] 2026-08-31 20:31:32,561 [RapidOCR] main.py:50: Using D:\Work\research\FileX\.venv-ai\Lib\site-packages\rapidocr\models\PP-OCRv6_rec_small.pth[0m
{"config": "docling-def", "doc": "escaneado_d5b", "ppp_nativo": 60, "ppp": 110, "factor": 1.833, "png": "ppp110__escaneado_d5b.png", "png_identify": "711x974 43.299999999999997158,43.299999999999997158 PixelsPerCentimeter", "preflight": {"vram_libre_mib": 8649, "mpx_actual": 0.693, "mpx_pendiente_ordenada": 0}, "entrada": "PDF via Docling; scale explicita", "dispositivo": "GPU CUDA", "rc": [1, 1, 1, 1, 1, 1, 1, 1, 1], "error": ["FileNotFoundError: [WinError 3] El sistema no puede encontrar la ruta especificada: '\\\\\\\\?\\\\\\\\wsl.localhost\\\\Ubuntu\\\\'", "FileNotFoundError: [WinError 3] El sistema no puede encontrar la ruta especificada: '\\\\\\\\?\\\\\\\\wsl.localhost\\\\Ubuntu\\\\'", "FileNotFoundError: [WinError 3] El sistema no puede encontrar la ruta especificada: '\\\\\\\\?\\\\\\\\wsl.localhost\\\\Ubuntu\\\\'", "FileNotFoundError: [WinError 3] El sistema no puede encontrar la ruta especificada: '\\\\\\\\?\\\\\\\\wsl.localhost\\\\Ubuntu\\\\'", "FileNotFoundError: [WinError 3] El sistema no puede encontrar la ruta especificada: '\\\\\\\\?\\\\\\\\wsl.localhost\\\\Ubuntu\\\\'", "FileNotFoundError: [WinError 3] El sistema no puede encontrar la ruta especificada: '\\\\\\\\?\\\\\\\\wsl.localhost\\\\Ubuntu\\\\'", "FileNotFoundError: [WinError 3] El sistema no puede encontrar la ruta especificada: '\\\\\\\\?\\\\\\\\wsl.localhost\\\\Ubuntu\\\\'", "FileNotFoundError: [WinError 3] El sistema no puede encontrar la ruta especificada: '\\\\\\\\?\\\\\\\\wsl.localhost\\\\Ubuntu\\\\'", "FileNotFoundError: [WinError 3] El sistema no puede encontrar la ruta especificada: '\\\\\\\\?\\\\\\\\wsl.localhost\\\\Ubuntu\\\\'"], "n": 9, "ms_mediana": 1766.5, "determinista": true, "metrica": "acentos", "cer_pct": 100.0, "cer_acentos_pct": 100.0, "cer_ciego_pct": 100.0, "dist_acentos": 596, "texto": "docling-def__ppp110__escaneado_d5b.txt"}
[32m[INFO] 2026-08-31 20:31:34,489 [RapidOCR] base.py:23: Using engine_name: torch[0m
[32m[INFO] 2026-08-31 20:31:34,490 [RapidOCR] device_config.py:64: Using GPU device with ID: 0[0m
[32m[INFO] 2026-08-31 20:31:34,503 [RapidOCR] download_file.py:60: File exists and is valid: D:\Work\research\FileX\.venv-ai\Lib\site-packages\rapidocr\models\PP-OCRv6_det_small.pth[0m
[32m[INFO] 2026-08-31 20:31:34,503 [RapidOCR] main.py:50: Using D:\Work\research\FileX\.venv-ai\Lib\site-packages\rapidocr\models\PP-OCRv6_det_small.pth[0m
[32m[INFO] 2026-08-31 20:31:34,861 [RapidOCR] base.py:23: Using engine_name: torch[0m
[32m[INFO] 2026-08-31 20:31:34,864 [RapidOCR] device_config.py:64: Using GPU device with ID: 0[0m
[32m[INFO] 2026-08-31 20:31:34,866 [RapidOCR] download_file.py:60: File exists and is valid: D:\Work\research\FileX\.venv-ai\Lib\site-packages\rapidocr\models\ch_ptocr_mobile_v2.0_cls_mobile.pth[0m
[32m[INFO] 2026-08-31 20:31:34,866 [RapidOCR] main.py:50: Using D:\Work\research\FileX\.venv-ai\Lib\site-packages\rapidocr\models\ch_ptocr_mobile_v2.0_cls_mobile.pth[0m
[32m[INFO] 2026-08-31 20:31:35,074 [RapidOCR] base.py:23: Using engine_name: torch[0m
[32m[INFO] 2026-08-31 20:31:35,074 [RapidOCR] device_config.py:64: Using GPU device with ID: 0[0m
[32m[INFO] 2026-08-31 20:31:35,093 [RapidOCR] download_file.py:60: File exists and is valid: D:\Work\research\FileX\.venv-ai\Lib\site-packages\rapidocr\models\PP-OCRv6_rec_small.pth[0m
[32m[INFO] 2026-08-31 20:31:35,093 [RapidOCR] main.py:50: Using D:\Work\research\FileX\.venv-ai\Lib\site-packages\rapidocr\models\PP-OCRv6_rec_small.pth[0m
[32m[INFO] 2026-08-31 20:31:36,485 [RapidOCR] base.py:23: Using engine_name: torch[0m
[32m[INFO] 2026-08-31 20:31:36,486 [RapidOCR] device_config.py:64: Using GPU device with ID: 0[0m
[32m[INFO] 2026-08-31 20:31:36,503 [RapidOCR] download_file.py:60: File exists and is valid: D:\Work\research\FileX\.venv-ai\Lib\site-packages\rapidocr\models\PP-OCRv6_det_small.pth[0m
[32m[INFO] 2026-08-31 20:31:36,504 [RapidOCR] main.py:50: Using D:\Work\research\FileX\.venv-ai\Lib\site-packages\rapidocr\models\PP-OCRv6_det_small.pth[0m
[32m[INFO] 2026-08-31 20:31:36,825 [RapidOCR] base.py:23: Using engine_name: torch[0m
[32m[INFO] 2026-08-31 20:31:36,826 [RapidOCR] device_config.py:64: Using GPU device with ID: 0[0m
[32m[INFO] 2026-08-31 20:31:36,828 [RapidOCR] download_file.py:60: File exists and is valid: D:\Work\research\FileX\.venv-ai\Lib\site-packages\rapidocr\models\ch_ptocr_mobile_v2.0_cls_mobile.pth[0m
[32m[INFO] 2026-08-31 20:31:36,828 [RapidOCR] main.py:50: Using D:\Work\research\FileX\.venv-ai\Lib\site-packages\rapidocr\models\ch_ptocr_mobile_v2.0_cls_mobile.pth[0m
[32m[INFO] 2026-08-31 20:31:37,021 [RapidOCR] base.py:23: Using engine_name: torch[0m
[32m[INFO] 2026-08-31 20:31:37,022 [RapidOCR] device_config.py:64: Using GPU device with ID: 0[0m
[32m[INFO] 2026-08-31 20:31:37,041 [RapidOCR] download_file.py:60: File exists and is valid: D:\Work\research\FileX\.venv-ai\Lib\site-packages\rapidocr\models\PP-OCRv6_rec_small.pth[0m
[32m[INFO] 2026-08-31 20:31:37,041 [RapidOCR] main.py:50: Using D:\Work\research\FileX\.venv-ai\Lib\site-packages\rapidocr\models\PP-OCRv6_rec_small.pth[0m
[32m[INFO] 2026-08-31 20:31:38,506 [RapidOCR] base.py:23: Using engine_name: torch[0m
[32m[INFO] 2026-08-31 20:31:38,507 [RapidOCR] device_config.py:64: Using GPU device with ID: 0[0m
[32m[INFO] 2026-08-31 20:31:38,518 [RapidOCR] download_file.py:60: File exists and is valid: D:\Work\research\FileX\.venv-ai\Lib\site-packages\rapidocr\models\PP-OCRv6_det_small.pth[0m
[32m[INFO] 2026-08-31 20:31:38,518 [RapidOCR] main.py:50: Using D:\Work\research\FileX\.venv-ai\Lib\site-packages\rapidocr\models\PP-OCRv6_det_small.pth[0m
[32m[INFO] 2026-08-31 20:31:38,884 [RapidOCR] base.py:23: Using engine_name: torch[0m
[32m[INFO] 2026-08-31 20:31:38,885 [RapidOCR] device_config.py:64: Using GPU device with ID: 0[0m
[32m[INFO] 2026-08-31 20:31:38,886 [RapidOCR] download_file.py:60: File exists and is valid: D:\Work\research\FileX\.venv-ai\Lib\site-packages\rapidocr\models\ch_ptocr_mobile_v2.0_cls_mobile.pth[0m
[32m[INFO] 2026-08-31 20:31:38,886 [RapidOCR] main.py:50: Using D:\Work\research\FileX\.venv-ai\Lib\site-packages\rapidocr\models\ch_ptocr_mobile_v2.0_cls_mobile.pth[0m
[32m[INFO] 2026-08-31 20:31:39,070 [RapidOCR] base.py:23: Using engine_name: torch[0m
[32m[INFO] 2026-08-31 20:31:39,071 [RapidOCR] device_config.py:64: Using GPU device with ID: 0[0m
[32m[INFO] 2026-08-31 20:31:39,097 [RapidOCR] download_file.py:60: File exists and is valid: D:\Work\research\FileX\.venv-ai\Lib\site-packages\rapidocr\models\PP-OCRv6_rec_small.pth[0m
[32m[INFO] 2026-08-31 20:31:39,097 [RapidOCR] main.py:50: Using D:\Work\research\FileX\.venv-ai\Lib\site-packages\rapidocr\models\PP-OCRv6_rec_small.pth[0m
[32m[INFO] 2026-08-31 20:31:40,591 [RapidOCR] base.py:23: Using engine_name: torch[0m
[32m[INFO] 2026-08-31 20:31:40,592 [RapidOCR] device_config.py:64: Using GPU device with ID: 0[0m
[32m[INFO] 2026-08-31 20:31:40,601 [RapidOCR] download_file.py:60: File exists and is valid: D:\Work\research\FileX\.venv-ai\Lib\site-packages\rapidocr\models\PP-OCRv6_det_small.pth[0m
[32m[INFO] 2026-08-31 20:31:40,602 [RapidOCR] main.py:50: Using D:\Work\research\FileX\.venv-ai\Lib\site-packages\rapidocr\models\PP-OCRv6_det_small.pth[0m
[32m[INFO] 2026-08-31 20:31:41,262 [RapidOCR] base.py:23: Using engine_name: torch[0m
[32m[INFO] 2026-08-31 20:31:41,263 [RapidOCR] device_config.py:64: Using GPU device with ID: 0[0m
[32m[INFO] 2026-08-31 20:31:41,264 [RapidOCR] download_file.py:60: File exists and is valid: D:\Work\research\FileX\.venv-ai\Lib\site-packages\rapidocr\models\ch_ptocr_mobile_v2.0_cls_mobile.pth[0m
[32m[INFO] 2026-08-31 20:31:41,264 [RapidOCR] main.py:50: Using D:\Work\research\FileX\.venv-ai\Lib\site-packages\rapidocr\models\ch_ptocr_mobile_v2.0_cls_mobile.pth[0m
[32m[INFO] 2026-08-31 20:31:41,470 [RapidOCR] base.py:23: Using engine_name: torch[0m
[32m[INFO] 2026-08-31 20:31:41,470 [RapidOCR] device_config.py:64: Using GPU device with ID: 0[0m
[32m[INFO] 2026-08-31 20:31:41,491 [RapidOCR] download_file.py:60: File exists and is valid: D:\Work\research\FileX\.venv-ai\Lib\site-packages\rapidocr\models\PP-OCRv6_rec_small.pth[0m
[32m[INFO] 2026-08-31 20:31:41,491 [RapidOCR] main.py:50: Using D:\Work\research\FileX\.venv-ai\Lib\site-packages\rapidocr\models\PP-OCRv6_rec_small.pth[0m
[32m[INFO] 2026-08-31 20:31:42,789 [RapidOCR] base.py:23: Using engine_name: torch[0m
[32m[INFO] 2026-08-31 20:31:42,789 [RapidOCR] device_config.py:64: Using GPU device with ID: 0[0m
[32m[INFO] 2026-08-31 20:31:42,798 [RapidOCR] download_file.py:60: File exists and is valid: D:\Work\research\FileX\.venv-ai\Lib\site-packages\rapidocr\models\PP-OCRv6_det_small.pth[0m
[32m[INFO] 2026-08-31 20:31:42,798 [RapidOCR] main.py:50: Using D:\Work\research\FileX\.venv-ai\Lib\site-packages\rapidocr\models\PP-OCRv6_det_small.pth[0m
[32m[INFO] 2026-08-31 20:31:43,049 [RapidOCR] base.py:23: Using engine_name: torch[0m
[32m[INFO] 2026-08-31 20:31:43,050 [RapidOCR] device_config.py:64: Using GPU device with ID: 0[0m
[32m[INFO] 2026-08-31 20:31:43,051 [RapidOCR] download_file.py:60: File exists and is valid: D:\Work\research\FileX\.venv-ai\Lib\site-packages\rapidocr\models\ch_ptocr_mobile_v2.0_cls_mobile.pth[0m
[32m[INFO] 2026-08-31 20:31:43,051 [RapidOCR] main.py:50: Using D:\Work\research\FileX\.venv-ai\Lib\site-packages\rapidocr\models\ch_ptocr_mobile_v2.0_cls_mobile.pth[0m
[32m[INFO] 2026-08-31 20:31:43,218 [RapidOCR] base.py:23: Using engine_name: torch[0m
[32m[INFO] 2026-08-31 20:31:43,219 [RapidOCR] device_config.py:64: Using GPU device with ID: 0[0m
[32m[INFO] 2026-08-31 20:31:43,240 [RapidOCR] download_file.py:60: File exists and is valid: D:\Work\research\FileX\.venv-ai\Lib\site-packages\rapidocr\models\PP-OCRv6_rec_small.pth[0m
[32m[INFO] 2026-08-31 20:31:43,240 [RapidOCR] main.py:50: Using D:\Work\research\FileX\.venv-ai\Lib\site-packages\rapidocr\models\PP-OCRv6_rec_small.pth[0m
[32m[INFO] 2026-08-31 20:31:44,393 [RapidOCR] base.py:23: Using engine_name: torch[0m
[32m[INFO] 2026-08-31 20:31:44,393 [RapidOCR] device_config.py:64: Using GPU device with ID: 0[0m
[32m[INFO] 2026-08-31 20:31:44,403 [RapidOCR] download_file.py:60: File exists and is valid: D:\Work\research\FileX\.venv-ai\Lib\site-packages\rapidocr\models\PP-OCRv6_det_small.pth[0m
[32m[INFO] 2026-08-31 20:31:44,403 [RapidOCR] main.py:50: Using D:\Work\research\FileX\.venv-ai\Lib\site-packages\rapidocr\models\PP-OCRv6_det_small.pth[0m
[32m[INFO] 2026-08-31 20:31:44,645 [RapidOCR] base.py:23: Using engine_name: torch[0m
[32m[INFO] 2026-08-31 20:31:44,645 [RapidOCR] device_config.py:64: Using GPU device with ID: 0[0m
[32m[INFO] 2026-08-31 20:31:44,647 [RapidOCR] download_file.py:60: File exists and is valid: D:\Work\research\FileX\.venv-ai\Lib\site-packages\rapidocr\models\ch_ptocr_mobile_v2.0_cls_mobile.pth[0m
[32m[INFO] 2026-08-31 20:31:44,647 [RapidOCR] main.py:50: Using D:\Work\research\FileX\.venv-ai\Lib\site-packages\rapidocr\models\ch_ptocr_mobile_v2.0_cls_mobile.pth[0m
[32m[INFO] 2026-08-31 20:31:44,803 [RapidOCR] base.py:23: Using engine_name: torch[0m
[32m[INFO] 2026-08-31 20:31:44,804 [RapidOCR] device_config.py:64: Using GPU device with ID: 0[0m
[32m[INFO] 2026-08-31 20:31:44,825 [RapidOCR] download_file.py:60: File exists and is valid: D:\Work\research\FileX\.venv-ai\Lib\site-packages\rapidocr\models\PP-OCRv6_rec_small.pth[0m
[32m[INFO] 2026-08-31 20:31:44,825 [RapidOCR] main.py:50: Using D:\Work\research\FileX\.venv-ai\Lib\site-packages\rapidocr\models\PP-OCRv6_rec_small.pth[0m
[32m[INFO] 2026-08-31 20:31:45,984 [RapidOCR] base.py:23: Using engine_name: torch[0m
[32m[INFO] 2026-08-31 20:31:45,985 [RapidOCR] device_config.py:64: Using GPU device with ID: 0[0m
[32m[INFO] 2026-08-31 20:31:45,995 [RapidOCR] download_file.py:60: File exists and is valid: D:\Work\research\FileX\.venv-ai\Lib\site-packages\rapidocr\models\PP-OCRv6_det_small.pth[0m
[32m[INFO] 2026-08-31 20:31:45,995 [RapidOCR] main.py:50: Using D:\Work\research\FileX\.venv-ai\Lib\site-packages\rapidocr\models\PP-OCRv6_det_small.pth[0m
[32m[INFO] 2026-08-31 20:31:46,487 [RapidOCR] base.py:23: Using engine_name: torch[0m
[32m[INFO] 2026-08-31 20:31:46,488 [RapidOCR] device_config.py:64: Using GPU device with ID: 0[0m
[32m[INFO] 2026-08-31 20:31:46,490 [RapidOCR] download_file.py:60: File exists and is valid: D:\Work\research\FileX\.venv-ai\Lib\site-packages\rapidocr\models\ch_ptocr_mobile_v2.0_cls_mobile.pth[0m
[32m[INFO] 2026-08-31 20:31:46,490 [RapidOCR] main.py:50: Using D:\Work\research\FileX\.venv-ai\Lib\site-packages\rapidocr\models\ch_ptocr_mobile_v2.0_cls_mobile.pth[0m
[32m[INFO] 2026-08-31 20:31:46,662 [RapidOCR] base.py:23: Using engine_name: torch[0m
[32m[INFO] 2026-08-31 20:31:46,662 [RapidOCR] device_config.py:64: Using GPU device with ID: 0[0m
[32m[INFO] 2026-08-31 20:31:46,681 [RapidOCR] download_file.py:60: File exists and is valid: D:\Work\research\FileX\.venv-ai\Lib\site-packages\rapidocr\models\PP-OCRv6_rec_small.pth[0m
[32m[INFO] 2026-08-31 20:31:46,681 [RapidOCR] main.py:50: Using D:\Work\research\FileX\.venv-ai\Lib\site-packages\rapidocr\models\PP-OCRv6_rec_small.pth[0m
[32m[INFO] 2026-08-31 20:31:47,799 [RapidOCR] base.py:23: Using engine_name: torch[0m
[32m[INFO] 2026-08-31 20:31:47,799 [RapidOCR] device_config.py:64: Using GPU device with ID: 0[0m
[32m[INFO] 2026-08-31 20:31:47,809 [RapidOCR] download_file.py:60: File exists and is valid: D:\Work\research\FileX\.venv-ai\Lib\site-packages\rapidocr\models\PP-OCRv6_det_small.pth[0m
[32m[INFO] 2026-08-31 20:31:47,809 [RapidOCR] main.py:50: Using D:\Work\research\FileX\.venv-ai\Lib\site-packages\rapidocr\models\PP-OCRv6_det_small.pth[0m
[32m[INFO] 2026-08-31 20:31:48,101 [RapidOCR] base.py:23: Using engine_name: torch[0m
[32m[INFO] 2026-08-31 20:31:48,101 [RapidOCR] device_config.py:64: Using GPU device with ID: 0[0m
[32m[INFO] 2026-08-31 20:31:48,102 [RapidOCR] download_file.py:60: File exists and is valid: D:\Work\research\FileX\.venv-ai\Lib\site-packages\rapidocr\models\ch_ptocr_mobile_v2.0_cls_mobile.pth[0m
[32m[INFO] 2026-08-31 20:31:48,103 [RapidOCR] main.py:50: Using D:\Work\research\FileX\.venv-ai\Lib\site-packages\rapidocr\models\ch_ptocr_mobile_v2.0_cls_mobile.pth[0m
[32m[INFO] 2026-08-31 20:31:48,255 [RapidOCR] base.py:23: Using engine_name: torch[0m
[32m[INFO] 2026-08-31 20:31:48,255 [RapidOCR] device_config.py:64: Using GPU device with ID: 0[0m
[32m[INFO] 2026-08-31 20:31:48,274 [RapidOCR] download_file.py:60: File exists and is valid: D:\Work\research\FileX\.venv-ai\Lib\site-packages\rapidocr\models\PP-OCRv6_rec_small.pth[0m
[32m[INFO] 2026-08-31 20:31:48,274 [RapidOCR] main.py:50: Using D:\Work\research\FileX\.venv-ai\Lib\site-packages\rapidocr\models\PP-OCRv6_rec_small.pth[0m
[32m[INFO] 2026-08-31 20:31:49,456 [RapidOCR] base.py:23: Using engine_name: torch[0m
[32m[INFO] 2026-08-31 20:31:49,457 [RapidOCR] device_config.py:64: Using GPU device with ID: 0[0m
[32m[INFO] 2026-08-31 20:31:49,466 [RapidOCR] download_file.py:60: File exists and is valid: D:\Work\research\FileX\.venv-ai\Lib\site-packages\rapidocr\models\PP-OCRv6_det_small.pth[0m
[32m[INFO] 2026-08-31 20:31:49,466 [RapidOCR] main.py:50: Using D:\Work\research\FileX\.venv-ai\Lib\site-packages\rapidocr\models\PP-OCRv6_det_small.pth[0m
[32m[INFO] 2026-08-31 20:31:49,681 [RapidOCR] base.py:23: Using engine_name: torch[0m
[32m[INFO] 2026-08-31 20:31:49,681 [RapidOCR] device_config.py:64: Using GPU device with ID: 0[0m
[32m[INFO] 2026-08-31 20:31:49,683 [RapidOCR] download_file.py:60: File exists and is valid: D:\Work\research\FileX\.venv-ai\Lib\site-packages\rapidocr\models\ch_ptocr_mobile_v2.0_cls_mobile.pth[0m
[32m[INFO] 2026-08-31 20:31:49,683 [RapidOCR] main.py:50: Using D:\Work\research\FileX\.venv-ai\Lib\site-packages\rapidocr\models\ch_ptocr_mobile_v2.0_cls_mobile.pth[0m
[32m[INFO] 2026-08-31 20:31:49,852 [RapidOCR] base.py:23: Using engine_name: torch[0m
[32m[INFO] 2026-08-31 20:31:49,853 [RapidOCR] device_config.py:64: Using GPU device with ID: 0[0m
[32m[INFO] 2026-08-31 20:31:49,874 [RapidOCR] download_file.py:60: File exists and is valid: D:\Work\research\FileX\.venv-ai\Lib\site-packages\rapidocr\models\PP-OCRv6_rec_small.pth[0m
[32m[INFO] 2026-08-31 20:31:49,874 [RapidOCR] main.py:50: Using D:\Work\research\FileX\.venv-ai\Lib\site-packages\rapidocr\models\PP-OCRv6_rec_small.pth[0m
[32m[INFO] 2026-08-31 20:31:50,986 [RapidOCR] base.py:23: Using engine_name: torch[0m
[32m[INFO] 2026-08-31 20:31:50,986 [RapidOCR] device_config.py:64: Using GPU device with ID: 0[0m
[32m[INFO] 2026-08-31 20:31:50,996 [RapidOCR] download_file.py:60: File exists and is valid: D:\Work\research\FileX\.venv-ai\Lib\site-packages\rapidocr\models\PP-OCRv6_det_small.pth[0m
[32m[INFO] 2026-08-31 20:31:50,996 [RapidOCR] main.py:50: Using D:\Work\research\FileX\.venv-ai\Lib\site-packages\rapidocr\models\PP-OCRv6_det_small.pth[0m
[32m[INFO] 2026-08-31 20:31:51,214 [RapidOCR] base.py:23: Using engine_name: torch[0m
[32m[INFO] 2026-08-31 20:31:51,215 [RapidOCR] device_config.py:64: Using GPU device with ID: 0[0m
[32m[INFO] 2026-08-31 20:31:51,216 [RapidOCR] download_file.py:60: File exists and is valid: D:\Work\research\FileX\.venv-ai\Lib\site-packages\rapidocr\models\ch_ptocr_mobile_v2.0_cls_mobile.pth[0m
[32m[INFO] 2026-08-31 20:31:51,216 [RapidOCR] main.py:50: Using D:\Work\research\FileX\.venv-ai\Lib\site-packages\rapidocr\models\ch_ptocr_mobile_v2.0_cls_mobile.pth[0m
[32m[INFO] 2026-08-31 20:31:51,544 [RapidOCR] base.py:23: Using engine_name: torch[0m
[32m[INFO] 2026-08-31 20:31:51,545 [RapidOCR] device_config.py:64: Using GPU device with ID: 0[0m
[32m[INFO] 2026-08-31 20:31:51,563 [RapidOCR] download_file.py:60: File exists and is valid: D:\Work\research\FileX\.venv-ai\Lib\site-packages\rapidocr\models\PP-OCRv6_rec_small.pth[0m
[32m[INFO] 2026-08-31 20:31:51,564 [RapidOCR] main.py:50: Using D:\Work\research\FileX\.venv-ai\Lib\site-packages\rapidocr\models\PP-OCRv6_rec_small.pth[0m
{"config": "docling-def", "doc": "escaneado_d5b", "ppp_nativo": 60, "ppp": 115, "factor": 1.917, "png": "ppp115__escaneado_d5b.png", "png_identify": "744x1018 45.270000000000003126,45.270000000000003126 PixelsPerCentimeter", "preflight": {"vram_libre_mib": 8429, "mpx_actual": 0.757, "mpx_pendiente_ordenada": 0}, "entrada": "PDF via Docling; scale explicita", "dispositivo": "GPU CUDA", "rc": [1, 1, 1, 1, 1, 1, 1, 1, 1], "error": ["FileNotFoundError: [WinError 3] El sistema no puede encontrar la ruta especificada: '\\\\\\\\?\\\\\\\\wsl.localhost\\\\Ubuntu\\\\'", "FileNotFoundError: [WinError 3] El sistema no puede encontrar la ruta especificada: '\\\\\\\\?\\\\\\\\wsl.localhost\\\\Ubuntu\\\\'", "FileNotFoundError: [WinError 3] El sistema no puede encontrar la ruta especificada: '\\\\\\\\?\\\\\\\\wsl.localhost\\\\Ubuntu\\\\'", "FileNotFoundError: [WinError 3] El sistema no puede encontrar la ruta especificada: '\\\\\\\\?\\\\\\\\wsl.localhost\\\\Ubuntu\\\\'", "FileNotFoundError: [WinError 3] El sistema no puede encontrar la ruta especificada: '\\\\\\\\?\\\\\\\\wsl.localhost\\\\Ubuntu\\\\'", "FileNotFoundError: [WinError 3] El sistema no puede encontrar la ruta especificada: '\\\\\\\\?\\\\\\\\wsl.localhost\\\\Ubuntu\\\\'", "FileNotFoundError: [WinError 3] El sistema no puede encontrar la ruta especificada: '\\\\\\\\?\\\\\\\\wsl.localhost\\\\Ubuntu\\\\'", "FileNotFoundError: [WinError 3] El sistema no puede encontrar la ruta especificada: '\\\\\\\\?\\\\\\\\wsl.localhost\\\\Ubuntu\\\\'", "FileNotFoundError: [WinError 3] El sistema no puede encontrar la ruta especificada: '\\\\\\\\?\\\\\\\\wsl.localhost\\\\Ubuntu\\\\'"], "n": 9, "ms_mediana": 1699.4, "determinista": true, "metrica": "acentos", "cer_pct": 100.0, "cer_acentos_pct": 100.0, "cer_ciego_pct": 100.0, "dist_acentos": 596, "texto": "docling-def__ppp115__escaneado_d5b.txt"}
[32m[INFO] 2026-08-31 20:31:52,806 [RapidOCR] base.py:23: Using engine_name: torch[0m
[32m[INFO] 2026-08-31 20:31:52,807 [RapidOCR] device_config.py:64: Using GPU device with ID: 0[0m
[32m[INFO] 2026-08-31 20:31:52,818 [RapidOCR] download_file.py:60: File exists and is valid: D:\Work\research\FileX\.venv-ai\Lib\site-packages\rapidocr\models\PP-OCRv6_det_small.pth[0m
[32m[INFO] 2026-08-31 20:31:52,818 [RapidOCR] main.py:50: Using D:\Work\research\FileX\.venv-ai\Lib\site-packages\rapidocr\models\PP-OCRv6_det_small.pth[0m
[32m[INFO] 2026-08-31 20:31:53,043 [RapidOCR] base.py:23: Using engine_name: torch[0m
[32m[INFO] 2026-08-31 20:31:53,044 [RapidOCR] device_config.py:64: Using GPU device with ID: 0[0m
[32m[INFO] 2026-08-31 20:31:53,045 [RapidOCR] download_file.py:60: File exists and is valid: D:\Work\research\FileX\.venv-ai\Lib\site-packages\rapidocr\models\ch_ptocr_mobile_v2.0_cls_mobile.pth[0m
[32m[INFO] 2026-08-31 20:31:53,045 [RapidOCR] main.py:50: Using D:\Work\research\FileX\.venv-ai\Lib\site-packages\rapidocr\models\ch_ptocr_mobile_v2.0_cls_mobile.pth[0m
[32m[INFO] 2026-08-31 20:31:53,204 [RapidOCR] base.py:23: Using engine_name: torch[0m
[32m[INFO] 2026-08-31 20:31:53,205 [RapidOCR] device_config.py:64: Using GPU device with ID: 0[0m
[32m[INFO] 2026-08-31 20:31:53,222 [RapidOCR] download_file.py:60: File exists and is valid: D:\Work\research\FileX\.venv-ai\Lib\site-packages\rapidocr\models\PP-OCRv6_rec_small.pth[0m
[32m[INFO] 2026-08-31 20:31:53,222 [RapidOCR] main.py:50: Using D:\Work\research\FileX\.venv-ai\Lib\site-packages\rapidocr\models\PP-OCRv6_rec_small.pth[0m
[32m[INFO] 2026-08-31 20:31:54,285 [RapidOCR] base.py:23: Using engine_name: torch[0m
[32m[INFO] 2026-08-31 20:31:54,286 [RapidOCR] device_config.py:64: Using GPU device with ID: 0[0m
[32m[INFO] 2026-08-31 20:31:54,295 [RapidOCR] download_file.py:60: File exists and is valid: D:\Work\research\FileX\.venv-ai\Lib\site-packages\rapidocr\models\PP-OCRv6_det_small.pth[0m
[32m[INFO] 2026-08-31 20:31:54,295 [RapidOCR] main.py:50: Using D:\Work\research\FileX\.venv-ai\Lib\site-packages\rapidocr\models\PP-OCRv6_det_small.pth[0m
[32m[INFO] 2026-08-31 20:31:54,539 [RapidOCR] base.py:23: Using engine_name: torch[0m
[32m[INFO] 2026-08-31 20:31:54,540 [RapidOCR] device_config.py:64: Using GPU device with ID: 0[0m
[32m[INFO] 2026-08-31 20:31:54,541 [RapidOCR] download_file.py:60: File exists and is valid: D:\Work\research\FileX\.venv-ai\Lib\site-packages\rapidocr\models\ch_ptocr_mobile_v2.0_cls_mobile.pth[0m
[32m[INFO] 2026-08-31 20:31:54,541 [RapidOCR] main.py:50: Using D:\Work\research\FileX\.venv-ai\Lib\site-packages\rapidocr\models\ch_ptocr_mobile_v2.0_cls_mobile.pth[0m
[32m[INFO] 2026-08-31 20:31:54,710 [RapidOCR] base.py:23: Using engine_name: torch[0m
[32m[INFO] 2026-08-31 20:31:54,710 [RapidOCR] device_config.py:64: Using GPU device with ID: 0[0m
[32m[INFO] 2026-08-31 20:31:54,731 [RapidOCR] download_file.py:60: File exists and is valid: D:\Work\research\FileX\.venv-ai\Lib\site-packages\rapidocr\models\PP-OCRv6_rec_small.pth[0m
[32m[INFO] 2026-08-31 20:31:54,731 [RapidOCR] main.py:50: Using D:\Work\research\FileX\.venv-ai\Lib\site-packages\rapidocr\models\PP-OCRv6_rec_small.pth[0m
[32m[INFO] 2026-08-31 20:31:55,811 [RapidOCR] base.py:23: Using engine_name: torch[0m
[32m[INFO] 2026-08-31 20:31:55,812 [RapidOCR] device_config.py:64: Using GPU device with ID: 0[0m
[32m[INFO] 2026-08-31 20:31:55,821 [RapidOCR] download_file.py:60: File exists and is valid: D:\Work\research\FileX\.venv-ai\Lib\site-packages\rapidocr\models\PP-OCRv6_det_small.pth[0m
[32m[INFO] 2026-08-31 20:31:55,822 [RapidOCR] main.py:50: Using D:\Work\research\FileX\.venv-ai\Lib\site-packages\rapidocr\models\PP-OCRv6_det_small.pth[0m
[32m[INFO] 2026-08-31 20:31:56,115 [RapidOCR] base.py:23: Using engine_name: torch[0m
[32m[INFO] 2026-08-31 20:31:56,116 [RapidOCR] device_config.py:64: Using GPU device with ID: 0[0m
[32m[INFO] 2026-08-31 20:31:56,117 [RapidOCR] download_file.py:60: File exists and is valid: D:\Work\research\FileX\.venv-ai\Lib\site-packages\rapidocr\models\ch_ptocr_mobile_v2.0_cls_mobile.pth[0m
[32m[INFO] 2026-08-31 20:31:56,117 [RapidOCR] main.py:50: Using D:\Work\research\FileX\.venv-ai\Lib\site-packages\rapidocr\models\ch_ptocr_mobile_v2.0_cls_mobile.pth[0m
[32m[INFO] 2026-08-31 20:31:56,309 [RapidOCR] base.py:23: Using engine_name: torch[0m
[32m[INFO] 2026-08-31 20:31:56,310 [RapidOCR] device_config.py:64: Using GPU device with ID: 0[0m
[32m[INFO] 2026-08-31 20:31:56,332 [RapidOCR] download_file.py:60: File exists and is valid: D:\Work\research\FileX\.venv-ai\Lib\site-packages\rapidocr\models\PP-OCRv6_rec_small.pth[0m
[32m[INFO] 2026-08-31 20:31:56,333 [RapidOCR] main.py:50: Using D:\Work\research\FileX\.venv-ai\Lib\site-packages\rapidocr\models\PP-OCRv6_rec_small.pth[0m
[32m[INFO] 2026-08-31 20:31:57,694 [RapidOCR] base.py:23: Using engine_name: torch[0m
[32m[INFO] 2026-08-31 20:31:57,695 [RapidOCR] device_config.py:64: Using GPU device with ID: 0[0m
[32m[INFO] 2026-08-31 20:31:57,704 [RapidOCR] download_file.py:60: File exists and is valid: D:\Work\research\FileX\.venv-ai\Lib\site-packages\rapidocr\models\PP-OCRv6_det_small.pth[0m
[32m[INFO] 2026-08-31 20:31:57,704 [RapidOCR] main.py:50: Using D:\Work\research\FileX\.venv-ai\Lib\site-packages\rapidocr\models\PP-OCRv6_det_small.pth[0m
[32m[INFO] 2026-08-31 20:31:57,968 [RapidOCR] base.py:23: Using engine_name: torch[0m
[32m[INFO] 2026-08-31 20:31:57,969 [RapidOCR] device_config.py:64: Using GPU device with ID: 0[0m
[32m[INFO] 2026-08-31 20:31:57,970 [RapidOCR] download_file.py:60: File exists and is valid: D:\Work\research\FileX\.venv-ai\Lib\site-packages\rapidocr\models\ch_ptocr_mobile_v2.0_cls_mobile.pth[0m
[32m[INFO] 2026-08-31 20:31:57,971 [RapidOCR] main.py:50: Using D:\Work\research\FileX\.venv-ai\Lib\site-packages\rapidocr\models\ch_ptocr_mobile_v2.0_cls_mobile.pth[0m
[32m[INFO] 2026-08-31 20:31:58,152 [RapidOCR] base.py:23: Using engine_name: torch[0m
[32m[INFO] 2026-08-31 20:31:58,152 [RapidOCR] device_config.py:64: Using GPU device with ID: 0[0m
[32m[INFO] 2026-08-31 20:31:58,171 [RapidOCR] download_file.py:60: File exists and is valid: D:\Work\research\FileX\.venv-ai\Lib\site-packages\rapidocr\models\PP-OCRv6_rec_small.pth[0m
[32m[INFO] 2026-08-31 20:31:58,171 [RapidOCR] main.py:50: Using D:\Work\research\FileX\.venv-ai\Lib\site-packages\rapidocr\models\PP-OCRv6_rec_small.pth[0m
[32m[INFO] 2026-08-31 20:31:59,398 [RapidOCR] base.py:23: Using engine_name: torch[0m
[32m[INFO] 2026-08-31 20:31:59,399 [RapidOCR] device_config.py:64: Using GPU device with ID: 0[0m
[32m[INFO] 2026-08-31 20:31:59,410 [RapidOCR] download_file.py:60: File exists and is valid: D:\Work\research\FileX\.venv-ai\Lib\site-packages\rapidocr\models\PP-OCRv6_det_small.pth[0m
[32m[INFO] 2026-08-31 20:31:59,410 [RapidOCR] main.py:50: Using D:\Work\research\FileX\.venv-ai\Lib\site-packages\rapidocr\models\PP-OCRv6_det_small.pth[0m
[32m[INFO] 2026-08-31 20:31:59,648 [RapidOCR] base.py:23: Using engine_name: torch[0m
[32m[INFO] 2026-08-31 20:31:59,648 [RapidOCR] device_config.py:64: Using GPU device with ID: 0[0m
[32m[INFO] 2026-08-31 20:31:59,650 [RapidOCR] download_file.py:60: File exists and is valid: D:\Work\research\FileX\.venv-ai\Lib\site-packages\rapidocr\models\ch_ptocr_mobile_v2.0_cls_mobile.pth[0m
[32m[INFO] 2026-08-31 20:31:59,650 [RapidOCR] main.py:50: Using D:\Work\research\FileX\.venv-ai\Lib\site-packages\rapidocr\models\ch_ptocr_mobile_v2.0_cls_mobile.pth[0m
[32m[INFO] 2026-08-31 20:31:59,842 [RapidOCR] base.py:23: Using engine_name: torch[0m
[32m[INFO] 2026-08-31 20:31:59,843 [RapidOCR] device_config.py:64: Using GPU device with ID: 0[0m
[32m[INFO] 2026-08-31 20:31:59,868 [RapidOCR] download_file.py:60: File exists and is valid: D:\Work\research\FileX\.venv-ai\Lib\site-packages\rapidocr\models\PP-OCRv6_rec_small.pth[0m
[32m[INFO] 2026-08-31 20:31:59,868 [RapidOCR] main.py:50: Using D:\Work\research\FileX\.venv-ai\Lib\site-packages\rapidocr\models\PP-OCRv6_rec_small.pth[0m
[32m[INFO] 2026-08-31 20:32:01,042 [RapidOCR] base.py:23: Using engine_name: torch[0m
[32m[INFO] 2026-08-31 20:32:01,043 [RapidOCR] device_config.py:64: Using GPU device with ID: 0[0m
[32m[INFO] 2026-08-31 20:32:01,054 [RapidOCR] download_file.py:60: File exists and is valid: D:\Work\research\FileX\.venv-ai\Lib\site-packages\rapidocr\models\PP-OCRv6_det_small.pth[0m
[32m[INFO] 2026-08-31 20:32:01,054 [RapidOCR] main.py:50: Using D:\Work\research\FileX\.venv-ai\Lib\site-packages\rapidocr\models\PP-OCRv6_det_small.pth[0m
[32m[INFO] 2026-08-31 20:32:01,308 [RapidOCR] base.py:23: Using engine_name: torch[0m
[32m[INFO] 2026-08-31 20:32:01,309 [RapidOCR] device_config.py:64: Using GPU device with ID: 0[0m
[32m[INFO] 2026-08-31 20:32:01,310 [RapidOCR] download_file.py:60: File exists and is valid: D:\Work\research\FileX\.venv-ai\Lib\site-packages\rapidocr\models\ch_ptocr_mobile_v2.0_cls_mobile.pth[0m
[32m[INFO] 2026-08-31 20:32:01,311 [RapidOCR] main.py:50: Using D:\Work\research\FileX\.venv-ai\Lib\site-packages\rapidocr\models\ch_ptocr_mobile_v2.0_cls_mobile.pth[0m
[32m[INFO] 2026-08-31 20:32:01,487 [RapidOCR] base.py:23: Using engine_name: torch[0m
[32m[INFO] 2026-08-31 20:32:01,488 [RapidOCR] device_config.py:64: Using GPU device with ID: 0[0m
[32m[INFO] 2026-08-31 20:32:01,511 [RapidOCR] download_file.py:60: File exists and is valid: D:\Work\research\FileX\.venv-ai\Lib\site-packages\rapidocr\models\PP-OCRv6_rec_small.pth[0m
[32m[INFO] 2026-08-31 20:32:01,511 [RapidOCR] main.py:50: Using D:\Work\research\FileX\.venv-ai\Lib\site-packages\rapidocr\models\PP-OCRv6_rec_small.pth[0m
[32m[INFO] 2026-08-31 20:32:02,801 [RapidOCR] base.py:23: Using engine_name: torch[0m
[32m[INFO] 2026-08-31 20:32:02,802 [RapidOCR] device_config.py:64: Using GPU device with ID: 0[0m
[32m[INFO] 2026-08-31 20:32:02,811 [RapidOCR] download_file.py:60: File exists and is valid: D:\Work\research\FileX\.venv-ai\Lib\site-packages\rapidocr\models\PP-OCRv6_det_small.pth[0m
[32m[INFO] 2026-08-31 20:32:02,811 [RapidOCR] main.py:50: Using D:\Work\research\FileX\.venv-ai\Lib\site-packages\rapidocr\models\PP-OCRv6_det_small.pth[0m
[32m[INFO] 2026-08-31 20:32:03,071 [RapidOCR] base.py:23: Using engine_name: torch[0m
[32m[INFO] 2026-08-31 20:32:03,072 [RapidOCR] device_config.py:64: Using GPU device with ID: 0[0m
[32m[INFO] 2026-08-31 20:32:03,073 [RapidOCR] download_file.py:60: File exists and is valid: D:\Work\research\FileX\.venv-ai\Lib\site-packages\rapidocr\models\ch_ptocr_mobile_v2.0_cls_mobile.pth[0m
[32m[INFO] 2026-08-31 20:32:03,073 [RapidOCR] main.py:50: Using D:\Work\research\FileX\.venv-ai\Lib\site-packages\rapidocr\models\ch_ptocr_mobile_v2.0_cls_mobile.pth[0m
[32m[INFO] 2026-08-31 20:32:03,232 [RapidOCR] base.py:23: Using engine_name: torch[0m
[32m[INFO] 2026-08-31 20:32:03,232 [RapidOCR] device_config.py:64: Using GPU device with ID: 0[0m
[32m[INFO] 2026-08-31 20:32:03,252 [RapidOCR] download_file.py:60: File exists and is valid: D:\Work\research\FileX\.venv-ai\Lib\site-packages\rapidocr\models\PP-OCRv6_rec_small.pth[0m
[32m[INFO] 2026-08-31 20:32:03,252 [RapidOCR] main.py:50: Using D:\Work\research\FileX\.venv-ai\Lib\site-packages\rapidocr\models\PP-OCRv6_rec_small.pth[0m
[32m[INFO] 2026-08-31 20:32:04,438 [RapidOCR] base.py:23: Using engine_name: torch[0m
[32m[INFO] 2026-08-31 20:32:04,439 [RapidOCR] device_config.py:64: Using GPU device with ID: 0[0m
[32m[INFO] 2026-08-31 20:32:04,448 [RapidOCR] download_file.py:60: File exists and is valid: D:\Work\research\FileX\.venv-ai\Lib\site-packages\rapidocr\models\PP-OCRv6_det_small.pth[0m
[32m[INFO] 2026-08-31 20:32:04,448 [RapidOCR] main.py:50: Using D:\Work\research\FileX\.venv-ai\Lib\site-packages\rapidocr\models\PP-OCRv6_det_small.pth[0m
[32m[INFO] 2026-08-31 20:32:04,706 [RapidOCR] base.py:23: Using engine_name: torch[0m
[32m[INFO] 2026-08-31 20:32:04,707 [RapidOCR] device_config.py:64: Using GPU device with ID: 0[0m
[32m[INFO] 2026-08-31 20:32:04,708 [RapidOCR] download_file.py:60: File exists and is valid: D:\Work\research\FileX\.venv-ai\Lib\site-packages\rapidocr\models\ch_ptocr_mobile_v2.0_cls_mobile.pth[0m
[32m[INFO] 2026-08-31 20:32:04,708 [RapidOCR] main.py:50: Using D:\Work\research\FileX\.venv-ai\Lib\site-packages\rapidocr\models\ch_ptocr_mobile_v2.0_cls_mobile.pth[0m
[32m[INFO] 2026-08-31 20:32:04,899 [RapidOCR] base.py:23: Using engine_name: torch[0m
[32m[INFO] 2026-08-31 20:32:04,899 [RapidOCR] device_config.py:64: Using GPU device with ID: 0[0m
[32m[INFO] 2026-08-31 20:32:04,919 [RapidOCR] download_file.py:60: File exists and is valid: D:\Work\research\FileX\.venv-ai\Lib\site-packages\rapidocr\models\PP-OCRv6_rec_small.pth[0m
[32m[INFO] 2026-08-31 20:32:04,919 [RapidOCR] main.py:50: Using D:\Work\research\FileX\.venv-ai\Lib\site-packages\rapidocr\models\PP-OCRv6_rec_small.pth[0m
[32m[INFO] 2026-08-31 20:32:06,061 [RapidOCR] base.py:23: Using engine_name: torch[0m
[32m[INFO] 2026-08-31 20:32:06,062 [RapidOCR] device_config.py:64: Using GPU device with ID: 0[0m
[32m[INFO] 2026-08-31 20:32:06,073 [RapidOCR] download_file.py:60: File exists and is valid: D:\Work\research\FileX\.venv-ai\Lib\site-packages\rapidocr\models\PP-OCRv6_det_small.pth[0m
[32m[INFO] 2026-08-31 20:32:06,073 [RapidOCR] main.py:50: Using D:\Work\research\FileX\.venv-ai\Lib\site-packages\rapidocr\models\PP-OCRv6_det_small.pth[0m
[32m[INFO] 2026-08-31 20:32:06,529 [RapidOCR] base.py:23: Using engine_name: torch[0m
[32m[INFO] 2026-08-31 20:32:06,530 [RapidOCR] device_config.py:64: Using GPU device with ID: 0[0m
[32m[INFO] 2026-08-31 20:32:06,532 [RapidOCR] download_file.py:60: File exists and is valid: D:\Work\research\FileX\.venv-ai\Lib\site-packages\rapidocr\models\ch_ptocr_mobile_v2.0_cls_mobile.pth[0m
[32m[INFO] 2026-08-31 20:32:06,532 [RapidOCR] main.py:50: Using D:\Work\research\FileX\.venv-ai\Lib\site-packages\rapidocr\models\ch_ptocr_mobile_v2.0_cls_mobile.pth[0m
[32m[INFO] 2026-08-31 20:32:06,698 [RapidOCR] base.py:23: Using engine_name: torch[0m
[32m[INFO] 2026-08-31 20:32:06,699 [RapidOCR] device_config.py:64: Using GPU device with ID: 0[0m
[32m[INFO] 2026-08-31 20:32:06,718 [RapidOCR] download_file.py:60: File exists and is valid: D:\Work\research\FileX\.venv-ai\Lib\site-packages\rapidocr\models\PP-OCRv6_rec_small.pth[0m
[32m[INFO] 2026-08-31 20:32:06,718 [RapidOCR] main.py:50: Using D:\Work\research\FileX\.venv-ai\Lib\site-packages\rapidocr\models\PP-OCRv6_rec_small.pth[0m
[32m[INFO] 2026-08-31 20:32:07,790 [RapidOCR] base.py:23: Using engine_name: torch[0m
[32m[INFO] 2026-08-31 20:32:07,790 [RapidOCR] device_config.py:64: Using GPU device with ID: 0[0m
[32m[INFO] 2026-08-31 20:32:07,799 [RapidOCR] download_file.py:60: File exists and is valid: D:\Work\research\FileX\.venv-ai\Lib\site-packages\rapidocr\models\PP-OCRv6_det_small.pth[0m
[32m[INFO] 2026-08-31 20:32:07,799 [RapidOCR] main.py:50: Using D:\Work\research\FileX\.venv-ai\Lib\site-packages\rapidocr\models\PP-OCRv6_det_small.pth[0m
[32m[INFO] 2026-08-31 20:32:08,286 [RapidOCR] base.py:23: Using engine_name: torch[0m
[32m[INFO] 2026-08-31 20:32:08,287 [RapidOCR] device_config.py:64: Using GPU device with ID: 0[0m
[32m[INFO] 2026-08-31 20:32:08,288 [RapidOCR] download_file.py:60: File exists and is valid: D:\Work\research\FileX\.venv-ai\Lib\site-packages\rapidocr\models\ch_ptocr_mobile_v2.0_cls_mobile.pth[0m
[32m[INFO] 2026-08-31 20:32:08,288 [RapidOCR] main.py:50: Using D:\Work\research\FileX\.venv-ai\Lib\site-packages\rapidocr\models\ch_ptocr_mobile_v2.0_cls_mobile.pth[0m
[32m[INFO] 2026-08-31 20:32:08,454 [RapidOCR] base.py:23: Using engine_name: torch[0m
[32m[INFO] 2026-08-31 20:32:08,454 [RapidOCR] device_config.py:64: Using GPU device with ID: 0[0m
[32m[INFO] 2026-08-31 20:32:08,473 [RapidOCR] download_file.py:60: File exists and is valid: D:\Work\research\FileX\.venv-ai\Lib\site-packages\rapidocr\models\PP-OCRv6_rec_small.pth[0m
[32m[INFO] 2026-08-31 20:32:08,474 [RapidOCR] main.py:50: Using D:\Work\research\FileX\.venv-ai\Lib\site-packages\rapidocr\models\PP-OCRv6_rec_small.pth[0m
{"config": "docling-def", "doc": "escaneado_d5b", "ppp_nativo": 60, "ppp": 120, "factor": 2.0, "png": "ppp120__escaneado_d5b.png", "png_identify": "776x1062 47.24000000000000199,47.24000000000000199 PixelsPerCentimeter", "preflight": {"vram_libre_mib": 8631, "mpx_actual": 0.824, "mpx_pendiente_ordenada": 0}, "entrada": "PDF via Docling; scale explicita", "dispositivo": "GPU CUDA", "rc": [1, 1, 1, 1, 1, 1, 1, 1, 1], "error": ["FileNotFoundError: [WinError 3] El sistema no puede encontrar la ruta especificada: '\\\\\\\\?\\\\\\\\wsl.localhost\\\\Ubuntu\\\\'", "FileNotFoundError: [WinError 3] El sistema no puede encontrar la ruta especificada: '\\\\\\\\?\\\\\\\\wsl.localhost\\\\Ubuntu\\\\'", "FileNotFoundError: [WinError 3] El sistema no puede encontrar la ruta especificada: '\\\\\\\\?\\\\\\\\wsl.localhost\\\\Ubuntu\\\\'", "FileNotFoundError: [WinError 3] El sistema no puede encontrar la ruta especificada: '\\\\\\\\?\\\\\\\\wsl.localhost\\\\Ubuntu\\\\'", "FileNotFoundError: [WinError 3] El sistema no puede encontrar la ruta especificada: '\\\\\\\\?\\\\\\\\wsl.localhost\\\\Ubuntu\\\\'", "FileNotFoundError: [WinError 3] El sistema no puede encontrar la ruta especificada: '\\\\\\\\?\\\\\\\\wsl.localhost\\\\Ubuntu\\\\'", "FileNotFoundError: [WinError 3] El sistema no puede encontrar la ruta especificada: '\\\\\\\\?\\\\\\\\wsl.localhost\\\\Ubuntu\\\\'", "FileNotFoundError: [WinError 3] El sistema no puede encontrar la ruta especificada: '\\\\\\\\?\\\\\\\\wsl.localhost\\\\Ubuntu\\\\'", "FileNotFoundError: [WinError 3] El sistema no puede encontrar la ruta especificada: '\\\\\\\\?\\\\\\\\wsl.localhost\\\\Ubuntu\\\\'"], "n": 9, "ms_mediana": 1715.4, "determinista": true, "metrica": "acentos", "cer_pct": 100.0, "cer_acentos_pct": 100.0, "cer_ciego_pct": 100.0, "dist_acentos": 596, "texto": "docling-def__ppp120__escaneado_d5b.txt"}
[32m[INFO] 2026-08-31 20:32:09,631 [RapidOCR] base.py:23: Using engine_name: torch[0m
[32m[INFO] 2026-08-31 20:32:09,632 [RapidOCR] device_config.py:64: Using GPU device with ID: 0[0m
[32m[INFO] 2026-08-31 20:32:09,640 [RapidOCR] download_file.py:60: File exists and is valid: D:\Work\research\FileX\.venv-ai\Lib\site-packages\rapidocr\models\PP-OCRv6_det_small.pth[0m
[32m[INFO] 2026-08-31 20:32:09,641 [RapidOCR] main.py:50: Using D:\Work\research\FileX\.venv-ai\Lib\site-packages\rapidocr\models\PP-OCRv6_det_small.pth[0m
[32m[INFO] 2026-08-31 20:32:09,838 [RapidOCR] base.py:23: Using engine_name: torch[0m
[32m[INFO] 2026-08-31 20:32:09,839 [RapidOCR] device_config.py:64: Using GPU device with ID: 0[0m
[32m[INFO] 2026-08-31 20:32:09,840 [RapidOCR] download_file.py:60: File exists and is valid: D:\Work\research\FileX\.venv-ai\Lib\site-packages\rapidocr\models\ch_ptocr_mobile_v2.0_cls_mobile.pth[0m
[32m[INFO] 2026-08-31 20:32:09,840 [RapidOCR] main.py:50: Using D:\Work\research\FileX\.venv-ai\Lib\site-packages\rapidocr\models\ch_ptocr_mobile_v2.0_cls_mobile.pth[0m
[32m[INFO] 2026-08-31 20:32:09,994 [RapidOCR] base.py:23: Using engine_name: torch[0m
[32m[INFO] 2026-08-31 20:32:09,994 [RapidOCR] device_config.py:64: Using GPU device with ID: 0[0m
[32m[INFO] 2026-08-31 20:32:10,014 [RapidOCR] download_file.py:60: File exists and is valid: D:\Work\research\FileX\.venv-ai\Lib\site-packages\rapidocr\models\PP-OCRv6_rec_small.pth[0m
[32m[INFO] 2026-08-31 20:32:10,014 [RapidOCR] main.py:50: Using D:\Work\research\FileX\.venv-ai\Lib\site-packages\rapidocr\models\PP-OCRv6_rec_small.pth[0m
[32m[INFO] 2026-08-31 20:32:11,024 [RapidOCR] base.py:23: Using engine_name: torch[0m
[32m[INFO] 2026-08-31 20:32:11,024 [RapidOCR] device_config.py:64: Using GPU device with ID: 0[0m
[32m[INFO] 2026-08-31 20:32:11,034 [RapidOCR] download_file.py:60: File exists and is valid: D:\Work\research\FileX\.venv-ai\Lib\site-packages\rapidocr\models\PP-OCRv6_det_small.pth[0m
[32m[INFO] 2026-08-31 20:32:11,034 [RapidOCR] main.py:50: Using D:\Work\research\FileX\.venv-ai\Lib\site-packages\rapidocr\models\PP-OCRv6_det_small.pth[0m
[32m[INFO] 2026-08-31 20:32:11,244 [RapidOCR] base.py:23: Using engine_name: torch[0m
[32m[INFO] 2026-08-31 20:32:11,244 [RapidOCR] device_config.py:64: Using GPU device with ID: 0[0m
[32m[INFO] 2026-08-31 20:32:11,246 [RapidOCR] download_file.py:60: File exists and is valid: D:\Work\research\FileX\.venv-ai\Lib\site-packages\rapidocr\models\ch_ptocr_mobile_v2.0_cls_mobile.pth[0m
[32m[INFO] 2026-08-31 20:32:11,246 [RapidOCR] main.py:50: Using D:\Work\research\FileX\.venv-ai\Lib\site-packages\rapidocr\models\ch_ptocr_mobile_v2.0_cls_mobile.pth[0m
[32m[INFO] 2026-08-31 20:32:11,403 [RapidOCR] base.py:23: Using engine_name: torch[0m
[32m[INFO] 2026-08-31 20:32:11,404 [RapidOCR] device_config.py:64: Using GPU device with ID: 0[0m
[32m[INFO] 2026-08-31 20:32:11,424 [RapidOCR] download_file.py:60: File exists and is valid: D:\Work\research\FileX\.venv-ai\Lib\site-packages\rapidocr\models\PP-OCRv6_rec_small.pth[0m
[32m[INFO] 2026-08-31 20:32:11,424 [RapidOCR] main.py:50: Using D:\Work\research\FileX\.venv-ai\Lib\site-packages\rapidocr\models\PP-OCRv6_rec_small.pth[0m
[32m[INFO] 2026-08-31 20:32:12,513 [RapidOCR] base.py:23: Using engine_name: torch[0m
[32m[INFO] 2026-08-31 20:32:12,514 [RapidOCR] device_config.py:64: Using GPU device with ID: 0[0m
[32m[INFO] 2026-08-31 20:32:12,523 [RapidOCR] download_file.py:60: File exists and is valid: D:\Work\research\FileX\.venv-ai\Lib\site-packages\rapidocr\models\PP-OCRv6_det_small.pth[0m
[32m[INFO] 2026-08-31 20:32:12,523 [RapidOCR] main.py:50: Using D:\Work\research\FileX\.venv-ai\Lib\site-packages\rapidocr\models\PP-OCRv6_det_small.pth[0m
[32m[INFO] 2026-08-31 20:32:13,056 [RapidOCR] base.py:23: Using engine_name: torch[0m
[32m[INFO] 2026-08-31 20:32:13,056 [RapidOCR] device_config.py:64: Using GPU device with ID: 0[0m
[32m[INFO] 2026-08-31 20:32:13,057 [RapidOCR] download_file.py:60: File exists and is valid: D:\Work\research\FileX\.venv-ai\Lib\site-packages\rapidocr\models\ch_ptocr_mobile_v2.0_cls_mobile.pth[0m
[32m[INFO] 2026-08-31 20:32:13,058 [RapidOCR] main.py:50: Using D:\Work\research\FileX\.venv-ai\Lib\site-packages\rapidocr\models\ch_ptocr_mobile_v2.0_cls_mobile.pth[0m
[32m[INFO] 2026-08-31 20:32:13,182 [RapidOCR] base.py:23: Using engine_name: torch[0m
[32m[INFO] 2026-08-31 20:32:13,183 [RapidOCR] device_config.py:64: Using GPU device with ID: 0[0m
[32m[INFO] 2026-08-31 20:32:13,200 [RapidOCR] download_file.py:60: File exists and is valid: D:\Work\research\FileX\.venv-ai\Lib\site-packages\rapidocr\models\PP-OCRv6_rec_small.pth[0m
[32m[INFO] 2026-08-31 20:32:13,200 [RapidOCR] main.py:50: Using D:\Work\research\FileX\.venv-ai\Lib\site-packages\rapidocr\models\PP-OCRv6_rec_small.pth[0m
[32m[INFO] 2026-08-31 20:32:14,293 [RapidOCR] base.py:23: Using engine_name: torch[0m
[32m[INFO] 2026-08-31 20:32:14,294 [RapidOCR] device_config.py:64: Using GPU device with ID: 0[0m
[32m[INFO] 2026-08-31 20:32:14,306 [RapidOCR] download_file.py:60: File exists and is valid: D:\Work\research\FileX\.venv-ai\Lib\site-packages\rapidocr\models\PP-OCRv6_det_small.pth[0m
[32m[INFO] 2026-08-31 20:32:14,306 [RapidOCR] main.py:50: Using D:\Work\research\FileX\.venv-ai\Lib\site-packages\rapidocr\models\PP-OCRv6_det_small.pth[0m
[32m[INFO] 2026-08-31 20:32:14,563 [RapidOCR] base.py:23: Using engine_name: torch[0m
[32m[INFO] 2026-08-31 20:32:14,564 [RapidOCR] device_config.py:64: Using GPU device with ID: 0[0m
[32m[INFO] 2026-08-31 20:32:14,566 [RapidOCR] download_file.py:60: File exists and is valid: D:\Work\research\FileX\.venv-ai\Lib\site-packages\rapidocr\models\ch_ptocr_mobile_v2.0_cls_mobile.pth[0m
[32m[INFO] 2026-08-31 20:32:14,566 [RapidOCR] main.py:50: Using D:\Work\research\FileX\.venv-ai\Lib\site-packages\rapidocr\models\ch_ptocr_mobile_v2.0_cls_mobile.pth[0m
[32m[INFO] 2026-08-31 20:32:14,753 [RapidOCR] base.py:23: Using engine_name: torch[0m
[32m[INFO] 2026-08-31 20:32:14,753 [RapidOCR] device_config.py:64: Using GPU device with ID: 0[0m
[32m[INFO] 2026-08-31 20:32:14,772 [RapidOCR] download_file.py:60: File exists and is valid: D:\Work\research\FileX\.venv-ai\Lib\site-packages\rapidocr\models\PP-OCRv6_rec_small.pth[0m
[32m[INFO] 2026-08-31 20:32:14,773 [RapidOCR] main.py:50: Using D:\Work\research\FileX\.venv-ai\Lib\site-packages\rapidocr\models\PP-OCRv6_rec_small.pth[0m
[32m[INFO] 2026-08-31 20:32:15,902 [RapidOCR] base.py:23: Using engine_name: torch[0m
[32m[INFO] 2026-08-31 20:32:15,903 [RapidOCR] device_config.py:64: Using GPU device with ID: 0[0m
[32m[INFO] 2026-08-31 20:32:15,912 [RapidOCR] download_file.py:60: File exists and is valid: D:\Work\research\FileX\.venv-ai\Lib\site-packages\rapidocr\models\PP-OCRv6_det_small.pth[0m
[32m[INFO] 2026-08-31 20:32:15,912 [RapidOCR] main.py:50: Using D:\Work\research\FileX\.venv-ai\Lib\site-packages\rapidocr\models\PP-OCRv6_det_small.pth[0m
[32m[INFO] 2026-08-31 20:32:16,135 [RapidOCR] base.py:23: Using engine_name: torch[0m
[32m[INFO] 2026-08-31 20:32:16,136 [RapidOCR] device_config.py:64: Using GPU device with ID: 0[0m
[32m[INFO] 2026-08-31 20:32:16,137 [RapidOCR] download_file.py:60: File exists and is valid: D:\Work\research\FileX\.venv-ai\Lib\site-packages\rapidocr\models\ch_ptocr_mobile_v2.0_cls_mobile.pth[0m
[32m[INFO] 2026-08-31 20:32:16,137 [RapidOCR] main.py:50: Using D:\Work\research\FileX\.venv-ai\Lib\site-packages\rapidocr\models\ch_ptocr_mobile_v2.0_cls_mobile.pth[0m
[32m[INFO] 2026-08-31 20:32:16,300 [RapidOCR] base.py:23: Using engine_name: torch[0m
[32m[INFO] 2026-08-31 20:32:16,301 [RapidOCR] device_config.py:64: Using GPU device with ID: 0[0m
[32m[INFO] 2026-08-31 20:32:16,320 [RapidOCR] download_file.py:60: File exists and is valid: D:\Work\research\FileX\.venv-ai\Lib\site-packages\rapidocr\models\PP-OCRv6_rec_small.pth[0m
[32m[INFO] 2026-08-31 20:32:16,320 [RapidOCR] main.py:50: Using D:\Work\research\FileX\.venv-ai\Lib\site-packages\rapidocr\models\PP-OCRv6_rec_small.pth[0m
[32m[INFO] 2026-08-31 20:32:17,338 [RapidOCR] base.py:23: Using engine_name: torch[0m
[32m[INFO] 2026-08-31 20:32:17,339 [RapidOCR] device_config.py:64: Using GPU device with ID: 0[0m
[32m[INFO] 2026-08-31 20:32:17,349 [RapidOCR] download_file.py:60: File exists and is valid: D:\Work\research\FileX\.venv-ai\Lib\site-packages\rapidocr\models\PP-OCRv6_det_small.pth[0m
[32m[INFO] 2026-08-31 20:32:17,349 [RapidOCR] main.py:50: Using D:\Work\research\FileX\.venv-ai\Lib\site-packages\rapidocr\models\PP-OCRv6_det_small.pth[0m
[32m[INFO] 2026-08-31 20:32:17,865 [RapidOCR] base.py:23: Using engine_name: torch[0m
[32m[INFO] 2026-08-31 20:32:17,866 [RapidOCR] device_config.py:64: Using GPU device with ID: 0[0m
[32m[INFO] 2026-08-31 20:32:17,867 [RapidOCR] download_file.py:60: File exists and is valid: D:\Work\research\FileX\.venv-ai\Lib\site-packages\rapidocr\models\ch_ptocr_mobile_v2.0_cls_mobile.pth[0m
[32m[INFO] 2026-08-31 20:32:17,867 [RapidOCR] main.py:50: Using D:\Work\research\FileX\.venv-ai\Lib\site-packages\rapidocr\models\ch_ptocr_mobile_v2.0_cls_mobile.pth[0m
[32m[INFO] 2026-08-31 20:32:18,036 [RapidOCR] base.py:23: Using engine_name: torch[0m
[32m[INFO] 2026-08-31 20:32:18,036 [RapidOCR] device_config.py:64: Using GPU device with ID: 0[0m
[32m[INFO] 2026-08-31 20:32:18,055 [RapidOCR] download_file.py:60: File exists and is valid: D:\Work\research\FileX\.venv-ai\Lib\site-packages\rapidocr\models\PP-OCRv6_rec_small.pth[0m
[32m[INFO] 2026-08-31 20:32:18,055 [RapidOCR] main.py:50: Using D:\Work\research\FileX\.venv-ai\Lib\site-packages\rapidocr\models\PP-OCRv6_rec_small.pth[0m
[32m[INFO] 2026-08-31 20:32:19,285 [RapidOCR] base.py:23: Using engine_name: torch[0m
[32m[INFO] 2026-08-31 20:32:19,286 [RapidOCR] device_config.py:64: Using GPU device with ID: 0[0m
[32m[INFO] 2026-08-31 20:32:19,295 [RapidOCR] download_file.py:60: File exists and is valid: D:\Work\research\FileX\.venv-ai\Lib\site-packages\rapidocr\models\PP-OCRv6_det_small.pth[0m
[32m[INFO] 2026-08-31 20:32:19,296 [RapidOCR] main.py:50: Using D:\Work\research\FileX\.venv-ai\Lib\site-packages\rapidocr\models\PP-OCRv6_det_small.pth[0m
[32m[INFO] 2026-08-31 20:32:19,574 [RapidOCR] base.py:23: Using engine_name: torch[0m
[32m[INFO] 2026-08-31 20:32:19,574 [RapidOCR] device_config.py:64: Using GPU device with ID: 0[0m
[32m[INFO] 2026-08-31 20:32:19,576 [RapidOCR] download_file.py:60: File exists and is valid: D:\Work\research\FileX\.venv-ai\Lib\site-packages\rapidocr\models\ch_ptocr_mobile_v2.0_cls_mobile.pth[0m
[32m[INFO] 2026-08-31 20:32:19,576 [RapidOCR] main.py:50: Using D:\Work\research\FileX\.venv-ai\Lib\site-packages\rapidocr\models\ch_ptocr_mobile_v2.0_cls_mobile.pth[0m
[32m[INFO] 2026-08-31 20:32:19,774 [RapidOCR] base.py:23: Using engine_name: torch[0m
[32m[INFO] 2026-08-31 20:32:19,775 [RapidOCR] device_config.py:64: Using GPU device with ID: 0[0m
[32m[INFO] 2026-08-31 20:32:19,801 [RapidOCR] download_file.py:60: File exists and is valid: D:\Work\research\FileX\.venv-ai\Lib\site-packages\rapidocr\models\PP-OCRv6_rec_small.pth[0m
[32m[INFO] 2026-08-31 20:32:19,801 [RapidOCR] main.py:50: Using D:\Work\research\FileX\.venv-ai\Lib\site-packages\rapidocr\models\PP-OCRv6_rec_small.pth[0m
[32m[INFO] 2026-08-31 20:32:20,909 [RapidOCR] base.py:23: Using engine_name: torch[0m
[32m[INFO] 2026-08-31 20:32:20,909 [RapidOCR] device_config.py:64: Using GPU device with ID: 0[0m
[32m[INFO] 2026-08-31 20:32:20,917 [RapidOCR] download_file.py:60: File exists and is valid: D:\Work\research\FileX\.venv-ai\Lib\site-packages\rapidocr\models\PP-OCRv6_det_small.pth[0m
[32m[INFO] 2026-08-31 20:32:20,918 [RapidOCR] main.py:50: Using D:\Work\research\FileX\.venv-ai\Lib\site-packages\rapidocr\models\PP-OCRv6_det_small.pth[0m
[32m[INFO] 2026-08-31 20:32:21,107 [RapidOCR] base.py:23: Using engine_name: torch[0m
[32m[INFO] 2026-08-31 20:32:21,107 [RapidOCR] device_config.py:64: Using GPU device with ID: 0[0m
[32m[INFO] 2026-08-31 20:32:21,109 [RapidOCR] download_file.py:60: File exists and is valid: D:\Work\research\FileX\.venv-ai\Lib\site-packages\rapidocr\models\ch_ptocr_mobile_v2.0_cls_mobile.pth[0m
[32m[INFO] 2026-08-31 20:32:21,109 [RapidOCR] main.py:50: Using D:\Work\research\FileX\.venv-ai\Lib\site-packages\rapidocr\models\ch_ptocr_mobile_v2.0_cls_mobile.pth[0m
[32m[INFO] 2026-08-31 20:32:21,258 [RapidOCR] base.py:23: Using engine_name: torch[0m
[32m[INFO] 2026-08-31 20:32:21,259 [RapidOCR] device_config.py:64: Using GPU device with ID: 0[0m
[32m[INFO] 2026-08-31 20:32:21,277 [RapidOCR] download_file.py:60: File exists and is valid: D:\Work\research\FileX\.venv-ai\Lib\site-packages\rapidocr\models\PP-OCRv6_rec_small.pth[0m
[32m[INFO] 2026-08-31 20:32:21,277 [RapidOCR] main.py:50: Using D:\Work\research\FileX\.venv-ai\Lib\site-packages\rapidocr\models\PP-OCRv6_rec_small.pth[0m
[32m[INFO] 2026-08-31 20:32:22,283 [RapidOCR] base.py:23: Using engine_name: torch[0m
[32m[INFO] 2026-08-31 20:32:22,284 [RapidOCR] device_config.py:64: Using GPU device with ID: 0[0m
[32m[INFO] 2026-08-31 20:32:22,293 [RapidOCR] download_file.py:60: File exists and is valid: D:\Work\research\FileX\.venv-ai\Lib\site-packages\rapidocr\models\PP-OCRv6_det_small.pth[0m
[32m[INFO] 2026-08-31 20:32:22,294 [RapidOCR] main.py:50: Using D:\Work\research\FileX\.venv-ai\Lib\site-packages\rapidocr\models\PP-OCRv6_det_small.pth[0m
[32m[INFO] 2026-08-31 20:32:22,492 [RapidOCR] base.py:23: Using engine_name: torch[0m
[32m[INFO] 2026-08-31 20:32:22,493 [RapidOCR] device_config.py:64: Using GPU device with ID: 0[0m
[32m[INFO] 2026-08-31 20:32:22,494 [RapidOCR] download_file.py:60: File exists and is valid: D:\Work\research\FileX\.venv-ai\Lib\site-packages\rapidocr\models\ch_ptocr_mobile_v2.0_cls_mobile.pth[0m
[32m[INFO] 2026-08-31 20:32:22,494 [RapidOCR] main.py:50: Using D:\Work\research\FileX\.venv-ai\Lib\site-packages\rapidocr\models\ch_ptocr_mobile_v2.0_cls_mobile.pth[0m
[32m[INFO] 2026-08-31 20:32:22,883 [RapidOCR] base.py:23: Using engine_name: torch[0m
[32m[INFO] 2026-08-31 20:32:22,884 [RapidOCR] device_config.py:64: Using GPU device with ID: 0[0m
[32m[INFO] 2026-08-31 20:32:22,904 [RapidOCR] download_file.py:60: File exists and is valid: D:\Work\research\FileX\.venv-ai\Lib\site-packages\rapidocr\models\PP-OCRv6_rec_small.pth[0m
[32m[INFO] 2026-08-31 20:32:22,904 [RapidOCR] main.py:50: Using D:\Work\research\FileX\.venv-ai\Lib\site-packages\rapidocr\models\PP-OCRv6_rec_small.pth[0m
[32m[INFO] 2026-08-31 20:32:24,009 [RapidOCR] base.py:23: Using engine_name: torch[0m
[32m[INFO] 2026-08-31 20:32:24,009 [RapidOCR] device_config.py:64: Using GPU device with ID: 0[0m
[32m[INFO] 2026-08-31 20:32:24,019 [RapidOCR] download_file.py:60: File exists and is valid: D:\Work\research\FileX\.venv-ai\Lib\site-packages\rapidocr\models\PP-OCRv6_det_small.pth[0m
[32m[INFO] 2026-08-31 20:32:24,019 [RapidOCR] main.py:50: Using D:\Work\research\FileX\.venv-ai\Lib\site-packages\rapidocr\models\PP-OCRv6_det_small.pth[0m
[32m[INFO] 2026-08-31 20:32:24,296 [RapidOCR] base.py:23: Using engine_name: torch[0m
[32m[INFO] 2026-08-31 20:32:24,297 [RapidOCR] device_config.py:64: Using GPU device with ID: 0[0m
[32m[INFO] 2026-08-31 20:32:24,298 [RapidOCR] download_file.py:60: File exists and is valid: D:\Work\research\FileX\.venv-ai\Lib\site-packages\rapidocr\models\ch_ptocr_mobile_v2.0_cls_mobile.pth[0m
[32m[INFO] 2026-08-31 20:32:24,298 [RapidOCR] main.py:50: Using D:\Work\research\FileX\.venv-ai\Lib\site-packages\rapidocr\models\ch_ptocr_mobile_v2.0_cls_mobile.pth[0m
[32m[INFO] 2026-08-31 20:32:24,458 [RapidOCR] base.py:23: Using engine_name: torch[0m
[32m[INFO] 2026-08-31 20:32:24,458 [RapidOCR] device_config.py:64: Using GPU device with ID: 0[0m
[32m[INFO] 2026-08-31 20:32:24,476 [RapidOCR] download_file.py:60: File exists and is valid: D:\Work\research\FileX\.venv-ai\Lib\site-packages\rapidocr\models\PP-OCRv6_rec_small.pth[0m
[32m[INFO] 2026-08-31 20:32:24,476 [RapidOCR] main.py:50: Using D:\Work\research\FileX\.venv-ai\Lib\site-packages\rapidocr\models\PP-OCRv6_rec_small.pth[0m
{"config": "docling-def", "doc": "escaneado_d5b", "ppp_nativo": 60, "ppp": 125, "factor": 2.083, "png": "ppp125__escaneado_d5b.png", "png_identify": "808x1106 49.210000000000000853,49.210000000000000853 PixelsPerCentimeter", "preflight": {"vram_libre_mib": 8771, "mpx_actual": 0.894, "mpx_pendiente_ordenada": 0}, "entrada": "PDF via Docling; scale explicita", "dispositivo": "GPU CUDA", "rc": [1, 1, 1, 1, 1, 1, 1, 1, 1], "error": ["FileNotFoundError: [WinError 3] El sistema no puede encontrar la ruta especificada: '\\\\\\\\?\\\\\\\\wsl.localhost\\\\Ubuntu\\\\'", "FileNotFoundError: [WinError 3] El sistema no puede encontrar la ruta especificada: '\\\\\\\\?\\\\\\\\wsl.localhost\\\\Ubuntu\\\\'", "FileNotFoundError: [WinError 3] El sistema no puede encontrar la ruta especificada: '\\\\\\\\?\\\\\\\\wsl.localhost\\\\Ubuntu\\\\'", "FileNotFoundError: [WinError 3] El sistema no puede encontrar la ruta especificada: '\\\\\\\\?\\\\\\\\wsl.localhost\\\\Ubuntu\\\\'", "FileNotFoundError: [WinError 3] El sistema no puede encontrar la ruta especificada: '\\\\\\\\?\\\\\\\\wsl.localhost\\\\Ubuntu\\\\'", "FileNotFoundError: [WinError 3] El sistema no puede encontrar la ruta especificada: '\\\\\\\\?\\\\\\\\wsl.localhost\\\\Ubuntu\\\\'", "FileNotFoundError: [WinError 3] El sistema no puede encontrar la ruta especificada: '\\\\\\\\?\\\\\\\\wsl.localhost\\\\Ubuntu\\\\'", "FileNotFoundError: [WinError 3] El sistema no puede encontrar la ruta especificada: '\\\\\\\\?\\\\\\\\wsl.localhost\\\\Ubuntu\\\\'", "FileNotFoundError: [WinError 3] El sistema no puede encontrar la ruta especificada: '\\\\\\\\?\\\\\\\\wsl.localhost\\\\Ubuntu\\\\'"], "n": 9, "ms_mediana": 1646.0, "determinista": true, "metrica": "acentos", "cer_pct": 100.0, "cer_acentos_pct": 100.0, "cer_ciego_pct": 100.0, "dist_acentos": 596, "texto": "docling-def__ppp125__escaneado_d5b.txt"}
[32m[INFO] 2026-08-31 20:32:25,635 [RapidOCR] base.py:23: Using engine_name: torch[0m
[32m[INFO] 2026-08-31 20:32:25,636 [RapidOCR] device_config.py:64: Using GPU device with ID: 0[0m
[32m[INFO] 2026-08-31 20:32:25,644 [RapidOCR] download_file.py:60: File exists and is valid: D:\Work\research\FileX\.venv-ai\Lib\site-packages\rapidocr\models\PP-OCRv6_det_small.pth[0m
[32m[INFO] 2026-08-31 20:32:25,644 [RapidOCR] main.py:50: Using D:\Work\research\FileX\.venv-ai\Lib\site-packages\rapidocr\models\PP-OCRv6_det_small.pth[0m
[32m[INFO] 2026-08-31 20:32:25,875 [RapidOCR] base.py:23: Using engine_name: torch[0m
[32m[INFO] 2026-08-31 20:32:25,875 [RapidOCR] device_config.py:64: Using GPU device with ID: 0[0m
[32m[INFO] 2026-08-31 20:32:25,876 [RapidOCR] download_file.py:60: File exists and is valid: D:\Work\research\FileX\.venv-ai\Lib\site-packages\rapidocr\models\ch_ptocr_mobile_v2.0_cls_mobile.pth[0m
[32m[INFO] 2026-08-31 20:32:25,876 [RapidOCR] main.py:50: Using D:\Work\research\FileX\.venv-ai\Lib\site-packages\rapidocr\models\ch_ptocr_mobile_v2.0_cls_mobile.pth[0m
[32m[INFO] 2026-08-31 20:32:26,035 [RapidOCR] base.py:23: Using engine_name: torch[0m
[32m[INFO] 2026-08-31 20:32:26,035 [RapidOCR] device_config.py:64: Using GPU device with ID: 0[0m
[32m[INFO] 2026-08-31 20:32:26,053 [RapidOCR] download_file.py:60: File exists and is valid: D:\Work\research\FileX\.venv-ai\Lib\site-packages\rapidocr\models\PP-OCRv6_rec_small.pth[0m
[32m[INFO] 2026-08-31 20:32:26,053 [RapidOCR] main.py:50: Using D:\Work\research\FileX\.venv-ai\Lib\site-packages\rapidocr\models\PP-OCRv6_rec_small.pth[0m
[32m[INFO] 2026-08-31 20:32:27,084 [RapidOCR] base.py:23: Using engine_name: torch[0m
[32m[INFO] 2026-08-31 20:32:27,085 [RapidOCR] device_config.py:64: Using GPU device with ID: 0[0m
[32m[INFO] 2026-08-31 20:32:27,094 [RapidOCR] download_file.py:60: File exists and is valid: D:\Work\research\FileX\.venv-ai\Lib\site-packages\rapidocr\models\PP-OCRv6_det_small.pth[0m
[32m[INFO] 2026-08-31 20:32:27,094 [RapidOCR] main.py:50: Using D:\Work\research\FileX\.venv-ai\Lib\site-packages\rapidocr\models\PP-OCRv6_det_small.pth[0m
[32m[INFO] 2026-08-31 20:32:27,325 [RapidOCR] base.py:23: Using engine_name: torch[0m
[32m[INFO] 2026-08-31 20:32:27,325 [RapidOCR] device_config.py:64: Using GPU device with ID: 0[0m
[32m[INFO] 2026-08-31 20:32:27,327 [RapidOCR] download_file.py:60: File exists and is valid: D:\Work\research\FileX\.venv-ai\Lib\site-packages\rapidocr\models\ch_ptocr_mobile_v2.0_cls_mobile.pth[0m
[32m[INFO] 2026-08-31 20:32:27,327 [RapidOCR] main.py:50: Using D:\Work\research\FileX\.venv-ai\Lib\site-packages\rapidocr\models\ch_ptocr_mobile_v2.0_cls_mobile.pth[0m
[32m[INFO] 2026-08-31 20:32:27,490 [RapidOCR] base.py:23: Using engine_name: torch[0m
[32m[INFO] 2026-08-31 20:32:27,490 [RapidOCR] device_config.py:64: Using GPU device with ID: 0[0m
[32m[INFO] 2026-08-31 20:32:27,508 [RapidOCR] download_file.py:60: File exists and is valid: D:\Work\research\FileX\.venv-ai\Lib\site-packages\rapidocr\models\PP-OCRv6_rec_small.pth[0m
[32m[INFO] 2026-08-31 20:32:27,508 [RapidOCR] main.py:50: Using D:\Work\research\FileX\.venv-ai\Lib\site-packages\rapidocr\models\PP-OCRv6_rec_small.pth[0m
[32m[INFO] 2026-08-31 20:32:28,751 [RapidOCR] base.py:23: Using engine_name: torch[0m
[32m[INFO] 2026-08-31 20:32:28,751 [RapidOCR] device_config.py:64: Using GPU device with ID: 0[0m
[32m[INFO] 2026-08-31 20:32:28,762 [RapidOCR] download_file.py:60: File exists and is valid: D:\Work\research\FileX\.venv-ai\Lib\site-packages\rapidocr\models\PP-OCRv6_det_small.pth[0m
[32m[INFO] 2026-08-31 20:32:28,762 [RapidOCR] main.py:50: Using D:\Work\research\FileX\.venv-ai\Lib\site-packages\rapidocr\models\PP-OCRv6_det_small.pth[0m
[32m[INFO] 2026-08-31 20:32:29,050 [RapidOCR] base.py:23: Using engine_name: torch[0m
[32m[INFO] 2026-08-31 20:32:29,050 [RapidOCR] device_config.py:64: Using GPU device with ID: 0[0m
[32m[INFO] 2026-08-31 20:32:29,052 [RapidOCR] download_file.py:60: File exists and is valid: D:\Work\research\FileX\.venv-ai\Lib\site-packages\rapidocr\models\ch_ptocr_mobile_v2.0_cls_mobile.pth[0m
[32m[INFO] 2026-08-31 20:32:29,052 [RapidOCR] main.py:50: Using D:\Work\research\FileX\.venv-ai\Lib\site-packages\rapidocr\models\ch_ptocr_mobile_v2.0_cls_mobile.pth[0m
[32m[INFO] 2026-08-31 20:32:29,237 [RapidOCR] base.py:23: Using engine_name: torch[0m
[32m[INFO] 2026-08-31 20:32:29,238 [RapidOCR] device_config.py:64: Using GPU device with ID: 0[0m
[32m[INFO] 2026-08-31 20:32:29,255 [RapidOCR] download_file.py:60: File exists and is valid: D:\Work\research\FileX\.venv-ai\Lib\site-packages\rapidocr\models\PP-OCRv6_rec_small.pth[0m
[32m[INFO] 2026-08-31 20:32:29,256 [RapidOCR] main.py:50: Using D:\Work\research\FileX\.venv-ai\Lib\site-packages\rapidocr\models\PP-OCRv6_rec_small.pth[0m
[32m[INFO] 2026-08-31 20:32:30,316 [RapidOCR] base.py:23: Using engine_name: torch[0m
[32m[INFO] 2026-08-31 20:32:30,317 [RapidOCR] device_config.py:64: Using GPU device with ID: 0[0m
[32m[INFO] 2026-08-31 20:32:30,327 [RapidOCR] download_file.py:60: File exists and is valid: D:\Work\research\FileX\.venv-ai\Lib\site-packages\rapidocr\models\PP-OCRv6_det_small.pth[0m
[32m[INFO] 2026-08-31 20:32:30,327 [RapidOCR] main.py:50: Using D:\Work\research\FileX\.venv-ai\Lib\site-packages\rapidocr\models\PP-OCRv6_det_small.pth[0m
[32m[INFO] 2026-08-31 20:32:30,630 [RapidOCR] base.py:23: Using engine_name: torch[0m
[32m[INFO] 2026-08-31 20:32:30,631 [RapidOCR] device_config.py:64: Using GPU device with ID: 0[0m
[32m[INFO] 2026-08-31 20:32:30,632 [RapidOCR] download_file.py:60: File exists and is valid: D:\Work\research\FileX\.venv-ai\Lib\site-packages\rapidocr\models\ch_ptocr_mobile_v2.0_cls_mobile.pth[0m
[32m[INFO] 2026-08-31 20:32:30,632 [RapidOCR] main.py:50: Using D:\Work\research\FileX\.venv-ai\Lib\site-packages\rapidocr\models\ch_ptocr_mobile_v2.0_cls_mobile.pth[0m
[32m[INFO] 2026-08-31 20:32:30,801 [RapidOCR] base.py:23: Using engine_name: torch[0m
[32m[INFO] 2026-08-31 20:32:30,801 [RapidOCR] device_config.py:64: Using GPU device with ID: 0[0m
[32m[INFO] 2026-08-31 20:32:30,820 [RapidOCR] download_file.py:60: File exists and is valid: D:\Work\research\FileX\.venv-ai\Lib\site-packages\rapidocr\models\PP-OCRv6_rec_small.pth[0m
[32m[INFO] 2026-08-31 20:32:30,820 [RapidOCR] main.py:50: Using D:\Work\research\FileX\.venv-ai\Lib\site-packages\rapidocr\models\PP-OCRv6_rec_small.pth[0m
[32m[INFO] 2026-08-31 20:32:31,975 [RapidOCR] base.py:23: Using engine_name: torch[0m
[32m[INFO] 2026-08-31 20:32:31,976 [RapidOCR] device_config.py:64: Using GPU device with ID: 0[0m
[32m[INFO] 2026-08-31 20:32:31,985 [RapidOCR] download_file.py:60: File exists and is valid: D:\Work\research\FileX\.venv-ai\Lib\site-packages\rapidocr\models\PP-OCRv6_det_small.pth[0m
[32m[INFO] 2026-08-31 20:32:31,985 [RapidOCR] main.py:50: Using D:\Work\research\FileX\.venv-ai\Lib\site-packages\rapidocr\models\PP-OCRv6_det_small.pth[0m
[32m[INFO] 2026-08-31 20:32:32,219 [RapidOCR] base.py:23: Using engine_name: torch[0m
[32m[INFO] 2026-08-31 20:32:32,219 [RapidOCR] device_config.py:64: Using GPU device with ID: 0[0m
[32m[INFO] 2026-08-31 20:32:32,220 [RapidOCR] download_file.py:60: File exists and is valid: D:\Work\research\FileX\.venv-ai\Lib\site-packages\rapidocr\models\ch_ptocr_mobile_v2.0_cls_mobile.pth[0m
[32m[INFO] 2026-08-31 20:32:32,220 [RapidOCR] main.py:50: Using D:\Work\research\FileX\.venv-ai\Lib\site-packages\rapidocr\models\ch_ptocr_mobile_v2.0_cls_mobile.pth[0m
[32m[INFO] 2026-08-31 20:32:32,397 [RapidOCR] base.py:23: Using engine_name: torch[0m
[32m[INFO] 2026-08-31 20:32:32,398 [RapidOCR] device_config.py:64: Using GPU device with ID: 0[0m
[32m[INFO] 2026-08-31 20:32:32,415 [RapidOCR] download_file.py:60: File exists and is valid: D:\Work\research\FileX\.venv-ai\Lib\site-packages\rapidocr\models\PP-OCRv6_rec_small.pth[0m
[32m[INFO] 2026-08-31 20:32:32,415 [RapidOCR] main.py:50: Using D:\Work\research\FileX\.venv-ai\Lib\site-packages\rapidocr\models\PP-OCRv6_rec_small.pth[0m
[32m[INFO] 2026-08-31 20:32:33,690 [RapidOCR] base.py:23: Using engine_name: torch[0m
[32m[INFO] 2026-08-31 20:32:33,690 [RapidOCR] device_config.py:64: Using GPU device with ID: 0[0m
[32m[INFO] 2026-08-31 20:32:33,700 [RapidOCR] download_file.py:60: File exists and is valid: D:\Work\research\FileX\.venv-ai\Lib\site-packages\rapidocr\models\PP-OCRv6_det_small.pth[0m
[32m[INFO] 2026-08-31 20:32:33,700 [RapidOCR] main.py:50: Using D:\Work\research\FileX\.venv-ai\Lib\site-packages\rapidocr\models\PP-OCRv6_det_small.pth[0m
[32m[INFO] 2026-08-31 20:32:33,939 [RapidOCR] base.py:23: Using engine_name: torch[0m
[32m[INFO] 2026-08-31 20:32:33,940 [RapidOCR] device_config.py:64: Using GPU device with ID: 0[0m
[32m[INFO] 2026-08-31 20:32:33,941 [RapidOCR] download_file.py:60: File exists and is valid: D:\Work\research\FileX\.venv-ai\Lib\site-packages\rapidocr\models\ch_ptocr_mobile_v2.0_cls_mobile.pth[0m
[32m[INFO] 2026-08-31 20:32:33,941 [RapidOCR] main.py:50: Using D:\Work\research\FileX\.venv-ai\Lib\site-packages\rapidocr\models\ch_ptocr_mobile_v2.0_cls_mobile.pth[0m
[32m[INFO] 2026-08-31 20:32:34,115 [RapidOCR] base.py:23: Using engine_name: torch[0m
[32m[INFO] 2026-08-31 20:32:34,116 [RapidOCR] device_config.py:64: Using GPU device with ID: 0[0m
[32m[INFO] 2026-08-31 20:32:34,135 [RapidOCR] download_file.py:60: File exists and is valid: D:\Work\research\FileX\.venv-ai\Lib\site-packages\rapidocr\models\PP-OCRv6_rec_small.pth[0m
[32m[INFO] 2026-08-31 20:32:34,135 [RapidOCR] main.py:50: Using D:\Work\research\FileX\.venv-ai\Lib\site-packages\rapidocr\models\PP-OCRv6_rec_small.pth[0m
[32m[INFO] 2026-08-31 20:32:35,264 [RapidOCR] base.py:23: Using engine_name: torch[0m
[32m[INFO] 2026-08-31 20:32:35,265 [RapidOCR] device_config.py:64: Using GPU device with ID: 0[0m
[32m[INFO] 2026-08-31 20:32:35,275 [RapidOCR] download_file.py:60: File exists and is valid: D:\Work\research\FileX\.venv-ai\Lib\site-packages\rapidocr\models\PP-OCRv6_det_small.pth[0m
[32m[INFO] 2026-08-31 20:32:35,275 [RapidOCR] main.py:50: Using D:\Work\research\FileX\.venv-ai\Lib\site-packages\rapidocr\models\PP-OCRv6_det_small.pth[0m
[32m[INFO] 2026-08-31 20:32:35,519 [RapidOCR] base.py:23: Using engine_name: torch[0m
[32m[INFO] 2026-08-31 20:32:35,520 [RapidOCR] device_config.py:64: Using GPU device with ID: 0[0m
[32m[INFO] 2026-08-31 20:32:35,522 [RapidOCR] download_file.py:60: File exists and is valid: D:\Work\research\FileX\.venv-ai\Lib\site-packages\rapidocr\models\ch_ptocr_mobile_v2.0_cls_mobile.pth[0m
[32m[INFO] 2026-08-31 20:32:35,522 [RapidOCR] main.py:50: Using D:\Work\research\FileX\.venv-ai\Lib\site-packages\rapidocr\models\ch_ptocr_mobile_v2.0_cls_mobile.pth[0m
[32m[INFO] 2026-08-31 20:32:35,684 [RapidOCR] base.py:23: Using engine_name: torch[0m
[32m[INFO] 2026-08-31 20:32:35,685 [RapidOCR] device_config.py:64: Using GPU device with ID: 0[0m
[32m[INFO] 2026-08-31 20:32:35,704 [RapidOCR] download_file.py:60: File exists and is valid: D:\Work\research\FileX\.venv-ai\Lib\site-packages\rapidocr\models\PP-OCRv6_rec_small.pth[0m
[32m[INFO] 2026-08-31 20:32:35,704 [RapidOCR] main.py:50: Using D:\Work\research\FileX\.venv-ai\Lib\site-packages\rapidocr\models\PP-OCRv6_rec_small.pth[0m
[32m[INFO] 2026-08-31 20:32:36,758 [RapidOCR] base.py:23: Using engine_name: torch[0m
[32m[INFO] 2026-08-31 20:32:36,759 [RapidOCR] device_config.py:64: Using GPU device with ID: 0[0m
[32m[INFO] 2026-08-31 20:32:36,767 [RapidOCR] download_file.py:60: File exists and is valid: D:\Work\research\FileX\.venv-ai\Lib\site-packages\rapidocr\models\PP-OCRv6_det_small.pth[0m
[32m[INFO] 2026-08-31 20:32:36,768 [RapidOCR] main.py:50: Using D:\Work\research\FileX\.venv-ai\Lib\site-packages\rapidocr\models\PP-OCRv6_det_small.pth[0m
[32m[INFO] 2026-08-31 20:32:37,101 [RapidOCR] base.py:23: Using engine_name: torch[0m
[32m[INFO] 2026-08-31 20:32:37,102 [RapidOCR] device_config.py:64: Using GPU device with ID: 0[0m
[32m[INFO] 2026-08-31 20:32:37,103 [RapidOCR] download_file.py:60: File exists and is valid: D:\Work\research\FileX\.venv-ai\Lib\site-packages\rapidocr\models\ch_ptocr_mobile_v2.0_cls_mobile.pth[0m
[32m[INFO] 2026-08-31 20:32:37,103 [RapidOCR] main.py:50: Using D:\Work\research\FileX\.venv-ai\Lib\site-packages\rapidocr\models\ch_ptocr_mobile_v2.0_cls_mobile.pth[0m
[32m[INFO] 2026-08-31 20:32:37,257 [RapidOCR] base.py:23: Using engine_name: torch[0m
[32m[INFO] 2026-08-31 20:32:37,258 [RapidOCR] device_config.py:64: Using GPU device with ID: 0[0m
[32m[INFO] 2026-08-31 20:32:37,277 [RapidOCR] download_file.py:60: File exists and is valid: D:\Work\research\FileX\.venv-ai\Lib\site-packages\rapidocr\models\PP-OCRv6_rec_small.pth[0m
[32m[INFO] 2026-08-31 20:32:37,277 [RapidOCR] main.py:50: Using D:\Work\research\FileX\.venv-ai\Lib\site-packages\rapidocr\models\PP-OCRv6_rec_small.pth[0m
[32m[INFO] 2026-08-31 20:32:38,569 [RapidOCR] base.py:23: Using engine_name: torch[0m
[32m[INFO] 2026-08-31 20:32:38,570 [RapidOCR] device_config.py:64: Using GPU device with ID: 0[0m
[32m[INFO] 2026-08-31 20:32:38,579 [RapidOCR] download_file.py:60: File exists and is valid: D:\Work\research\FileX\.venv-ai\Lib\site-packages\rapidocr\models\PP-OCRv6_det_small.pth[0m
[32m[INFO] 2026-08-31 20:32:38,579 [RapidOCR] main.py:50: Using D:\Work\research\FileX\.venv-ai\Lib\site-packages\rapidocr\models\PP-OCRv6_det_small.pth[0m
[32m[INFO] 2026-08-31 20:32:38,813 [RapidOCR] base.py:23: Using engine_name: torch[0m
[32m[INFO] 2026-08-31 20:32:38,813 [RapidOCR] device_config.py:64: Using GPU device with ID: 0[0m
[32m[INFO] 2026-08-31 20:32:38,814 [RapidOCR] download_file.py:60: File exists and is valid: D:\Work\research\FileX\.venv-ai\Lib\site-packages\rapidocr\models\ch_ptocr_mobile_v2.0_cls_mobile.pth[0m
[32m[INFO] 2026-08-31 20:32:38,814 [RapidOCR] main.py:50: Using D:\Work\research\FileX\.venv-ai\Lib\site-packages\rapidocr\models\ch_ptocr_mobile_v2.0_cls_mobile.pth[0m
[32m[INFO] 2026-08-31 20:32:38,989 [RapidOCR] base.py:23: Using engine_name: torch[0m
[32m[INFO] 2026-08-31 20:32:38,990 [RapidOCR] device_config.py:64: Using GPU device with ID: 0[0m
[32m[INFO] 2026-08-31 20:32:39,009 [RapidOCR] download_file.py:60: File exists and is valid: D:\Work\research\FileX\.venv-ai\Lib\site-packages\rapidocr\models\PP-OCRv6_rec_small.pth[0m
[32m[INFO] 2026-08-31 20:32:39,009 [RapidOCR] main.py:50: Using D:\Work\research\FileX\.venv-ai\Lib\site-packages\rapidocr\models\PP-OCRv6_rec_small.pth[0m
[32m[INFO] 2026-08-31 20:32:40,084 [RapidOCR] base.py:23: Using engine_name: torch[0m
[32m[INFO] 2026-08-31 20:32:40,085 [RapidOCR] device_config.py:64: Using GPU device with ID: 0[0m
[32m[INFO] 2026-08-31 20:32:40,094 [RapidOCR] download_file.py:60: File exists and is valid: D:\Work\research\FileX\.venv-ai\Lib\site-packages\rapidocr\models\PP-OCRv6_det_small.pth[0m
[32m[INFO] 2026-08-31 20:32:40,094 [RapidOCR] main.py:50: Using D:\Work\research\FileX\.venv-ai\Lib\site-packages\rapidocr\models\PP-OCRv6_det_small.pth[0m
[32m[INFO] 2026-08-31 20:32:40,363 [RapidOCR] base.py:23: Using engine_name: torch[0m
[32m[INFO] 2026-08-31 20:32:40,364 [RapidOCR] device_config.py:64: Using GPU device with ID: 0[0m
[32m[INFO] 2026-08-31 20:32:40,365 [RapidOCR] download_file.py:60: File exists and is valid: D:\Work\research\FileX\.venv-ai\Lib\site-packages\rapidocr\models\ch_ptocr_mobile_v2.0_cls_mobile.pth[0m
[32m[INFO] 2026-08-31 20:32:40,365 [RapidOCR] main.py:50: Using D:\Work\research\FileX\.venv-ai\Lib\site-packages\rapidocr\models\ch_ptocr_mobile_v2.0_cls_mobile.pth[0m
[32m[INFO] 2026-08-31 20:32:40,523 [RapidOCR] base.py:23: Using engine_name: torch[0m
[32m[INFO] 2026-08-31 20:32:40,524 [RapidOCR] device_config.py:64: Using GPU device with ID: 0[0m
[32m[INFO] 2026-08-31 20:32:40,541 [RapidOCR] download_file.py:60: File exists and is valid: D:\Work\research\FileX\.venv-ai\Lib\site-packages\rapidocr\models\PP-OCRv6_rec_small.pth[0m
[32m[INFO] 2026-08-31 20:32:40,541 [RapidOCR] main.py:50: Using D:\Work\research\FileX\.venv-ai\Lib\site-packages\rapidocr\models\PP-OCRv6_rec_small.pth[0m
{"config": "docling-def", "doc": "escaneado_d5b", "ppp_nativo": 60, "ppp": 130, "factor": 2.167, "png": "ppp130__escaneado_d5b.png", "png_identify": "841x1151 51.179999999999999716,51.179999999999999716 PixelsPerCentimeter", "preflight": {"vram_libre_mib": 8789, "mpx_actual": 0.968, "mpx_pendiente_ordenada": 0}, "entrada": "PDF via Docling; scale explicita", "dispositivo": "GPU CUDA", "rc": [1, 1, 1, 1, 1, 1, 1, 1, 1], "error": ["FileNotFoundError: [WinError 3] El sistema no puede encontrar la ruta especificada: '\\\\\\\\?\\\\\\\\wsl.localhost\\\\Ubuntu\\\\'", "FileNotFoundError: [WinError 3] El sistema no puede encontrar la ruta especificada: '\\\\\\\\?\\\\\\\\wsl.localhost\\\\Ubuntu\\\\'", "FileNotFoundError: [WinError 3] El sistema no puede encontrar la ruta especificada: '\\\\\\\\?\\\\\\\\wsl.localhost\\\\Ubuntu\\\\'", "FileNotFoundError: [WinError 3] El sistema no puede encontrar la ruta especificada: '\\\\\\\\?\\\\\\\\wsl.localhost\\\\Ubuntu\\\\'", "FileNotFoundError: [WinError 3] El sistema no puede encontrar la ruta especificada: '\\\\\\\\?\\\\\\\\wsl.localhost\\\\Ubuntu\\\\'", "FileNotFoundError: [WinError 3] El sistema no puede encontrar la ruta especificada: '\\\\\\\\?\\\\\\\\wsl.localhost\\\\Ubuntu\\\\'", "FileNotFoundError: [WinError 3] El sistema no puede encontrar la ruta especificada: '\\\\\\\\?\\\\\\\\wsl.localhost\\\\Ubuntu\\\\'", "FileNotFoundError: [WinError 3] El sistema no puede encontrar la ruta especificada: '\\\\\\\\?\\\\\\\\wsl.localhost\\\\Ubuntu\\\\'", "FileNotFoundError: [WinError 3] El sistema no puede encontrar la ruta especificada: '\\\\\\\\?\\\\\\\\wsl.localhost\\\\Ubuntu\\\\'"], "n": 9, "ms_mediana": 1642.5, "determinista": true, "metrica": "acentos", "cer_pct": 100.0, "cer_acentos_pct": 100.0, "cer_ciego_pct": 100.0, "dist_acentos": 596, "texto": "docling-def__ppp130__escaneado_d5b.txt"}
[32m[INFO] 2026-08-31 20:32:41,733 [RapidOCR] base.py:23: Using engine_name: torch[0m
[32m[INFO] 2026-08-31 20:32:41,734 [RapidOCR] device_config.py:64: Using GPU device with ID: 0[0m
[32m[INFO] 2026-08-31 20:32:41,742 [RapidOCR] download_file.py:60: File exists and is valid: D:\Work\research\FileX\.venv-ai\Lib\site-packages\rapidocr\models\PP-OCRv6_det_small.pth[0m
[32m[INFO] 2026-08-31 20:32:41,743 [RapidOCR] main.py:50: Using D:\Work\research\FileX\.venv-ai\Lib\site-packages\rapidocr\models\PP-OCRv6_det_small.pth[0m
[32m[INFO] 2026-08-31 20:32:42,001 [RapidOCR] base.py:23: Using engine_name: torch[0m
[32m[INFO] 2026-08-31 20:32:42,002 [RapidOCR] device_config.py:64: Using GPU device with ID: 0[0m
[32m[INFO] 2026-08-31 20:32:42,003 [RapidOCR] download_file.py:60: File exists and is valid: D:\Work\research\FileX\.venv-ai\Lib\site-packages\rapidocr\models\ch_ptocr_mobile_v2.0_cls_mobile.pth[0m
[32m[INFO] 2026-08-31 20:32:42,003 [RapidOCR] main.py:50: Using D:\Work\research\FileX\.venv-ai\Lib\site-packages\rapidocr\models\ch_ptocr_mobile_v2.0_cls_mobile.pth[0m
[32m[INFO] 2026-08-31 20:32:42,157 [RapidOCR] base.py:23: Using engine_name: torch[0m
[32m[INFO] 2026-08-31 20:32:42,158 [RapidOCR] device_config.py:64: Using GPU device with ID: 0[0m
[32m[INFO] 2026-08-31 20:32:42,175 [RapidOCR] download_file.py:60: File exists and is valid: D:\Work\research\FileX\.venv-ai\Lib\site-packages\rapidocr\models\PP-OCRv6_rec_small.pth[0m
[32m[INFO] 2026-08-31 20:32:42,175 [RapidOCR] main.py:50: Using D:\Work\research\FileX\.venv-ai\Lib\site-packages\rapidocr\models\PP-OCRv6_rec_small.pth[0m
[32m[INFO] 2026-08-31 20:32:43,186 [RapidOCR] base.py:23: Using engine_name: torch[0m
[32m[INFO] 2026-08-31 20:32:43,187 [RapidOCR] device_config.py:64: Using GPU device with ID: 0[0m
[32m[INFO] 2026-08-31 20:32:43,195 [RapidOCR] download_file.py:60: File exists and is valid: D:\Work\research\FileX\.venv-ai\Lib\site-packages\rapidocr\models\PP-OCRv6_det_small.pth[0m
[32m[INFO] 2026-08-31 20:32:43,195 [RapidOCR] main.py:50: Using D:\Work\research\FileX\.venv-ai\Lib\site-packages\rapidocr\models\PP-OCRv6_det_small.pth[0m
[32m[INFO] 2026-08-31 20:32:43,592 [RapidOCR] base.py:23: Using engine_name: torch[0m
[32m[INFO] 2026-08-31 20:32:43,593 [RapidOCR] device_config.py:64: Using GPU device with ID: 0[0m
[32m[INFO] 2026-08-31 20:32:43,594 [RapidOCR] download_file.py:60: File exists and is valid: D:\Work\research\FileX\.venv-ai\Lib\site-packages\rapidocr\models\ch_ptocr_mobile_v2.0_cls_mobile.pth[0m
[32m[INFO] 2026-08-31 20:32:43,594 [RapidOCR] main.py:50: Using D:\Work\research\FileX\.venv-ai\Lib\site-packages\rapidocr\models\ch_ptocr_mobile_v2.0_cls_mobile.pth[0m
[32m[INFO] 2026-08-31 20:32:43,768 [RapidOCR] base.py:23: Using engine_name: torch[0m
[32m[INFO] 2026-08-31 20:32:43,769 [RapidOCR] device_config.py:64: Using GPU device with ID: 0[0m
[32m[INFO] 2026-08-31 20:32:43,789 [RapidOCR] download_file.py:60: File exists and is valid: D:\Work\research\FileX\.venv-ai\Lib\site-packages\rapidocr\models\PP-OCRv6_rec_small.pth[0m
[32m[INFO] 2026-08-31 20:32:43,789 [RapidOCR] main.py:50: Using D:\Work\research\FileX\.venv-ai\Lib\site-packages\rapidocr\models\PP-OCRv6_rec_small.pth[0m
[32m[INFO] 2026-08-31 20:32:44,999 [RapidOCR] base.py:23: Using engine_name: torch[0m
[32m[INFO] 2026-08-31 20:32:45,000 [RapidOCR] device_config.py:64: Using GPU device with ID: 0[0m
[32m[INFO] 2026-08-31 20:32:45,010 [RapidOCR] download_file.py:60: File exists and is valid: D:\Work\research\FileX\.venv-ai\Lib\site-packages\rapidocr\models\PP-OCRv6_det_small.pth[0m
[32m[INFO] 2026-08-31 20:32:45,010 [RapidOCR] main.py:50: Using D:\Work\research\FileX\.venv-ai\Lib\site-packages\rapidocr\models\PP-OCRv6_det_small.pth[0m
[32m[INFO] 2026-08-31 20:32:45,276 [RapidOCR] base.py:23: Using engine_name: torch[0m
[32m[INFO] 2026-08-31 20:32:45,277 [RapidOCR] device_config.py:64: Using GPU device with ID: 0[0m
[32m[INFO] 2026-08-31 20:32:45,279 [RapidOCR] download_file.py:60: File exists and is valid: D:\Work\research\FileX\.venv-ai\Lib\site-packages\rapidocr\models\ch_ptocr_mobile_v2.0_cls_mobile.pth[0m
[32m[INFO] 2026-08-31 20:32:45,279 [RapidOCR] main.py:50: Using D:\Work\research\FileX\.venv-ai\Lib\site-packages\rapidocr\models\ch_ptocr_mobile_v2.0_cls_mobile.pth[0m
[32m[INFO] 2026-08-31 20:32:45,448 [RapidOCR] base.py:23: Using engine_name: torch[0m
[32m[INFO] 2026-08-31 20:32:45,448 [RapidOCR] device_config.py:64: Using GPU device with ID: 0[0m
[32m[INFO] 2026-08-31 20:32:45,466 [RapidOCR] download_file.py:60: File exists and is valid: D:\Work\research\FileX\.venv-ai\Lib\site-packages\rapidocr\models\PP-OCRv6_rec_small.pth[0m
[32m[INFO] 2026-08-31 20:32:45,466 [RapidOCR] main.py:50: Using D:\Work\research\FileX\.venv-ai\Lib\site-packages\rapidocr\models\PP-OCRv6_rec_small.pth[0m
[32m[INFO] 2026-08-31 20:32:46,540 [RapidOCR] base.py:23: Using engine_name: torch[0m
[32m[INFO] 2026-08-31 20:32:46,541 [RapidOCR] device_config.py:64: Using GPU device with ID: 0[0m
[32m[INFO] 2026-08-31 20:32:46,551 [RapidOCR] download_file.py:60: File exists and is valid: D:\Work\research\FileX\.venv-ai\Lib\site-packages\rapidocr\models\PP-OCRv6_det_small.pth[0m
[32m[INFO] 2026-08-31 20:32:46,552 [RapidOCR] main.py:50: Using D:\Work\research\FileX\.venv-ai\Lib\site-packages\rapidocr\models\PP-OCRv6_det_small.pth[0m
[32m[INFO] 2026-08-31 20:32:46,815 [RapidOCR] base.py:23: Using engine_name: torch[0m
[32m[INFO] 2026-08-31 20:32:46,816 [RapidOCR] device_config.py:64: Using GPU device with ID: 0[0m
[32m[INFO] 2026-08-31 20:32:46,818 [RapidOCR] download_file.py:60: File exists and is valid: D:\Work\research\FileX\.venv-ai\Lib\site-packages\rapidocr\models\ch_ptocr_mobile_v2.0_cls_mobile.pth[0m
[32m[INFO] 2026-08-31 20:32:46,818 [RapidOCR] main.py:50: Using D:\Work\research\FileX\.venv-ai\Lib\site-packages\rapidocr\models\ch_ptocr_mobile_v2.0_cls_mobile.pth[0m
[32m[INFO] 2026-08-31 20:32:46,991 [RapidOCR] base.py:23: Using engine_name: torch[0m
[32m[INFO] 2026-08-31 20:32:46,992 [RapidOCR] device_config.py:64: Using GPU device with ID: 0[0m
[32m[INFO] 2026-08-31 20:32:47,009 [RapidOCR] download_file.py:60: File exists and is valid: D:\Work\research\FileX\.venv-ai\Lib\site-packages\rapidocr\models\PP-OCRv6_rec_small.pth[0m
[32m[INFO] 2026-08-31 20:32:47,010 [RapidOCR] main.py:50: Using D:\Work\research\FileX\.venv-ai\Lib\site-packages\rapidocr\models\PP-OCRv6_rec_small.pth[0m
[32m[INFO] 2026-08-31 20:32:47,992 [RapidOCR] base.py:23: Using engine_name: torch[0m
[32m[INFO] 2026-08-31 20:32:47,992 [RapidOCR] device_config.py:64: Using GPU device with ID: 0[0m
[32m[INFO] 2026-08-31 20:32:48,001 [RapidOCR] download_file.py:60: File exists and is valid: D:\Work\research\FileX\.venv-ai\Lib\site-packages\rapidocr\models\PP-OCRv6_det_small.pth[0m
[32m[INFO] 2026-08-31 20:32:48,001 [RapidOCR] main.py:50: Using D:\Work\research\FileX\.venv-ai\Lib\site-packages\rapidocr\models\PP-OCRv6_det_small.pth[0m
[32m[INFO] 2026-08-31 20:32:48,401 [RapidOCR] base.py:23: Using engine_name: torch[0m
[32m[INFO] 2026-08-31 20:32:48,401 [RapidOCR] device_config.py:64: Using GPU device with ID: 0[0m
[32m[INFO] 2026-08-31 20:32:48,402 [RapidOCR] download_file.py:60: File exists and is valid: D:\Work\research\FileX\.venv-ai\Lib\site-packages\rapidocr\models\ch_ptocr_mobile_v2.0_cls_mobile.pth[0m
[32m[INFO] 2026-08-31 20:32:48,402 [RapidOCR] main.py:50: Using D:\Work\research\FileX\.venv-ai\Lib\site-packages\rapidocr\models\ch_ptocr_mobile_v2.0_cls_mobile.pth[0m
[32m[INFO] 2026-08-31 20:32:48,550 [RapidOCR] base.py:23: Using engine_name: torch[0m
[32m[INFO] 2026-08-31 20:32:48,551 [RapidOCR] device_config.py:64: Using GPU device with ID: 0[0m
[32m[INFO] 2026-08-31 20:32:48,569 [RapidOCR] download_file.py:60: File exists and is valid: D:\Work\research\FileX\.venv-ai\Lib\site-packages\rapidocr\models\PP-OCRv6_rec_small.pth[0m
[32m[INFO] 2026-08-31 20:32:48,569 [RapidOCR] main.py:50: Using D:\Work\research\FileX\.venv-ai\Lib\site-packages\rapidocr\models\PP-OCRv6_rec_small.pth[0m
[32m[INFO] 2026-08-31 20:32:49,666 [RapidOCR] base.py:23: Using engine_name: torch[0m
[32m[INFO] 2026-08-31 20:32:49,666 [RapidOCR] device_config.py:64: Using GPU device with ID: 0[0m
[32m[INFO] 2026-08-31 20:32:49,676 [RapidOCR] download_file.py:60: File exists and is valid: D:\Work\research\FileX\.venv-ai\Lib\site-packages\rapidocr\models\PP-OCRv6_det_small.pth[0m
[32m[INFO] 2026-08-31 20:32:49,676 [RapidOCR] main.py:50: Using D:\Work\research\FileX\.venv-ai\Lib\site-packages\rapidocr\models\PP-OCRv6_det_small.pth[0m
[32m[INFO] 2026-08-31 20:32:49,943 [RapidOCR] base.py:23: Using engine_name: torch[0m
[32m[INFO] 2026-08-31 20:32:49,943 [RapidOCR] device_config.py:64: Using GPU device with ID: 0[0m
[32m[INFO] 2026-08-31 20:32:49,944 [RapidOCR] download_file.py:60: File exists and is valid: D:\Work\research\FileX\.venv-ai\Lib\site-packages\rapidocr\models\ch_ptocr_mobile_v2.0_cls_mobile.pth[0m
[32m[INFO] 2026-08-31 20:32:49,945 [RapidOCR] main.py:50: Using D:\Work\research\FileX\.venv-ai\Lib\site-packages\rapidocr\models\ch_ptocr_mobile_v2.0_cls_mobile.pth[0m
[32m[INFO] 2026-08-31 20:32:50,105 [RapidOCR] base.py:23: Using engine_name: torch[0m
[32m[INFO] 2026-08-31 20:32:50,106 [RapidOCR] device_config.py:64: Using GPU device with ID: 0[0m
[32m[INFO] 2026-08-31 20:32:50,124 [RapidOCR] download_file.py:60: File exists and is valid: D:\Work\research\FileX\.venv-ai\Lib\site-packages\rapidocr\models\PP-OCRv6_rec_small.pth[0m
[32m[INFO] 2026-08-31 20:32:50,124 [RapidOCR] main.py:50: Using D:\Work\research\FileX\.venv-ai\Lib\site-packages\rapidocr\models\PP-OCRv6_rec_small.pth[0m
[32m[INFO] 2026-08-31 20:32:51,148 [RapidOCR] base.py:23: Using engine_name: torch[0m
[32m[INFO] 2026-08-31 20:32:51,148 [RapidOCR] device_config.py:64: Using GPU device with ID: 0[0m
[32m[INFO] 2026-08-31 20:32:51,156 [RapidOCR] download_file.py:60: File exists and is valid: D:\Work\research\FileX\.venv-ai\Lib\site-packages\rapidocr\models\PP-OCRv6_det_small.pth[0m
[32m[INFO] 2026-08-31 20:32:51,157 [RapidOCR] main.py:50: Using D:\Work\research\FileX\.venv-ai\Lib\site-packages\rapidocr\models\PP-OCRv6_det_small.pth[0m
[32m[INFO] 2026-08-31 20:32:51,406 [RapidOCR] base.py:23: Using engine_name: torch[0m
[32m[INFO] 2026-08-31 20:32:51,407 [RapidOCR] device_config.py:64: Using GPU device with ID: 0[0m
[32m[INFO] 2026-08-31 20:32:51,409 [RapidOCR] download_file.py:60: File exists and is valid: D:\Work\research\FileX\.venv-ai\Lib\site-packages\rapidocr\models\ch_ptocr_mobile_v2.0_cls_mobile.pth[0m
[32m[INFO] 2026-08-31 20:32:51,409 [RapidOCR] main.py:50: Using D:\Work\research\FileX\.venv-ai\Lib\site-packages\rapidocr\models\ch_ptocr_mobile_v2.0_cls_mobile.pth[0m
[32m[INFO] 2026-08-31 20:32:51,573 [RapidOCR] base.py:23: Using engine_name: torch[0m
[32m[INFO] 2026-08-31 20:32:51,574 [RapidOCR] device_config.py:64: Using GPU device with ID: 0[0m
[32m[INFO] 2026-08-31 20:32:51,592 [RapidOCR] download_file.py:60: File exists and is valid: D:\Work\research\FileX\.venv-ai\Lib\site-packages\rapidocr\models\PP-OCRv6_rec_small.pth[0m
[32m[INFO] 2026-08-31 20:32:51,592 [RapidOCR] main.py:50: Using D:\Work\research\FileX\.venv-ai\Lib\site-packages\rapidocr\models\PP-OCRv6_rec_small.pth[0m
[32m[INFO] 2026-08-31 20:32:52,644 [RapidOCR] base.py:23: Using engine_name: torch[0m
[32m[INFO] 2026-08-31 20:32:52,645 [RapidOCR] device_config.py:64: Using GPU device with ID: 0[0m
[32m[INFO] 2026-08-31 20:32:52,653 [RapidOCR] download_file.py:60: File exists and is valid: D:\Work\research\FileX\.venv-ai\Lib\site-packages\rapidocr\models\PP-OCRv6_det_small.pth[0m
[32m[INFO] 2026-08-31 20:32:52,654 [RapidOCR] main.py:50: Using D:\Work\research\FileX\.venv-ai\Lib\site-packages\rapidocr\models\PP-OCRv6_det_small.pth[0m
[32m[INFO] 2026-08-31 20:32:52,888 [RapidOCR] base.py:23: Using engine_name: torch[0m
[32m[INFO] 2026-08-31 20:32:52,888 [RapidOCR] device_config.py:64: Using GPU device with ID: 0[0m
[32m[INFO] 2026-08-31 20:32:52,890 [RapidOCR] download_file.py:60: File exists and is valid: D:\Work\research\FileX\.venv-ai\Lib\site-packages\rapidocr\models\ch_ptocr_mobile_v2.0_cls_mobile.pth[0m
[32m[INFO] 2026-08-31 20:32:52,890 [RapidOCR] main.py:50: Using D:\Work\research\FileX\.venv-ai\Lib\site-packages\rapidocr\models\ch_ptocr_mobile_v2.0_cls_mobile.pth[0m
[32m[INFO] 2026-08-31 20:32:53,201 [RapidOCR] base.py:23: Using engine_name: torch[0m
[32m[INFO] 2026-08-31 20:32:53,201 [RapidOCR] device_config.py:64: Using GPU device with ID: 0[0m
[32m[INFO] 2026-08-31 20:32:53,219 [RapidOCR] download_file.py:60: File exists and is valid: D:\Work\research\FileX\.venv-ai\Lib\site-packages\rapidocr\models\PP-OCRv6_rec_small.pth[0m
[32m[INFO] 2026-08-31 20:32:53,219 [RapidOCR] main.py:50: Using D:\Work\research\FileX\.venv-ai\Lib\site-packages\rapidocr\models\PP-OCRv6_rec_small.pth[0m
[32m[INFO] 2026-08-31 20:32:54,351 [RapidOCR] base.py:23: Using engine_name: torch[0m
[32m[INFO] 2026-08-31 20:32:54,352 [RapidOCR] device_config.py:64: Using GPU device with ID: 0[0m
[32m[INFO] 2026-08-31 20:32:54,361 [RapidOCR] download_file.py:60: File exists and is valid: D:\Work\research\FileX\.venv-ai\Lib\site-packages\rapidocr\models\PP-OCRv6_det_small.pth[0m
[32m[INFO] 2026-08-31 20:32:54,361 [RapidOCR] main.py:50: Using D:\Work\research\FileX\.venv-ai\Lib\site-packages\rapidocr\models\PP-OCRv6_det_small.pth[0m
[32m[INFO] 2026-08-31 20:32:54,589 [RapidOCR] base.py:23: Using engine_name: torch[0m
[32m[INFO] 2026-08-31 20:32:54,590 [RapidOCR] device_config.py:64: Using GPU device with ID: 0[0m
[32m[INFO] 2026-08-31 20:32:54,592 [RapidOCR] download_file.py:60: File exists and is valid: D:\Work\research\FileX\.venv-ai\Lib\site-packages\rapidocr\models\ch_ptocr_mobile_v2.0_cls_mobile.pth[0m
[32m[INFO] 2026-08-31 20:32:54,592 [RapidOCR] main.py:50: Using D:\Work\research\FileX\.venv-ai\Lib\site-packages\rapidocr\models\ch_ptocr_mobile_v2.0_cls_mobile.pth[0m
[32m[INFO] 2026-08-31 20:32:54,753 [RapidOCR] base.py:23: Using engine_name: torch[0m
[32m[INFO] 2026-08-31 20:32:54,753 [RapidOCR] device_config.py:64: Using GPU device with ID: 0[0m
[32m[INFO] 2026-08-31 20:32:54,771 [RapidOCR] download_file.py:60: File exists and is valid: D:\Work\research\FileX\.venv-ai\Lib\site-packages\rapidocr\models\PP-OCRv6_rec_small.pth[0m
[32m[INFO] 2026-08-31 20:32:54,771 [RapidOCR] main.py:50: Using D:\Work\research\FileX\.venv-ai\Lib\site-packages\rapidocr\models\PP-OCRv6_rec_small.pth[0m
[32m[INFO] 2026-08-31 20:32:55,843 [RapidOCR] base.py:23: Using engine_name: torch[0m
[32m[INFO] 2026-08-31 20:32:55,844 [RapidOCR] device_config.py:64: Using GPU device with ID: 0[0m
[32m[INFO] 2026-08-31 20:32:55,853 [RapidOCR] download_file.py:60: File exists and is valid: D:\Work\research\FileX\.venv-ai\Lib\site-packages\rapidocr\models\PP-OCRv6_det_small.pth[0m
[32m[INFO] 2026-08-31 20:32:55,853 [RapidOCR] main.py:50: Using D:\Work\research\FileX\.venv-ai\Lib\site-packages\rapidocr\models\PP-OCRv6_det_small.pth[0m
[32m[INFO] 2026-08-31 20:32:56,098 [RapidOCR] base.py:23: Using engine_name: torch[0m
[32m[INFO] 2026-08-31 20:32:56,099 [RapidOCR] device_config.py:64: Using GPU device with ID: 0[0m
[32m[INFO] 2026-08-31 20:32:56,100 [RapidOCR] download_file.py:60: File exists and is valid: D:\Work\research\FileX\.venv-ai\Lib\site-packages\rapidocr\models\ch_ptocr_mobile_v2.0_cls_mobile.pth[0m
[32m[INFO] 2026-08-31 20:32:56,100 [RapidOCR] main.py:50: Using D:\Work\research\FileX\.venv-ai\Lib\site-packages\rapidocr\models\ch_ptocr_mobile_v2.0_cls_mobile.pth[0m
[32m[INFO] 2026-08-31 20:32:56,246 [RapidOCR] base.py:23: Using engine_name: torch[0m
[32m[INFO] 2026-08-31 20:32:56,246 [RapidOCR] device_config.py:64: Using GPU device with ID: 0[0m
[32m[INFO] 2026-08-31 20:32:56,264 [RapidOCR] download_file.py:60: File exists and is valid: D:\Work\research\FileX\.venv-ai\Lib\site-packages\rapidocr\models\PP-OCRv6_rec_small.pth[0m
[32m[INFO] 2026-08-31 20:32:56,264 [RapidOCR] main.py:50: Using D:\Work\research\FileX\.venv-ai\Lib\site-packages\rapidocr\models\PP-OCRv6_rec_small.pth[0m
{"config": "docling-def", "doc": "escaneado_d5b", "ppp_nativo": 60, "ppp": 135, "factor": 2.25, "png": "ppp135__escaneado_d5b.png", "png_identify": "873x1195 53.140000000000000568,53.149999999999998579 PixelsPerCentimeter", "preflight": {"vram_libre_mib": 8780, "mpx_actual": 1.043, "mpx_pendiente_ordenada": 0}, "entrada": "PDF via Docling; scale explicita", "dispositivo": "GPU CUDA", "rc": [1, 1, 1, 1, 1, 1, 1, 1, 1], "error": ["FileNotFoundError: [WinError 3] El sistema no puede encontrar la ruta especificada: '\\\\\\\\?\\\\\\\\wsl.localhost\\\\Ubuntu\\\\'", "FileNotFoundError: [WinError 3] El sistema no puede encontrar la ruta especificada: '\\\\\\\\?\\\\\\\\wsl.localhost\\\\Ubuntu\\\\'", "FileNotFoundError: [WinError 3] El sistema no puede encontrar la ruta especificada: '\\\\\\\\?\\\\\\\\wsl.localhost\\\\Ubuntu\\\\'", "FileNotFoundError: [WinError 3] El sistema no puede encontrar la ruta especificada: '\\\\\\\\?\\\\\\\\wsl.localhost\\\\Ubuntu\\\\'", "FileNotFoundError: [WinError 3] El sistema no puede encontrar la ruta especificada: '\\\\\\\\?\\\\\\\\wsl.localhost\\\\Ubuntu\\\\'", "FileNotFoundError: [WinError 3] El sistema no puede encontrar la ruta especificada: '\\\\\\\\?\\\\\\\\wsl.localhost\\\\Ubuntu\\\\'", "FileNotFoundError: [WinError 3] El sistema no puede encontrar la ruta especificada: '\\\\\\\\?\\\\\\\\wsl.localhost\\\\Ubuntu\\\\'", "FileNotFoundError: [WinError 3] El sistema no puede encontrar la ruta especificada: '\\\\\\\\?\\\\\\\\wsl.localhost\\\\Ubuntu\\\\'", "FileNotFoundError: [WinError 3] El sistema no puede encontrar la ruta especificada: '\\\\\\\\?\\\\\\\\wsl.localhost\\\\Ubuntu\\\\'"], "n": 9, "ms_mediana": 1509.4, "determinista": true, "metrica": "acentos", "cer_pct": 100.0, "cer_acentos_pct": 100.0, "cer_ciego_pct": 100.0, "dist_acentos": 596, "texto": "docling-def__ppp135__escaneado_d5b.txt"}
[32m[INFO] 2026-08-31 20:32:57,376 [RapidOCR] base.py:23: Using engine_name: torch[0m
[32m[INFO] 2026-08-31 20:32:57,377 [RapidOCR] device_config.py:64: Using GPU device with ID: 0[0m
[32m[INFO] 2026-08-31 20:32:57,386 [RapidOCR] download_file.py:60: File exists and is valid: D:\Work\research\FileX\.venv-ai\Lib\site-packages\rapidocr\models\PP-OCRv6_det_small.pth[0m
[32m[INFO] 2026-08-31 20:32:57,386 [RapidOCR] main.py:50: Using D:\Work\research\FileX\.venv-ai\Lib\site-packages\rapidocr\models\PP-OCRv6_det_small.pth[0m
[32m[INFO] 2026-08-31 20:32:57,634 [RapidOCR] base.py:23: Using engine_name: torch[0m
[32m[INFO] 2026-08-31 20:32:57,635 [RapidOCR] device_config.py:64: Using GPU device with ID: 0[0m
[32m[INFO] 2026-08-31 20:32:57,636 [RapidOCR] download_file.py:60: File exists and is valid: D:\Work\research\FileX\.venv-ai\Lib\site-packages\rapidocr\models\ch_ptocr_mobile_v2.0_cls_mobile.pth[0m
[32m[INFO] 2026-08-31 20:32:57,637 [RapidOCR] main.py:50: Using D:\Work\research\FileX\.venv-ai\Lib\site-packages\rapidocr\models\ch_ptocr_mobile_v2.0_cls_mobile.pth[0m
[32m[INFO] 2026-08-31 20:32:57,790 [RapidOCR] base.py:23: Using engine_name: torch[0m
[32m[INFO] 2026-08-31 20:32:57,790 [RapidOCR] device_config.py:64: Using GPU device with ID: 0[0m
[32m[INFO] 2026-08-31 20:32:57,808 [RapidOCR] download_file.py:60: File exists and is valid: D:\Work\research\FileX\.venv-ai\Lib\site-packages\rapidocr\models\PP-OCRv6_rec_small.pth[0m
[32m[INFO] 2026-08-31 20:32:57,808 [RapidOCR] main.py:50: Using D:\Work\research\FileX\.venv-ai\Lib\site-packages\rapidocr\models\PP-OCRv6_rec_small.pth[0m
[32m[INFO] 2026-08-31 20:32:59,077 [RapidOCR] base.py:23: Using engine_name: torch[0m
[32m[INFO] 2026-08-31 20:32:59,078 [RapidOCR] device_config.py:64: Using GPU device with ID: 0[0m
[32m[INFO] 2026-08-31 20:32:59,089 [RapidOCR] download_file.py:60: File exists and is valid: D:\Work\research\FileX\.venv-ai\Lib\site-packages\rapidocr\models\PP-OCRv6_det_small.pth[0m
[32m[INFO] 2026-08-31 20:32:59,089 [RapidOCR] main.py:50: Using D:\Work\research\FileX\.venv-ai\Lib\site-packages\rapidocr\models\PP-OCRv6_det_small.pth[0m
[32m[INFO] 2026-08-31 20:32:59,389 [RapidOCR] base.py:23: Using engine_name: torch[0m
[32m[INFO] 2026-08-31 20:32:59,390 [RapidOCR] device_config.py:64: Using GPU device with ID: 0[0m
[32m[INFO] 2026-08-31 20:32:59,391 [RapidOCR] download_file.py:60: File exists and is valid: D:\Work\research\FileX\.venv-ai\Lib\site-packages\rapidocr\models\ch_ptocr_mobile_v2.0_cls_mobile.pth[0m
[32m[INFO] 2026-08-31 20:32:59,391 [RapidOCR] main.py:50: Using D:\Work\research\FileX\.venv-ai\Lib\site-packages\rapidocr\models\ch_ptocr_mobile_v2.0_cls_mobile.pth[0m
[32m[INFO] 2026-08-31 20:32:59,561 [RapidOCR] base.py:23: Using engine_name: torch[0m
[32m[INFO] 2026-08-31 20:32:59,562 [RapidOCR] device_config.py:64: Using GPU device with ID: 0[0m
[32m[INFO] 2026-08-31 20:32:59,579 [RapidOCR] download_file.py:60: File exists and is valid: D:\Work\research\FileX\.venv-ai\Lib\site-packages\rapidocr\models\PP-OCRv6_rec_small.pth[0m
[32m[INFO] 2026-08-31 20:32:59,579 [RapidOCR] main.py:50: Using D:\Work\research\FileX\.venv-ai\Lib\site-packages\rapidocr\models\PP-OCRv6_rec_small.pth[0m
[32m[INFO] 2026-08-31 20:33:00,748 [RapidOCR] base.py:23: Using engine_name: torch[0m
[32m[INFO] 2026-08-31 20:33:00,749 [RapidOCR] device_config.py:64: Using GPU device with ID: 0[0m
[32m[INFO] 2026-08-31 20:33:00,758 [RapidOCR] download_file.py:60: File exists and is valid: D:\Work\research\FileX\.venv-ai\Lib\site-packages\rapidocr\models\PP-OCRv6_det_small.pth[0m
[32m[INFO] 2026-08-31 20:33:00,758 [RapidOCR] main.py:50: Using D:\Work\research\FileX\.venv-ai\Lib\site-packages\rapidocr\models\PP-OCRv6_det_small.pth[0m
[32m[INFO] 2026-08-31 20:33:00,987 [RapidOCR] base.py:23: Using engine_name: torch[0m
[32m[INFO] 2026-08-31 20:33:00,988 [RapidOCR] device_config.py:64: Using GPU device with ID: 0[0m
[32m[INFO] 2026-08-31 20:33:00,988 [RapidOCR] download_file.py:60: File exists and is valid: D:\Work\research\FileX\.venv-ai\Lib\site-packages\rapidocr\models\ch_ptocr_mobile_v2.0_cls_mobile.pth[0m
[32m[INFO] 2026-08-31 20:33:00,989 [RapidOCR] main.py:50: Using D:\Work\research\FileX\.venv-ai\Lib\site-packages\rapidocr\models\ch_ptocr_mobile_v2.0_cls_mobile.pth[0m
[32m[INFO] 2026-08-31 20:33:01,149 [RapidOCR] base.py:23: Using engine_name: torch[0m
[32m[INFO] 2026-08-31 20:33:01,150 [RapidOCR] device_config.py:64: Using GPU device with ID: 0[0m
[32m[INFO] 2026-08-31 20:33:01,167 [RapidOCR] download_file.py:60: File exists and is valid: D:\Work\research\FileX\.venv-ai\Lib\site-packages\rapidocr\models\PP-OCRv6_rec_small.pth[0m
[32m[INFO] 2026-08-31 20:33:01,168 [RapidOCR] main.py:50: Using D:\Work\research\FileX\.venv-ai\Lib\site-packages\rapidocr\models\PP-OCRv6_rec_small.pth[0m
[32m[INFO] 2026-08-31 20:33:02,253 [RapidOCR] base.py:23: Using engine_name: torch[0m
[32m[INFO] 2026-08-31 20:33:02,254 [RapidOCR] device_config.py:64: Using GPU device with ID: 0[0m
[32m[INFO] 2026-08-31 20:33:02,264 [RapidOCR] download_file.py:60: File exists and is valid: D:\Work\research\FileX\.venv-ai\Lib\site-packages\rapidocr\models\PP-OCRv6_det_small.pth[0m
[32m[INFO] 2026-08-31 20:33:02,264 [RapidOCR] main.py:50: Using D:\Work\research\FileX\.venv-ai\Lib\site-packages\rapidocr\models\PP-OCRv6_det_small.pth[0m
[32m[INFO] 2026-08-31 20:33:02,535 [RapidOCR] base.py:23: Using engine_name: torch[0m
[32m[INFO] 2026-08-31 20:33:02,535 [RapidOCR] device_config.py:64: Using GPU device with ID: 0[0m
[32m[INFO] 2026-08-31 20:33:02,536 [RapidOCR] download_file.py:60: File exists and is valid: D:\Work\research\FileX\.venv-ai\Lib\site-packages\rapidocr\models\ch_ptocr_mobile_v2.0_cls_mobile.pth[0m
[32m[INFO] 2026-08-31 20:33:02,537 [RapidOCR] main.py:50: Using D:\Work\research\FileX\.venv-ai\Lib\site-packages\rapidocr\models\ch_ptocr_mobile_v2.0_cls_mobile.pth[0m
[32m[INFO] 2026-08-31 20:33:02,691 [RapidOCR] base.py:23: Using engine_name: torch[0m
[32m[INFO] 2026-08-31 20:33:02,692 [RapidOCR] device_config.py:64: Using GPU device with ID: 0[0m
[32m[INFO] 2026-08-31 20:33:02,709 [RapidOCR] download_file.py:60: File exists and is valid: D:\Work\research\FileX\.venv-ai\Lib\site-packages\rapidocr\models\PP-OCRv6_rec_small.pth[0m
[32m[INFO] 2026-08-31 20:33:02,709 [RapidOCR] main.py:50: Using D:\Work\research\FileX\.venv-ai\Lib\site-packages\rapidocr\models\PP-OCRv6_rec_small.pth[0m
[32m[INFO] 2026-08-31 20:33:03,911 [RapidOCR] base.py:23: Using engine_name: torch[0m
[32m[INFO] 2026-08-31 20:33:03,911 [RapidOCR] device_config.py:64: Using GPU device with ID: 0[0m
[32m[INFO] 2026-08-31 20:33:03,921 [RapidOCR] download_file.py:60: File exists and is valid: D:\Work\research\FileX\.venv-ai\Lib\site-packages\rapidocr\models\PP-OCRv6_det_small.pth[0m
[32m[INFO] 2026-08-31 20:33:03,921 [RapidOCR] main.py:50: Using D:\Work\research\FileX\.venv-ai\Lib\site-packages\rapidocr\models\PP-OCRv6_det_small.pth[0m
[32m[INFO] 2026-08-31 20:33:04,221 [RapidOCR] base.py:23: Using engine_name: torch[0m
[32m[INFO] 2026-08-31 20:33:04,222 [RapidOCR] device_config.py:64: Using GPU device with ID: 0[0m
[32m[INFO] 2026-08-31 20:33:04,223 [RapidOCR] download_file.py:60: File exists and is valid: D:\Work\research\FileX\.venv-ai\Lib\site-packages\rapidocr\models\ch_ptocr_mobile_v2.0_cls_mobile.pth[0m
[32m[INFO] 2026-08-31 20:33:04,223 [RapidOCR] main.py:50: Using D:\Work\research\FileX\.venv-ai\Lib\site-packages\rapidocr\models\ch_ptocr_mobile_v2.0_cls_mobile.pth[0m
[32m[INFO] 2026-08-31 20:33:04,390 [RapidOCR] base.py:23: Using engine_name: torch[0m
[32m[INFO] 2026-08-31 20:33:04,391 [RapidOCR] device_config.py:64: Using GPU device with ID: 0[0m
[32m[INFO] 2026-08-31 20:33:04,408 [RapidOCR] download_file.py:60: File exists and is valid: D:\Work\research\FileX\.venv-ai\Lib\site-packages\rapidocr\models\PP-OCRv6_rec_small.pth[0m
[32m[INFO] 2026-08-31 20:33:04,408 [RapidOCR] main.py:50: Using D:\Work\research\FileX\.venv-ai\Lib\site-packages\rapidocr\models\PP-OCRv6_rec_small.pth[0m
[32m[INFO] 2026-08-31 20:33:05,418 [RapidOCR] base.py:23: Using engine_name: torch[0m
[32m[INFO] 2026-08-31 20:33:05,418 [RapidOCR] device_config.py:64: Using GPU device with ID: 0[0m
[32m[INFO] 2026-08-31 20:33:05,426 [RapidOCR] download_file.py:60: File exists and is valid: D:\Work\research\FileX\.venv-ai\Lib\site-packages\rapidocr\models\PP-OCRv6_det_small.pth[0m
[32m[INFO] 2026-08-31 20:33:05,426 [RapidOCR] main.py:50: Using D:\Work\research\FileX\.venv-ai\Lib\site-packages\rapidocr\models\PP-OCRv6_det_small.pth[0m
[32m[INFO] 2026-08-31 20:33:05,657 [RapidOCR] base.py:23: Using engine_name: torch[0m
[32m[INFO] 2026-08-31 20:33:05,657 [RapidOCR] device_config.py:64: Using GPU device with ID: 0[0m
[32m[INFO] 2026-08-31 20:33:05,659 [RapidOCR] download_file.py:60: File exists and is valid: D:\Work\research\FileX\.venv-ai\Lib\site-packages\rapidocr\models\ch_ptocr_mobile_v2.0_cls_mobile.pth[0m
[32m[INFO] 2026-08-31 20:33:05,659 [RapidOCR] main.py:50: Using D:\Work\research\FileX\.venv-ai\Lib\site-packages\rapidocr\models\ch_ptocr_mobile_v2.0_cls_mobile.pth[0m
[32m[INFO] 2026-08-31 20:33:05,798 [RapidOCR] base.py:23: Using engine_name: torch[0m
[32m[INFO] 2026-08-31 20:33:05,799 [RapidOCR] device_config.py:64: Using GPU device with ID: 0[0m
[32m[INFO] 2026-08-31 20:33:05,815 [RapidOCR] download_file.py:60: File exists and is valid: D:\Work\research\FileX\.venv-ai\Lib\site-packages\rapidocr\models\PP-OCRv6_rec_small.pth[0m
[32m[INFO] 2026-08-31 20:33:05,816 [RapidOCR] main.py:50: Using D:\Work\research\FileX\.venv-ai\Lib\site-packages\rapidocr\models\PP-OCRv6_rec_small.pth[0m
[32m[INFO] 2026-08-31 20:33:06,861 [RapidOCR] base.py:23: Using engine_name: torch[0m
[32m[INFO] 2026-08-31 20:33:06,862 [RapidOCR] device_config.py:64: Using GPU device with ID: 0[0m
[32m[INFO] 2026-08-31 20:33:06,870 [RapidOCR] download_file.py:60: File exists and is valid: D:\Work\research\FileX\.venv-ai\Lib\site-packages\rapidocr\models\PP-OCRv6_det_small.pth[0m
[32m[INFO] 2026-08-31 20:33:06,870 [RapidOCR] main.py:50: Using D:\Work\research\FileX\.venv-ai\Lib\site-packages\rapidocr\models\PP-OCRv6_det_small.pth[0m
[32m[INFO] 2026-08-31 20:33:07,103 [RapidOCR] base.py:23: Using engine_name: torch[0m
[32m[INFO] 2026-08-31 20:33:07,104 [RapidOCR] device_config.py:64: Using GPU device with ID: 0[0m
[32m[INFO] 2026-08-31 20:33:07,105 [RapidOCR] download_file.py:60: File exists and is valid: D:\Work\research\FileX\.venv-ai\Lib\site-packages\rapidocr\models\ch_ptocr_mobile_v2.0_cls_mobile.pth[0m
[32m[INFO] 2026-08-31 20:33:07,105 [RapidOCR] main.py:50: Using D:\Work\research\FileX\.venv-ai\Lib\site-packages\rapidocr\models\ch_ptocr_mobile_v2.0_cls_mobile.pth[0m
[32m[INFO] 2026-08-31 20:33:07,270 [RapidOCR] base.py:23: Using engine_name: torch[0m
[32m[INFO] 2026-08-31 20:33:07,271 [RapidOCR] device_config.py:64: Using GPU device with ID: 0[0m
[32m[INFO] 2026-08-31 20:33:07,292 [RapidOCR] download_file.py:60: File exists and is valid: D:\Work\research\FileX\.venv-ai\Lib\site-packages\rapidocr\models\PP-OCRv6_rec_small.pth[0m
[32m[INFO] 2026-08-31 20:33:07,293 [RapidOCR] main.py:50: Using D:\Work\research\FileX\.venv-ai\Lib\site-packages\rapidocr\models\PP-OCRv6_rec_small.pth[0m
[32m[INFO] 2026-08-31 20:33:08,398 [RapidOCR] base.py:23: Using engine_name: torch[0m
[32m[INFO] 2026-08-31 20:33:08,517 [RapidOCR] device_config.py:64: Using GPU device with ID: 0[0m
[32m[INFO] 2026-08-31 20:33:08,525 [RapidOCR] download_file.py:60: File exists and is valid: D:\Work\research\FileX\.venv-ai\Lib\site-packages\rapidocr\models\PP-OCRv6_det_small.pth[0m
[32m[INFO] 2026-08-31 20:33:08,525 [RapidOCR] main.py:50: Using D:\Work\research\FileX\.venv-ai\Lib\site-packages\rapidocr\models\PP-OCRv6_det_small.pth[0m
[32m[INFO] 2026-08-31 20:33:08,974 [RapidOCR] base.py:23: Using engine_name: torch[0m
[32m[INFO] 2026-08-31 20:33:08,975 [RapidOCR] device_config.py:64: Using GPU device with ID: 0[0m
[32m[INFO] 2026-08-31 20:33:08,976 [RapidOCR] download_file.py:60: File exists and is valid: D:\Work\research\FileX\.venv-ai\Lib\site-packages\rapidocr\models\ch_ptocr_mobile_v2.0_cls_mobile.pth[0m
[32m[INFO] 2026-08-31 20:33:08,976 [RapidOCR] main.py:50: Using D:\Work\research\FileX\.venv-ai\Lib\site-packages\rapidocr\models\ch_ptocr_mobile_v2.0_cls_mobile.pth[0m
[32m[INFO] 2026-08-31 20:33:09,176 [RapidOCR] base.py:23: Using engine_name: torch[0m
[32m[INFO] 2026-08-31 20:33:09,177 [RapidOCR] device_config.py:64: Using GPU device with ID: 0[0m
[32m[INFO] 2026-08-31 20:33:09,197 [RapidOCR] download_file.py:60: File exists and is valid: D:\Work\research\FileX\.venv-ai\Lib\site-packages\rapidocr\models\PP-OCRv6_rec_small.pth[0m
[32m[INFO] 2026-08-31 20:33:09,197 [RapidOCR] main.py:50: Using D:\Work\research\FileX\.venv-ai\Lib\site-packages\rapidocr\models\PP-OCRv6_rec_small.pth[0m
[32m[INFO] 2026-08-31 20:33:10,188 [RapidOCR] base.py:23: Using engine_name: torch[0m
[32m[INFO] 2026-08-31 20:33:10,188 [RapidOCR] device_config.py:64: Using GPU device with ID: 0[0m
[32m[INFO] 2026-08-31 20:33:10,197 [RapidOCR] download_file.py:60: File exists and is valid: D:\Work\research\FileX\.venv-ai\Lib\site-packages\rapidocr\models\PP-OCRv6_det_small.pth[0m
[32m[INFO] 2026-08-31 20:33:10,198 [RapidOCR] main.py:50: Using D:\Work\research\FileX\.venv-ai\Lib\site-packages\rapidocr\models\PP-OCRv6_det_small.pth[0m
[32m[INFO] 2026-08-31 20:33:10,420 [RapidOCR] base.py:23: Using engine_name: torch[0m
[32m[INFO] 2026-08-31 20:33:10,421 [RapidOCR] device_config.py:64: Using GPU device with ID: 0[0m
[32m[INFO] 2026-08-31 20:33:10,422 [RapidOCR] download_file.py:60: File exists and is valid: D:\Work\research\FileX\.venv-ai\Lib\site-packages\rapidocr\models\ch_ptocr_mobile_v2.0_cls_mobile.pth[0m
[32m[INFO] 2026-08-31 20:33:10,422 [RapidOCR] main.py:50: Using D:\Work\research\FileX\.venv-ai\Lib\site-packages\rapidocr\models\ch_ptocr_mobile_v2.0_cls_mobile.pth[0m
[32m[INFO] 2026-08-31 20:33:10,562 [RapidOCR] base.py:23: Using engine_name: torch[0m
[32m[INFO] 2026-08-31 20:33:10,563 [RapidOCR] device_config.py:64: Using GPU device with ID: 0[0m
[32m[INFO] 2026-08-31 20:33:10,579 [RapidOCR] download_file.py:60: File exists and is valid: D:\Work\research\FileX\.venv-ai\Lib\site-packages\rapidocr\models\PP-OCRv6_rec_small.pth[0m
[32m[INFO] 2026-08-31 20:33:10,579 [RapidOCR] main.py:50: Using D:\Work\research\FileX\.venv-ai\Lib\site-packages\rapidocr\models\PP-OCRv6_rec_small.pth[0m
[32m[INFO] 2026-08-31 20:33:11,608 [RapidOCR] base.py:23: Using engine_name: torch[0m
[32m[INFO] 2026-08-31 20:33:11,609 [RapidOCR] device_config.py:64: Using GPU device with ID: 0[0m
[32m[INFO] 2026-08-31 20:33:11,617 [RapidOCR] download_file.py:60: File exists and is valid: D:\Work\research\FileX\.venv-ai\Lib\site-packages\rapidocr\models\PP-OCRv6_det_small.pth[0m
[32m[INFO] 2026-08-31 20:33:11,617 [RapidOCR] main.py:50: Using D:\Work\research\FileX\.venv-ai\Lib\site-packages\rapidocr\models\PP-OCRv6_det_small.pth[0m
[32m[INFO] 2026-08-31 20:33:11,891 [RapidOCR] base.py:23: Using engine_name: torch[0m
[32m[INFO] 2026-08-31 20:33:11,892 [RapidOCR] device_config.py:64: Using GPU device with ID: 0[0m
[32m[INFO] 2026-08-31 20:33:11,893 [RapidOCR] download_file.py:60: File exists and is valid: D:\Work\research\FileX\.venv-ai\Lib\site-packages\rapidocr\models\ch_ptocr_mobile_v2.0_cls_mobile.pth[0m
[32m[INFO] 2026-08-31 20:33:11,894 [RapidOCR] main.py:50: Using D:\Work\research\FileX\.venv-ai\Lib\site-packages\rapidocr\models\ch_ptocr_mobile_v2.0_cls_mobile.pth[0m
[32m[INFO] 2026-08-31 20:33:12,065 [RapidOCR] base.py:23: Using engine_name: torch[0m
[32m[INFO] 2026-08-31 20:33:12,065 [RapidOCR] device_config.py:64: Using GPU device with ID: 0[0m
[32m[INFO] 2026-08-31 20:33:12,082 [RapidOCR] download_file.py:60: File exists and is valid: D:\Work\research\FileX\.venv-ai\Lib\site-packages\rapidocr\models\PP-OCRv6_rec_small.pth[0m
[32m[INFO] 2026-08-31 20:33:12,082 [RapidOCR] main.py:50: Using D:\Work\research\FileX\.venv-ai\Lib\site-packages\rapidocr\models\PP-OCRv6_rec_small.pth[0m
{"config": "docling-def", "doc": "escaneado_d5b", "ppp_nativo": 60, "ppp": 140, "factor": 2.333, "png": "ppp140__escaneado_d5b.png", "png_identify": "905x1239 55.109999999999999432,55.119999999999997442 PixelsPerCentimeter", "preflight": {"vram_libre_mib": 8795, "mpx_actual": 1.121, "mpx_pendiente_ordenada": 0}, "entrada": "PDF via Docling; scale explicita", "dispositivo": "GPU CUDA", "rc": [1, 1, 1, 1, 1, 1, 1, 1, 1], "error": ["FileNotFoundError: [WinError 3] El sistema no puede encontrar la ruta especificada: '\\\\\\\\?\\\\\\\\wsl.localhost\\\\Ubuntu\\\\'", "FileNotFoundError: [WinError 3] El sistema no puede encontrar la ruta especificada: '\\\\\\\\?\\\\\\\\wsl.localhost\\\\Ubuntu\\\\'", "FileNotFoundError: [WinError 3] El sistema no puede encontrar la ruta especificada: '\\\\\\\\?\\\\\\\\wsl.localhost\\\\Ubuntu\\\\'", "FileNotFoundError: [WinError 3] El sistema no puede encontrar la ruta especificada: '\\\\\\\\?\\\\\\\\wsl.localhost\\\\Ubuntu\\\\'", "FileNotFoundError: [WinError 3] El sistema no puede encontrar la ruta especificada: '\\\\\\\\?\\\\\\\\wsl.localhost\\\\Ubuntu\\\\'", "FileNotFoundError: [WinError 3] El sistema no puede encontrar la ruta especificada: '\\\\\\\\?\\\\\\\\wsl.localhost\\\\Ubuntu\\\\'", "FileNotFoundError: [WinError 3] El sistema no puede encontrar la ruta especificada: '\\\\\\\\?\\\\\\\\wsl.localhost\\\\Ubuntu\\\\'", "FileNotFoundError: [WinError 3] El sistema no puede encontrar la ruta especificada: '\\\\\\\\?\\\\\\\\wsl.localhost\\\\Ubuntu\\\\'", "FileNotFoundError: [WinError 3] El sistema no puede encontrar la ruta especificada: '\\\\\\\\?\\\\\\\\wsl.localhost\\\\Ubuntu\\\\'"], "n": 9, "ms_mediana": 1528.2, "determinista": true, "metrica": "acentos", "cer_pct": 100.0, "cer_acentos_pct": 100.0, "cer_ciego_pct": 100.0, "dist_acentos": 596, "texto": "docling-def__ppp140__escaneado_d5b.txt"}
[32m[INFO] 2026-08-31 20:33:13,228 [RapidOCR] base.py:23: Using engine_name: torch[0m
[32m[INFO] 2026-08-31 20:33:13,229 [RapidOCR] device_config.py:64: Using GPU device with ID: 0[0m
[32m[INFO] 2026-08-31 20:33:13,237 [RapidOCR] download_file.py:60: File exists and is valid: D:\Work\research\FileX\.venv-ai\Lib\site-packages\rapidocr\models\PP-OCRv6_det_small.pth[0m
[32m[INFO] 2026-08-31 20:33:13,238 [RapidOCR] main.py:50: Using D:\Work\research\FileX\.venv-ai\Lib\site-packages\rapidocr\models\PP-OCRv6_det_small.pth[0m
[32m[INFO] 2026-08-31 20:33:13,630 [RapidOCR] base.py:23: Using engine_name: torch[0m
[32m[INFO] 2026-08-31 20:33:13,631 [RapidOCR] device_config.py:64: Using GPU device with ID: 0[0m
[32m[INFO] 2026-08-31 20:33:13,632 [RapidOCR] download_file.py:60: File exists and is valid: D:\Work\research\FileX\.venv-ai\Lib\site-packages\rapidocr\models\ch_ptocr_mobile_v2.0_cls_mobile.pth[0m
[32m[INFO] 2026-08-31 20:33:13,632 [RapidOCR] main.py:50: Using D:\Work\research\FileX\.venv-ai\Lib\site-packages\rapidocr\models\ch_ptocr_mobile_v2.0_cls_mobile.pth[0m
[32m[INFO] 2026-08-31 20:33:13,788 [RapidOCR] base.py:23: Using engine_name: torch[0m
[32m[INFO] 2026-08-31 20:33:13,788 [RapidOCR] device_config.py:64: Using GPU device with ID: 0[0m
[32m[INFO] 2026-08-31 20:33:13,807 [RapidOCR] download_file.py:60: File exists and is valid: D:\Work\research\FileX\.venv-ai\Lib\site-packages\rapidocr\models\PP-OCRv6_rec_small.pth[0m
[32m[INFO] 2026-08-31 20:33:13,807 [RapidOCR] main.py:50: Using D:\Work\research\FileX\.venv-ai\Lib\site-packages\rapidocr\models\PP-OCRv6_rec_small.pth[0m
[32m[INFO] 2026-08-31 20:33:14,878 [RapidOCR] base.py:23: Using engine_name: torch[0m
[32m[INFO] 2026-08-31 20:33:14,879 [RapidOCR] device_config.py:64: Using GPU device with ID: 0[0m
[32m[INFO] 2026-08-31 20:33:14,887 [RapidOCR] download_file.py:60: File exists and is valid: D:\Work\research\FileX\.venv-ai\Lib\site-packages\rapidocr\models\PP-OCRv6_det_small.pth[0m
[32m[INFO] 2026-08-31 20:33:14,887 [RapidOCR] main.py:50: Using D:\Work\research\FileX\.venv-ai\Lib\site-packages\rapidocr\models\PP-OCRv6_det_small.pth[0m
[32m[INFO] 2026-08-31 20:33:15,135 [RapidOCR] base.py:23: Using engine_name: torch[0m
[32m[INFO] 2026-08-31 20:33:15,136 [RapidOCR] device_config.py:64: Using GPU device with ID: 0[0m
[32m[INFO] 2026-08-31 20:33:15,137 [RapidOCR] download_file.py:60: File exists and is valid: D:\Work\research\FileX\.venv-ai\Lib\site-packages\rapidocr\models\ch_ptocr_mobile_v2.0_cls_mobile.pth[0m
[32m[INFO] 2026-08-31 20:33:15,138 [RapidOCR] main.py:50: Using D:\Work\research\FileX\.venv-ai\Lib\site-packages\rapidocr\models\ch_ptocr_mobile_v2.0_cls_mobile.pth[0m
[32m[INFO] 2026-08-31 20:33:15,295 [RapidOCR] base.py:23: Using engine_name: torch[0m
[32m[INFO] 2026-08-31 20:33:15,296 [RapidOCR] device_config.py:64: Using GPU device with ID: 0[0m
[32m[INFO] 2026-08-31 20:33:15,314 [RapidOCR] download_file.py:60: File exists and is valid: D:\Work\research\FileX\.venv-ai\Lib\site-packages\rapidocr\models\PP-OCRv6_rec_small.pth[0m
[32m[INFO] 2026-08-31 20:33:15,314 [RapidOCR] main.py:50: Using D:\Work\research\FileX\.venv-ai\Lib\site-packages\rapidocr\models\PP-OCRv6_rec_small.pth[0m
[32m[INFO] 2026-08-31 20:33:16,356 [RapidOCR] base.py:23: Using engine_name: torch[0m
[32m[INFO] 2026-08-31 20:33:16,357 [RapidOCR] device_config.py:64: Using GPU device with ID: 0[0m
[32m[INFO] 2026-08-31 20:33:16,366 [RapidOCR] download_file.py:60: File exists and is valid: D:\Work\research\FileX\.venv-ai\Lib\site-packages\rapidocr\models\PP-OCRv6_det_small.pth[0m
[32m[INFO] 2026-08-31 20:33:16,367 [RapidOCR] main.py:50: Using D:\Work\research\FileX\.venv-ai\Lib\site-packages\rapidocr\models\PP-OCRv6_det_small.pth[0m
[32m[INFO] 2026-08-31 20:33:16,610 [RapidOCR] base.py:23: Using engine_name: torch[0m
[32m[INFO] 2026-08-31 20:33:16,610 [RapidOCR] device_config.py:64: Using GPU device with ID: 0[0m
[32m[INFO] 2026-08-31 20:33:16,612 [RapidOCR] download_file.py:60: File exists and is valid: D:\Work\research\FileX\.venv-ai\Lib\site-packages\rapidocr\models\ch_ptocr_mobile_v2.0_cls_mobile.pth[0m
[32m[INFO] 2026-08-31 20:33:16,612 [RapidOCR] main.py:50: Using D:\Work\research\FileX\.venv-ai\Lib\site-packages\rapidocr\models\ch_ptocr_mobile_v2.0_cls_mobile.pth[0m
[32m[INFO] 2026-08-31 20:33:16,764 [RapidOCR] base.py:23: Using engine_name: torch[0m
[32m[INFO] 2026-08-31 20:33:16,764 [RapidOCR] device_config.py:64: Using GPU device with ID: 0[0m
[32m[INFO] 2026-08-31 20:33:16,781 [RapidOCR] download_file.py:60: File exists and is valid: D:\Work\research\FileX\.venv-ai\Lib\site-packages\rapidocr\models\PP-OCRv6_rec_small.pth[0m
[32m[INFO] 2026-08-31 20:33:16,781 [RapidOCR] main.py:50: Using D:\Work\research\FileX\.venv-ai\Lib\site-packages\rapidocr\models\PP-OCRv6_rec_small.pth[0m
[32m[INFO] 2026-08-31 20:33:17,788 [RapidOCR] base.py:23: Using engine_name: torch[0m
[32m[INFO] 2026-08-31 20:33:17,788 [RapidOCR] device_config.py:64: Using GPU device with ID: 0[0m
[32m[INFO] 2026-08-31 20:33:17,797 [RapidOCR] download_file.py:60: File exists and is valid: D:\Work\research\FileX\.venv-ai\Lib\site-packages\rapidocr\models\PP-OCRv6_det_small.pth[0m
[32m[INFO] 2026-08-31 20:33:17,797 [RapidOCR] main.py:50: Using D:\Work\research\FileX\.venv-ai\Lib\site-packages\rapidocr\models\PP-OCRv6_det_small.pth[0m
[32m[INFO] 2026-08-31 20:33:18,220 [RapidOCR] base.py:23: Using engine_name: torch[0m
[32m[INFO] 2026-08-31 20:33:18,221 [RapidOCR] device_config.py:64: Using GPU device with ID: 0[0m
[32m[INFO] 2026-08-31 20:33:18,222 [RapidOCR] download_file.py:60: File exists and is valid: D:\Work\research\FileX\.venv-ai\Lib\site-packages\rapidocr\models\ch_ptocr_mobile_v2.0_cls_mobile.pth[0m
[32m[INFO] 2026-08-31 20:33:18,222 [RapidOCR] main.py:50: Using D:\Work\research\FileX\.venv-ai\Lib\site-packages\rapidocr\models\ch_ptocr_mobile_v2.0_cls_mobile.pth[0m
[32m[INFO] 2026-08-31 20:33:18,386 [RapidOCR] base.py:23: Using engine_name: torch[0m
[32m[INFO] 2026-08-31 20:33:18,386 [RapidOCR] device_config.py:64: Using GPU device with ID: 0[0m
[32m[INFO] 2026-08-31 20:33:18,404 [RapidOCR] download_file.py:60: File exists and is valid: D:\Work\research\FileX\.venv-ai\Lib\site-packages\rapidocr\models\PP-OCRv6_rec_small.pth[0m
[32m[INFO] 2026-08-31 20:33:18,404 [RapidOCR] main.py:50: Using D:\Work\research\FileX\.venv-ai\Lib\site-packages\rapidocr\models\PP-OCRv6_rec_small.pth[0m
[32m[INFO] 2026-08-31 20:33:19,414 [RapidOCR] base.py:23: Using engine_name: torch[0m
[32m[INFO] 2026-08-31 20:33:19,415 [RapidOCR] device_config.py:64: Using GPU device with ID: 0[0m
[32m[INFO] 2026-08-31 20:33:19,424 [RapidOCR] download_file.py:60: File exists and is valid: D:\Work\research\FileX\.venv-ai\Lib\site-packages\rapidocr\models\PP-OCRv6_det_small.pth[0m
[32m[INFO] 2026-08-31 20:33:19,424 [RapidOCR] main.py:50: Using D:\Work\research\FileX\.venv-ai\Lib\site-packages\rapidocr\models\PP-OCRv6_det_small.pth[0m
[32m[INFO] 2026-08-31 20:33:19,634 [RapidOCR] base.py:23: Using engine_name: torch[0m
[32m[INFO] 2026-08-31 20:33:19,635 [RapidOCR] device_config.py:64: Using GPU device with ID: 0[0m
[32m[INFO] 2026-08-31 20:33:19,636 [RapidOCR] download_file.py:60: File exists and is valid: D:\Work\research\FileX\.venv-ai\Lib\site-packages\rapidocr\models\ch_ptocr_mobile_v2.0_cls_mobile.pth[0m
[32m[INFO] 2026-08-31 20:33:19,636 [RapidOCR] main.py:50: Using D:\Work\research\FileX\.venv-ai\Lib\site-packages\rapidocr\models\ch_ptocr_mobile_v2.0_cls_mobile.pth[0m
[32m[INFO] 2026-08-31 20:33:19,779 [RapidOCR] base.py:23: Using engine_name: torch[0m
[32m[INFO] 2026-08-31 20:33:19,779 [RapidOCR] device_config.py:64: Using GPU device with ID: 0[0m
[32m[INFO] 2026-08-31 20:33:19,796 [RapidOCR] download_file.py:60: File exists and is valid: D:\Work\research\FileX\.venv-ai\Lib\site-packages\rapidocr\models\PP-OCRv6_rec_small.pth[0m
[32m[INFO] 2026-08-31 20:33:19,796 [RapidOCR] main.py:50: Using D:\Work\research\FileX\.venv-ai\Lib\site-packages\rapidocr\models\PP-OCRv6_rec_small.pth[0m
[32m[INFO] 2026-08-31 20:33:20,934 [RapidOCR] base.py:23: Using engine_name: torch[0m
[32m[INFO] 2026-08-31 20:33:20,934 [RapidOCR] device_config.py:64: Using GPU device with ID: 0[0m
[32m[INFO] 2026-08-31 20:33:20,945 [RapidOCR] download_file.py:60: File exists and is valid: D:\Work\research\FileX\.venv-ai\Lib\site-packages\rapidocr\models\PP-OCRv6_det_small.pth[0m
[32m[INFO] 2026-08-31 20:33:20,945 [RapidOCR] main.py:50: Using D:\Work\research\FileX\.venv-ai\Lib\site-packages\rapidocr\models\PP-OCRv6_det_small.pth[0m
[32m[INFO] 2026-08-31 20:33:21,217 [RapidOCR] base.py:23: Using engine_name: torch[0m
[32m[INFO] 2026-08-31 20:33:21,218 [RapidOCR] device_config.py:64: Using GPU device with ID: 0[0m
[32m[INFO] 2026-08-31 20:33:21,219 [RapidOCR] download_file.py:60: File exists and is valid: D:\Work\research\FileX\.venv-ai\Lib\site-packages\rapidocr\models\ch_ptocr_mobile_v2.0_cls_mobile.pth[0m
[32m[INFO] 2026-08-31 20:33:21,219 [RapidOCR] main.py:50: Using D:\Work\research\FileX\.venv-ai\Lib\site-packages\rapidocr\models\ch_ptocr_mobile_v2.0_cls_mobile.pth[0m
[32m[INFO] 2026-08-31 20:33:21,410 [RapidOCR] base.py:23: Using engine_name: torch[0m
[32m[INFO] 2026-08-31 20:33:21,411 [RapidOCR] device_config.py:64: Using GPU device with ID: 0[0m
[32m[INFO] 2026-08-31 20:33:21,430 [RapidOCR] download_file.py:60: File exists and is valid: D:\Work\research\FileX\.venv-ai\Lib\site-packages\rapidocr\models\PP-OCRv6_rec_small.pth[0m
[32m[INFO] 2026-08-31 20:33:21,430 [RapidOCR] main.py:50: Using D:\Work\research\FileX\.venv-ai\Lib\site-packages\rapidocr\models\PP-OCRv6_rec_small.pth[0m
[32m[INFO] 2026-08-31 20:33:22,521 [RapidOCR] base.py:23: Using engine_name: torch[0m
[32m[INFO] 2026-08-31 20:33:22,521 [RapidOCR] device_config.py:64: Using GPU device with ID: 0[0m
[32m[INFO] 2026-08-31 20:33:22,530 [RapidOCR] download_file.py:60: File exists and is valid: D:\Work\research\FileX\.venv-ai\Lib\site-packages\rapidocr\models\PP-OCRv6_det_small.pth[0m
[32m[INFO] 2026-08-31 20:33:22,530 [RapidOCR] main.py:50: Using D:\Work\research\FileX\.venv-ai\Lib\site-packages\rapidocr\models\PP-OCRv6_det_small.pth[0m
[32m[INFO] 2026-08-31 20:33:22,775 [RapidOCR] base.py:23: Using engine_name: torch[0m
[32m[INFO] 2026-08-31 20:33:22,775 [RapidOCR] device_config.py:64: Using GPU device with ID: 0[0m
[32m[INFO] 2026-08-31 20:33:22,776 [RapidOCR] download_file.py:60: File exists and is valid: D:\Work\research\FileX\.venv-ai\Lib\site-packages\rapidocr\models\ch_ptocr_mobile_v2.0_cls_mobile.pth[0m
[32m[INFO] 2026-08-31 20:33:22,777 [RapidOCR] main.py:50: Using D:\Work\research\FileX\.venv-ai\Lib\site-packages\rapidocr\models\ch_ptocr_mobile_v2.0_cls_mobile.pth[0m
[32m[INFO] 2026-08-31 20:33:23,116 [RapidOCR] base.py:23: Using engine_name: torch[0m
[32m[INFO] 2026-08-31 20:33:23,117 [RapidOCR] device_config.py:64: Using GPU device with ID: 0[0m
[32m[INFO] 2026-08-31 20:33:23,135 [RapidOCR] download_file.py:60: File exists and is valid: D:\Work\research\FileX\.venv-ai\Lib\site-packages\rapidocr\models\PP-OCRv6_rec_small.pth[0m
[32m[INFO] 2026-08-31 20:33:23,135 [RapidOCR] main.py:50: Using D:\Work\research\FileX\.venv-ai\Lib\site-packages\rapidocr\models\PP-OCRv6_rec_small.pth[0m
[32m[INFO] 2026-08-31 20:33:24,272 [RapidOCR] base.py:23: Using engine_name: torch[0m
[32m[INFO] 2026-08-31 20:33:24,272 [RapidOCR] device_config.py:64: Using GPU device with ID: 0[0m
[32m[INFO] 2026-08-31 20:33:24,281 [RapidOCR] download_file.py:60: File exists and is valid: D:\Work\research\FileX\.venv-ai\Lib\site-packages\rapidocr\models\PP-OCRv6_det_small.pth[0m
[32m[INFO] 2026-08-31 20:33:24,281 [RapidOCR] main.py:50: Using D:\Work\research\FileX\.venv-ai\Lib\site-packages\rapidocr\models\PP-OCRv6_det_small.pth[0m
[32m[INFO] 2026-08-31 20:33:24,495 [RapidOCR] base.py:23: Using engine_name: torch[0m
[32m[INFO] 2026-08-31 20:33:24,495 [RapidOCR] device_config.py:64: Using GPU device with ID: 0[0m
[32m[INFO] 2026-08-31 20:33:24,497 [RapidOCR] download_file.py:60: File exists and is valid: D:\Work\research\FileX\.venv-ai\Lib\site-packages\rapidocr\models\ch_ptocr_mobile_v2.0_cls_mobile.pth[0m
[32m[INFO] 2026-08-31 20:33:24,497 [RapidOCR] main.py:50: Using D:\Work\research\FileX\.venv-ai\Lib\site-packages\rapidocr\models\ch_ptocr_mobile_v2.0_cls_mobile.pth[0m
[32m[INFO] 2026-08-31 20:33:24,647 [RapidOCR] base.py:23: Using engine_name: torch[0m
[32m[INFO] 2026-08-31 20:33:24,647 [RapidOCR] device_config.py:64: Using GPU device with ID: 0[0m
[32m[INFO] 2026-08-31 20:33:24,664 [RapidOCR] download_file.py:60: File exists and is valid: D:\Work\research\FileX\.venv-ai\Lib\site-packages\rapidocr\models\PP-OCRv6_rec_small.pth[0m
[32m[INFO] 2026-08-31 20:33:24,664 [RapidOCR] main.py:50: Using D:\Work\research\FileX\.venv-ai\Lib\site-packages\rapidocr\models\PP-OCRv6_rec_small.pth[0m
[32m[INFO] 2026-08-31 20:33:25,699 [RapidOCR] base.py:23: Using engine_name: torch[0m
[32m[INFO] 2026-08-31 20:33:25,700 [RapidOCR] device_config.py:64: Using GPU device with ID: 0[0m
[32m[INFO] 2026-08-31 20:33:25,709 [RapidOCR] download_file.py:60: File exists and is valid: D:\Work\research\FileX\.venv-ai\Lib\site-packages\rapidocr\models\PP-OCRv6_det_small.pth[0m
[32m[INFO] 2026-08-31 20:33:25,709 [RapidOCR] main.py:50: Using D:\Work\research\FileX\.venv-ai\Lib\site-packages\rapidocr\models\PP-OCRv6_det_small.pth[0m
[32m[INFO] 2026-08-31 20:33:25,932 [RapidOCR] base.py:23: Using engine_name: torch[0m
[32m[INFO] 2026-08-31 20:33:25,933 [RapidOCR] device_config.py:64: Using GPU device with ID: 0[0m
[32m[INFO] 2026-08-31 20:33:25,934 [RapidOCR] download_file.py:60: File exists and is valid: D:\Work\research\FileX\.venv-ai\Lib\site-packages\rapidocr\models\ch_ptocr_mobile_v2.0_cls_mobile.pth[0m
[32m[INFO] 2026-08-31 20:33:25,934 [RapidOCR] main.py:50: Using D:\Work\research\FileX\.venv-ai\Lib\site-packages\rapidocr\models\ch_ptocr_mobile_v2.0_cls_mobile.pth[0m
[32m[INFO] 2026-08-31 20:33:26,087 [RapidOCR] base.py:23: Using engine_name: torch[0m
[32m[INFO] 2026-08-31 20:33:26,087 [RapidOCR] device_config.py:64: Using GPU device with ID: 0[0m
[32m[INFO] 2026-08-31 20:33:26,104 [RapidOCR] download_file.py:60: File exists and is valid: D:\Work\research\FileX\.venv-ai\Lib\site-packages\rapidocr\models\PP-OCRv6_rec_small.pth[0m
[32m[INFO] 2026-08-31 20:33:26,104 [RapidOCR] main.py:50: Using D:\Work\research\FileX\.venv-ai\Lib\site-packages\rapidocr\models\PP-OCRv6_rec_small.pth[0m
[32m[INFO] 2026-08-31 20:33:27,161 [RapidOCR] base.py:23: Using engine_name: torch[0m
[32m[INFO] 2026-08-31 20:33:27,162 [RapidOCR] device_config.py:64: Using GPU device with ID: 0[0m
[32m[INFO] 2026-08-31 20:33:27,172 [RapidOCR] download_file.py:60: File exists and is valid: D:\Work\research\FileX\.venv-ai\Lib\site-packages\rapidocr\models\PP-OCRv6_det_small.pth[0m
[32m[INFO] 2026-08-31 20:33:27,173 [RapidOCR] main.py:50: Using D:\Work\research\FileX\.venv-ai\Lib\site-packages\rapidocr\models\PP-OCRv6_det_small.pth[0m
[32m[INFO] 2026-08-31 20:33:27,476 [RapidOCR] base.py:23: Using engine_name: torch[0m
[32m[INFO] 2026-08-31 20:33:27,477 [RapidOCR] device_config.py:64: Using GPU device with ID: 0[0m
[32m[INFO] 2026-08-31 20:33:27,478 [RapidOCR] download_file.py:60: File exists and is valid: D:\Work\research\FileX\.venv-ai\Lib\site-packages\rapidocr\models\ch_ptocr_mobile_v2.0_cls_mobile.pth[0m
[32m[INFO] 2026-08-31 20:33:27,478 [RapidOCR] main.py:50: Using D:\Work\research\FileX\.venv-ai\Lib\site-packages\rapidocr\models\ch_ptocr_mobile_v2.0_cls_mobile.pth[0m
[32m[INFO] 2026-08-31 20:33:27,620 [RapidOCR] base.py:23: Using engine_name: torch[0m
[32m[INFO] 2026-08-31 20:33:27,620 [RapidOCR] device_config.py:64: Using GPU device with ID: 0[0m
[32m[INFO] 2026-08-31 20:33:27,638 [RapidOCR] download_file.py:60: File exists and is valid: D:\Work\research\FileX\.venv-ai\Lib\site-packages\rapidocr\models\PP-OCRv6_rec_small.pth[0m
[32m[INFO] 2026-08-31 20:33:27,638 [RapidOCR] main.py:50: Using D:\Work\research\FileX\.venv-ai\Lib\site-packages\rapidocr\models\PP-OCRv6_rec_small.pth[0m
{"config": "docling-def", "doc": "escaneado_d5b", "ppp_nativo": 60, "ppp": 145, "factor": 2.417, "png": "ppp145__escaneado_d5b.png", "png_identify": "938x1283 57.079999999999998295,57.079999999999998295 PixelsPerCentimeter", "preflight": {"vram_libre_mib": 8802, "mpx_actual": 1.203, "mpx_pendiente_ordenada": 0}, "entrada": "PDF via Docling; scale explicita", "dispositivo": "GPU CUDA", "rc": [1, 1, 1, 1, 1, 1, 1, 1, 1], "error": ["FileNotFoundError: [WinError 3] El sistema no puede encontrar la ruta especificada: '\\\\\\\\?\\\\\\\\wsl.localhost\\\\Ubuntu\\\\'", "FileNotFoundError: [WinError 3] El sistema no puede encontrar la ruta especificada: '\\\\\\\\?\\\\\\\\wsl.localhost\\\\Ubuntu\\\\'", "FileNotFoundError: [WinError 3] El sistema no puede encontrar la ruta especificada: '\\\\\\\\?\\\\\\\\wsl.localhost\\\\Ubuntu\\\\'", "FileNotFoundError: [WinError 3] El sistema no puede encontrar la ruta especificada: '\\\\\\\\?\\\\\\\\wsl.localhost\\\\Ubuntu\\\\'", "FileNotFoundError: [WinError 3] El sistema no puede encontrar la ruta especificada: '\\\\\\\\?\\\\\\\\wsl.localhost\\\\Ubuntu\\\\'", "FileNotFoundError: [WinError 3] El sistema no puede encontrar la ruta especificada: '\\\\\\\\?\\\\\\\\wsl.localhost\\\\Ubuntu\\\\'", "FileNotFoundError: [WinError 3] El sistema no puede encontrar la ruta especificada: '\\\\\\\\?\\\\\\\\wsl.localhost\\\\Ubuntu\\\\'", "FileNotFoundError: [WinError 3] El sistema no puede encontrar la ruta especificada: '\\\\\\\\?\\\\\\\\wsl.localhost\\\\Ubuntu\\\\'", "FileNotFoundError: [WinError 3] El sistema no puede encontrar la ruta especificada: '\\\\\\\\?\\\\\\\\wsl.localhost\\\\Ubuntu\\\\'"], "n": 9, "ms_mediana": 1473.8, "determinista": true, "metrica": "acentos", "cer_pct": 100.0, "cer_acentos_pct": 100.0, "cer_ciego_pct": 100.0, "dist_acentos": 596, "texto": "docling-def__ppp145__escaneado_d5b.txt"}
[32m[INFO] 2026-08-31 20:33:28,889 [RapidOCR] base.py:23: Using engine_name: torch[0m
[32m[INFO] 2026-08-31 20:33:28,890 [RapidOCR] device_config.py:64: Using GPU device with ID: 0[0m
[32m[INFO] 2026-08-31 20:33:28,899 [RapidOCR] download_file.py:60: File exists and is valid: D:\Work\research\FileX\.venv-ai\Lib\site-packages\rapidocr\models\PP-OCRv6_det_small.pth[0m
[32m[INFO] 2026-08-31 20:33:28,899 [RapidOCR] main.py:50: Using D:\Work\research\FileX\.venv-ai\Lib\site-packages\rapidocr\models\PP-OCRv6_det_small.pth[0m
[32m[INFO] 2026-08-31 20:33:29,271 [RapidOCR] base.py:23: Using engine_name: torch[0m
[32m[INFO] 2026-08-31 20:33:29,272 [RapidOCR] device_config.py:64: Using GPU device with ID: 0[0m
[32m[INFO] 2026-08-31 20:33:29,274 [RapidOCR] download_file.py:60: File exists and is valid: D:\Work\research\FileX\.venv-ai\Lib\site-packages\rapidocr\models\ch_ptocr_mobile_v2.0_cls_mobile.pth[0m
[32m[INFO] 2026-08-31 20:33:29,274 [RapidOCR] main.py:50: Using D:\Work\research\FileX\.venv-ai\Lib\site-packages\rapidocr\models\ch_ptocr_mobile_v2.0_cls_mobile.pth[0m
[32m[INFO] 2026-08-31 20:33:29,439 [RapidOCR] base.py:23: Using engine_name: torch[0m
[32m[INFO] 2026-08-31 20:33:29,439 [RapidOCR] device_config.py:64: Using GPU device with ID: 0[0m
[32m[INFO] 2026-08-31 20:33:29,458 [RapidOCR] download_file.py:60: File exists and is valid: D:\Work\research\FileX\.venv-ai\Lib\site-packages\rapidocr\models\PP-OCRv6_rec_small.pth[0m
[32m[INFO] 2026-08-31 20:33:29,458 [RapidOCR] main.py:50: Using D:\Work\research\FileX\.venv-ai\Lib\site-packages\rapidocr\models\PP-OCRv6_rec_small.pth[0m
[32m[INFO] 2026-08-31 20:33:30,515 [RapidOCR] base.py:23: Using engine_name: torch[0m
[32m[INFO] 2026-08-31 20:33:30,516 [RapidOCR] device_config.py:64: Using GPU device with ID: 0[0m
[32m[INFO] 2026-08-31 20:33:30,524 [RapidOCR] download_file.py:60: File exists and is valid: D:\Work\research\FileX\.venv-ai\Lib\site-packages\rapidocr\models\PP-OCRv6_det_small.pth[0m
[32m[INFO] 2026-08-31 20:33:30,524 [RapidOCR] main.py:50: Using D:\Work\research\FileX\.venv-ai\Lib\site-packages\rapidocr\models\PP-OCRv6_det_small.pth[0m
[32m[INFO] 2026-08-31 20:33:30,745 [RapidOCR] base.py:23: Using engine_name: torch[0m
[32m[INFO] 2026-08-31 20:33:30,746 [RapidOCR] device_config.py:64: Using GPU device with ID: 0[0m
[32m[INFO] 2026-08-31 20:33:30,747 [RapidOCR] download_file.py:60: File exists and is valid: D:\Work\research\FileX\.venv-ai\Lib\site-packages\rapidocr\models\ch_ptocr_mobile_v2.0_cls_mobile.pth[0m
[32m[INFO] 2026-08-31 20:33:30,747 [RapidOCR] main.py:50: Using D:\Work\research\FileX\.venv-ai\Lib\site-packages\rapidocr\models\ch_ptocr_mobile_v2.0_cls_mobile.pth[0m
[32m[INFO] 2026-08-31 20:33:30,904 [RapidOCR] base.py:23: Using engine_name: torch[0m
[32m[INFO] 2026-08-31 20:33:30,905 [RapidOCR] device_config.py:64: Using GPU device with ID: 0[0m
[32m[INFO] 2026-08-31 20:33:30,922 [RapidOCR] download_file.py:60: File exists and is valid: D:\Work\research\FileX\.venv-ai\Lib\site-packages\rapidocr\models\PP-OCRv6_rec_small.pth[0m
[32m[INFO] 2026-08-31 20:33:30,922 [RapidOCR] main.py:50: Using D:\Work\research\FileX\.venv-ai\Lib\site-packages\rapidocr\models\PP-OCRv6_rec_small.pth[0m
[32m[INFO] 2026-08-31 20:33:31,984 [RapidOCR] base.py:23: Using engine_name: torch[0m
[32m[INFO] 2026-08-31 20:33:31,984 [RapidOCR] device_config.py:64: Using GPU device with ID: 0[0m
[32m[INFO] 2026-08-31 20:33:31,994 [RapidOCR] download_file.py:60: File exists and is valid: D:\Work\research\FileX\.venv-ai\Lib\site-packages\rapidocr\models\PP-OCRv6_det_small.pth[0m
[32m[INFO] 2026-08-31 20:33:31,994 [RapidOCR] main.py:50: Using D:\Work\research\FileX\.venv-ai\Lib\site-packages\rapidocr\models\PP-OCRv6_det_small.pth[0m
[32m[INFO] 2026-08-31 20:33:32,245 [RapidOCR] base.py:23: Using engine_name: torch[0m
[32m[INFO] 2026-08-31 20:33:32,245 [RapidOCR] device_config.py:64: Using GPU device with ID: 0[0m
[32m[INFO] 2026-08-31 20:33:32,247 [RapidOCR] download_file.py:60: File exists and is valid: D:\Work\research\FileX\.venv-ai\Lib\site-packages\rapidocr\models\ch_ptocr_mobile_v2.0_cls_mobile.pth[0m
[32m[INFO] 2026-08-31 20:33:32,247 [RapidOCR] main.py:50: Using D:\Work\research\FileX\.venv-ai\Lib\site-packages\rapidocr\models\ch_ptocr_mobile_v2.0_cls_mobile.pth[0m
[32m[INFO] 2026-08-31 20:33:32,403 [RapidOCR] base.py:23: Using engine_name: torch[0m
[32m[INFO] 2026-08-31 20:33:32,404 [RapidOCR] device_config.py:64: Using GPU device with ID: 0[0m
[32m[INFO] 2026-08-31 20:33:32,421 [RapidOCR] download_file.py:60: File exists and is valid: D:\Work\research\FileX\.venv-ai\Lib\site-packages\rapidocr\models\PP-OCRv6_rec_small.pth[0m
[32m[INFO] 2026-08-31 20:33:32,421 [RapidOCR] main.py:50: Using D:\Work\research\FileX\.venv-ai\Lib\site-packages\rapidocr\models\PP-OCRv6_rec_small.pth[0m
[32m[INFO] 2026-08-31 20:33:33,511 [RapidOCR] base.py:23: Using engine_name: torch[0m
[32m[INFO] 2026-08-31 20:33:33,511 [RapidOCR] device_config.py:64: Using GPU device with ID: 0[0m
[32m[INFO] 2026-08-31 20:33:33,521 [RapidOCR] download_file.py:60: File exists and is valid: D:\Work\research\FileX\.venv-ai\Lib\site-packages\rapidocr\models\PP-OCRv6_det_small.pth[0m
[32m[INFO] 2026-08-31 20:33:33,521 [RapidOCR] main.py:50: Using D:\Work\research\FileX\.venv-ai\Lib\site-packages\rapidocr\models\PP-OCRv6_det_small.pth[0m
[32m[INFO] 2026-08-31 20:33:33,781 [RapidOCR] base.py:23: Using engine_name: torch[0m
[32m[INFO] 2026-08-31 20:33:33,781 [RapidOCR] device_config.py:64: Using GPU device with ID: 0[0m
[32m[INFO] 2026-08-31 20:33:33,783 [RapidOCR] download_file.py:60: File exists and is valid: D:\Work\research\FileX\.venv-ai\Lib\site-packages\rapidocr\models\ch_ptocr_mobile_v2.0_cls_mobile.pth[0m
[32m[INFO] 2026-08-31 20:33:33,783 [RapidOCR] main.py:50: Using D:\Work\research\FileX\.venv-ai\Lib\site-packages\rapidocr\models\ch_ptocr_mobile_v2.0_cls_mobile.pth[0m
[32m[INFO] 2026-08-31 20:33:33,947 [RapidOCR] base.py:23: Using engine_name: torch[0m
[32m[INFO] 2026-08-31 20:33:33,947 [RapidOCR] device_config.py:64: Using GPU device with ID: 0[0m
[32m[INFO] 2026-08-31 20:33:33,968 [RapidOCR] download_file.py:60: File exists and is valid: D:\Work\research\FileX\.venv-ai\Lib\site-packages\rapidocr\models\PP-OCRv6_rec_small.pth[0m
[32m[INFO] 2026-08-31 20:33:33,968 [RapidOCR] main.py:50: Using D:\Work\research\FileX\.venv-ai\Lib\site-packages\rapidocr\models\PP-OCRv6_rec_small.pth[0m
[32m[INFO] 2026-08-31 20:33:35,054 [RapidOCR] base.py:23: Using engine_name: torch[0m
[32m[INFO] 2026-08-31 20:33:35,055 [RapidOCR] device_config.py:64: Using GPU device with ID: 0[0m
[32m[INFO] 2026-08-31 20:33:35,064 [RapidOCR] download_file.py:60: File exists and is valid: D:\Work\research\FileX\.venv-ai\Lib\site-packages\rapidocr\models\PP-OCRv6_det_small.pth[0m
[32m[INFO] 2026-08-31 20:33:35,065 [RapidOCR] main.py:50: Using D:\Work\research\FileX\.venv-ai\Lib\site-packages\rapidocr\models\PP-OCRv6_det_small.pth[0m
[32m[INFO] 2026-08-31 20:33:35,326 [RapidOCR] base.py:23: Using engine_name: torch[0m
[32m[INFO] 2026-08-31 20:33:35,326 [RapidOCR] device_config.py:64: Using GPU device with ID: 0[0m
[32m[INFO] 2026-08-31 20:33:35,327 [RapidOCR] download_file.py:60: File exists and is valid: D:\Work\research\FileX\.venv-ai\Lib\site-packages\rapidocr\models\ch_ptocr_mobile_v2.0_cls_mobile.pth[0m
[32m[INFO] 2026-08-31 20:33:35,328 [RapidOCR] main.py:50: Using D:\Work\research\FileX\.venv-ai\Lib\site-packages\rapidocr\models\ch_ptocr_mobile_v2.0_cls_mobile.pth[0m
[32m[INFO] 2026-08-31 20:33:35,499 [RapidOCR] base.py:23: Using engine_name: torch[0m
[32m[INFO] 2026-08-31 20:33:35,500 [RapidOCR] device_config.py:64: Using GPU device with ID: 0[0m
[32m[INFO] 2026-08-31 20:33:35,519 [RapidOCR] download_file.py:60: File exists and is valid: D:\Work\research\FileX\.venv-ai\Lib\site-packages\rapidocr\models\PP-OCRv6_rec_small.pth[0m
[32m[INFO] 2026-08-31 20:33:35,519 [RapidOCR] main.py:50: Using D:\Work\research\FileX\.venv-ai\Lib\site-packages\rapidocr\models\PP-OCRv6_rec_small.pth[0m
[32m[INFO] 2026-08-31 20:33:36,566 [RapidOCR] base.py:23: Using engine_name: torch[0m
[32m[INFO] 2026-08-31 20:33:36,567 [RapidOCR] device_config.py:64: Using GPU device with ID: 0[0m
[32m[INFO] 2026-08-31 20:33:36,576 [RapidOCR] download_file.py:60: File exists and is valid: D:\Work\research\FileX\.venv-ai\Lib\site-packages\rapidocr\models\PP-OCRv6_det_small.pth[0m
[32m[INFO] 2026-08-31 20:33:36,576 [RapidOCR] main.py:50: Using D:\Work\research\FileX\.venv-ai\Lib\site-packages\rapidocr\models\PP-OCRv6_det_small.pth[0m
[32m[INFO] 2026-08-31 20:33:36,792 [RapidOCR] base.py:23: Using engine_name: torch[0m
[32m[INFO] 2026-08-31 20:33:36,793 [RapidOCR] device_config.py:64: Using GPU device with ID: 0[0m
[32m[INFO] 2026-08-31 20:33:36,794 [RapidOCR] download_file.py:60: File exists and is valid: D:\Work\research\FileX\.venv-ai\Lib\site-packages\rapidocr\models\ch_ptocr_mobile_v2.0_cls_mobile.pth[0m
[32m[INFO] 2026-08-31 20:33:36,795 [RapidOCR] main.py:50: Using D:\Work\research\FileX\.venv-ai\Lib\site-packages\rapidocr\models\ch_ptocr_mobile_v2.0_cls_mobile.pth[0m
[32m[INFO] 2026-08-31 20:33:36,942 [RapidOCR] base.py:23: Using engine_name: torch[0m
[32m[INFO] 2026-08-31 20:33:36,942 [RapidOCR] device_config.py:64: Using GPU device with ID: 0[0m
[32m[INFO] 2026-08-31 20:33:36,959 [RapidOCR] download_file.py:60: File exists and is valid: D:\Work\research\FileX\.venv-ai\Lib\site-packages\rapidocr\models\PP-OCRv6_rec_small.pth[0m
[32m[INFO] 2026-08-31 20:33:36,959 [RapidOCR] main.py:50: Using D:\Work\research\FileX\.venv-ai\Lib\site-packages\rapidocr\models\PP-OCRv6_rec_small.pth[0m
[32m[INFO] 2026-08-31 20:33:38,288 [RapidOCR] base.py:23: Using engine_name: torch[0m
[32m[INFO] 2026-08-31 20:33:38,289 [RapidOCR] device_config.py:64: Using GPU device with ID: 0[0m
[32m[INFO] 2026-08-31 20:33:38,298 [RapidOCR] download_file.py:60: File exists and is valid: D:\Work\research\FileX\.venv-ai\Lib\site-packages\rapidocr\models\PP-OCRv6_det_small.pth[0m
[32m[INFO] 2026-08-31 20:33:38,299 [RapidOCR] main.py:50: Using D:\Work\research\FileX\.venv-ai\Lib\site-packages\rapidocr\models\PP-OCRv6_det_small.pth[0m
[32m[INFO] 2026-08-31 20:33:38,598 [RapidOCR] base.py:23: Using engine_name: torch[0m
[32m[INFO] 2026-08-31 20:33:38,599 [RapidOCR] device_config.py:64: Using GPU device with ID: 0[0m
[32m[INFO] 2026-08-31 20:33:38,600 [RapidOCR] download_file.py:60: File exists and is valid: D:\Work\research\FileX\.venv-ai\Lib\site-packages\rapidocr\models\ch_ptocr_mobile_v2.0_cls_mobile.pth[0m
[32m[INFO] 2026-08-31 20:33:38,600 [RapidOCR] main.py:50: Using D:\Work\research\FileX\.venv-ai\Lib\site-packages\rapidocr\models\ch_ptocr_mobile_v2.0_cls_mobile.pth[0m
[32m[INFO] 2026-08-31 20:33:38,785 [RapidOCR] base.py:23: Using engine_name: torch[0m
[32m[INFO] 2026-08-31 20:33:38,786 [RapidOCR] device_config.py:64: Using GPU device with ID: 0[0m
[32m[INFO] 2026-08-31 20:33:38,810 [RapidOCR] download_file.py:60: File exists and is valid: D:\Work\research\FileX\.venv-ai\Lib\site-packages\rapidocr\models\PP-OCRv6_rec_small.pth[0m
[32m[INFO] 2026-08-31 20:33:38,810 [RapidOCR] main.py:50: Using D:\Work\research\FileX\.venv-ai\Lib\site-packages\rapidocr\models\PP-OCRv6_rec_small.pth[0m
[32m[INFO] 2026-08-31 20:33:40,242 [RapidOCR] base.py:23: Using engine_name: torch[0m
[32m[INFO] 2026-08-31 20:33:40,242 [RapidOCR] device_config.py:64: Using GPU device with ID: 0[0m
[32m[INFO] 2026-08-31 20:33:40,254 [RapidOCR] download_file.py:60: File exists and is valid: D:\Work\research\FileX\.venv-ai\Lib\site-packages\rapidocr\models\PP-OCRv6_det_small.pth[0m
[32m[INFO] 2026-08-31 20:33:40,254 [RapidOCR] main.py:50: Using D:\Work\research\FileX\.venv-ai\Lib\site-packages\rapidocr\models\PP-OCRv6_det_small.pth[0m
[32m[INFO] 2026-08-31 20:33:40,573 [RapidOCR] base.py:23: Using engine_name: torch[0m
[32m[INFO] 2026-08-31 20:33:40,574 [RapidOCR] device_config.py:64: Using GPU device with ID: 0[0m
[32m[INFO] 2026-08-31 20:33:40,575 [RapidOCR] download_file.py:60: File exists and is valid: D:\Work\research\FileX\.venv-ai\Lib\site-packages\rapidocr\models\ch_ptocr_mobile_v2.0_cls_mobile.pth[0m
[32m[INFO] 2026-08-31 20:33:40,575 [RapidOCR] main.py:50: Using D:\Work\research\FileX\.venv-ai\Lib\site-packages\rapidocr\models\ch_ptocr_mobile_v2.0_cls_mobile.pth[0m
[32m[INFO] 2026-08-31 20:33:40,750 [RapidOCR] base.py:23: Using engine_name: torch[0m
[32m[INFO] 2026-08-31 20:33:40,751 [RapidOCR] device_config.py:64: Using GPU device with ID: 0[0m
[32m[INFO] 2026-08-31 20:33:40,770 [RapidOCR] download_file.py:60: File exists and is valid: D:\Work\research\FileX\.venv-ai\Lib\site-packages\rapidocr\models\PP-OCRv6_rec_small.pth[0m
[32m[INFO] 2026-08-31 20:33:40,771 [RapidOCR] main.py:50: Using D:\Work\research\FileX\.venv-ai\Lib\site-packages\rapidocr\models\PP-OCRv6_rec_small.pth[0m
[32m[INFO] 2026-08-31 20:33:41,915 [RapidOCR] base.py:23: Using engine_name: torch[0m
[32m[INFO] 2026-08-31 20:33:41,916 [RapidOCR] device_config.py:64: Using GPU device with ID: 0[0m
[32m[INFO] 2026-08-31 20:33:41,926 [RapidOCR] download_file.py:60: File exists and is valid: D:\Work\research\FileX\.venv-ai\Lib\site-packages\rapidocr\models\PP-OCRv6_det_small.pth[0m
[32m[INFO] 2026-08-31 20:33:41,926 [RapidOCR] main.py:50: Using D:\Work\research\FileX\.venv-ai\Lib\site-packages\rapidocr\models\PP-OCRv6_det_small.pth[0m
[32m[INFO] 2026-08-31 20:33:42,411 [RapidOCR] base.py:23: Using engine_name: torch[0m
[32m[INFO] 2026-08-31 20:33:42,412 [RapidOCR] device_config.py:64: Using GPU device with ID: 0[0m
[32m[INFO] 2026-08-31 20:33:42,413 [RapidOCR] download_file.py:60: File exists and is valid: D:\Work\research\FileX\.venv-ai\Lib\site-packages\rapidocr\models\ch_ptocr_mobile_v2.0_cls_mobile.pth[0m
[32m[INFO] 2026-08-31 20:33:42,413 [RapidOCR] main.py:50: Using D:\Work\research\FileX\.venv-ai\Lib\site-packages\rapidocr\models\ch_ptocr_mobile_v2.0_cls_mobile.pth[0m
[32m[INFO] 2026-08-31 20:33:42,559 [RapidOCR] base.py:23: Using engine_name: torch[0m
[32m[INFO] 2026-08-31 20:33:42,559 [RapidOCR] device_config.py:64: Using GPU device with ID: 0[0m
[32m[INFO] 2026-08-31 20:33:42,581 [RapidOCR] download_file.py:60: File exists and is valid: D:\Work\research\FileX\.venv-ai\Lib\site-packages\rapidocr\models\PP-OCRv6_rec_small.pth[0m
[32m[INFO] 2026-08-31 20:33:42,581 [RapidOCR] main.py:50: Using D:\Work\research\FileX\.venv-ai\Lib\site-packages\rapidocr\models\PP-OCRv6_rec_small.pth[0m
[32m[INFO] 2026-08-31 20:33:43,671 [RapidOCR] base.py:23: Using engine_name: torch[0m
[32m[INFO] 2026-08-31 20:33:43,672 [RapidOCR] device_config.py:64: Using GPU device with ID: 0[0m
[32m[INFO] 2026-08-31 20:33:43,681 [RapidOCR] download_file.py:60: File exists and is valid: D:\Work\research\FileX\.venv-ai\Lib\site-packages\rapidocr\models\PP-OCRv6_det_small.pth[0m
[32m[INFO] 2026-08-31 20:33:43,681 [RapidOCR] main.py:50: Using D:\Work\research\FileX\.venv-ai\Lib\site-packages\rapidocr\models\PP-OCRv6_det_small.pth[0m
[32m[INFO] 2026-08-31 20:33:44,121 [RapidOCR] base.py:23: Using engine_name: torch[0m
[32m[INFO] 2026-08-31 20:33:44,121 [RapidOCR] device_config.py:64: Using GPU device with ID: 0[0m
[32m[INFO] 2026-08-31 20:33:44,122 [RapidOCR] download_file.py:60: File exists and is valid: D:\Work\research\FileX\.venv-ai\Lib\site-packages\rapidocr\models\ch_ptocr_mobile_v2.0_cls_mobile.pth[0m
[32m[INFO] 2026-08-31 20:33:44,123 [RapidOCR] main.py:50: Using D:\Work\research\FileX\.venv-ai\Lib\site-packages\rapidocr\models\ch_ptocr_mobile_v2.0_cls_mobile.pth[0m
[32m[INFO] 2026-08-31 20:33:44,274 [RapidOCR] base.py:23: Using engine_name: torch[0m
[32m[INFO] 2026-08-31 20:33:44,275 [RapidOCR] device_config.py:64: Using GPU device with ID: 0[0m
[32m[INFO] 2026-08-31 20:33:44,293 [RapidOCR] download_file.py:60: File exists and is valid: D:\Work\research\FileX\.venv-ai\Lib\site-packages\rapidocr\models\PP-OCRv6_rec_small.pth[0m
[32m[INFO] 2026-08-31 20:33:44,293 [RapidOCR] main.py:50: Using D:\Work\research\FileX\.venv-ai\Lib\site-packages\rapidocr\models\PP-OCRv6_rec_small.pth[0m
{"config": "docling-def", "doc": "escaneado_d5b", "ppp_nativo": 60, "ppp": 150, "factor": 2.5, "png": "ppp150__escaneado_d5b.png", "png_identify": "970x1328 59.049999999999997158,59.049999999999997158 PixelsPerCentimeter", "preflight": {"vram_libre_mib": 8791, "mpx_actual": 1.288, "mpx_pendiente_ordenada": 0}, "entrada": "PDF via Docling; scale explicita", "dispositivo": "GPU CUDA", "rc": [1, 1, 1, 1, 1, 1, 1, 1, 1], "error": ["FileNotFoundError: [WinError 3] El sistema no puede encontrar la ruta especificada: '\\\\\\\\?\\\\\\\\wsl.localhost\\\\Ubuntu\\\\'", "FileNotFoundError: [WinError 3] El sistema no puede encontrar la ruta especificada: '\\\\\\\\?\\\\\\\\wsl.localhost\\\\Ubuntu\\\\'", "FileNotFoundError: [WinError 3] El sistema no puede encontrar la ruta especificada: '\\\\\\\\?\\\\\\\\wsl.localhost\\\\Ubuntu\\\\'", "FileNotFoundError: [WinError 3] El sistema no puede encontrar la ruta especificada: '\\\\\\\\?\\\\\\\\wsl.localhost\\\\Ubuntu\\\\'", "FileNotFoundError: [WinError 3] El sistema no puede encontrar la ruta especificada: '\\\\\\\\?\\\\\\\\wsl.localhost\\\\Ubuntu\\\\'", "FileNotFoundError: [WinError 3] El sistema no puede encontrar la ruta especificada: '\\\\\\\\?\\\\\\\\wsl.localhost\\\\Ubuntu\\\\'", "FileNotFoundError: [WinError 3] El sistema no puede encontrar la ruta especificada: '\\\\\\\\?\\\\\\\\wsl.localhost\\\\Ubuntu\\\\'", "FileNotFoundError: [WinError 3] El sistema no puede encontrar la ruta especificada: '\\\\\\\\?\\\\\\\\wsl.localhost\\\\Ubuntu\\\\'", "FileNotFoundError: [WinError 3] El sistema no puede encontrar la ruta especificada: '\\\\\\\\?\\\\\\\\wsl.localhost\\\\Ubuntu\\\\'"], "n": 9, "ms_mediana": 1546.6, "determinista": true, "metrica": "acentos", "cer_pct": 100.0, "cer_acentos_pct": 100.0, "cer_ciego_pct": 100.0, "dist_acentos": 596, "texto": "docling-def__ppp150__escaneado_d5b.txt"}
