[32m[INFO] 2026-08-31 20:01:44,344 [RapidOCR] base.py:23: Using engine_name: torch[0m
[32m[INFO] 2026-08-31 20:01:44,361 [RapidOCR] device_config.py:64: Using GPU device with ID: 0[0m
[32m[INFO] 2026-08-31 20:01:44,452 [RapidOCR] download_file.py:60: File exists and is valid: D:\Work\research\FileX\.venv-ai\Lib\site-packages\rapidocr\models\PP-OCRv6_det_small.pth[0m
[32m[INFO] 2026-08-31 20:01:44,452 [RapidOCR] main.py:50: Using D:\Work\research\FileX\.venv-ai\Lib\site-packages\rapidocr\models\PP-OCRv6_det_small.pth[0m
[32m[INFO] 2026-08-31 20:01:45,056 [RapidOCR] base.py:23: Using engine_name: torch[0m
[32m[INFO] 2026-08-31 20:01:45,056 [RapidOCR] device_config.py:64: Using GPU device with ID: 0[0m
[32m[INFO] 2026-08-31 20:01:45,064 [RapidOCR] download_file.py:60: File exists and is valid: D:\Work\research\FileX\.venv-ai\Lib\site-packages\rapidocr\models\ch_ptocr_mobile_v2.0_cls_mobile.pth[0m
[32m[INFO] 2026-08-31 20:01:45,064 [RapidOCR] main.py:50: Using D:\Work\research\FileX\.venv-ai\Lib\site-packages\rapidocr\models\ch_ptocr_mobile_v2.0_cls_mobile.pth[0m
[32m[INFO] 2026-08-31 20:01:45,180 [RapidOCR] base.py:23: Using engine_name: torch[0m
[32m[INFO] 2026-08-31 20:01:45,180 [RapidOCR] device_config.py:64: Using GPU device with ID: 0[0m
[32m[INFO] 2026-08-31 20:01:45,330 [RapidOCR] download_file.py:60: File exists and is valid: D:\Work\research\FileX\.venv-ai\Lib\site-packages\rapidocr\models\PP-OCRv6_rec_small.pth[0m
[32m[INFO] 2026-08-31 20:01:45,330 [RapidOCR] main.py:50: Using D:\Work\research\FileX\.venv-ai\Lib\site-packages\rapidocr\models\PP-OCRv6_rec_small.pth[0m
Warning: You are sending unauthenticated requests to the HF Hub. Please set a HF_TOKEN to enable higher rate limits and faster downloads.
[32m[INFO] 2026-08-31 20:01:51,652 [RapidOCR] base.py:23: Using engine_name: torch[0m
[32m[INFO] 2026-08-31 20:01:51,653 [RapidOCR] device_config.py:64: Using GPU device with ID: 0[0m
[32m[INFO] 2026-08-31 20:01:51,664 [RapidOCR] download_file.py:60: File exists and is valid: D:\Work\research\FileX\.venv-ai\Lib\site-packages\rapidocr\models\PP-OCRv6_det_small.pth[0m
[32m[INFO] 2026-08-31 20:01:51,664 [RapidOCR] main.py:50: Using D:\Work\research\FileX\.venv-ai\Lib\site-packages\rapidocr\models\PP-OCRv6_det_small.pth[0m
[32m[INFO] 2026-08-31 20:01:51,916 [RapidOCR] base.py:23: Using engine_name: torch[0m
[32m[INFO] 2026-08-31 20:01:51,917 [RapidOCR] device_config.py:64: Using GPU device with ID: 0[0m
[32m[INFO] 2026-08-31 20:01:51,918 [RapidOCR] download_file.py:60: File exists and is valid: D:\Work\research\FileX\.venv-ai\Lib\site-packages\rapidocr\models\ch_ptocr_mobile_v2.0_cls_mobile.pth[0m
[32m[INFO] 2026-08-31 20:01:51,918 [RapidOCR] main.py:50: Using D:\Work\research\FileX\.venv-ai\Lib\site-packages\rapidocr\models\ch_ptocr_mobile_v2.0_cls_mobile.pth[0m
[32m[INFO] 2026-08-31 20:01:52,075 [RapidOCR] base.py:23: Using engine_name: torch[0m
[32m[INFO] 2026-08-31 20:01:52,076 [RapidOCR] device_config.py:64: Using GPU device with ID: 0[0m
[32m[INFO] 2026-08-31 20:01:52,092 [RapidOCR] download_file.py:60: File exists and is valid: D:\Work\research\FileX\.venv-ai\Lib\site-packages\rapidocr\models\PP-OCRv6_rec_small.pth[0m
[32m[INFO] 2026-08-31 20:01:52,093 [RapidOCR] main.py:50: Using D:\Work\research\FileX\.venv-ai\Lib\site-packages\rapidocr\models\PP-OCRv6_rec_small.pth[0m
[32m[INFO] 2026-08-31 20:01:53,112 [RapidOCR] base.py:23: Using engine_name: torch[0m
[32m[INFO] 2026-08-31 20:01:53,112 [RapidOCR] device_config.py:64: Using GPU device with ID: 0[0m
[32m[INFO] 2026-08-31 20:01:53,121 [RapidOCR] download_file.py:60: File exists and is valid: D:\Work\research\FileX\.venv-ai\Lib\site-packages\rapidocr\models\PP-OCRv6_det_small.pth[0m
[32m[INFO] 2026-08-31 20:01:53,121 [RapidOCR] main.py:50: Using D:\Work\research\FileX\.venv-ai\Lib\site-packages\rapidocr\models\PP-OCRv6_det_small.pth[0m
[32m[INFO] 2026-08-31 20:01:53,442 [RapidOCR] base.py:23: Using engine_name: torch[0m
[32m[INFO] 2026-08-31 20:01:53,443 [RapidOCR] device_config.py:64: Using GPU device with ID: 0[0m
[32m[INFO] 2026-08-31 20:01:53,444 [RapidOCR] download_file.py:60: File exists and is valid: D:\Work\research\FileX\.venv-ai\Lib\site-packages\rapidocr\models\ch_ptocr_mobile_v2.0_cls_mobile.pth[0m
[32m[INFO] 2026-08-31 20:01:53,444 [RapidOCR] main.py:50: Using D:\Work\research\FileX\.venv-ai\Lib\site-packages\rapidocr\models\ch_ptocr_mobile_v2.0_cls_mobile.pth[0m
[32m[INFO] 2026-08-31 20:01:53,609 [RapidOCR] base.py:23: Using engine_name: torch[0m
[32m[INFO] 2026-08-31 20:01:53,610 [RapidOCR] device_config.py:64: Using GPU device with ID: 0[0m
[32m[INFO] 2026-08-31 20:01:53,629 [RapidOCR] download_file.py:60: File exists and is valid: D:\Work\research\FileX\.venv-ai\Lib\site-packages\rapidocr\models\PP-OCRv6_rec_small.pth[0m
[32m[INFO] 2026-08-31 20:01:53,629 [RapidOCR] main.py:50: Using D:\Work\research\FileX\.venv-ai\Lib\site-packages\rapidocr\models\PP-OCRv6_rec_small.pth[0m
[32m[INFO] 2026-08-31 20:01:54,694 [RapidOCR] base.py:23: Using engine_name: torch[0m
[32m[INFO] 2026-08-31 20:01:54,694 [RapidOCR] device_config.py:64: Using GPU device with ID: 0[0m
[32m[INFO] 2026-08-31 20:01:54,702 [RapidOCR] download_file.py:60: File exists and is valid: D:\Work\research\FileX\.venv-ai\Lib\site-packages\rapidocr\models\PP-OCRv6_det_small.pth[0m
[32m[INFO] 2026-08-31 20:01:54,702 [RapidOCR] main.py:50: Using D:\Work\research\FileX\.venv-ai\Lib\site-packages\rapidocr\models\PP-OCRv6_det_small.pth[0m
[32m[INFO] 2026-08-31 20:01:54,961 [RapidOCR] base.py:23: Using engine_name: torch[0m
[32m[INFO] 2026-08-31 20:01:54,962 [RapidOCR] device_config.py:64: Using GPU device with ID: 0[0m
[32m[INFO] 2026-08-31 20:01:54,963 [RapidOCR] download_file.py:60: File exists and is valid: D:\Work\research\FileX\.venv-ai\Lib\site-packages\rapidocr\models\ch_ptocr_mobile_v2.0_cls_mobile.pth[0m
[32m[INFO] 2026-08-31 20:01:54,963 [RapidOCR] main.py:50: Using D:\Work\research\FileX\.venv-ai\Lib\site-packages\rapidocr\models\ch_ptocr_mobile_v2.0_cls_mobile.pth[0m
[32m[INFO] 2026-08-31 20:01:55,108 [RapidOCR] base.py:23: Using engine_name: torch[0m
[32m[INFO] 2026-08-31 20:01:55,109 [RapidOCR] device_config.py:64: Using GPU device with ID: 0[0m
[32m[INFO] 2026-08-31 20:01:55,126 [RapidOCR] download_file.py:60: File exists and is valid: D:\Work\research\FileX\.venv-ai\Lib\site-packages\rapidocr\models\PP-OCRv6_rec_small.pth[0m
[32m[INFO] 2026-08-31 20:01:55,126 [RapidOCR] main.py:50: Using D:\Work\research\FileX\.venv-ai\Lib\site-packages\rapidocr\models\PP-OCRv6_rec_small.pth[0m
[32m[INFO] 2026-08-31 20:01:56,146 [RapidOCR] base.py:23: Using engine_name: torch[0m
[32m[INFO] 2026-08-31 20:01:56,146 [RapidOCR] device_config.py:64: Using GPU device with ID: 0[0m
[32m[INFO] 2026-08-31 20:01:56,156 [RapidOCR] download_file.py:60: File exists and is valid: D:\Work\research\FileX\.venv-ai\Lib\site-packages\rapidocr\models\PP-OCRv6_det_small.pth[0m
[32m[INFO] 2026-08-31 20:01:56,156 [RapidOCR] main.py:50: Using D:\Work\research\FileX\.venv-ai\Lib\site-packages\rapidocr\models\PP-OCRv6_det_small.pth[0m
[32m[INFO] 2026-08-31 20:01:56,637 [RapidOCR] base.py:23: Using engine_name: torch[0m
[32m[INFO] 2026-08-31 20:01:56,637 [RapidOCR] device_config.py:64: Using GPU device with ID: 0[0m
[32m[INFO] 2026-08-31 20:01:56,639 [RapidOCR] download_file.py:60: File exists and is valid: D:\Work\research\FileX\.venv-ai\Lib\site-packages\rapidocr\models\ch_ptocr_mobile_v2.0_cls_mobile.pth[0m
[32m[INFO] 2026-08-31 20:01:56,639 [RapidOCR] main.py:50: Using D:\Work\research\FileX\.venv-ai\Lib\site-packages\rapidocr\models\ch_ptocr_mobile_v2.0_cls_mobile.pth[0m
[32m[INFO] 2026-08-31 20:01:56,823 [RapidOCR] base.py:23: Using engine_name: torch[0m
[32m[INFO] 2026-08-31 20:01:56,823 [RapidOCR] device_config.py:64: Using GPU device with ID: 0[0m
[32m[INFO] 2026-08-31 20:01:56,842 [RapidOCR] download_file.py:60: File exists and is valid: D:\Work\research\FileX\.venv-ai\Lib\site-packages\rapidocr\models\PP-OCRv6_rec_small.pth[0m
[32m[INFO] 2026-08-31 20:01:56,842 [RapidOCR] main.py:50: Using D:\Work\research\FileX\.venv-ai\Lib\site-packages\rapidocr\models\PP-OCRv6_rec_small.pth[0m
[32m[INFO] 2026-08-31 20:01:57,910 [RapidOCR] base.py:23: Using engine_name: torch[0m
[32m[INFO] 2026-08-31 20:01:57,910 [RapidOCR] device_config.py:64: Using GPU device with ID: 0[0m
[32m[INFO] 2026-08-31 20:01:57,919 [RapidOCR] download_file.py:60: File exists and is valid: D:\Work\research\FileX\.venv-ai\Lib\site-packages\rapidocr\models\PP-OCRv6_det_small.pth[0m
[32m[INFO] 2026-08-31 20:01:57,919 [RapidOCR] main.py:50: Using D:\Work\research\FileX\.venv-ai\Lib\site-packages\rapidocr\models\PP-OCRv6_det_small.pth[0m
[32m[INFO] 2026-08-31 20:01:58,159 [RapidOCR] base.py:23: Using engine_name: torch[0m
[32m[INFO] 2026-08-31 20:01:58,159 [RapidOCR] device_config.py:64: Using GPU device with ID: 0[0m
[32m[INFO] 2026-08-31 20:01:58,161 [RapidOCR] download_file.py:60: File exists and is valid: D:\Work\research\FileX\.venv-ai\Lib\site-packages\rapidocr\models\ch_ptocr_mobile_v2.0_cls_mobile.pth[0m
[32m[INFO] 2026-08-31 20:01:58,161 [RapidOCR] main.py:50: Using D:\Work\research\FileX\.venv-ai\Lib\site-packages\rapidocr\models\ch_ptocr_mobile_v2.0_cls_mobile.pth[0m
[32m[INFO] 2026-08-31 20:01:58,319 [RapidOCR] base.py:23: Using engine_name: torch[0m
[32m[INFO] 2026-08-31 20:01:58,320 [RapidOCR] device_config.py:64: Using GPU device with ID: 0[0m
[32m[INFO] 2026-08-31 20:01:58,337 [RapidOCR] download_file.py:60: File exists and is valid: D:\Work\research\FileX\.venv-ai\Lib\site-packages\rapidocr\models\PP-OCRv6_rec_small.pth[0m
[32m[INFO] 2026-08-31 20:01:58,337 [RapidOCR] main.py:50: Using D:\Work\research\FileX\.venv-ai\Lib\site-packages\rapidocr\models\PP-OCRv6_rec_small.pth[0m
[32m[INFO] 2026-08-31 20:01:59,375 [RapidOCR] base.py:23: Using engine_name: torch[0m
[32m[INFO] 2026-08-31 20:01:59,376 [RapidOCR] device_config.py:64: Using GPU device with ID: 0[0m
[32m[INFO] 2026-08-31 20:01:59,385 [RapidOCR] download_file.py:60: File exists and is valid: D:\Work\research\FileX\.venv-ai\Lib\site-packages\rapidocr\models\PP-OCRv6_det_small.pth[0m
[32m[INFO] 2026-08-31 20:01:59,385 [RapidOCR] main.py:50: Using D:\Work\research\FileX\.venv-ai\Lib\site-packages\rapidocr\models\PP-OCRv6_det_small.pth[0m
[32m[INFO] 2026-08-31 20:01:59,611 [RapidOCR] base.py:23: Using engine_name: torch[0m
[32m[INFO] 2026-08-31 20:01:59,612 [RapidOCR] device_config.py:64: Using GPU device with ID: 0[0m
[32m[INFO] 2026-08-31 20:01:59,613 [RapidOCR] download_file.py:60: File exists and is valid: D:\Work\research\FileX\.venv-ai\Lib\site-packages\rapidocr\models\ch_ptocr_mobile_v2.0_cls_mobile.pth[0m
[32m[INFO] 2026-08-31 20:01:59,613 [RapidOCR] main.py:50: Using D:\Work\research\FileX\.venv-ai\Lib\site-packages\rapidocr\models\ch_ptocr_mobile_v2.0_cls_mobile.pth[0m
[32m[INFO] 2026-08-31 20:01:59,775 [RapidOCR] base.py:23: Using engine_name: torch[0m
[32m[INFO] 2026-08-31 20:01:59,775 [RapidOCR] device_config.py:64: Using GPU device with ID: 0[0m
[32m[INFO] 2026-08-31 20:01:59,792 [RapidOCR] download_file.py:60: File exists and is valid: D:\Work\research\FileX\.venv-ai\Lib\site-packages\rapidocr\models\PP-OCRv6_rec_small.pth[0m
[32m[INFO] 2026-08-31 20:01:59,792 [RapidOCR] main.py:50: Using D:\Work\research\FileX\.venv-ai\Lib\site-packages\rapidocr\models\PP-OCRv6_rec_small.pth[0m
[32m[INFO] 2026-08-31 20:02:00,894 [RapidOCR] base.py:23: Using engine_name: torch[0m
[32m[INFO] 2026-08-31 20:02:00,895 [RapidOCR] device_config.py:64: Using GPU device with ID: 0[0m
[32m[INFO] 2026-08-31 20:02:00,908 [RapidOCR] download_file.py:60: File exists and is valid: D:\Work\research\FileX\.venv-ai\Lib\site-packages\rapidocr\models\PP-OCRv6_det_small.pth[0m
[32m[INFO] 2026-08-31 20:02:00,908 [RapidOCR] main.py:50: Using D:\Work\research\FileX\.venv-ai\Lib\site-packages\rapidocr\models\PP-OCRv6_det_small.pth[0m
[32m[INFO] 2026-08-31 20:02:01,387 [RapidOCR] base.py:23: Using engine_name: torch[0m
[32m[INFO] 2026-08-31 20:02:01,388 [RapidOCR] device_config.py:64: Using GPU device with ID: 0[0m
[32m[INFO] 2026-08-31 20:02:01,390 [RapidOCR] download_file.py:60: File exists and is valid: D:\Work\research\FileX\.venv-ai\Lib\site-packages\rapidocr\models\ch_ptocr_mobile_v2.0_cls_mobile.pth[0m
[32m[INFO] 2026-08-31 20:02:01,390 [RapidOCR] main.py:50: Using D:\Work\research\FileX\.venv-ai\Lib\site-packages\rapidocr\models\ch_ptocr_mobile_v2.0_cls_mobile.pth[0m
[32m[INFO] 2026-08-31 20:02:01,582 [RapidOCR] base.py:23: Using engine_name: torch[0m
[32m[INFO] 2026-08-31 20:02:01,583 [RapidOCR] device_config.py:64: Using GPU device with ID: 0[0m
[32m[INFO] 2026-08-31 20:02:01,605 [RapidOCR] download_file.py:60: File exists and is valid: D:\Work\research\FileX\.venv-ai\Lib\site-packages\rapidocr\models\PP-OCRv6_rec_small.pth[0m
[32m[INFO] 2026-08-31 20:02:01,605 [RapidOCR] main.py:50: Using D:\Work\research\FileX\.venv-ai\Lib\site-packages\rapidocr\models\PP-OCRv6_rec_small.pth[0m
[32m[INFO] 2026-08-31 20:02:02,663 [RapidOCR] base.py:23: Using engine_name: torch[0m
[32m[INFO] 2026-08-31 20:02:02,663 [RapidOCR] device_config.py:64: Using GPU device with ID: 0[0m
[32m[INFO] 2026-08-31 20:02:02,672 [RapidOCR] download_file.py:60: File exists and is valid: D:\Work\research\FileX\.venv-ai\Lib\site-packages\rapidocr\models\PP-OCRv6_det_small.pth[0m
[32m[INFO] 2026-08-31 20:02:02,672 [RapidOCR] main.py:50: Using D:\Work\research\FileX\.venv-ai\Lib\site-packages\rapidocr\models\PP-OCRv6_det_small.pth[0m
[32m[INFO] 2026-08-31 20:02:02,914 [RapidOCR] base.py:23: Using engine_name: torch[0m
[32m[INFO] 2026-08-31 20:02:02,915 [RapidOCR] device_config.py:64: Using GPU device with ID: 0[0m
[32m[INFO] 2026-08-31 20:02:02,916 [RapidOCR] download_file.py:60: File exists and is valid: D:\Work\research\FileX\.venv-ai\Lib\site-packages\rapidocr\models\ch_ptocr_mobile_v2.0_cls_mobile.pth[0m
[32m[INFO] 2026-08-31 20:02:02,916 [RapidOCR] main.py:50: Using D:\Work\research\FileX\.venv-ai\Lib\site-packages\rapidocr\models\ch_ptocr_mobile_v2.0_cls_mobile.pth[0m
[32m[INFO] 2026-08-31 20:02:03,067 [RapidOCR] base.py:23: Using engine_name: torch[0m
[32m[INFO] 2026-08-31 20:02:03,068 [RapidOCR] device_config.py:64: Using GPU device with ID: 0[0m
[32m[INFO] 2026-08-31 20:02:03,084 [RapidOCR] download_file.py:60: File exists and is valid: D:\Work\research\FileX\.venv-ai\Lib\site-packages\rapidocr\models\PP-OCRv6_rec_small.pth[0m
[32m[INFO] 2026-08-31 20:02:03,084 [RapidOCR] main.py:50: Using D:\Work\research\FileX\.venv-ai\Lib\site-packages\rapidocr\models\PP-OCRv6_rec_small.pth[0m
[32m[INFO] 2026-08-31 20:02:04,152 [RapidOCR] base.py:23: Using engine_name: torch[0m
[32m[INFO] 2026-08-31 20:02:04,152 [RapidOCR] device_config.py:64: Using GPU device with ID: 0[0m
[32m[INFO] 2026-08-31 20:02:04,161 [RapidOCR] download_file.py:60: File exists and is valid: D:\Work\research\FileX\.venv-ai\Lib\site-packages\rapidocr\models\PP-OCRv6_det_small.pth[0m
[32m[INFO] 2026-08-31 20:02:04,161 [RapidOCR] main.py:50: Using D:\Work\research\FileX\.venv-ai\Lib\site-packages\rapidocr\models\PP-OCRv6_det_small.pth[0m
[32m[INFO] 2026-08-31 20:02:04,394 [RapidOCR] base.py:23: Using engine_name: torch[0m
[32m[INFO] 2026-08-31 20:02:04,394 [RapidOCR] device_config.py:64: Using GPU device with ID: 0[0m
[32m[INFO] 2026-08-31 20:02:04,395 [RapidOCR] download_file.py:60: File exists and is valid: D:\Work\research\FileX\.venv-ai\Lib\site-packages\rapidocr\models\ch_ptocr_mobile_v2.0_cls_mobile.pth[0m
[32m[INFO] 2026-08-31 20:02:04,395 [RapidOCR] main.py:50: Using D:\Work\research\FileX\.venv-ai\Lib\site-packages\rapidocr\models\ch_ptocr_mobile_v2.0_cls_mobile.pth[0m
[32m[INFO] 2026-08-31 20:02:04,554 [RapidOCR] base.py:23: Using engine_name: torch[0m
[32m[INFO] 2026-08-31 20:02:04,555 [RapidOCR] device_config.py:64: Using GPU device with ID: 0[0m
[32m[INFO] 2026-08-31 20:02:04,572 [RapidOCR] download_file.py:60: File exists and is valid: D:\Work\research\FileX\.venv-ai\Lib\site-packages\rapidocr\models\PP-OCRv6_rec_small.pth[0m
[32m[INFO] 2026-08-31 20:02:04,572 [RapidOCR] main.py:50: Using D:\Work\research\FileX\.venv-ai\Lib\site-packages\rapidocr\models\PP-OCRv6_rec_small.pth[0m
{"config": "docling-r6", "doc": "escaneado_d5a", "ppp_nativo": 90, "ppp": 90, "factor": 1.0, "png": "ppp090__escaneado_d5a.png", "png_identify": "582x801 35.429999999999999716,35.429999999999999716 PixelsPerCentimeter", "preflight": {"vram_libre_mib": 8408, "mpx_actual": 0.466, "mpx_pendiente_ordenada": 0}, "entrada": "PDF via Docling; scale explicita", "dispositivo": "GPU CUDA", "rc": [1, 1, 1, 1, 1, 1, 1, 1, 1], "error": ["FileNotFoundError: [WinError 3] El sistema no puede encontrar la ruta especificada: '\\\\\\\\?\\\\\\\\wsl.localhost\\\\Ubuntu\\\\'", "FileNotFoundError: [WinError 3] El sistema no puede encontrar la ruta especificada: '\\\\\\\\?\\\\\\\\wsl.localhost\\\\Ubuntu\\\\'", "FileNotFoundError: [WinError 3] El sistema no puede encontrar la ruta especificada: '\\\\\\\\?\\\\\\\\wsl.localhost\\\\Ubuntu\\\\'", "FileNotFoundError: [WinError 3] El sistema no puede encontrar la ruta especificada: '\\\\\\\\?\\\\\\\\wsl.localhost\\\\Ubuntu\\\\'", "FileNotFoundError: [WinError 3] El sistema no puede encontrar la ruta especificada: '\\\\\\\\?\\\\\\\\wsl.localhost\\\\Ubuntu\\\\'", "FileNotFoundError: [WinError 3] El sistema no puede encontrar la ruta especificada: '\\\\\\\\?\\\\\\\\wsl.localhost\\\\Ubuntu\\\\'", "FileNotFoundError: [WinError 3] El sistema no puede encontrar la ruta especificada: '\\\\\\\\?\\\\\\\\wsl.localhost\\\\Ubuntu\\\\'", "FileNotFoundError: [WinError 3] El sistema no puede encontrar la ruta especificada: '\\\\\\\\?\\\\\\\\wsl.localhost\\\\Ubuntu\\\\'", "FileNotFoundError: [WinError 3] El sistema no puede encontrar la ruta especificada: '\\\\\\\\?\\\\\\\\wsl.localhost\\\\Ubuntu\\\\'"], "n": 9, "ms_mediana": 1493.3, "determinista": true, "metrica": "acentos", "cer_pct": 100.0, "cer_acentos_pct": 100.0, "cer_ciego_pct": 100.0, "dist_acentos": 596, "texto": "docling-r6__ppp090__escaneado_d5a.txt"}
[32m[INFO] 2026-08-31 20:02:05,778 [RapidOCR] base.py:23: Using engine_name: torch[0m
[32m[INFO] 2026-08-31 20:02:05,778 [RapidOCR] device_config.py:64: Using GPU device with ID: 0[0m
[32m[INFO] 2026-08-31 20:02:05,787 [RapidOCR] download_file.py:60: File exists and is valid: D:\Work\research\FileX\.venv-ai\Lib\site-packages\rapidocr\models\PP-OCRv6_det_small.pth[0m
[32m[INFO] 2026-08-31 20:02:05,787 [RapidOCR] main.py:50: Using D:\Work\research\FileX\.venv-ai\Lib\site-packages\rapidocr\models\PP-OCRv6_det_small.pth[0m
[32m[INFO] 2026-08-31 20:02:06,037 [RapidOCR] base.py:23: Using engine_name: torch[0m
[32m[INFO] 2026-08-31 20:02:06,037 [RapidOCR] device_config.py:64: Using GPU device with ID: 0[0m
[32m[INFO] 2026-08-31 20:02:06,038 [RapidOCR] download_file.py:60: File exists and is valid: D:\Work\research\FileX\.venv-ai\Lib\site-packages\rapidocr\models\ch_ptocr_mobile_v2.0_cls_mobile.pth[0m
[32m[INFO] 2026-08-31 20:02:06,038 [RapidOCR] main.py:50: Using D:\Work\research\FileX\.venv-ai\Lib\site-packages\rapidocr\models\ch_ptocr_mobile_v2.0_cls_mobile.pth[0m
[32m[INFO] 2026-08-31 20:02:06,372 [RapidOCR] base.py:23: Using engine_name: torch[0m
[32m[INFO] 2026-08-31 20:02:06,372 [RapidOCR] device_config.py:64: Using GPU device with ID: 0[0m
[32m[INFO] 2026-08-31 20:02:06,389 [RapidOCR] download_file.py:60: File exists and is valid: D:\Work\research\FileX\.venv-ai\Lib\site-packages\rapidocr\models\PP-OCRv6_rec_small.pth[0m
[32m[INFO] 2026-08-31 20:02:06,389 [RapidOCR] main.py:50: Using D:\Work\research\FileX\.venv-ai\Lib\site-packages\rapidocr\models\PP-OCRv6_rec_small.pth[0m
[32m[INFO] 2026-08-31 20:02:07,402 [RapidOCR] base.py:23: Using engine_name: torch[0m
[32m[INFO] 2026-08-31 20:02:07,403 [RapidOCR] device_config.py:64: Using GPU device with ID: 0[0m
[32m[INFO] 2026-08-31 20:02:07,411 [RapidOCR] download_file.py:60: File exists and is valid: D:\Work\research\FileX\.venv-ai\Lib\site-packages\rapidocr\models\PP-OCRv6_det_small.pth[0m
[32m[INFO] 2026-08-31 20:02:07,411 [RapidOCR] main.py:50: Using D:\Work\research\FileX\.venv-ai\Lib\site-packages\rapidocr\models\PP-OCRv6_det_small.pth[0m
[32m[INFO] 2026-08-31 20:02:07,655 [RapidOCR] base.py:23: Using engine_name: torch[0m
[32m[INFO] 2026-08-31 20:02:07,656 [RapidOCR] device_config.py:64: Using GPU device with ID: 0[0m
[32m[INFO] 2026-08-31 20:02:07,657 [RapidOCR] download_file.py:60: File exists and is valid: D:\Work\research\FileX\.venv-ai\Lib\site-packages\rapidocr\models\ch_ptocr_mobile_v2.0_cls_mobile.pth[0m
[32m[INFO] 2026-08-31 20:02:07,657 [RapidOCR] main.py:50: Using D:\Work\research\FileX\.venv-ai\Lib\site-packages\rapidocr\models\ch_ptocr_mobile_v2.0_cls_mobile.pth[0m
[32m[INFO] 2026-08-31 20:02:07,811 [RapidOCR] base.py:23: Using engine_name: torch[0m
[32m[INFO] 2026-08-31 20:02:07,812 [RapidOCR] device_config.py:64: Using GPU device with ID: 0[0m
[32m[INFO] 2026-08-31 20:02:07,829 [RapidOCR] download_file.py:60: File exists and is valid: D:\Work\research\FileX\.venv-ai\Lib\site-packages\rapidocr\models\PP-OCRv6_rec_small.pth[0m
[32m[INFO] 2026-08-31 20:02:07,829 [RapidOCR] main.py:50: Using D:\Work\research\FileX\.venv-ai\Lib\site-packages\rapidocr\models\PP-OCRv6_rec_small.pth[0m
[32m[INFO] 2026-08-31 20:02:08,898 [RapidOCR] base.py:23: Using engine_name: torch[0m
[32m[INFO] 2026-08-31 20:02:08,898 [RapidOCR] device_config.py:64: Using GPU device with ID: 0[0m
[32m[INFO] 2026-08-31 20:02:08,906 [RapidOCR] download_file.py:60: File exists and is valid: D:\Work\research\FileX\.venv-ai\Lib\site-packages\rapidocr\models\PP-OCRv6_det_small.pth[0m
[32m[INFO] 2026-08-31 20:02:08,907 [RapidOCR] main.py:50: Using D:\Work\research\FileX\.venv-ai\Lib\site-packages\rapidocr\models\PP-OCRv6_det_small.pth[0m
[32m[INFO] 2026-08-31 20:02:09,158 [RapidOCR] base.py:23: Using engine_name: torch[0m
[32m[INFO] 2026-08-31 20:02:09,158 [RapidOCR] device_config.py:64: Using GPU device with ID: 0[0m
[32m[INFO] 2026-08-31 20:02:09,159 [RapidOCR] download_file.py:60: File exists and is valid: D:\Work\research\FileX\.venv-ai\Lib\site-packages\rapidocr\models\ch_ptocr_mobile_v2.0_cls_mobile.pth[0m
[32m[INFO] 2026-08-31 20:02:09,159 [RapidOCR] main.py:50: Using D:\Work\research\FileX\.venv-ai\Lib\site-packages\rapidocr\models\ch_ptocr_mobile_v2.0_cls_mobile.pth[0m
[32m[INFO] 2026-08-31 20:02:09,317 [RapidOCR] base.py:23: Using engine_name: torch[0m
[32m[INFO] 2026-08-31 20:02:09,318 [RapidOCR] device_config.py:64: Using GPU device with ID: 0[0m
[32m[INFO] 2026-08-31 20:02:09,335 [RapidOCR] download_file.py:60: File exists and is valid: D:\Work\research\FileX\.venv-ai\Lib\site-packages\rapidocr\models\PP-OCRv6_rec_small.pth[0m
[32m[INFO] 2026-08-31 20:02:09,335 [RapidOCR] main.py:50: Using D:\Work\research\FileX\.venv-ai\Lib\site-packages\rapidocr\models\PP-OCRv6_rec_small.pth[0m
[32m[INFO] 2026-08-31 20:02:10,525 [RapidOCR] base.py:23: Using engine_name: torch[0m
[32m[INFO] 2026-08-31 20:02:10,526 [RapidOCR] device_config.py:64: Using GPU device with ID: 0[0m
[32m[INFO] 2026-08-31 20:02:10,536 [RapidOCR] download_file.py:60: File exists and is valid: D:\Work\research\FileX\.venv-ai\Lib\site-packages\rapidocr\models\PP-OCRv6_det_small.pth[0m
[32m[INFO] 2026-08-31 20:02:10,536 [RapidOCR] main.py:50: Using D:\Work\research\FileX\.venv-ai\Lib\site-packages\rapidocr\models\PP-OCRv6_det_small.pth[0m
[32m[INFO] 2026-08-31 20:02:10,807 [RapidOCR] base.py:23: Using engine_name: torch[0m
[32m[INFO] 2026-08-31 20:02:10,808 [RapidOCR] device_config.py:64: Using GPU device with ID: 0[0m
[32m[INFO] 2026-08-31 20:02:10,809 [RapidOCR] download_file.py:60: File exists and is valid: D:\Work\research\FileX\.venv-ai\Lib\site-packages\rapidocr\models\ch_ptocr_mobile_v2.0_cls_mobile.pth[0m
[32m[INFO] 2026-08-31 20:02:10,809 [RapidOCR] main.py:50: Using D:\Work\research\FileX\.venv-ai\Lib\site-packages\rapidocr\models\ch_ptocr_mobile_v2.0_cls_mobile.pth[0m
[32m[INFO] 2026-08-31 20:02:10,994 [RapidOCR] base.py:23: Using engine_name: torch[0m
[32m[INFO] 2026-08-31 20:02:10,995 [RapidOCR] device_config.py:64: Using GPU device with ID: 0[0m
[32m[INFO] 2026-08-31 20:02:11,013 [RapidOCR] download_file.py:60: File exists and is valid: D:\Work\research\FileX\.venv-ai\Lib\site-packages\rapidocr\models\PP-OCRv6_rec_small.pth[0m
[32m[INFO] 2026-08-31 20:02:11,013 [RapidOCR] main.py:50: Using D:\Work\research\FileX\.venv-ai\Lib\site-packages\rapidocr\models\PP-OCRv6_rec_small.pth[0m
[32m[INFO] 2026-08-31 20:02:12,416 [RapidOCR] base.py:23: Using engine_name: torch[0m
[32m[INFO] 2026-08-31 20:02:12,417 [RapidOCR] device_config.py:64: Using GPU device with ID: 0[0m
[32m[INFO] 2026-08-31 20:02:12,428 [RapidOCR] download_file.py:60: File exists and is valid: D:\Work\research\FileX\.venv-ai\Lib\site-packages\rapidocr\models\PP-OCRv6_det_small.pth[0m
[32m[INFO] 2026-08-31 20:02:12,428 [RapidOCR] main.py:50: Using D:\Work\research\FileX\.venv-ai\Lib\site-packages\rapidocr\models\PP-OCRv6_det_small.pth[0m
[32m[INFO] 2026-08-31 20:02:12,684 [RapidOCR] base.py:23: Using engine_name: torch[0m
[32m[INFO] 2026-08-31 20:02:12,685 [RapidOCR] device_config.py:64: Using GPU device with ID: 0[0m
[32m[INFO] 2026-08-31 20:02:12,686 [RapidOCR] download_file.py:60: File exists and is valid: D:\Work\research\FileX\.venv-ai\Lib\site-packages\rapidocr\models\ch_ptocr_mobile_v2.0_cls_mobile.pth[0m
[32m[INFO] 2026-08-31 20:02:12,686 [RapidOCR] main.py:50: Using D:\Work\research\FileX\.venv-ai\Lib\site-packages\rapidocr\models\ch_ptocr_mobile_v2.0_cls_mobile.pth[0m
[32m[INFO] 2026-08-31 20:02:12,875 [RapidOCR] base.py:23: Using engine_name: torch[0m
[32m[INFO] 2026-08-31 20:02:12,876 [RapidOCR] device_config.py:64: Using GPU device with ID: 0[0m
[32m[INFO] 2026-08-31 20:02:12,898 [RapidOCR] download_file.py:60: File exists and is valid: D:\Work\research\FileX\.venv-ai\Lib\site-packages\rapidocr\models\PP-OCRv6_rec_small.pth[0m
[32m[INFO] 2026-08-31 20:02:12,898 [RapidOCR] main.py:50: Using D:\Work\research\FileX\.venv-ai\Lib\site-packages\rapidocr\models\PP-OCRv6_rec_small.pth[0m
[32m[INFO] 2026-08-31 20:02:14,588 [RapidOCR] base.py:23: Using engine_name: torch[0m
[32m[INFO] 2026-08-31 20:02:14,589 [RapidOCR] device_config.py:64: Using GPU device with ID: 0[0m
[32m[INFO] 2026-08-31 20:02:14,598 [RapidOCR] download_file.py:60: File exists and is valid: D:\Work\research\FileX\.venv-ai\Lib\site-packages\rapidocr\models\PP-OCRv6_det_small.pth[0m
[32m[INFO] 2026-08-31 20:02:14,599 [RapidOCR] main.py:50: Using D:\Work\research\FileX\.venv-ai\Lib\site-packages\rapidocr\models\PP-OCRv6_det_small.pth[0m
[32m[INFO] 2026-08-31 20:02:14,909 [RapidOCR] base.py:23: Using engine_name: torch[0m
[32m[INFO] 2026-08-31 20:02:14,909 [RapidOCR] device_config.py:64: Using GPU device with ID: 0[0m
[32m[INFO] 2026-08-31 20:02:14,911 [RapidOCR] download_file.py:60: File exists and is valid: D:\Work\research\FileX\.venv-ai\Lib\site-packages\rapidocr\models\ch_ptocr_mobile_v2.0_cls_mobile.pth[0m
[32m[INFO] 2026-08-31 20:02:14,911 [RapidOCR] main.py:50: Using D:\Work\research\FileX\.venv-ai\Lib\site-packages\rapidocr\models\ch_ptocr_mobile_v2.0_cls_mobile.pth[0m
[32m[INFO] 2026-08-31 20:02:15,108 [RapidOCR] base.py:23: Using engine_name: torch[0m
[32m[INFO] 2026-08-31 20:02:15,109 [RapidOCR] device_config.py:64: Using GPU device with ID: 0[0m
[32m[INFO] 2026-08-31 20:02:15,128 [RapidOCR] download_file.py:60: File exists and is valid: D:\Work\research\FileX\.venv-ai\Lib\site-packages\rapidocr\models\PP-OCRv6_rec_small.pth[0m
[32m[INFO] 2026-08-31 20:02:15,129 [RapidOCR] main.py:50: Using D:\Work\research\FileX\.venv-ai\Lib\site-packages\rapidocr\models\PP-OCRv6_rec_small.pth[0m
[32m[INFO] 2026-08-31 20:02:16,286 [RapidOCR] base.py:23: Using engine_name: torch[0m
[32m[INFO] 2026-08-31 20:02:16,286 [RapidOCR] device_config.py:64: Using GPU device with ID: 0[0m
[32m[INFO] 2026-08-31 20:02:16,295 [RapidOCR] download_file.py:60: File exists and is valid: D:\Work\research\FileX\.venv-ai\Lib\site-packages\rapidocr\models\PP-OCRv6_det_small.pth[0m
[32m[INFO] 2026-08-31 20:02:16,296 [RapidOCR] main.py:50: Using D:\Work\research\FileX\.venv-ai\Lib\site-packages\rapidocr\models\PP-OCRv6_det_small.pth[0m
[32m[INFO] 2026-08-31 20:02:16,537 [RapidOCR] base.py:23: Using engine_name: torch[0m
[32m[INFO] 2026-08-31 20:02:16,538 [RapidOCR] device_config.py:64: Using GPU device with ID: 0[0m
[32m[INFO] 2026-08-31 20:02:16,539 [RapidOCR] download_file.py:60: File exists and is valid: D:\Work\research\FileX\.venv-ai\Lib\site-packages\rapidocr\models\ch_ptocr_mobile_v2.0_cls_mobile.pth[0m
[32m[INFO] 2026-08-31 20:02:16,540 [RapidOCR] main.py:50: Using D:\Work\research\FileX\.venv-ai\Lib\site-packages\rapidocr\models\ch_ptocr_mobile_v2.0_cls_mobile.pth[0m
[32m[INFO] 2026-08-31 20:02:16,711 [RapidOCR] base.py:23: Using engine_name: torch[0m
[32m[INFO] 2026-08-31 20:02:16,711 [RapidOCR] device_config.py:64: Using GPU device with ID: 0[0m
[32m[INFO] 2026-08-31 20:02:16,729 [RapidOCR] download_file.py:60: File exists and is valid: D:\Work\research\FileX\.venv-ai\Lib\site-packages\rapidocr\models\PP-OCRv6_rec_small.pth[0m
[32m[INFO] 2026-08-31 20:02:16,729 [RapidOCR] main.py:50: Using D:\Work\research\FileX\.venv-ai\Lib\site-packages\rapidocr\models\PP-OCRv6_rec_small.pth[0m
[32m[INFO] 2026-08-31 20:02:18,148 [RapidOCR] base.py:23: Using engine_name: torch[0m
[32m[INFO] 2026-08-31 20:02:18,149 [RapidOCR] device_config.py:64: Using GPU device with ID: 0[0m
[32m[INFO] 2026-08-31 20:02:18,164 [RapidOCR] download_file.py:60: File exists and is valid: D:\Work\research\FileX\.venv-ai\Lib\site-packages\rapidocr\models\PP-OCRv6_det_small.pth[0m
[32m[INFO] 2026-08-31 20:02:18,164 [RapidOCR] main.py:50: Using D:\Work\research\FileX\.venv-ai\Lib\site-packages\rapidocr\models\PP-OCRv6_det_small.pth[0m
[32m[INFO] 2026-08-31 20:02:18,599 [RapidOCR] base.py:23: Using engine_name: torch[0m
[32m[INFO] 2026-08-31 20:02:18,600 [RapidOCR] device_config.py:64: Using GPU device with ID: 0[0m
[32m[INFO] 2026-08-31 20:02:18,601 [RapidOCR] download_file.py:60: File exists and is valid: D:\Work\research\FileX\.venv-ai\Lib\site-packages\rapidocr\models\ch_ptocr_mobile_v2.0_cls_mobile.pth[0m
[32m[INFO] 2026-08-31 20:02:18,601 [RapidOCR] main.py:50: Using D:\Work\research\FileX\.venv-ai\Lib\site-packages\rapidocr\models\ch_ptocr_mobile_v2.0_cls_mobile.pth[0m
[32m[INFO] 2026-08-31 20:02:18,790 [RapidOCR] base.py:23: Using engine_name: torch[0m
[32m[INFO] 2026-08-31 20:02:18,790 [RapidOCR] device_config.py:64: Using GPU device with ID: 0[0m
[32m[INFO] 2026-08-31 20:02:18,813 [RapidOCR] download_file.py:60: File exists and is valid: D:\Work\research\FileX\.venv-ai\Lib\site-packages\rapidocr\models\PP-OCRv6_rec_small.pth[0m
[32m[INFO] 2026-08-31 20:02:18,813 [RapidOCR] main.py:50: Using D:\Work\research\FileX\.venv-ai\Lib\site-packages\rapidocr\models\PP-OCRv6_rec_small.pth[0m
[32m[INFO] 2026-08-31 20:02:20,643 [RapidOCR] base.py:23: Using engine_name: torch[0m
[32m[INFO] 2026-08-31 20:02:20,644 [RapidOCR] device_config.py:64: Using GPU device with ID: 0[0m
[32m[INFO] 2026-08-31 20:02:20,653 [RapidOCR] download_file.py:60: File exists and is valid: D:\Work\research\FileX\.venv-ai\Lib\site-packages\rapidocr\models\PP-OCRv6_det_small.pth[0m
[32m[INFO] 2026-08-31 20:02:20,654 [RapidOCR] main.py:50: Using D:\Work\research\FileX\.venv-ai\Lib\site-packages\rapidocr\models\PP-OCRv6_det_small.pth[0m
[32m[INFO] 2026-08-31 20:02:20,927 [RapidOCR] base.py:23: Using engine_name: torch[0m
[32m[INFO] 2026-08-31 20:02:20,928 [RapidOCR] device_config.py:64: Using GPU device with ID: 0[0m
[32m[INFO] 2026-08-31 20:02:20,929 [RapidOCR] download_file.py:60: File exists and is valid: D:\Work\research\FileX\.venv-ai\Lib\site-packages\rapidocr\models\ch_ptocr_mobile_v2.0_cls_mobile.pth[0m
[32m[INFO] 2026-08-31 20:02:20,929 [RapidOCR] main.py:50: Using D:\Work\research\FileX\.venv-ai\Lib\site-packages\rapidocr\models\ch_ptocr_mobile_v2.0_cls_mobile.pth[0m
[32m[INFO] 2026-08-31 20:02:21,104 [RapidOCR] base.py:23: Using engine_name: torch[0m
[32m[INFO] 2026-08-31 20:02:21,104 [RapidOCR] device_config.py:64: Using GPU device with ID: 0[0m
[32m[INFO] 2026-08-31 20:02:21,122 [RapidOCR] download_file.py:60: File exists and is valid: D:\Work\research\FileX\.venv-ai\Lib\site-packages\rapidocr\models\PP-OCRv6_rec_small.pth[0m
[32m[INFO] 2026-08-31 20:02:21,122 [RapidOCR] main.py:50: Using D:\Work\research\FileX\.venv-ai\Lib\site-packages\rapidocr\models\PP-OCRv6_rec_small.pth[0m
[32m[INFO] 2026-08-31 20:02:22,242 [RapidOCR] base.py:23: Using engine_name: torch[0m
[32m[INFO] 2026-08-31 20:02:22,243 [RapidOCR] device_config.py:64: Using GPU device with ID: 0[0m
[32m[INFO] 2026-08-31 20:02:22,252 [RapidOCR] download_file.py:60: File exists and is valid: D:\Work\research\FileX\.venv-ai\Lib\site-packages\rapidocr\models\PP-OCRv6_det_small.pth[0m
[32m[INFO] 2026-08-31 20:02:22,252 [RapidOCR] main.py:50: Using D:\Work\research\FileX\.venv-ai\Lib\site-packages\rapidocr\models\PP-OCRv6_det_small.pth[0m
[32m[INFO] 2026-08-31 20:02:22,528 [RapidOCR] base.py:23: Using engine_name: torch[0m
[32m[INFO] 2026-08-31 20:02:22,529 [RapidOCR] device_config.py:64: Using GPU device with ID: 0[0m
[32m[INFO] 2026-08-31 20:02:22,531 [RapidOCR] download_file.py:60: File exists and is valid: D:\Work\research\FileX\.venv-ai\Lib\site-packages\rapidocr\models\ch_ptocr_mobile_v2.0_cls_mobile.pth[0m
[32m[INFO] 2026-08-31 20:02:22,531 [RapidOCR] main.py:50: Using D:\Work\research\FileX\.venv-ai\Lib\site-packages\rapidocr\models\ch_ptocr_mobile_v2.0_cls_mobile.pth[0m
[32m[INFO] 2026-08-31 20:02:22,704 [RapidOCR] base.py:23: Using engine_name: torch[0m
[32m[INFO] 2026-08-31 20:02:22,704 [RapidOCR] device_config.py:64: Using GPU device with ID: 0[0m
[32m[INFO] 2026-08-31 20:02:22,724 [RapidOCR] download_file.py:60: File exists and is valid: D:\Work\research\FileX\.venv-ai\Lib\site-packages\rapidocr\models\PP-OCRv6_rec_small.pth[0m
[32m[INFO] 2026-08-31 20:02:22,725 [RapidOCR] main.py:50: Using D:\Work\research\FileX\.venv-ai\Lib\site-packages\rapidocr\models\PP-OCRv6_rec_small.pth[0m
{"config": "docling-r6", "doc": "escaneado_d5a", "ppp_nativo": 90, "ppp": 100, "factor": 1.111, "png": "ppp100__escaneado_d5a.png", "png_identify": "647x890 39.369999999999997442,39.369999999999997442 PixelsPerCentimeter", "preflight": {"vram_libre_mib": 8494, "mpx_actual": 0.576, "mpx_pendiente_ordenada": 0}, "entrada": "PDF via Docling; scale explicita", "dispositivo": "GPU CUDA", "rc": [1, 1, 1, 1, 1, 1, 1, 1, 1], "error": ["FileNotFoundError: [WinError 3] El sistema no puede encontrar la ruta especificada: '\\\\\\\\?\\\\\\\\wsl.localhost\\\\Ubuntu\\\\'", "FileNotFoundError: [WinError 3] El sistema no puede encontrar la ruta especificada: '\\\\\\\\?\\\\\\\\wsl.localhost\\\\Ubuntu\\\\'", "FileNotFoundError: [WinError 3] El sistema no puede encontrar la ruta especificada: '\\\\\\\\?\\\\\\\\wsl.localhost\\\\Ubuntu\\\\'", "FileNotFoundError: [WinError 3] El sistema no puede encontrar la ruta especificada: '\\\\\\\\?\\\\\\\\wsl.localhost\\\\Ubuntu\\\\'", "FileNotFoundError: [WinError 3] El sistema no puede encontrar la ruta especificada: '\\\\\\\\?\\\\\\\\wsl.localhost\\\\Ubuntu\\\\'", "FileNotFoundError: [WinError 3] El sistema no puede encontrar la ruta especificada: '\\\\\\\\?\\\\\\\\wsl.localhost\\\\Ubuntu\\\\'", "FileNotFoundError: [WinError 3] El sistema no puede encontrar la ruta especificada: '\\\\\\\\?\\\\\\\\wsl.localhost\\\\Ubuntu\\\\'", "FileNotFoundError: [WinError 3] El sistema no puede encontrar la ruta especificada: '\\\\\\\\?\\\\\\\\wsl.localhost\\\\Ubuntu\\\\'", "FileNotFoundError: [WinError 3] El sistema no puede encontrar la ruta especificada: '\\\\\\\\?\\\\\\\\wsl.localhost\\\\Ubuntu\\\\'"], "n": 9, "ms_mediana": 1737.6, "determinista": true, "metrica": "acentos", "cer_pct": 100.0, "cer_acentos_pct": 100.0, "cer_ciego_pct": 100.0, "dist_acentos": 596, "texto": "docling-r6__ppp100__escaneado_d5a.txt"}
[32m[INFO] 2026-08-31 20:02:24,015 [RapidOCR] base.py:23: Using engine_name: torch[0m
[32m[INFO] 2026-08-31 20:02:24,016 [RapidOCR] device_config.py:64: Using GPU device with ID: 0[0m
[32m[INFO] 2026-08-31 20:02:24,026 [RapidOCR] download_file.py:60: File exists and is valid: D:\Work\research\FileX\.venv-ai\Lib\site-packages\rapidocr\models\PP-OCRv6_det_small.pth[0m
[32m[INFO] 2026-08-31 20:02:24,026 [RapidOCR] main.py:50: Using D:\Work\research\FileX\.venv-ai\Lib\site-packages\rapidocr\models\PP-OCRv6_det_small.pth[0m
[32m[INFO] 2026-08-31 20:02:24,611 [RapidOCR] base.py:23: Using engine_name: torch[0m
[32m[INFO] 2026-08-31 20:02:24,611 [RapidOCR] device_config.py:64: Using GPU device with ID: 0[0m
[32m[INFO] 2026-08-31 20:02:24,613 [RapidOCR] download_file.py:60: File exists and is valid: D:\Work\research\FileX\.venv-ai\Lib\site-packages\rapidocr\models\ch_ptocr_mobile_v2.0_cls_mobile.pth[0m
[32m[INFO] 2026-08-31 20:02:24,613 [RapidOCR] main.py:50: Using D:\Work\research\FileX\.venv-ai\Lib\site-packages\rapidocr\models\ch_ptocr_mobile_v2.0_cls_mobile.pth[0m
[32m[INFO] 2026-08-31 20:02:24,803 [RapidOCR] base.py:23: Using engine_name: torch[0m
[32m[INFO] 2026-08-31 20:02:24,804 [RapidOCR] device_config.py:64: Using GPU device with ID: 0[0m
[32m[INFO] 2026-08-31 20:02:24,824 [RapidOCR] download_file.py:60: File exists and is valid: D:\Work\research\FileX\.venv-ai\Lib\site-packages\rapidocr\models\PP-OCRv6_rec_small.pth[0m
[32m[INFO] 2026-08-31 20:02:24,824 [RapidOCR] main.py:50: Using D:\Work\research\FileX\.venv-ai\Lib\site-packages\rapidocr\models\PP-OCRv6_rec_small.pth[0m
[32m[INFO] 2026-08-31 20:02:26,014 [RapidOCR] base.py:23: Using engine_name: torch[0m
[32m[INFO] 2026-08-31 20:02:26,015 [RapidOCR] device_config.py:64: Using GPU device with ID: 0[0m
[32m[INFO] 2026-08-31 20:02:26,024 [RapidOCR] download_file.py:60: File exists and is valid: D:\Work\research\FileX\.venv-ai\Lib\site-packages\rapidocr\models\PP-OCRv6_det_small.pth[0m
[32m[INFO] 2026-08-31 20:02:26,025 [RapidOCR] main.py:50: Using D:\Work\research\FileX\.venv-ai\Lib\site-packages\rapidocr\models\PP-OCRv6_det_small.pth[0m
[32m[INFO] 2026-08-31 20:02:26,316 [RapidOCR] base.py:23: Using engine_name: torch[0m
[32m[INFO] 2026-08-31 20:02:26,316 [RapidOCR] device_config.py:64: Using GPU device with ID: 0[0m
[32m[INFO] 2026-08-31 20:02:26,318 [RapidOCR] download_file.py:60: File exists and is valid: D:\Work\research\FileX\.venv-ai\Lib\site-packages\rapidocr\models\ch_ptocr_mobile_v2.0_cls_mobile.pth[0m
[32m[INFO] 2026-08-31 20:02:26,318 [RapidOCR] main.py:50: Using D:\Work\research\FileX\.venv-ai\Lib\site-packages\rapidocr\models\ch_ptocr_mobile_v2.0_cls_mobile.pth[0m
[32m[INFO] 2026-08-31 20:02:26,527 [RapidOCR] base.py:23: Using engine_name: torch[0m
[32m[INFO] 2026-08-31 20:02:26,528 [RapidOCR] device_config.py:64: Using GPU device with ID: 0[0m
[32m[INFO] 2026-08-31 20:02:26,547 [RapidOCR] download_file.py:60: File exists and is valid: D:\Work\research\FileX\.venv-ai\Lib\site-packages\rapidocr\models\PP-OCRv6_rec_small.pth[0m
[32m[INFO] 2026-08-31 20:02:26,547 [RapidOCR] main.py:50: Using D:\Work\research\FileX\.venv-ai\Lib\site-packages\rapidocr\models\PP-OCRv6_rec_small.pth[0m
[32m[INFO] 2026-08-31 20:02:27,707 [RapidOCR] base.py:23: Using engine_name: torch[0m
[32m[INFO] 2026-08-31 20:02:27,708 [RapidOCR] device_config.py:64: Using GPU device with ID: 0[0m
[32m[INFO] 2026-08-31 20:02:27,718 [RapidOCR] download_file.py:60: File exists and is valid: D:\Work\research\FileX\.venv-ai\Lib\site-packages\rapidocr\models\PP-OCRv6_det_small.pth[0m
[32m[INFO] 2026-08-31 20:02:27,718 [RapidOCR] main.py:50: Using D:\Work\research\FileX\.venv-ai\Lib\site-packages\rapidocr\models\PP-OCRv6_det_small.pth[0m
[32m[INFO] 2026-08-31 20:02:28,009 [RapidOCR] base.py:23: Using engine_name: torch[0m
[32m[INFO] 2026-08-31 20:02:28,010 [RapidOCR] device_config.py:64: Using GPU device with ID: 0[0m
[32m[INFO] 2026-08-31 20:02:28,011 [RapidOCR] download_file.py:60: File exists and is valid: D:\Work\research\FileX\.venv-ai\Lib\site-packages\rapidocr\models\ch_ptocr_mobile_v2.0_cls_mobile.pth[0m
[32m[INFO] 2026-08-31 20:02:28,011 [RapidOCR] main.py:50: Using D:\Work\research\FileX\.venv-ai\Lib\site-packages\rapidocr\models\ch_ptocr_mobile_v2.0_cls_mobile.pth[0m
[32m[INFO] 2026-08-31 20:02:28,193 [RapidOCR] base.py:23: Using engine_name: torch[0m
[32m[INFO] 2026-08-31 20:02:28,194 [RapidOCR] device_config.py:64: Using GPU device with ID: 0[0m
[32m[INFO] 2026-08-31 20:02:28,214 [RapidOCR] download_file.py:60: File exists and is valid: D:\Work\research\FileX\.venv-ai\Lib\site-packages\rapidocr\models\PP-OCRv6_rec_small.pth[0m
[32m[INFO] 2026-08-31 20:02:28,214 [RapidOCR] main.py:50: Using D:\Work\research\FileX\.venv-ai\Lib\site-packages\rapidocr\models\PP-OCRv6_rec_small.pth[0m
[32m[INFO] 2026-08-31 20:02:29,604 [RapidOCR] base.py:23: Using engine_name: torch[0m
[32m[INFO] 2026-08-31 20:02:29,605 [RapidOCR] device_config.py:64: Using GPU device with ID: 0[0m
[32m[INFO] 2026-08-31 20:02:29,618 [RapidOCR] download_file.py:60: File exists and is valid: D:\Work\research\FileX\.venv-ai\Lib\site-packages\rapidocr\models\PP-OCRv6_det_small.pth[0m
[32m[INFO] 2026-08-31 20:02:29,618 [RapidOCR] main.py:50: Using D:\Work\research\FileX\.venv-ai\Lib\site-packages\rapidocr\models\PP-OCRv6_det_small.pth[0m
[32m[INFO] 2026-08-31 20:02:30,090 [RapidOCR] base.py:23: Using engine_name: torch[0m
[32m[INFO] 2026-08-31 20:02:30,091 [RapidOCR] device_config.py:64: Using GPU device with ID: 0[0m
[32m[INFO] 2026-08-31 20:02:30,092 [RapidOCR] download_file.py:60: File exists and is valid: D:\Work\research\FileX\.venv-ai\Lib\site-packages\rapidocr\models\ch_ptocr_mobile_v2.0_cls_mobile.pth[0m
[32m[INFO] 2026-08-31 20:02:30,092 [RapidOCR] main.py:50: Using D:\Work\research\FileX\.venv-ai\Lib\site-packages\rapidocr\models\ch_ptocr_mobile_v2.0_cls_mobile.pth[0m
[32m[INFO] 2026-08-31 20:02:30,273 [RapidOCR] base.py:23: Using engine_name: torch[0m
[32m[INFO] 2026-08-31 20:02:30,274 [RapidOCR] device_config.py:64: Using GPU device with ID: 0[0m
[32m[INFO] 2026-08-31 20:02:30,293 [RapidOCR] download_file.py:60: File exists and is valid: D:\Work\research\FileX\.venv-ai\Lib\site-packages\rapidocr\models\PP-OCRv6_rec_small.pth[0m
[32m[INFO] 2026-08-31 20:02:30,293 [RapidOCR] main.py:50: Using D:\Work\research\FileX\.venv-ai\Lib\site-packages\rapidocr\models\PP-OCRv6_rec_small.pth[0m
[32m[INFO] 2026-08-31 20:02:31,313 [RapidOCR] base.py:23: Using engine_name: torch[0m
[32m[INFO] 2026-08-31 20:02:31,314 [RapidOCR] device_config.py:64: Using GPU device with ID: 0[0m
[32m[INFO] 2026-08-31 20:02:31,323 [RapidOCR] download_file.py:60: File exists and is valid: D:\Work\research\FileX\.venv-ai\Lib\site-packages\rapidocr\models\PP-OCRv6_det_small.pth[0m
[32m[INFO] 2026-08-31 20:02:31,324 [RapidOCR] main.py:50: Using D:\Work\research\FileX\.venv-ai\Lib\site-packages\rapidocr\models\PP-OCRv6_det_small.pth[0m
[32m[INFO] 2026-08-31 20:02:31,571 [RapidOCR] base.py:23: Using engine_name: torch[0m
[32m[INFO] 2026-08-31 20:02:31,572 [RapidOCR] device_config.py:64: Using GPU device with ID: 0[0m
[32m[INFO] 2026-08-31 20:02:31,573 [RapidOCR] download_file.py:60: File exists and is valid: D:\Work\research\FileX\.venv-ai\Lib\site-packages\rapidocr\models\ch_ptocr_mobile_v2.0_cls_mobile.pth[0m
[32m[INFO] 2026-08-31 20:02:31,573 [RapidOCR] main.py:50: Using D:\Work\research\FileX\.venv-ai\Lib\site-packages\rapidocr\models\ch_ptocr_mobile_v2.0_cls_mobile.pth[0m
[32m[INFO] 2026-08-31 20:02:31,744 [RapidOCR] base.py:23: Using engine_name: torch[0m
[32m[INFO] 2026-08-31 20:02:31,745 [RapidOCR] device_config.py:64: Using GPU device with ID: 0[0m
[32m[INFO] 2026-08-31 20:02:31,766 [RapidOCR] download_file.py:60: File exists and is valid: D:\Work\research\FileX\.venv-ai\Lib\site-packages\rapidocr\models\PP-OCRv6_rec_small.pth[0m
[32m[INFO] 2026-08-31 20:02:31,766 [RapidOCR] main.py:50: Using D:\Work\research\FileX\.venv-ai\Lib\site-packages\rapidocr\models\PP-OCRv6_rec_small.pth[0m
[32m[INFO] 2026-08-31 20:02:32,851 [RapidOCR] base.py:23: Using engine_name: torch[0m
[32m[INFO] 2026-08-31 20:02:32,852 [RapidOCR] device_config.py:64: Using GPU device with ID: 0[0m
[32m[INFO] 2026-08-31 20:02:32,861 [RapidOCR] download_file.py:60: File exists and is valid: D:\Work\research\FileX\.venv-ai\Lib\site-packages\rapidocr\models\PP-OCRv6_det_small.pth[0m
[32m[INFO] 2026-08-31 20:02:32,862 [RapidOCR] main.py:50: Using D:\Work\research\FileX\.venv-ai\Lib\site-packages\rapidocr\models\PP-OCRv6_det_small.pth[0m
[32m[INFO] 2026-08-31 20:02:33,092 [RapidOCR] base.py:23: Using engine_name: torch[0m
[32m[INFO] 2026-08-31 20:02:33,093 [RapidOCR] device_config.py:64: Using GPU device with ID: 0[0m
[32m[INFO] 2026-08-31 20:02:33,094 [RapidOCR] download_file.py:60: File exists and is valid: D:\Work\research\FileX\.venv-ai\Lib\site-packages\rapidocr\models\ch_ptocr_mobile_v2.0_cls_mobile.pth[0m
[32m[INFO] 2026-08-31 20:02:33,095 [RapidOCR] main.py:50: Using D:\Work\research\FileX\.venv-ai\Lib\site-packages\rapidocr\models\ch_ptocr_mobile_v2.0_cls_mobile.pth[0m
[32m[INFO] 2026-08-31 20:02:33,273 [RapidOCR] base.py:23: Using engine_name: torch[0m
[32m[INFO] 2026-08-31 20:02:33,274 [RapidOCR] device_config.py:64: Using GPU device with ID: 0[0m
[32m[INFO] 2026-08-31 20:02:33,292 [RapidOCR] download_file.py:60: File exists and is valid: D:\Work\research\FileX\.venv-ai\Lib\site-packages\rapidocr\models\PP-OCRv6_rec_small.pth[0m
[32m[INFO] 2026-08-31 20:02:33,292 [RapidOCR] main.py:50: Using D:\Work\research\FileX\.venv-ai\Lib\site-packages\rapidocr\models\PP-OCRv6_rec_small.pth[0m
[32m[INFO] 2026-08-31 20:02:34,504 [RapidOCR] base.py:23: Using engine_name: torch[0m
[32m[INFO] 2026-08-31 20:02:34,505 [RapidOCR] device_config.py:64: Using GPU device with ID: 0[0m
[32m[INFO] 2026-08-31 20:02:34,514 [RapidOCR] download_file.py:60: File exists and is valid: D:\Work\research\FileX\.venv-ai\Lib\site-packages\rapidocr\models\PP-OCRv6_det_small.pth[0m
[32m[INFO] 2026-08-31 20:02:34,514 [RapidOCR] main.py:50: Using D:\Work\research\FileX\.venv-ai\Lib\site-packages\rapidocr\models\PP-OCRv6_det_small.pth[0m
[32m[INFO] 2026-08-31 20:02:34,932 [RapidOCR] base.py:23: Using engine_name: torch[0m
[32m[INFO] 2026-08-31 20:02:34,932 [RapidOCR] device_config.py:64: Using GPU device with ID: 0[0m
[32m[INFO] 2026-08-31 20:02:34,934 [RapidOCR] download_file.py:60: File exists and is valid: D:\Work\research\FileX\.venv-ai\Lib\site-packages\rapidocr\models\ch_ptocr_mobile_v2.0_cls_mobile.pth[0m
[32m[INFO] 2026-08-31 20:02:34,934 [RapidOCR] main.py:50: Using D:\Work\research\FileX\.venv-ai\Lib\site-packages\rapidocr\models\ch_ptocr_mobile_v2.0_cls_mobile.pth[0m
[32m[INFO] 2026-08-31 20:02:35,107 [RapidOCR] base.py:23: Using engine_name: torch[0m
[32m[INFO] 2026-08-31 20:02:35,108 [RapidOCR] device_config.py:64: Using GPU device with ID: 0[0m
[32m[INFO] 2026-08-31 20:02:35,125 [RapidOCR] download_file.py:60: File exists and is valid: D:\Work\research\FileX\.venv-ai\Lib\site-packages\rapidocr\models\PP-OCRv6_rec_small.pth[0m
[32m[INFO] 2026-08-31 20:02:35,126 [RapidOCR] main.py:50: Using D:\Work\research\FileX\.venv-ai\Lib\site-packages\rapidocr\models\PP-OCRv6_rec_small.pth[0m
[32m[INFO] 2026-08-31 20:02:36,822 [RapidOCR] base.py:23: Using engine_name: torch[0m
[32m[INFO] 2026-08-31 20:02:36,823 [RapidOCR] device_config.py:64: Using GPU device with ID: 0[0m
[32m[INFO] 2026-08-31 20:02:36,834 [RapidOCR] download_file.py:60: File exists and is valid: D:\Work\research\FileX\.venv-ai\Lib\site-packages\rapidocr\models\PP-OCRv6_det_small.pth[0m
[32m[INFO] 2026-08-31 20:02:36,835 [RapidOCR] main.py:50: Using D:\Work\research\FileX\.venv-ai\Lib\site-packages\rapidocr\models\PP-OCRv6_det_small.pth[0m
[32m[INFO] 2026-08-31 20:02:37,148 [RapidOCR] base.py:23: Using engine_name: torch[0m
[32m[INFO] 2026-08-31 20:02:37,149 [RapidOCR] device_config.py:64: Using GPU device with ID: 0[0m
[32m[INFO] 2026-08-31 20:02:37,150 [RapidOCR] download_file.py:60: File exists and is valid: D:\Work\research\FileX\.venv-ai\Lib\site-packages\rapidocr\models\ch_ptocr_mobile_v2.0_cls_mobile.pth[0m
[32m[INFO] 2026-08-31 20:02:37,151 [RapidOCR] main.py:50: Using D:\Work\research\FileX\.venv-ai\Lib\site-packages\rapidocr\models\ch_ptocr_mobile_v2.0_cls_mobile.pth[0m
[32m[INFO] 2026-08-31 20:02:37,340 [RapidOCR] base.py:23: Using engine_name: torch[0m
[32m[INFO] 2026-08-31 20:02:37,341 [RapidOCR] device_config.py:64: Using GPU device with ID: 0[0m
[32m[INFO] 2026-08-31 20:02:37,364 [RapidOCR] download_file.py:60: File exists and is valid: D:\Work\research\FileX\.venv-ai\Lib\site-packages\rapidocr\models\PP-OCRv6_rec_small.pth[0m
[32m[INFO] 2026-08-31 20:02:37,364 [RapidOCR] main.py:50: Using D:\Work\research\FileX\.venv-ai\Lib\site-packages\rapidocr\models\PP-OCRv6_rec_small.pth[0m
[32m[INFO] 2026-08-31 20:02:38,605 [RapidOCR] base.py:23: Using engine_name: torch[0m
[32m[INFO] 2026-08-31 20:02:38,605 [RapidOCR] device_config.py:64: Using GPU device with ID: 0[0m
[32m[INFO] 2026-08-31 20:02:38,615 [RapidOCR] download_file.py:60: File exists and is valid: D:\Work\research\FileX\.venv-ai\Lib\site-packages\rapidocr\models\PP-OCRv6_det_small.pth[0m
[32m[INFO] 2026-08-31 20:02:38,615 [RapidOCR] main.py:50: Using D:\Work\research\FileX\.venv-ai\Lib\site-packages\rapidocr\models\PP-OCRv6_det_small.pth[0m
[32m[INFO] 2026-08-31 20:02:38,902 [RapidOCR] base.py:23: Using engine_name: torch[0m
[32m[INFO] 2026-08-31 20:02:38,902 [RapidOCR] device_config.py:64: Using GPU device with ID: 0[0m
[32m[INFO] 2026-08-31 20:02:38,904 [RapidOCR] download_file.py:60: File exists and is valid: D:\Work\research\FileX\.venv-ai\Lib\site-packages\rapidocr\models\ch_ptocr_mobile_v2.0_cls_mobile.pth[0m
[32m[INFO] 2026-08-31 20:02:38,904 [RapidOCR] main.py:50: Using D:\Work\research\FileX\.venv-ai\Lib\site-packages\rapidocr\models\ch_ptocr_mobile_v2.0_cls_mobile.pth[0m
[32m[INFO] 2026-08-31 20:02:39,079 [RapidOCR] base.py:23: Using engine_name: torch[0m
[32m[INFO] 2026-08-31 20:02:39,079 [RapidOCR] device_config.py:64: Using GPU device with ID: 0[0m
[32m[INFO] 2026-08-31 20:02:39,098 [RapidOCR] download_file.py:60: File exists and is valid: D:\Work\research\FileX\.venv-ai\Lib\site-packages\rapidocr\models\PP-OCRv6_rec_small.pth[0m
[32m[INFO] 2026-08-31 20:02:39,098 [RapidOCR] main.py:50: Using D:\Work\research\FileX\.venv-ai\Lib\site-packages\rapidocr\models\PP-OCRv6_rec_small.pth[0m
[32m[INFO] 2026-08-31 20:02:40,179 [RapidOCR] base.py:23: Using engine_name: torch[0m
[32m[INFO] 2026-08-31 20:02:40,180 [RapidOCR] device_config.py:64: Using GPU device with ID: 0[0m
[32m[INFO] 2026-08-31 20:02:40,190 [RapidOCR] download_file.py:60: File exists and is valid: D:\Work\research\FileX\.venv-ai\Lib\site-packages\rapidocr\models\PP-OCRv6_det_small.pth[0m
[32m[INFO] 2026-08-31 20:02:40,190 [RapidOCR] main.py:50: Using D:\Work\research\FileX\.venv-ai\Lib\site-packages\rapidocr\models\PP-OCRv6_det_small.pth[0m
[32m[INFO] 2026-08-31 20:02:40,444 [RapidOCR] base.py:23: Using engine_name: torch[0m
[32m[INFO] 2026-08-31 20:02:40,445 [RapidOCR] device_config.py:64: Using GPU device with ID: 0[0m
[32m[INFO] 2026-08-31 20:02:40,446 [RapidOCR] download_file.py:60: File exists and is valid: D:\Work\research\FileX\.venv-ai\Lib\site-packages\rapidocr\models\ch_ptocr_mobile_v2.0_cls_mobile.pth[0m
[32m[INFO] 2026-08-31 20:02:40,446 [RapidOCR] main.py:50: Using D:\Work\research\FileX\.venv-ai\Lib\site-packages\rapidocr\models\ch_ptocr_mobile_v2.0_cls_mobile.pth[0m
[32m[INFO] 2026-08-31 20:02:40,841 [RapidOCR] base.py:23: Using engine_name: torch[0m
[32m[INFO] 2026-08-31 20:02:40,841 [RapidOCR] device_config.py:64: Using GPU device with ID: 0[0m
[32m[INFO] 2026-08-31 20:02:40,864 [RapidOCR] download_file.py:60: File exists and is valid: D:\Work\research\FileX\.venv-ai\Lib\site-packages\rapidocr\models\PP-OCRv6_rec_small.pth[0m
[32m[INFO] 2026-08-31 20:02:40,864 [RapidOCR] main.py:50: Using D:\Work\research\FileX\.venv-ai\Lib\site-packages\rapidocr\models\PP-OCRv6_rec_small.pth[0m
{"config": "docling-r6", "doc": "escaneado_d5a", "ppp_nativo": 90, "ppp": 105, "factor": 1.167, "png": "ppp105__escaneado_d5a.png", "png_identify": "679x934 41.329999999999998295,41.340000000000003411 PixelsPerCentimeter", "preflight": {"vram_libre_mib": 8209, "mpx_actual": 0.634, "mpx_pendiente_ordenada": 0}, "entrada": "PDF via Docling; scale explicita", "dispositivo": "GPU CUDA", "rc": [1, 1, 1, 1, 1, 1, 1, 1, 1], "error": ["FileNotFoundError: [WinError 3] El sistema no puede encontrar la ruta especificada: '\\\\\\\\?\\\\\\\\wsl.localhost\\\\Ubuntu\\\\'", "FileNotFoundError: [WinError 3] El sistema no puede encontrar la ruta especificada: '\\\\\\\\?\\\\\\\\wsl.localhost\\\\Ubuntu\\\\'", "FileNotFoundError: [WinError 3] El sistema no puede encontrar la ruta especificada: '\\\\\\\\?\\\\\\\\wsl.localhost\\\\Ubuntu\\\\'", "FileNotFoundError: [WinError 3] El sistema no puede encontrar la ruta especificada: '\\\\\\\\?\\\\\\\\wsl.localhost\\\\Ubuntu\\\\'", "FileNotFoundError: [WinError 3] El sistema no puede encontrar la ruta especificada: '\\\\\\\\?\\\\\\\\wsl.localhost\\\\Ubuntu\\\\'", "FileNotFoundError: [WinError 3] El sistema no puede encontrar la ruta especificada: '\\\\\\\\?\\\\\\\\wsl.localhost\\\\Ubuntu\\\\'", "FileNotFoundError: [WinError 3] El sistema no puede encontrar la ruta especificada: '\\\\\\\\?\\\\\\\\wsl.localhost\\\\Ubuntu\\\\'", "FileNotFoundError: [WinError 3] El sistema no puede encontrar la ruta especificada: '\\\\\\\\?\\\\\\\\wsl.localhost\\\\Ubuntu\\\\'", "FileNotFoundError: [WinError 3] El sistema no puede encontrar la ruta especificada: '\\\\\\\\?\\\\\\\\wsl.localhost\\\\Ubuntu\\\\'"], "n": 9, "ms_mediana": 1777.4, "determinista": true, "metrica": "acentos", "cer_pct": 100.0, "cer_acentos_pct": 100.0, "cer_ciego_pct": 100.0, "dist_acentos": 596, "texto": "docling-r6__ppp105__escaneado_d5a.txt"}
[32m[INFO] 2026-08-31 20:02:42,101 [RapidOCR] base.py:23: Using engine_name: torch[0m
[32m[INFO] 2026-08-31 20:02:42,102 [RapidOCR] device_config.py:64: Using GPU device with ID: 0[0m
[32m[INFO] 2026-08-31 20:02:42,112 [RapidOCR] download_file.py:60: File exists and is valid: D:\Work\research\FileX\.venv-ai\Lib\site-packages\rapidocr\models\PP-OCRv6_det_small.pth[0m
[32m[INFO] 2026-08-31 20:02:42,112 [RapidOCR] main.py:50: Using D:\Work\research\FileX\.venv-ai\Lib\site-packages\rapidocr\models\PP-OCRv6_det_small.pth[0m
[32m[INFO] 2026-08-31 20:02:42,429 [RapidOCR] base.py:23: Using engine_name: torch[0m
[32m[INFO] 2026-08-31 20:02:42,430 [RapidOCR] device_config.py:64: Using GPU device with ID: 0[0m
[32m[INFO] 2026-08-31 20:02:42,432 [RapidOCR] download_file.py:60: File exists and is valid: D:\Work\research\FileX\.venv-ai\Lib\site-packages\rapidocr\models\ch_ptocr_mobile_v2.0_cls_mobile.pth[0m
[32m[INFO] 2026-08-31 20:02:42,432 [RapidOCR] main.py:50: Using D:\Work\research\FileX\.venv-ai\Lib\site-packages\rapidocr\models\ch_ptocr_mobile_v2.0_cls_mobile.pth[0m
[32m[INFO] 2026-08-31 20:02:42,624 [RapidOCR] base.py:23: Using engine_name: torch[0m
[32m[INFO] 2026-08-31 20:02:42,625 [RapidOCR] device_config.py:64: Using GPU device with ID: 0[0m
[32m[INFO] 2026-08-31 20:02:42,643 [RapidOCR] download_file.py:60: File exists and is valid: D:\Work\research\FileX\.venv-ai\Lib\site-packages\rapidocr\models\PP-OCRv6_rec_small.pth[0m
[32m[INFO] 2026-08-31 20:02:42,644 [RapidOCR] main.py:50: Using D:\Work\research\FileX\.venv-ai\Lib\site-packages\rapidocr\models\PP-OCRv6_rec_small.pth[0m
[32m[INFO] 2026-08-31 20:02:43,791 [RapidOCR] base.py:23: Using engine_name: torch[0m
[32m[INFO] 2026-08-31 20:02:43,792 [RapidOCR] device_config.py:64: Using GPU device with ID: 0[0m
[32m[INFO] 2026-08-31 20:02:43,802 [RapidOCR] download_file.py:60: File exists and is valid: D:\Work\research\FileX\.venv-ai\Lib\site-packages\rapidocr\models\PP-OCRv6_det_small.pth[0m
[32m[INFO] 2026-08-31 20:02:43,802 [RapidOCR] main.py:50: Using D:\Work\research\FileX\.venv-ai\Lib\site-packages\rapidocr\models\PP-OCRv6_det_small.pth[0m
[32m[INFO] 2026-08-31 20:02:44,160 [RapidOCR] base.py:23: Using engine_name: torch[0m
[32m[INFO] 2026-08-31 20:02:44,161 [RapidOCR] device_config.py:64: Using GPU device with ID: 0[0m
[32m[INFO] 2026-08-31 20:02:44,163 [RapidOCR] download_file.py:60: File exists and is valid: D:\Work\research\FileX\.venv-ai\Lib\site-packages\rapidocr\models\ch_ptocr_mobile_v2.0_cls_mobile.pth[0m
[32m[INFO] 2026-08-31 20:02:44,163 [RapidOCR] main.py:50: Using D:\Work\research\FileX\.venv-ai\Lib\site-packages\rapidocr\models\ch_ptocr_mobile_v2.0_cls_mobile.pth[0m
[32m[INFO] 2026-08-31 20:02:44,317 [RapidOCR] base.py:23: Using engine_name: torch[0m
[32m[INFO] 2026-08-31 20:02:44,317 [RapidOCR] device_config.py:64: Using GPU device with ID: 0[0m
[32m[INFO] 2026-08-31 20:02:44,337 [RapidOCR] download_file.py:60: File exists and is valid: D:\Work\research\FileX\.venv-ai\Lib\site-packages\rapidocr\models\PP-OCRv6_rec_small.pth[0m
[32m[INFO] 2026-08-31 20:02:44,337 [RapidOCR] main.py:50: Using D:\Work\research\FileX\.venv-ai\Lib\site-packages\rapidocr\models\PP-OCRv6_rec_small.pth[0m
[32m[INFO] 2026-08-31 20:02:45,508 [RapidOCR] base.py:23: Using engine_name: torch[0m
[32m[INFO] 2026-08-31 20:02:45,509 [RapidOCR] device_config.py:64: Using GPU device with ID: 0[0m
[32m[INFO] 2026-08-31 20:02:45,520 [RapidOCR] download_file.py:60: File exists and is valid: D:\Work\research\FileX\.venv-ai\Lib\site-packages\rapidocr\models\PP-OCRv6_det_small.pth[0m
[32m[INFO] 2026-08-31 20:02:45,520 [RapidOCR] main.py:50: Using D:\Work\research\FileX\.venv-ai\Lib\site-packages\rapidocr\models\PP-OCRv6_det_small.pth[0m
[32m[INFO] 2026-08-31 20:02:45,806 [RapidOCR] base.py:23: Using engine_name: torch[0m
[32m[INFO] 2026-08-31 20:02:45,806 [RapidOCR] device_config.py:64: Using GPU device with ID: 0[0m
[32m[INFO] 2026-08-31 20:02:45,808 [RapidOCR] download_file.py:60: File exists and is valid: D:\Work\research\FileX\.venv-ai\Lib\site-packages\rapidocr\models\ch_ptocr_mobile_v2.0_cls_mobile.pth[0m
[32m[INFO] 2026-08-31 20:02:45,808 [RapidOCR] main.py:50: Using D:\Work\research\FileX\.venv-ai\Lib\site-packages\rapidocr\models\ch_ptocr_mobile_v2.0_cls_mobile.pth[0m
[32m[INFO] 2026-08-31 20:02:45,992 [RapidOCR] base.py:23: Using engine_name: torch[0m
[32m[INFO] 2026-08-31 20:02:45,993 [RapidOCR] device_config.py:64: Using GPU device with ID: 0[0m
[32m[INFO] 2026-08-31 20:02:46,012 [RapidOCR] download_file.py:60: File exists and is valid: D:\Work\research\FileX\.venv-ai\Lib\site-packages\rapidocr\models\PP-OCRv6_rec_small.pth[0m
[32m[INFO] 2026-08-31 20:02:46,012 [RapidOCR] main.py:50: Using D:\Work\research\FileX\.venv-ai\Lib\site-packages\rapidocr\models\PP-OCRv6_rec_small.pth[0m
[32m[INFO] 2026-08-31 20:02:47,572 [RapidOCR] base.py:23: Using engine_name: torch[0m
[32m[INFO] 2026-08-31 20:02:47,572 [RapidOCR] device_config.py:64: Using GPU device with ID: 0[0m
[32m[INFO] 2026-08-31 20:02:47,585 [RapidOCR] download_file.py:60: File exists and is valid: D:\Work\research\FileX\.venv-ai\Lib\site-packages\rapidocr\models\PP-OCRv6_det_small.pth[0m
[32m[INFO] 2026-08-31 20:02:47,585 [RapidOCR] main.py:50: Using D:\Work\research\FileX\.venv-ai\Lib\site-packages\rapidocr\models\PP-OCRv6_det_small.pth[0m
[32m[INFO] 2026-08-31 20:02:47,933 [RapidOCR] base.py:23: Using engine_name: torch[0m
[32m[INFO] 2026-08-31 20:02:47,933 [RapidOCR] device_config.py:64: Using GPU device with ID: 0[0m
[32m[INFO] 2026-08-31 20:02:47,935 [RapidOCR] download_file.py:60: File exists and is valid: D:\Work\research\FileX\.venv-ai\Lib\site-packages\rapidocr\models\ch_ptocr_mobile_v2.0_cls_mobile.pth[0m
[32m[INFO] 2026-08-31 20:02:47,935 [RapidOCR] main.py:50: Using D:\Work\research\FileX\.venv-ai\Lib\site-packages\rapidocr\models\ch_ptocr_mobile_v2.0_cls_mobile.pth[0m
[32m[INFO] 2026-08-31 20:02:48,154 [RapidOCR] base.py:23: Using engine_name: torch[0m
[32m[INFO] 2026-08-31 20:02:48,154 [RapidOCR] device_config.py:64: Using GPU device with ID: 0[0m
[32m[INFO] 2026-08-31 20:02:48,179 [RapidOCR] download_file.py:60: File exists and is valid: D:\Work\research\FileX\.venv-ai\Lib\site-packages\rapidocr\models\PP-OCRv6_rec_small.pth[0m
[32m[INFO] 2026-08-31 20:02:48,180 [RapidOCR] main.py:50: Using D:\Work\research\FileX\.venv-ai\Lib\site-packages\rapidocr\models\PP-OCRv6_rec_small.pth[0m
[32m[INFO] 2026-08-31 20:02:49,369 [RapidOCR] base.py:23: Using engine_name: torch[0m
[32m[INFO] 2026-08-31 20:02:49,370 [RapidOCR] device_config.py:64: Using GPU device with ID: 0[0m
[32m[INFO] 2026-08-31 20:02:49,381 [RapidOCR] download_file.py:60: File exists and is valid: D:\Work\research\FileX\.venv-ai\Lib\site-packages\rapidocr\models\PP-OCRv6_det_small.pth[0m
[32m[INFO] 2026-08-31 20:02:49,381 [RapidOCR] main.py:50: Using D:\Work\research\FileX\.venv-ai\Lib\site-packages\rapidocr\models\PP-OCRv6_det_small.pth[0m
[32m[INFO] 2026-08-31 20:02:49,662 [RapidOCR] base.py:23: Using engine_name: torch[0m
[32m[INFO] 2026-08-31 20:02:49,662 [RapidOCR] device_config.py:64: Using GPU device with ID: 0[0m
[32m[INFO] 2026-08-31 20:02:49,664 [RapidOCR] download_file.py:60: File exists and is valid: D:\Work\research\FileX\.venv-ai\Lib\site-packages\rapidocr\models\ch_ptocr_mobile_v2.0_cls_mobile.pth[0m
[32m[INFO] 2026-08-31 20:02:49,664 [RapidOCR] main.py:50: Using D:\Work\research\FileX\.venv-ai\Lib\site-packages\rapidocr\models\ch_ptocr_mobile_v2.0_cls_mobile.pth[0m
[32m[INFO] 2026-08-31 20:02:49,827 [RapidOCR] base.py:23: Using engine_name: torch[0m
[32m[INFO] 2026-08-31 20:02:49,828 [RapidOCR] device_config.py:64: Using GPU device with ID: 0[0m
[32m[INFO] 2026-08-31 20:02:49,846 [RapidOCR] download_file.py:60: File exists and is valid: D:\Work\research\FileX\.venv-ai\Lib\site-packages\rapidocr\models\PP-OCRv6_rec_small.pth[0m
[32m[INFO] 2026-08-31 20:02:49,847 [RapidOCR] main.py:50: Using D:\Work\research\FileX\.venv-ai\Lib\site-packages\rapidocr\models\PP-OCRv6_rec_small.pth[0m
[32m[INFO] 2026-08-31 20:02:51,205 [RapidOCR] base.py:23: Using engine_name: torch[0m
[32m[INFO] 2026-08-31 20:02:51,206 [RapidOCR] device_config.py:64: Using GPU device with ID: 0[0m
[32m[INFO] 2026-08-31 20:02:51,216 [RapidOCR] download_file.py:60: File exists and is valid: D:\Work\research\FileX\.venv-ai\Lib\site-packages\rapidocr\models\PP-OCRv6_det_small.pth[0m
[32m[INFO] 2026-08-31 20:02:51,217 [RapidOCR] main.py:50: Using D:\Work\research\FileX\.venv-ai\Lib\site-packages\rapidocr\models\PP-OCRv6_det_small.pth[0m
[32m[INFO] 2026-08-31 20:02:51,575 [RapidOCR] base.py:23: Using engine_name: torch[0m
[32m[INFO] 2026-08-31 20:02:51,576 [RapidOCR] device_config.py:64: Using GPU device with ID: 0[0m
[32m[INFO] 2026-08-31 20:02:51,577 [RapidOCR] download_file.py:60: File exists and is valid: D:\Work\research\FileX\.venv-ai\Lib\site-packages\rapidocr\models\ch_ptocr_mobile_v2.0_cls_mobile.pth[0m
[32m[INFO] 2026-08-31 20:02:51,578 [RapidOCR] main.py:50: Using D:\Work\research\FileX\.venv-ai\Lib\site-packages\rapidocr\models\ch_ptocr_mobile_v2.0_cls_mobile.pth[0m
[32m[INFO] 2026-08-31 20:02:51,749 [RapidOCR] base.py:23: Using engine_name: torch[0m
[32m[INFO] 2026-08-31 20:02:51,750 [RapidOCR] device_config.py:64: Using GPU device with ID: 0[0m
[32m[INFO] 2026-08-31 20:02:51,769 [RapidOCR] download_file.py:60: File exists and is valid: D:\Work\research\FileX\.venv-ai\Lib\site-packages\rapidocr\models\PP-OCRv6_rec_small.pth[0m
[32m[INFO] 2026-08-31 20:02:51,769 [RapidOCR] main.py:50: Using D:\Work\research\FileX\.venv-ai\Lib\site-packages\rapidocr\models\PP-OCRv6_rec_small.pth[0m
[32m[INFO] 2026-08-31 20:02:53,031 [RapidOCR] base.py:23: Using engine_name: torch[0m
[32m[INFO] 2026-08-31 20:02:53,032 [RapidOCR] device_config.py:64: Using GPU device with ID: 0[0m
[32m[INFO] 2026-08-31 20:02:53,042 [RapidOCR] download_file.py:60: File exists and is valid: D:\Work\research\FileX\.venv-ai\Lib\site-packages\rapidocr\models\PP-OCRv6_det_small.pth[0m
[32m[INFO] 2026-08-31 20:02:53,043 [RapidOCR] main.py:50: Using D:\Work\research\FileX\.venv-ai\Lib\site-packages\rapidocr\models\PP-OCRv6_det_small.pth[0m
[32m[INFO] 2026-08-31 20:02:53,306 [RapidOCR] base.py:23: Using engine_name: torch[0m
[32m[INFO] 2026-08-31 20:02:53,307 [RapidOCR] device_config.py:64: Using GPU device with ID: 0[0m
[32m[INFO] 2026-08-31 20:02:53,309 [RapidOCR] download_file.py:60: File exists and is valid: D:\Work\research\FileX\.venv-ai\Lib\site-packages\rapidocr\models\ch_ptocr_mobile_v2.0_cls_mobile.pth[0m
[32m[INFO] 2026-08-31 20:02:53,309 [RapidOCR] main.py:50: Using D:\Work\research\FileX\.venv-ai\Lib\site-packages\rapidocr\models\ch_ptocr_mobile_v2.0_cls_mobile.pth[0m
[32m[INFO] 2026-08-31 20:02:53,471 [RapidOCR] base.py:23: Using engine_name: torch[0m
[32m[INFO] 2026-08-31 20:02:53,472 [RapidOCR] device_config.py:64: Using GPU device with ID: 0[0m
[32m[INFO] 2026-08-31 20:02:53,491 [RapidOCR] download_file.py:60: File exists and is valid: D:\Work\research\FileX\.venv-ai\Lib\site-packages\rapidocr\models\PP-OCRv6_rec_small.pth[0m
[32m[INFO] 2026-08-31 20:02:53,491 [RapidOCR] main.py:50: Using D:\Work\research\FileX\.venv-ai\Lib\site-packages\rapidocr\models\PP-OCRv6_rec_small.pth[0m
[32m[INFO] 2026-08-31 20:02:54,736 [RapidOCR] base.py:23: Using engine_name: torch[0m
[32m[INFO] 2026-08-31 20:02:54,737 [RapidOCR] device_config.py:64: Using GPU device with ID: 0[0m
[32m[INFO] 2026-08-31 20:02:54,747 [RapidOCR] download_file.py:60: File exists and is valid: D:\Work\research\FileX\.venv-ai\Lib\site-packages\rapidocr\models\PP-OCRv6_det_small.pth[0m
[32m[INFO] 2026-08-31 20:02:54,747 [RapidOCR] main.py:50: Using D:\Work\research\FileX\.venv-ai\Lib\site-packages\rapidocr\models\PP-OCRv6_det_small.pth[0m
[32m[INFO] 2026-08-31 20:02:55,015 [RapidOCR] base.py:23: Using engine_name: torch[0m
[32m[INFO] 2026-08-31 20:02:55,016 [RapidOCR] device_config.py:64: Using GPU device with ID: 0[0m
[32m[INFO] 2026-08-31 20:02:55,018 [RapidOCR] download_file.py:60: File exists and is valid: D:\Work\research\FileX\.venv-ai\Lib\site-packages\rapidocr\models\ch_ptocr_mobile_v2.0_cls_mobile.pth[0m
[32m[INFO] 2026-08-31 20:02:55,018 [RapidOCR] main.py:50: Using D:\Work\research\FileX\.venv-ai\Lib\site-packages\rapidocr\models\ch_ptocr_mobile_v2.0_cls_mobile.pth[0m
[32m[INFO] 2026-08-31 20:02:55,191 [RapidOCR] base.py:23: Using engine_name: torch[0m
[32m[INFO] 2026-08-31 20:02:55,192 [RapidOCR] device_config.py:64: Using GPU device with ID: 0[0m
[32m[INFO] 2026-08-31 20:02:55,212 [RapidOCR] download_file.py:60: File exists and is valid: D:\Work\research\FileX\.venv-ai\Lib\site-packages\rapidocr\models\PP-OCRv6_rec_small.pth[0m
[32m[INFO] 2026-08-31 20:02:55,212 [RapidOCR] main.py:50: Using D:\Work\research\FileX\.venv-ai\Lib\site-packages\rapidocr\models\PP-OCRv6_rec_small.pth[0m
[32m[INFO] 2026-08-31 20:02:56,390 [RapidOCR] base.py:23: Using engine_name: torch[0m
[32m[INFO] 2026-08-31 20:02:56,390 [RapidOCR] device_config.py:64: Using GPU device with ID: 0[0m
[32m[INFO] 2026-08-31 20:02:56,402 [RapidOCR] download_file.py:60: File exists and is valid: D:\Work\research\FileX\.venv-ai\Lib\site-packages\rapidocr\models\PP-OCRv6_det_small.pth[0m
[32m[INFO] 2026-08-31 20:02:56,402 [RapidOCR] main.py:50: Using D:\Work\research\FileX\.venv-ai\Lib\site-packages\rapidocr\models\PP-OCRv6_det_small.pth[0m
[32m[INFO] 2026-08-31 20:02:56,696 [RapidOCR] base.py:23: Using engine_name: torch[0m
[32m[INFO] 2026-08-31 20:02:56,697 [RapidOCR] device_config.py:64: Using GPU device with ID: 0[0m
[32m[INFO] 2026-08-31 20:02:56,698 [RapidOCR] download_file.py:60: File exists and is valid: D:\Work\research\FileX\.venv-ai\Lib\site-packages\rapidocr\models\ch_ptocr_mobile_v2.0_cls_mobile.pth[0m
[32m[INFO] 2026-08-31 20:02:56,698 [RapidOCR] main.py:50: Using D:\Work\research\FileX\.venv-ai\Lib\site-packages\rapidocr\models\ch_ptocr_mobile_v2.0_cls_mobile.pth[0m
[32m[INFO] 2026-08-31 20:02:56,859 [RapidOCR] base.py:23: Using engine_name: torch[0m
[32m[INFO] 2026-08-31 20:02:56,859 [RapidOCR] device_config.py:64: Using GPU device with ID: 0[0m
[32m[INFO] 2026-08-31 20:02:56,878 [RapidOCR] download_file.py:60: File exists and is valid: D:\Work\research\FileX\.venv-ai\Lib\site-packages\rapidocr\models\PP-OCRv6_rec_small.pth[0m
[32m[INFO] 2026-08-31 20:02:56,878 [RapidOCR] main.py:50: Using D:\Work\research\FileX\.venv-ai\Lib\site-packages\rapidocr\models\PP-OCRv6_rec_small.pth[0m
[32m[INFO] 2026-08-31 20:02:58,178 [RapidOCR] base.py:23: Using engine_name: torch[0m
[32m[INFO] 2026-08-31 20:02:58,179 [RapidOCR] device_config.py:64: Using GPU device with ID: 0[0m
[32m[INFO] 2026-08-31 20:02:58,188 [RapidOCR] download_file.py:60: File exists and is valid: D:\Work\research\FileX\.venv-ai\Lib\site-packages\rapidocr\models\PP-OCRv6_det_small.pth[0m
[32m[INFO] 2026-08-31 20:02:58,188 [RapidOCR] main.py:50: Using D:\Work\research\FileX\.venv-ai\Lib\site-packages\rapidocr\models\PP-OCRv6_det_small.pth[0m
[32m[INFO] 2026-08-31 20:02:58,459 [RapidOCR] base.py:23: Using engine_name: torch[0m
[32m[INFO] 2026-08-31 20:02:58,460 [RapidOCR] device_config.py:64: Using GPU device with ID: 0[0m
[32m[INFO] 2026-08-31 20:02:58,461 [RapidOCR] download_file.py:60: File exists and is valid: D:\Work\research\FileX\.venv-ai\Lib\site-packages\rapidocr\models\ch_ptocr_mobile_v2.0_cls_mobile.pth[0m
[32m[INFO] 2026-08-31 20:02:58,461 [RapidOCR] main.py:50: Using D:\Work\research\FileX\.venv-ai\Lib\site-packages\rapidocr\models\ch_ptocr_mobile_v2.0_cls_mobile.pth[0m
[32m[INFO] 2026-08-31 20:02:58,635 [RapidOCR] base.py:23: Using engine_name: torch[0m
[32m[INFO] 2026-08-31 20:02:58,636 [RapidOCR] device_config.py:64: Using GPU device with ID: 0[0m
[32m[INFO] 2026-08-31 20:02:58,655 [RapidOCR] download_file.py:60: File exists and is valid: D:\Work\research\FileX\.venv-ai\Lib\site-packages\rapidocr\models\PP-OCRv6_rec_small.pth[0m
[32m[INFO] 2026-08-31 20:02:58,655 [RapidOCR] main.py:50: Using D:\Work\research\FileX\.venv-ai\Lib\site-packages\rapidocr\models\PP-OCRv6_rec_small.pth[0m
{"config": "docling-r6", "doc": "escaneado_d5a", "ppp_nativo": 90, "ppp": 110, "factor": 1.222, "png": "ppp110__escaneado_d5a.png", "png_identify": "711x979 43.299999999999997158,43.299999999999997158 PixelsPerCentimeter", "preflight": {"vram_libre_mib": 8287, "mpx_actual": 0.696, "mpx_pendiente_ordenada": 0}, "entrada": "PDF via Docling; scale explicita", "dispositivo": "GPU CUDA", "rc": [1, 1, 1, 1, 1, 1, 1, 1, 1], "error": ["FileNotFoundError: [WinError 3] El sistema no puede encontrar la ruta especificada: '\\\\\\\\?\\\\\\\\wsl.localhost\\\\Ubuntu\\\\'", "FileNotFoundError: [WinError 3] El sistema no puede encontrar la ruta especificada: '\\\\\\\\?\\\\\\\\wsl.localhost\\\\Ubuntu\\\\'", "FileNotFoundError: [WinError 3] El sistema no puede encontrar la ruta especificada: '\\\\\\\\?\\\\\\\\wsl.localhost\\\\Ubuntu\\\\'", "FileNotFoundError: [WinError 3] El sistema no puede encontrar la ruta especificada: '\\\\\\\\?\\\\\\\\wsl.localhost\\\\Ubuntu\\\\'", "FileNotFoundError: [WinError 3] El sistema no puede encontrar la ruta especificada: '\\\\\\\\?\\\\\\\\wsl.localhost\\\\Ubuntu\\\\'", "FileNotFoundError: [WinError 3] El sistema no puede encontrar la ruta especificada: '\\\\\\\\?\\\\\\\\wsl.localhost\\\\Ubuntu\\\\'", "FileNotFoundError: [WinError 3] El sistema no puede encontrar la ruta especificada: '\\\\\\\\?\\\\\\\\wsl.localhost\\\\Ubuntu\\\\'", "FileNotFoundError: [WinError 3] El sistema no puede encontrar la ruta especificada: '\\\\\\\\?\\\\\\\\wsl.localhost\\\\Ubuntu\\\\'", "FileNotFoundError: [WinError 3] El sistema no puede encontrar la ruta especificada: '\\\\\\\\?\\\\\\\\wsl.localhost\\\\Ubuntu\\\\'"], "n": 9, "ms_mediana": 1815.4, "determinista": true, "metrica": "acentos", "cer_pct": 100.0, "cer_acentos_pct": 100.0, "cer_ciego_pct": 100.0, "dist_acentos": 596, "texto": "docling-r6__ppp110__escaneado_d5a.txt"}
[32m[INFO] 2026-08-31 20:02:59,956 [RapidOCR] base.py:23: Using engine_name: torch[0m
[32m[INFO] 2026-08-31 20:02:59,957 [RapidOCR] device_config.py:64: Using GPU device with ID: 0[0m
[32m[INFO] 2026-08-31 20:02:59,966 [RapidOCR] download_file.py:60: File exists and is valid: D:\Work\research\FileX\.venv-ai\Lib\site-packages\rapidocr\models\PP-OCRv6_det_small.pth[0m
[32m[INFO] 2026-08-31 20:02:59,966 [RapidOCR] main.py:50: Using D:\Work\research\FileX\.venv-ai\Lib\site-packages\rapidocr\models\PP-OCRv6_det_small.pth[0m
[32m[INFO] 2026-08-31 20:03:00,279 [RapidOCR] base.py:23: Using engine_name: torch[0m
[32m[INFO] 2026-08-31 20:03:00,279 [RapidOCR] device_config.py:64: Using GPU device with ID: 0[0m
[32m[INFO] 2026-08-31 20:03:00,281 [RapidOCR] download_file.py:60: File exists and is valid: D:\Work\research\FileX\.venv-ai\Lib\site-packages\rapidocr\models\ch_ptocr_mobile_v2.0_cls_mobile.pth[0m
[32m[INFO] 2026-08-31 20:03:00,281 [RapidOCR] main.py:50: Using D:\Work\research\FileX\.venv-ai\Lib\site-packages\rapidocr\models\ch_ptocr_mobile_v2.0_cls_mobile.pth[0m
[32m[INFO] 2026-08-31 20:03:00,452 [RapidOCR] base.py:23: Using engine_name: torch[0m
[32m[INFO] 2026-08-31 20:03:00,453 [RapidOCR] device_config.py:64: Using GPU device with ID: 0[0m
[32m[INFO] 2026-08-31 20:03:00,474 [RapidOCR] download_file.py:60: File exists and is valid: D:\Work\research\FileX\.venv-ai\Lib\site-packages\rapidocr\models\PP-OCRv6_rec_small.pth[0m
[32m[INFO] 2026-08-31 20:03:00,474 [RapidOCR] main.py:50: Using D:\Work\research\FileX\.venv-ai\Lib\site-packages\rapidocr\models\PP-OCRv6_rec_small.pth[0m
[32m[INFO] 2026-08-31 20:03:01,666 [RapidOCR] base.py:23: Using engine_name: torch[0m
[32m[INFO] 2026-08-31 20:03:01,667 [RapidOCR] device_config.py:64: Using GPU device with ID: 0[0m
[32m[INFO] 2026-08-31 20:03:01,676 [RapidOCR] download_file.py:60: File exists and is valid: D:\Work\research\FileX\.venv-ai\Lib\site-packages\rapidocr\models\PP-OCRv6_det_small.pth[0m
[32m[INFO] 2026-08-31 20:03:01,676 [RapidOCR] main.py:50: Using D:\Work\research\FileX\.venv-ai\Lib\site-packages\rapidocr\models\PP-OCRv6_det_small.pth[0m
[32m[INFO] 2026-08-31 20:03:01,928 [RapidOCR] base.py:23: Using engine_name: torch[0m
[32m[INFO] 2026-08-31 20:03:01,928 [RapidOCR] device_config.py:64: Using GPU device with ID: 0[0m
[32m[INFO] 2026-08-31 20:03:01,930 [RapidOCR] download_file.py:60: File exists and is valid: D:\Work\research\FileX\.venv-ai\Lib\site-packages\rapidocr\models\ch_ptocr_mobile_v2.0_cls_mobile.pth[0m
[32m[INFO] 2026-08-31 20:03:01,930 [RapidOCR] main.py:50: Using D:\Work\research\FileX\.venv-ai\Lib\site-packages\rapidocr\models\ch_ptocr_mobile_v2.0_cls_mobile.pth[0m
[32m[INFO] 2026-08-31 20:03:02,089 [RapidOCR] base.py:23: Using engine_name: torch[0m
[32m[INFO] 2026-08-31 20:03:02,090 [RapidOCR] device_config.py:64: Using GPU device with ID: 0[0m
[32m[INFO] 2026-08-31 20:03:02,107 [RapidOCR] download_file.py:60: File exists and is valid: D:\Work\research\FileX\.venv-ai\Lib\site-packages\rapidocr\models\PP-OCRv6_rec_small.pth[0m
[32m[INFO] 2026-08-31 20:03:02,107 [RapidOCR] main.py:50: Using D:\Work\research\FileX\.venv-ai\Lib\site-packages\rapidocr\models\PP-OCRv6_rec_small.pth[0m
[32m[INFO] 2026-08-31 20:03:03,286 [RapidOCR] base.py:23: Using engine_name: torch[0m
[32m[INFO] 2026-08-31 20:03:03,286 [RapidOCR] device_config.py:64: Using GPU device with ID: 0[0m
[32m[INFO] 2026-08-31 20:03:03,297 [RapidOCR] download_file.py:60: File exists and is valid: D:\Work\research\FileX\.venv-ai\Lib\site-packages\rapidocr\models\PP-OCRv6_det_small.pth[0m
[32m[INFO] 2026-08-31 20:03:03,297 [RapidOCR] main.py:50: Using D:\Work\research\FileX\.venv-ai\Lib\site-packages\rapidocr\models\PP-OCRv6_det_small.pth[0m
[32m[INFO] 2026-08-31 20:03:03,912 [RapidOCR] base.py:23: Using engine_name: torch[0m
[32m[INFO] 2026-08-31 20:03:03,913 [RapidOCR] device_config.py:64: Using GPU device with ID: 0[0m
[32m[INFO] 2026-08-31 20:03:03,915 [RapidOCR] download_file.py:60: File exists and is valid: D:\Work\research\FileX\.venv-ai\Lib\site-packages\rapidocr\models\ch_ptocr_mobile_v2.0_cls_mobile.pth[0m
[32m[INFO] 2026-08-31 20:03:03,915 [RapidOCR] main.py:50: Using D:\Work\research\FileX\.venv-ai\Lib\site-packages\rapidocr\models\ch_ptocr_mobile_v2.0_cls_mobile.pth[0m
[32m[INFO] 2026-08-31 20:03:04,138 [RapidOCR] base.py:23: Using engine_name: torch[0m
[32m[INFO] 2026-08-31 20:03:04,138 [RapidOCR] device_config.py:64: Using GPU device with ID: 0[0m
[32m[INFO] 2026-08-31 20:03:04,159 [RapidOCR] download_file.py:60: File exists and is valid: D:\Work\research\FileX\.venv-ai\Lib\site-packages\rapidocr\models\PP-OCRv6_rec_small.pth[0m
[32m[INFO] 2026-08-31 20:03:04,159 [RapidOCR] main.py:50: Using D:\Work\research\FileX\.venv-ai\Lib\site-packages\rapidocr\models\PP-OCRv6_rec_small.pth[0m
[32m[INFO] 2026-08-31 20:03:05,402 [RapidOCR] base.py:23: Using engine_name: torch[0m
[32m[INFO] 2026-08-31 20:03:05,402 [RapidOCR] device_config.py:64: Using GPU device with ID: 0[0m
[32m[INFO] 2026-08-31 20:03:05,412 [RapidOCR] download_file.py:60: File exists and is valid: D:\Work\research\FileX\.venv-ai\Lib\site-packages\rapidocr\models\PP-OCRv6_det_small.pth[0m
[32m[INFO] 2026-08-31 20:03:05,412 [RapidOCR] main.py:50: Using D:\Work\research\FileX\.venv-ai\Lib\site-packages\rapidocr\models\PP-OCRv6_det_small.pth[0m
[32m[INFO] 2026-08-31 20:03:05,719 [RapidOCR] base.py:23: Using engine_name: torch[0m
[32m[INFO] 2026-08-31 20:03:05,720 [RapidOCR] device_config.py:64: Using GPU device with ID: 0[0m
[32m[INFO] 2026-08-31 20:03:05,721 [RapidOCR] download_file.py:60: File exists and is valid: D:\Work\research\FileX\.venv-ai\Lib\site-packages\rapidocr\models\ch_ptocr_mobile_v2.0_cls_mobile.pth[0m
[32m[INFO] 2026-08-31 20:03:05,721 [RapidOCR] main.py:50: Using D:\Work\research\FileX\.venv-ai\Lib\site-packages\rapidocr\models\ch_ptocr_mobile_v2.0_cls_mobile.pth[0m
[32m[INFO] 2026-08-31 20:03:05,899 [RapidOCR] base.py:23: Using engine_name: torch[0m
[32m[INFO] 2026-08-31 20:03:05,900 [RapidOCR] device_config.py:64: Using GPU device with ID: 0[0m
[32m[INFO] 2026-08-31 20:03:05,919 [RapidOCR] download_file.py:60: File exists and is valid: D:\Work\research\FileX\.venv-ai\Lib\site-packages\rapidocr\models\PP-OCRv6_rec_small.pth[0m
[32m[INFO] 2026-08-31 20:03:05,919 [RapidOCR] main.py:50: Using D:\Work\research\FileX\.venv-ai\Lib\site-packages\rapidocr\models\PP-OCRv6_rec_small.pth[0m
[32m[INFO] 2026-08-31 20:03:07,066 [RapidOCR] base.py:23: Using engine_name: torch[0m
[32m[INFO] 2026-08-31 20:03:07,067 [RapidOCR] device_config.py:64: Using GPU device with ID: 0[0m
[32m[INFO] 2026-08-31 20:03:07,077 [RapidOCR] download_file.py:60: File exists and is valid: D:\Work\research\FileX\.venv-ai\Lib\site-packages\rapidocr\models\PP-OCRv6_det_small.pth[0m
[32m[INFO] 2026-08-31 20:03:07,077 [RapidOCR] main.py:50: Using D:\Work\research\FileX\.venv-ai\Lib\site-packages\rapidocr\models\PP-OCRv6_det_small.pth[0m
[32m[INFO] 2026-08-31 20:03:07,356 [RapidOCR] base.py:23: Using engine_name: torch[0m
[32m[INFO] 2026-08-31 20:03:07,357 [RapidOCR] device_config.py:64: Using GPU device with ID: 0[0m
[32m[INFO] 2026-08-31 20:03:07,358 [RapidOCR] download_file.py:60: File exists and is valid: D:\Work\research\FileX\.venv-ai\Lib\site-packages\rapidocr\models\ch_ptocr_mobile_v2.0_cls_mobile.pth[0m
[32m[INFO] 2026-08-31 20:03:07,358 [RapidOCR] main.py:50: Using D:\Work\research\FileX\.venv-ai\Lib\site-packages\rapidocr\models\ch_ptocr_mobile_v2.0_cls_mobile.pth[0m
[32m[INFO] 2026-08-31 20:03:07,542 [RapidOCR] base.py:23: Using engine_name: torch[0m
[32m[INFO] 2026-08-31 20:03:07,543 [RapidOCR] device_config.py:64: Using GPU device with ID: 0[0m
[32m[INFO] 2026-08-31 20:03:07,563 [RapidOCR] download_file.py:60: File exists and is valid: D:\Work\research\FileX\.venv-ai\Lib\site-packages\rapidocr\models\PP-OCRv6_rec_small.pth[0m
[32m[INFO] 2026-08-31 20:03:07,563 [RapidOCR] main.py:50: Using D:\Work\research\FileX\.venv-ai\Lib\site-packages\rapidocr\models\PP-OCRv6_rec_small.pth[0m
[32m[INFO] 2026-08-31 20:03:08,732 [RapidOCR] base.py:23: Using engine_name: torch[0m
[32m[INFO] 2026-08-31 20:03:08,732 [RapidOCR] device_config.py:64: Using GPU device with ID: 0[0m
[32m[INFO] 2026-08-31 20:03:08,743 [RapidOCR] download_file.py:60: File exists and is valid: D:\Work\research\FileX\.venv-ai\Lib\site-packages\rapidocr\models\PP-OCRv6_det_small.pth[0m
[32m[INFO] 2026-08-31 20:03:08,744 [RapidOCR] main.py:50: Using D:\Work\research\FileX\.venv-ai\Lib\site-packages\rapidocr\models\PP-OCRv6_det_small.pth[0m
[32m[INFO] 2026-08-31 20:03:09,327 [RapidOCR] base.py:23: Using engine_name: torch[0m
[32m[INFO] 2026-08-31 20:03:09,328 [RapidOCR] device_config.py:64: Using GPU device with ID: 0[0m
[32m[INFO] 2026-08-31 20:03:09,329 [RapidOCR] download_file.py:60: File exists and is valid: D:\Work\research\FileX\.venv-ai\Lib\site-packages\rapidocr\models\ch_ptocr_mobile_v2.0_cls_mobile.pth[0m
[32m[INFO] 2026-08-31 20:03:09,329 [RapidOCR] main.py:50: Using D:\Work\research\FileX\.venv-ai\Lib\site-packages\rapidocr\models\ch_ptocr_mobile_v2.0_cls_mobile.pth[0m
[32m[INFO] 2026-08-31 20:03:09,556 [RapidOCR] base.py:23: Using engine_name: torch[0m
[32m[INFO] 2026-08-31 20:03:09,557 [RapidOCR] device_config.py:64: Using GPU device with ID: 0[0m
[32m[INFO] 2026-08-31 20:03:09,582 [RapidOCR] download_file.py:60: File exists and is valid: D:\Work\research\FileX\.venv-ai\Lib\site-packages\rapidocr\models\PP-OCRv6_rec_small.pth[0m
[32m[INFO] 2026-08-31 20:03:09,582 [RapidOCR] main.py:50: Using D:\Work\research\FileX\.venv-ai\Lib\site-packages\rapidocr\models\PP-OCRv6_rec_small.pth[0m
[32m[INFO] 2026-08-31 20:03:10,852 [RapidOCR] base.py:23: Using engine_name: torch[0m
[32m[INFO] 2026-08-31 20:03:10,852 [RapidOCR] device_config.py:64: Using GPU device with ID: 0[0m
[32m[INFO] 2026-08-31 20:03:10,861 [RapidOCR] download_file.py:60: File exists and is valid: D:\Work\research\FileX\.venv-ai\Lib\site-packages\rapidocr\models\PP-OCRv6_det_small.pth[0m
[32m[INFO] 2026-08-31 20:03:10,862 [RapidOCR] main.py:50: Using D:\Work\research\FileX\.venv-ai\Lib\site-packages\rapidocr\models\PP-OCRv6_det_small.pth[0m
[32m[INFO] 2026-08-31 20:03:11,117 [RapidOCR] base.py:23: Using engine_name: torch[0m
[32m[INFO] 2026-08-31 20:03:11,118 [RapidOCR] device_config.py:64: Using GPU device with ID: 0[0m
[32m[INFO] 2026-08-31 20:03:11,119 [RapidOCR] download_file.py:60: File exists and is valid: D:\Work\research\FileX\.venv-ai\Lib\site-packages\rapidocr\models\ch_ptocr_mobile_v2.0_cls_mobile.pth[0m
[32m[INFO] 2026-08-31 20:03:11,119 [RapidOCR] main.py:50: Using D:\Work\research\FileX\.venv-ai\Lib\site-packages\rapidocr\models\ch_ptocr_mobile_v2.0_cls_mobile.pth[0m
[32m[INFO] 2026-08-31 20:03:11,277 [RapidOCR] base.py:23: Using engine_name: torch[0m
[32m[INFO] 2026-08-31 20:03:11,277 [RapidOCR] device_config.py:64: Using GPU device with ID: 0[0m
[32m[INFO] 2026-08-31 20:03:11,295 [RapidOCR] download_file.py:60: File exists and is valid: D:\Work\research\FileX\.venv-ai\Lib\site-packages\rapidocr\models\PP-OCRv6_rec_small.pth[0m
[32m[INFO] 2026-08-31 20:03:11,295 [RapidOCR] main.py:50: Using D:\Work\research\FileX\.venv-ai\Lib\site-packages\rapidocr\models\PP-OCRv6_rec_small.pth[0m
[32m[INFO] 2026-08-31 20:03:12,705 [RapidOCR] base.py:23: Using engine_name: torch[0m
[32m[INFO] 2026-08-31 20:03:12,705 [RapidOCR] device_config.py:64: Using GPU device with ID: 0[0m
[32m[INFO] 2026-08-31 20:03:12,715 [RapidOCR] download_file.py:60: File exists and is valid: D:\Work\research\FileX\.venv-ai\Lib\site-packages\rapidocr\models\PP-OCRv6_det_small.pth[0m
[32m[INFO] 2026-08-31 20:03:12,715 [RapidOCR] main.py:50: Using D:\Work\research\FileX\.venv-ai\Lib\site-packages\rapidocr\models\PP-OCRv6_det_small.pth[0m
[32m[INFO] 2026-08-31 20:03:13,079 [RapidOCR] base.py:23: Using engine_name: torch[0m
[32m[INFO] 2026-08-31 20:03:13,079 [RapidOCR] device_config.py:64: Using GPU device with ID: 0[0m
[32m[INFO] 2026-08-31 20:03:13,080 [RapidOCR] download_file.py:60: File exists and is valid: D:\Work\research\FileX\.venv-ai\Lib\site-packages\rapidocr\models\ch_ptocr_mobile_v2.0_cls_mobile.pth[0m
[32m[INFO] 2026-08-31 20:03:13,081 [RapidOCR] main.py:50: Using D:\Work\research\FileX\.venv-ai\Lib\site-packages\rapidocr\models\ch_ptocr_mobile_v2.0_cls_mobile.pth[0m
[32m[INFO] 2026-08-31 20:03:13,256 [RapidOCR] base.py:23: Using engine_name: torch[0m
[32m[INFO] 2026-08-31 20:03:13,257 [RapidOCR] device_config.py:64: Using GPU device with ID: 0[0m
[32m[INFO] 2026-08-31 20:03:13,276 [RapidOCR] download_file.py:60: File exists and is valid: D:\Work\research\FileX\.venv-ai\Lib\site-packages\rapidocr\models\PP-OCRv6_rec_small.pth[0m
[32m[INFO] 2026-08-31 20:03:13,277 [RapidOCR] main.py:50: Using D:\Work\research\FileX\.venv-ai\Lib\site-packages\rapidocr\models\PP-OCRv6_rec_small.pth[0m
[32m[INFO] 2026-08-31 20:03:14,666 [RapidOCR] base.py:23: Using engine_name: torch[0m
[32m[INFO] 2026-08-31 20:03:14,667 [RapidOCR] device_config.py:64: Using GPU device with ID: 0[0m
[32m[INFO] 2026-08-31 20:03:14,678 [RapidOCR] download_file.py:60: File exists and is valid: D:\Work\research\FileX\.venv-ai\Lib\site-packages\rapidocr\models\PP-OCRv6_det_small.pth[0m
[32m[INFO] 2026-08-31 20:03:14,678 [RapidOCR] main.py:50: Using D:\Work\research\FileX\.venv-ai\Lib\site-packages\rapidocr\models\PP-OCRv6_det_small.pth[0m
[32m[INFO] 2026-08-31 20:03:15,007 [RapidOCR] base.py:23: Using engine_name: torch[0m
[32m[INFO] 2026-08-31 20:03:15,008 [RapidOCR] device_config.py:64: Using GPU device with ID: 0[0m
[32m[INFO] 2026-08-31 20:03:15,009 [RapidOCR] download_file.py:60: File exists and is valid: D:\Work\research\FileX\.venv-ai\Lib\site-packages\rapidocr\models\ch_ptocr_mobile_v2.0_cls_mobile.pth[0m
[32m[INFO] 2026-08-31 20:03:15,010 [RapidOCR] main.py:50: Using D:\Work\research\FileX\.venv-ai\Lib\site-packages\rapidocr\models\ch_ptocr_mobile_v2.0_cls_mobile.pth[0m
[32m[INFO] 2026-08-31 20:03:15,424 [RapidOCR] base.py:23: Using engine_name: torch[0m
[32m[INFO] 2026-08-31 20:03:15,425 [RapidOCR] device_config.py:64: Using GPU device with ID: 0[0m
[32m[INFO] 2026-08-31 20:03:15,445 [RapidOCR] download_file.py:60: File exists and is valid: D:\Work\research\FileX\.venv-ai\Lib\site-packages\rapidocr\models\PP-OCRv6_rec_small.pth[0m
[32m[INFO] 2026-08-31 20:03:15,446 [RapidOCR] main.py:50: Using D:\Work\research\FileX\.venv-ai\Lib\site-packages\rapidocr\models\PP-OCRv6_rec_small.pth[0m
[32m[INFO] 2026-08-31 20:03:16,796 [RapidOCR] base.py:23: Using engine_name: torch[0m
[32m[INFO] 2026-08-31 20:03:16,796 [RapidOCR] device_config.py:64: Using GPU device with ID: 0[0m
[32m[INFO] 2026-08-31 20:03:16,807 [RapidOCR] download_file.py:60: File exists and is valid: D:\Work\research\FileX\.venv-ai\Lib\site-packages\rapidocr\models\PP-OCRv6_det_small.pth[0m
[32m[INFO] 2026-08-31 20:03:16,807 [RapidOCR] main.py:50: Using D:\Work\research\FileX\.venv-ai\Lib\site-packages\rapidocr\models\PP-OCRv6_det_small.pth[0m
[32m[INFO] 2026-08-31 20:03:17,094 [RapidOCR] base.py:23: Using engine_name: torch[0m
[32m[INFO] 2026-08-31 20:03:17,095 [RapidOCR] device_config.py:64: Using GPU device with ID: 0[0m
[32m[INFO] 2026-08-31 20:03:17,097 [RapidOCR] download_file.py:60: File exists and is valid: D:\Work\research\FileX\.venv-ai\Lib\site-packages\rapidocr\models\ch_ptocr_mobile_v2.0_cls_mobile.pth[0m
[32m[INFO] 2026-08-31 20:03:17,097 [RapidOCR] main.py:50: Using D:\Work\research\FileX\.venv-ai\Lib\site-packages\rapidocr\models\ch_ptocr_mobile_v2.0_cls_mobile.pth[0m
[32m[INFO] 2026-08-31 20:03:17,280 [RapidOCR] base.py:23: Using engine_name: torch[0m
[32m[INFO] 2026-08-31 20:03:17,281 [RapidOCR] device_config.py:64: Using GPU device with ID: 0[0m
[32m[INFO] 2026-08-31 20:03:17,301 [RapidOCR] download_file.py:60: File exists and is valid: D:\Work\research\FileX\.venv-ai\Lib\site-packages\rapidocr\models\PP-OCRv6_rec_small.pth[0m
[32m[INFO] 2026-08-31 20:03:17,301 [RapidOCR] main.py:50: Using D:\Work\research\FileX\.venv-ai\Lib\site-packages\rapidocr\models\PP-OCRv6_rec_small.pth[0m
{"config": "docling-r6", "doc": "escaneado_d5a", "ppp_nativo": 90, "ppp": 115, "factor": 1.278, "png": "ppp115__escaneado_d5a.png", "png_identify": "744x1023 45.270000000000003126,45.270000000000003126 PixelsPerCentimeter", "preflight": {"vram_libre_mib": 8260, "mpx_actual": 0.761, "mpx_pendiente_ordenada": 0}, "entrada": "PDF via Docling; scale explicita", "dispositivo": "GPU CUDA", "rc": [1, 1, 1, 1, 1, 1, 1, 1, 1], "error": ["FileNotFoundError: [WinError 3] El sistema no puede encontrar la ruta especificada: '\\\\\\\\?\\\\\\\\wsl.localhost\\\\Ubuntu\\\\'", "FileNotFoundError: [WinError 3] El sistema no puede encontrar la ruta especificada: '\\\\\\\\?\\\\\\\\wsl.localhost\\\\Ubuntu\\\\'", "FileNotFoundError: [WinError 3] El sistema no puede encontrar la ruta especificada: '\\\\\\\\?\\\\\\\\wsl.localhost\\\\Ubuntu\\\\'", "FileNotFoundError: [WinError 3] El sistema no puede encontrar la ruta especificada: '\\\\\\\\?\\\\\\\\wsl.localhost\\\\Ubuntu\\\\'", "FileNotFoundError: [WinError 3] El sistema no puede encontrar la ruta especificada: '\\\\\\\\?\\\\\\\\wsl.localhost\\\\Ubuntu\\\\'", "FileNotFoundError: [WinError 3] El sistema no puede encontrar la ruta especificada: '\\\\\\\\?\\\\\\\\wsl.localhost\\\\Ubuntu\\\\'", "FileNotFoundError: [WinError 3] El sistema no puede encontrar la ruta especificada: '\\\\\\\\?\\\\\\\\wsl.localhost\\\\Ubuntu\\\\'", "FileNotFoundError: [WinError 3] El sistema no puede encontrar la ruta especificada: '\\\\\\\\?\\\\\\\\wsl.localhost\\\\Ubuntu\\\\'", "FileNotFoundError: [WinError 3] El sistema no puede encontrar la ruta especificada: '\\\\\\\\?\\\\\\\\wsl.localhost\\\\Ubuntu\\\\'"], "n": 9, "ms_mediana": 1818.5, "determinista": true, "metrica": "acentos", "cer_pct": 100.0, "cer_acentos_pct": 100.0, "cer_ciego_pct": 100.0, "dist_acentos": 596, "texto": "docling-r6__ppp115__escaneado_d5a.txt"}
[32m[INFO] 2026-08-31 20:03:18,668 [RapidOCR] base.py:23: Using engine_name: torch[0m
[32m[INFO] 2026-08-31 20:03:18,669 [RapidOCR] device_config.py:64: Using GPU device with ID: 0[0m
[32m[INFO] 2026-08-31 20:03:18,680 [RapidOCR] download_file.py:60: File exists and is valid: D:\Work\research\FileX\.venv-ai\Lib\site-packages\rapidocr\models\PP-OCRv6_det_small.pth[0m
[32m[INFO] 2026-08-31 20:03:18,680 [RapidOCR] main.py:50: Using D:\Work\research\FileX\.venv-ai\Lib\site-packages\rapidocr\models\PP-OCRv6_det_small.pth[0m
[32m[INFO] 2026-08-31 20:03:18,978 [RapidOCR] base.py:23: Using engine_name: torch[0m
[32m[INFO] 2026-08-31 20:03:18,978 [RapidOCR] device_config.py:64: Using GPU device with ID: 0[0m
[32m[INFO] 2026-08-31 20:03:18,980 [RapidOCR] download_file.py:60: File exists and is valid: D:\Work\research\FileX\.venv-ai\Lib\site-packages\rapidocr\models\ch_ptocr_mobile_v2.0_cls_mobile.pth[0m
[32m[INFO] 2026-08-31 20:03:18,980 [RapidOCR] main.py:50: Using D:\Work\research\FileX\.venv-ai\Lib\site-packages\rapidocr\models\ch_ptocr_mobile_v2.0_cls_mobile.pth[0m
[32m[INFO] 2026-08-31 20:03:19,150 [RapidOCR] base.py:23: Using engine_name: torch[0m
[32m[INFO] 2026-08-31 20:03:19,150 [RapidOCR] device_config.py:64: Using GPU device with ID: 0[0m
[32m[INFO] 2026-08-31 20:03:19,168 [RapidOCR] download_file.py:60: File exists and is valid: D:\Work\research\FileX\.venv-ai\Lib\site-packages\rapidocr\models\PP-OCRv6_rec_small.pth[0m
[32m[INFO] 2026-08-31 20:03:19,168 [RapidOCR] main.py:50: Using D:\Work\research\FileX\.venv-ai\Lib\site-packages\rapidocr\models\PP-OCRv6_rec_small.pth[0m
[32m[INFO] 2026-08-31 20:03:20,325 [RapidOCR] base.py:23: Using engine_name: torch[0m
[32m[INFO] 2026-08-31 20:03:20,326 [RapidOCR] device_config.py:64: Using GPU device with ID: 0[0m
[32m[INFO] 2026-08-31 20:03:20,334 [RapidOCR] download_file.py:60: File exists and is valid: D:\Work\research\FileX\.venv-ai\Lib\site-packages\rapidocr\models\PP-OCRv6_det_small.pth[0m
[32m[INFO] 2026-08-31 20:03:20,335 [RapidOCR] main.py:50: Using D:\Work\research\FileX\.venv-ai\Lib\site-packages\rapidocr\models\PP-OCRv6_det_small.pth[0m
[32m[INFO] 2026-08-31 20:03:20,595 [RapidOCR] base.py:23: Using engine_name: torch[0m
[32m[INFO] 2026-08-31 20:03:20,595 [RapidOCR] device_config.py:64: Using GPU device with ID: 0[0m
[32m[INFO] 2026-08-31 20:03:20,596 [RapidOCR] download_file.py:60: File exists and is valid: D:\Work\research\FileX\.venv-ai\Lib\site-packages\rapidocr\models\ch_ptocr_mobile_v2.0_cls_mobile.pth[0m
[32m[INFO] 2026-08-31 20:03:20,597 [RapidOCR] main.py:50: Using D:\Work\research\FileX\.venv-ai\Lib\site-packages\rapidocr\models\ch_ptocr_mobile_v2.0_cls_mobile.pth[0m
[32m[INFO] 2026-08-31 20:03:20,754 [RapidOCR] base.py:23: Using engine_name: torch[0m
[32m[INFO] 2026-08-31 20:03:20,754 [RapidOCR] device_config.py:64: Using GPU device with ID: 0[0m
[32m[INFO] 2026-08-31 20:03:20,771 [RapidOCR] download_file.py:60: File exists and is valid: D:\Work\research\FileX\.venv-ai\Lib\site-packages\rapidocr\models\PP-OCRv6_rec_small.pth[0m
[32m[INFO] 2026-08-31 20:03:20,772 [RapidOCR] main.py:50: Using D:\Work\research\FileX\.venv-ai\Lib\site-packages\rapidocr\models\PP-OCRv6_rec_small.pth[0m
[32m[INFO] 2026-08-31 20:03:22,200 [RapidOCR] base.py:23: Using engine_name: torch[0m
[32m[INFO] 2026-08-31 20:03:22,200 [RapidOCR] device_config.py:64: Using GPU device with ID: 0[0m
[32m[INFO] 2026-08-31 20:03:22,210 [RapidOCR] download_file.py:60: File exists and is valid: D:\Work\research\FileX\.venv-ai\Lib\site-packages\rapidocr\models\PP-OCRv6_det_small.pth[0m
[32m[INFO] 2026-08-31 20:03:22,211 [RapidOCR] main.py:50: Using D:\Work\research\FileX\.venv-ai\Lib\site-packages\rapidocr\models\PP-OCRv6_det_small.pth[0m
[32m[INFO] 2026-08-31 20:03:22,475 [RapidOCR] base.py:23: Using engine_name: torch[0m
[32m[INFO] 2026-08-31 20:03:22,476 [RapidOCR] device_config.py:64: Using GPU device with ID: 0[0m
[32m[INFO] 2026-08-31 20:03:22,477 [RapidOCR] download_file.py:60: File exists and is valid: D:\Work\research\FileX\.venv-ai\Lib\site-packages\rapidocr\models\ch_ptocr_mobile_v2.0_cls_mobile.pth[0m
[32m[INFO] 2026-08-31 20:03:22,477 [RapidOCR] main.py:50: Using D:\Work\research\FileX\.venv-ai\Lib\site-packages\rapidocr\models\ch_ptocr_mobile_v2.0_cls_mobile.pth[0m
[32m[INFO] 2026-08-31 20:03:22,661 [RapidOCR] base.py:23: Using engine_name: torch[0m
[32m[INFO] 2026-08-31 20:03:22,662 [RapidOCR] device_config.py:64: Using GPU device with ID: 0[0m
[32m[INFO] 2026-08-31 20:03:22,683 [RapidOCR] download_file.py:60: File exists and is valid: D:\Work\research\FileX\.venv-ai\Lib\site-packages\rapidocr\models\PP-OCRv6_rec_small.pth[0m
[32m[INFO] 2026-08-31 20:03:22,684 [RapidOCR] main.py:50: Using D:\Work\research\FileX\.venv-ai\Lib\site-packages\rapidocr\models\PP-OCRv6_rec_small.pth[0m
[32m[INFO] 2026-08-31 20:03:23,875 [RapidOCR] base.py:23: Using engine_name: torch[0m
[32m[INFO] 2026-08-31 20:03:23,875 [RapidOCR] device_config.py:64: Using GPU device with ID: 0[0m
[32m[INFO] 2026-08-31 20:03:23,885 [RapidOCR] download_file.py:60: File exists and is valid: D:\Work\research\FileX\.venv-ai\Lib\site-packages\rapidocr\models\PP-OCRv6_det_small.pth[0m
[32m[INFO] 2026-08-31 20:03:23,885 [RapidOCR] main.py:50: Using D:\Work\research\FileX\.venv-ai\Lib\site-packages\rapidocr\models\PP-OCRv6_det_small.pth[0m
[32m[INFO] 2026-08-31 20:03:24,189 [RapidOCR] base.py:23: Using engine_name: torch[0m
[32m[INFO] 2026-08-31 20:03:24,189 [RapidOCR] device_config.py:64: Using GPU device with ID: 0[0m
[32m[INFO] 2026-08-31 20:03:24,190 [RapidOCR] download_file.py:60: File exists and is valid: D:\Work\research\FileX\.venv-ai\Lib\site-packages\rapidocr\models\ch_ptocr_mobile_v2.0_cls_mobile.pth[0m
[32m[INFO] 2026-08-31 20:03:24,190 [RapidOCR] main.py:50: Using D:\Work\research\FileX\.venv-ai\Lib\site-packages\rapidocr\models\ch_ptocr_mobile_v2.0_cls_mobile.pth[0m
[32m[INFO] 2026-08-31 20:03:24,338 [RapidOCR] base.py:23: Using engine_name: torch[0m
[32m[INFO] 2026-08-31 20:03:24,339 [RapidOCR] device_config.py:64: Using GPU device with ID: 0[0m
[32m[INFO] 2026-08-31 20:03:24,356 [RapidOCR] download_file.py:60: File exists and is valid: D:\Work\research\FileX\.venv-ai\Lib\site-packages\rapidocr\models\PP-OCRv6_rec_small.pth[0m
[32m[INFO] 2026-08-31 20:03:24,357 [RapidOCR] main.py:50: Using D:\Work\research\FileX\.venv-ai\Lib\site-packages\rapidocr\models\PP-OCRv6_rec_small.pth[0m
[32m[INFO] 2026-08-31 20:03:25,509 [RapidOCR] base.py:23: Using engine_name: torch[0m
[32m[INFO] 2026-08-31 20:03:25,509 [RapidOCR] device_config.py:64: Using GPU device with ID: 0[0m
[32m[INFO] 2026-08-31 20:03:25,519 [RapidOCR] download_file.py:60: File exists and is valid: D:\Work\research\FileX\.venv-ai\Lib\site-packages\rapidocr\models\PP-OCRv6_det_small.pth[0m
[32m[INFO] 2026-08-31 20:03:25,519 [RapidOCR] main.py:50: Using D:\Work\research\FileX\.venv-ai\Lib\site-packages\rapidocr\models\PP-OCRv6_det_small.pth[0m
[32m[INFO] 2026-08-31 20:03:25,795 [RapidOCR] base.py:23: Using engine_name: torch[0m
[32m[INFO] 2026-08-31 20:03:25,795 [RapidOCR] device_config.py:64: Using GPU device with ID: 0[0m
[32m[INFO] 2026-08-31 20:03:25,796 [RapidOCR] download_file.py:60: File exists and is valid: D:\Work\research\FileX\.venv-ai\Lib\site-packages\rapidocr\models\ch_ptocr_mobile_v2.0_cls_mobile.pth[0m
[32m[INFO] 2026-08-31 20:03:25,797 [RapidOCR] main.py:50: Using D:\Work\research\FileX\.venv-ai\Lib\site-packages\rapidocr\models\ch_ptocr_mobile_v2.0_cls_mobile.pth[0m
[32m[INFO] 2026-08-31 20:03:25,971 [RapidOCR] base.py:23: Using engine_name: torch[0m
[32m[INFO] 2026-08-31 20:03:25,972 [RapidOCR] device_config.py:64: Using GPU device with ID: 0[0m
[32m[INFO] 2026-08-31 20:03:25,989 [RapidOCR] download_file.py:60: File exists and is valid: D:\Work\research\FileX\.venv-ai\Lib\site-packages\rapidocr\models\PP-OCRv6_rec_small.pth[0m
[32m[INFO] 2026-08-31 20:03:25,989 [RapidOCR] main.py:50: Using D:\Work\research\FileX\.venv-ai\Lib\site-packages\rapidocr\models\PP-OCRv6_rec_small.pth[0m
[32m[INFO] 2026-08-31 20:03:27,289 [RapidOCR] base.py:23: Using engine_name: torch[0m
[32m[INFO] 2026-08-31 20:03:27,290 [RapidOCR] device_config.py:64: Using GPU device with ID: 0[0m
[32m[INFO] 2026-08-31 20:03:27,300 [RapidOCR] download_file.py:60: File exists and is valid: D:\Work\research\FileX\.venv-ai\Lib\site-packages\rapidocr\models\PP-OCRv6_det_small.pth[0m
[32m[INFO] 2026-08-31 20:03:27,300 [RapidOCR] main.py:50: Using D:\Work\research\FileX\.venv-ai\Lib\site-packages\rapidocr\models\PP-OCRv6_det_small.pth[0m
[32m[INFO] 2026-08-31 20:03:27,599 [RapidOCR] base.py:23: Using engine_name: torch[0m
[32m[INFO] 2026-08-31 20:03:27,600 [RapidOCR] device_config.py:64: Using GPU device with ID: 0[0m
[32m[INFO] 2026-08-31 20:03:27,601 [RapidOCR] download_file.py:60: File exists and is valid: D:\Work\research\FileX\.venv-ai\Lib\site-packages\rapidocr\models\ch_ptocr_mobile_v2.0_cls_mobile.pth[0m
[32m[INFO] 2026-08-31 20:03:27,601 [RapidOCR] main.py:50: Using D:\Work\research\FileX\.venv-ai\Lib\site-packages\rapidocr\models\ch_ptocr_mobile_v2.0_cls_mobile.pth[0m
[32m[INFO] 2026-08-31 20:03:27,773 [RapidOCR] base.py:23: Using engine_name: torch[0m
[32m[INFO] 2026-08-31 20:03:27,774 [RapidOCR] device_config.py:64: Using GPU device with ID: 0[0m
[32m[INFO] 2026-08-31 20:03:27,792 [RapidOCR] download_file.py:60: File exists and is valid: D:\Work\research\FileX\.venv-ai\Lib\site-packages\rapidocr\models\PP-OCRv6_rec_small.pth[0m
[32m[INFO] 2026-08-31 20:03:27,793 [RapidOCR] main.py:50: Using D:\Work\research\FileX\.venv-ai\Lib\site-packages\rapidocr\models\PP-OCRv6_rec_small.pth[0m
[32m[INFO] 2026-08-31 20:03:29,009 [RapidOCR] base.py:23: Using engine_name: torch[0m
[32m[INFO] 2026-08-31 20:03:29,010 [RapidOCR] device_config.py:64: Using GPU device with ID: 0[0m
[32m[INFO] 2026-08-31 20:03:29,020 [RapidOCR] download_file.py:60: File exists and is valid: D:\Work\research\FileX\.venv-ai\Lib\site-packages\rapidocr\models\PP-OCRv6_det_small.pth[0m
[32m[INFO] 2026-08-31 20:03:29,020 [RapidOCR] main.py:50: Using D:\Work\research\FileX\.venv-ai\Lib\site-packages\rapidocr\models\PP-OCRv6_det_small.pth[0m
[32m[INFO] 2026-08-31 20:03:29,302 [RapidOCR] base.py:23: Using engine_name: torch[0m
[32m[INFO] 2026-08-31 20:03:29,303 [RapidOCR] device_config.py:64: Using GPU device with ID: 0[0m
[32m[INFO] 2026-08-31 20:03:29,304 [RapidOCR] download_file.py:60: File exists and is valid: D:\Work\research\FileX\.venv-ai\Lib\site-packages\rapidocr\models\ch_ptocr_mobile_v2.0_cls_mobile.pth[0m
[32m[INFO] 2026-08-31 20:03:29,304 [RapidOCR] main.py:50: Using D:\Work\research\FileX\.venv-ai\Lib\site-packages\rapidocr\models\ch_ptocr_mobile_v2.0_cls_mobile.pth[0m
[32m[INFO] 2026-08-31 20:03:29,492 [RapidOCR] base.py:23: Using engine_name: torch[0m
[32m[INFO] 2026-08-31 20:03:29,492 [RapidOCR] device_config.py:64: Using GPU device with ID: 0[0m
[32m[INFO] 2026-08-31 20:03:29,512 [RapidOCR] download_file.py:60: File exists and is valid: D:\Work\research\FileX\.venv-ai\Lib\site-packages\rapidocr\models\PP-OCRv6_rec_small.pth[0m
[32m[INFO] 2026-08-31 20:03:29,512 [RapidOCR] main.py:50: Using D:\Work\research\FileX\.venv-ai\Lib\site-packages\rapidocr\models\PP-OCRv6_rec_small.pth[0m
[32m[INFO] 2026-08-31 20:03:30,658 [RapidOCR] base.py:23: Using engine_name: torch[0m
[32m[INFO] 2026-08-31 20:03:30,659 [RapidOCR] device_config.py:64: Using GPU device with ID: 0[0m
[32m[INFO] 2026-08-31 20:03:30,668 [RapidOCR] download_file.py:60: File exists and is valid: D:\Work\research\FileX\.venv-ai\Lib\site-packages\rapidocr\models\PP-OCRv6_det_small.pth[0m
[32m[INFO] 2026-08-31 20:03:30,668 [RapidOCR] main.py:50: Using D:\Work\research\FileX\.venv-ai\Lib\site-packages\rapidocr\models\PP-OCRv6_det_small.pth[0m
[32m[INFO] 2026-08-31 20:03:30,949 [RapidOCR] base.py:23: Using engine_name: torch[0m
[32m[INFO] 2026-08-31 20:03:30,950 [RapidOCR] device_config.py:64: Using GPU device with ID: 0[0m
[32m[INFO] 2026-08-31 20:03:30,951 [RapidOCR] download_file.py:60: File exists and is valid: D:\Work\research\FileX\.venv-ai\Lib\site-packages\rapidocr\models\ch_ptocr_mobile_v2.0_cls_mobile.pth[0m
[32m[INFO] 2026-08-31 20:03:30,951 [RapidOCR] main.py:50: Using D:\Work\research\FileX\.venv-ai\Lib\site-packages\rapidocr\models\ch_ptocr_mobile_v2.0_cls_mobile.pth[0m
[32m[INFO] 2026-08-31 20:03:31,144 [RapidOCR] base.py:23: Using engine_name: torch[0m
[32m[INFO] 2026-08-31 20:03:31,145 [RapidOCR] device_config.py:64: Using GPU device with ID: 0[0m
[32m[INFO] 2026-08-31 20:03:31,164 [RapidOCR] download_file.py:60: File exists and is valid: D:\Work\research\FileX\.venv-ai\Lib\site-packages\rapidocr\models\PP-OCRv6_rec_small.pth[0m
[32m[INFO] 2026-08-31 20:03:31,164 [RapidOCR] main.py:50: Using D:\Work\research\FileX\.venv-ai\Lib\site-packages\rapidocr\models\PP-OCRv6_rec_small.pth[0m
[32m[INFO] 2026-08-31 20:03:32,352 [RapidOCR] base.py:23: Using engine_name: torch[0m
[32m[INFO] 2026-08-31 20:03:32,353 [RapidOCR] device_config.py:64: Using GPU device with ID: 0[0m
[32m[INFO] 2026-08-31 20:03:32,364 [RapidOCR] download_file.py:60: File exists and is valid: D:\Work\research\FileX\.venv-ai\Lib\site-packages\rapidocr\models\PP-OCRv6_det_small.pth[0m
[32m[INFO] 2026-08-31 20:03:32,364 [RapidOCR] main.py:50: Using D:\Work\research\FileX\.venv-ai\Lib\site-packages\rapidocr\models\PP-OCRv6_det_small.pth[0m
[32m[INFO] 2026-08-31 20:03:32,943 [RapidOCR] base.py:23: Using engine_name: torch[0m
[32m[INFO] 2026-08-31 20:03:32,944 [RapidOCR] device_config.py:64: Using GPU device with ID: 0[0m
[32m[INFO] 2026-08-31 20:03:32,946 [RapidOCR] download_file.py:60: File exists and is valid: D:\Work\research\FileX\.venv-ai\Lib\site-packages\rapidocr\models\ch_ptocr_mobile_v2.0_cls_mobile.pth[0m
[32m[INFO] 2026-08-31 20:03:32,946 [RapidOCR] main.py:50: Using D:\Work\research\FileX\.venv-ai\Lib\site-packages\rapidocr\models\ch_ptocr_mobile_v2.0_cls_mobile.pth[0m
[32m[INFO] 2026-08-31 20:03:33,138 [RapidOCR] base.py:23: Using engine_name: torch[0m
[32m[INFO] 2026-08-31 20:03:33,138 [RapidOCR] device_config.py:64: Using GPU device with ID: 0[0m
[32m[INFO] 2026-08-31 20:03:33,157 [RapidOCR] download_file.py:60: File exists and is valid: D:\Work\research\FileX\.venv-ai\Lib\site-packages\rapidocr\models\PP-OCRv6_rec_small.pth[0m
[32m[INFO] 2026-08-31 20:03:33,158 [RapidOCR] main.py:50: Using D:\Work\research\FileX\.venv-ai\Lib\site-packages\rapidocr\models\PP-OCRv6_rec_small.pth[0m
[32m[INFO] 2026-08-31 20:03:34,434 [RapidOCR] base.py:23: Using engine_name: torch[0m
[32m[INFO] 2026-08-31 20:03:34,434 [RapidOCR] device_config.py:64: Using GPU device with ID: 0[0m
[32m[INFO] 2026-08-31 20:03:34,443 [RapidOCR] download_file.py:60: File exists and is valid: D:\Work\research\FileX\.venv-ai\Lib\site-packages\rapidocr\models\PP-OCRv6_det_small.pth[0m
[32m[INFO] 2026-08-31 20:03:34,443 [RapidOCR] main.py:50: Using D:\Work\research\FileX\.venv-ai\Lib\site-packages\rapidocr\models\PP-OCRv6_det_small.pth[0m
[32m[INFO] 2026-08-31 20:03:34,756 [RapidOCR] base.py:23: Using engine_name: torch[0m
[32m[INFO] 2026-08-31 20:03:34,756 [RapidOCR] device_config.py:64: Using GPU device with ID: 0[0m
[32m[INFO] 2026-08-31 20:03:34,758 [RapidOCR] download_file.py:60: File exists and is valid: D:\Work\research\FileX\.venv-ai\Lib\site-packages\rapidocr\models\ch_ptocr_mobile_v2.0_cls_mobile.pth[0m
[32m[INFO] 2026-08-31 20:03:34,758 [RapidOCR] main.py:50: Using D:\Work\research\FileX\.venv-ai\Lib\site-packages\rapidocr\models\ch_ptocr_mobile_v2.0_cls_mobile.pth[0m
[32m[INFO] 2026-08-31 20:03:34,956 [RapidOCR] base.py:23: Using engine_name: torch[0m
[32m[INFO] 2026-08-31 20:03:34,957 [RapidOCR] device_config.py:64: Using GPU device with ID: 0[0m
[32m[INFO] 2026-08-31 20:03:34,980 [RapidOCR] download_file.py:60: File exists and is valid: D:\Work\research\FileX\.venv-ai\Lib\site-packages\rapidocr\models\PP-OCRv6_rec_small.pth[0m
[32m[INFO] 2026-08-31 20:03:34,980 [RapidOCR] main.py:50: Using D:\Work\research\FileX\.venv-ai\Lib\site-packages\rapidocr\models\PP-OCRv6_rec_small.pth[0m
{"config": "docling-r6", "doc": "escaneado_d5a", "ppp_nativo": 90, "ppp": 120, "factor": 1.333, "png": "ppp120__escaneado_d5a.png", "png_identify": "776x1068 47.24000000000000199,47.24000000000000199 PixelsPerCentimeter", "preflight": {"vram_libre_mib": 8424, "mpx_actual": 0.829, "mpx_pendiente_ordenada": 0}, "entrada": "PDF via Docling; scale explicita", "dispositivo": "GPU CUDA", "rc": [1, 1, 1, 1, 1, 1, 1, 1, 1], "error": ["FileNotFoundError: [WinError 3] El sistema no puede encontrar la ruta especificada: '\\\\\\\\?\\\\\\\\wsl.localhost\\\\Ubuntu\\\\'", "FileNotFoundError: [WinError 3] El sistema no puede encontrar la ruta especificada: '\\\\\\\\?\\\\\\\\wsl.localhost\\\\Ubuntu\\\\'", "FileNotFoundError: [WinError 3] El sistema no puede encontrar la ruta especificada: '\\\\\\\\?\\\\\\\\wsl.localhost\\\\Ubuntu\\\\'", "FileNotFoundError: [WinError 3] El sistema no puede encontrar la ruta especificada: '\\\\\\\\?\\\\\\\\wsl.localhost\\\\Ubuntu\\\\'", "FileNotFoundError: [WinError 3] El sistema no puede encontrar la ruta especificada: '\\\\\\\\?\\\\\\\\wsl.localhost\\\\Ubuntu\\\\'", "FileNotFoundError: [WinError 3] El sistema no puede encontrar la ruta especificada: '\\\\\\\\?\\\\\\\\wsl.localhost\\\\Ubuntu\\\\'", "FileNotFoundError: [WinError 3] El sistema no puede encontrar la ruta especificada: '\\\\\\\\?\\\\\\\\wsl.localhost\\\\Ubuntu\\\\'", "FileNotFoundError: [WinError 3] El sistema no puede encontrar la ruta especificada: '\\\\\\\\?\\\\\\\\wsl.localhost\\\\Ubuntu\\\\'", "FileNotFoundError: [WinError 3] El sistema no puede encontrar la ruta especificada: '\\\\\\\\?\\\\\\\\wsl.localhost\\\\Ubuntu\\\\'"], "n": 9, "ms_mediana": 1712.1, "determinista": true, "metrica": "acentos", "cer_pct": 100.0, "cer_acentos_pct": 100.0, "cer_ciego_pct": 100.0, "dist_acentos": 596, "texto": "docling-r6__ppp120__escaneado_d5a.txt"}
[32m[INFO] 2026-08-31 20:03:36,454 [RapidOCR] base.py:23: Using engine_name: torch[0m
[32m[INFO] 2026-08-31 20:03:36,454 [RapidOCR] device_config.py:64: Using GPU device with ID: 0[0m
[32m[INFO] 2026-08-31 20:03:36,466 [RapidOCR] download_file.py:60: File exists and is valid: D:\Work\research\FileX\.venv-ai\Lib\site-packages\rapidocr\models\PP-OCRv6_det_small.pth[0m
[32m[INFO] 2026-08-31 20:03:36,466 [RapidOCR] main.py:50: Using D:\Work\research\FileX\.venv-ai\Lib\site-packages\rapidocr\models\PP-OCRv6_det_small.pth[0m
[32m[INFO] 2026-08-31 20:03:36,785 [RapidOCR] base.py:23: Using engine_name: torch[0m
[32m[INFO] 2026-08-31 20:03:36,786 [RapidOCR] device_config.py:64: Using GPU device with ID: 0[0m
[32m[INFO] 2026-08-31 20:03:36,787 [RapidOCR] download_file.py:60: File exists and is valid: D:\Work\research\FileX\.venv-ai\Lib\site-packages\rapidocr\models\ch_ptocr_mobile_v2.0_cls_mobile.pth[0m
[32m[INFO] 2026-08-31 20:03:36,787 [RapidOCR] main.py:50: Using D:\Work\research\FileX\.venv-ai\Lib\site-packages\rapidocr\models\ch_ptocr_mobile_v2.0_cls_mobile.pth[0m
[32m[INFO] 2026-08-31 20:03:36,966 [RapidOCR] base.py:23: Using engine_name: torch[0m
[32m[INFO] 2026-08-31 20:03:36,967 [RapidOCR] device_config.py:64: Using GPU device with ID: 0[0m
[32m[INFO] 2026-08-31 20:03:36,988 [RapidOCR] download_file.py:60: File exists and is valid: D:\Work\research\FileX\.venv-ai\Lib\site-packages\rapidocr\models\PP-OCRv6_rec_small.pth[0m
[32m[INFO] 2026-08-31 20:03:36,989 [RapidOCR] main.py:50: Using D:\Work\research\FileX\.venv-ai\Lib\site-packages\rapidocr\models\PP-OCRv6_rec_small.pth[0m
[32m[INFO] 2026-08-31 20:03:38,245 [RapidOCR] base.py:23: Using engine_name: torch[0m
[32m[INFO] 2026-08-31 20:03:38,246 [RapidOCR] device_config.py:64: Using GPU device with ID: 0[0m
[32m[INFO] 2026-08-31 20:03:38,257 [RapidOCR] download_file.py:60: File exists and is valid: D:\Work\research\FileX\.venv-ai\Lib\site-packages\rapidocr\models\PP-OCRv6_det_small.pth[0m
[32m[INFO] 2026-08-31 20:03:38,257 [RapidOCR] main.py:50: Using D:\Work\research\FileX\.venv-ai\Lib\site-packages\rapidocr\models\PP-OCRv6_det_small.pth[0m
[32m[INFO] 2026-08-31 20:03:38,749 [RapidOCR] base.py:23: Using engine_name: torch[0m
[32m[INFO] 2026-08-31 20:03:38,750 [RapidOCR] device_config.py:64: Using GPU device with ID: 0[0m
[32m[INFO] 2026-08-31 20:03:38,751 [RapidOCR] download_file.py:60: File exists and is valid: D:\Work\research\FileX\.venv-ai\Lib\site-packages\rapidocr\models\ch_ptocr_mobile_v2.0_cls_mobile.pth[0m
[32m[INFO] 2026-08-31 20:03:38,751 [RapidOCR] main.py:50: Using D:\Work\research\FileX\.venv-ai\Lib\site-packages\rapidocr\models\ch_ptocr_mobile_v2.0_cls_mobile.pth[0m
[32m[INFO] 2026-08-31 20:03:38,917 [RapidOCR] base.py:23: Using engine_name: torch[0m
[32m[INFO] 2026-08-31 20:03:38,917 [RapidOCR] device_config.py:64: Using GPU device with ID: 0[0m
[32m[INFO] 2026-08-31 20:03:38,937 [RapidOCR] download_file.py:60: File exists and is valid: D:\Work\research\FileX\.venv-ai\Lib\site-packages\rapidocr\models\PP-OCRv6_rec_small.pth[0m
[32m[INFO] 2026-08-31 20:03:38,937 [RapidOCR] main.py:50: Using D:\Work\research\FileX\.venv-ai\Lib\site-packages\rapidocr\models\PP-OCRv6_rec_small.pth[0m
[32m[INFO] 2026-08-31 20:03:40,337 [RapidOCR] base.py:23: Using engine_name: torch[0m
[32m[INFO] 2026-08-31 20:03:40,338 [RapidOCR] device_config.py:64: Using GPU device with ID: 0[0m
[32m[INFO] 2026-08-31 20:03:40,348 [RapidOCR] download_file.py:60: File exists and is valid: D:\Work\research\FileX\.venv-ai\Lib\site-packages\rapidocr\models\PP-OCRv6_det_small.pth[0m
[32m[INFO] 2026-08-31 20:03:40,349 [RapidOCR] main.py:50: Using D:\Work\research\FileX\.venv-ai\Lib\site-packages\rapidocr\models\PP-OCRv6_det_small.pth[0m
[32m[INFO] 2026-08-31 20:03:40,674 [RapidOCR] base.py:23: Using engine_name: torch[0m
[32m[INFO] 2026-08-31 20:03:40,675 [RapidOCR] device_config.py:64: Using GPU device with ID: 0[0m
[32m[INFO] 2026-08-31 20:03:40,676 [RapidOCR] download_file.py:60: File exists and is valid: D:\Work\research\FileX\.venv-ai\Lib\site-packages\rapidocr\models\ch_ptocr_mobile_v2.0_cls_mobile.pth[0m
[32m[INFO] 2026-08-31 20:03:40,676 [RapidOCR] main.py:50: Using D:\Work\research\FileX\.venv-ai\Lib\site-packages\rapidocr\models\ch_ptocr_mobile_v2.0_cls_mobile.pth[0m
[32m[INFO] 2026-08-31 20:03:40,855 [RapidOCR] base.py:23: Using engine_name: torch[0m
[32m[INFO] 2026-08-31 20:03:40,856 [RapidOCR] device_config.py:64: Using GPU device with ID: 0[0m
[32m[INFO] 2026-08-31 20:03:40,876 [RapidOCR] download_file.py:60: File exists and is valid: D:\Work\research\FileX\.venv-ai\Lib\site-packages\rapidocr\models\PP-OCRv6_rec_small.pth[0m
[32m[INFO] 2026-08-31 20:03:40,877 [RapidOCR] main.py:50: Using D:\Work\research\FileX\.venv-ai\Lib\site-packages\rapidocr\models\PP-OCRv6_rec_small.pth[0m
[32m[INFO] 2026-08-31 20:03:42,169 [RapidOCR] base.py:23: Using engine_name: torch[0m
[32m[INFO] 2026-08-31 20:03:42,169 [RapidOCR] device_config.py:64: Using GPU device with ID: 0[0m
[32m[INFO] 2026-08-31 20:03:42,178 [RapidOCR] download_file.py:60: File exists and is valid: D:\Work\research\FileX\.venv-ai\Lib\site-packages\rapidocr\models\PP-OCRv6_det_small.pth[0m
[32m[INFO] 2026-08-31 20:03:42,178 [RapidOCR] main.py:50: Using D:\Work\research\FileX\.venv-ai\Lib\site-packages\rapidocr\models\PP-OCRv6_det_small.pth[0m
[32m[INFO] 2026-08-31 20:03:42,484 [RapidOCR] base.py:23: Using engine_name: torch[0m
[32m[INFO] 2026-08-31 20:03:42,485 [RapidOCR] device_config.py:64: Using GPU device with ID: 0[0m
[32m[INFO] 2026-08-31 20:03:42,487 [RapidOCR] download_file.py:60: File exists and is valid: D:\Work\research\FileX\.venv-ai\Lib\site-packages\rapidocr\models\ch_ptocr_mobile_v2.0_cls_mobile.pth[0m
[32m[INFO] 2026-08-31 20:03:42,487 [RapidOCR] main.py:50: Using D:\Work\research\FileX\.venv-ai\Lib\site-packages\rapidocr\models\ch_ptocr_mobile_v2.0_cls_mobile.pth[0m
[32m[INFO] 2026-08-31 20:03:42,665 [RapidOCR] base.py:23: Using engine_name: torch[0m
[32m[INFO] 2026-08-31 20:03:42,665 [RapidOCR] device_config.py:64: Using GPU device with ID: 0[0m
[32m[INFO] 2026-08-31 20:03:42,684 [RapidOCR] download_file.py:60: File exists and is valid: D:\Work\research\FileX\.venv-ai\Lib\site-packages\rapidocr\models\PP-OCRv6_rec_small.pth[0m
[32m[INFO] 2026-08-31 20:03:42,684 [RapidOCR] main.py:50: Using D:\Work\research\FileX\.venv-ai\Lib\site-packages\rapidocr\models\PP-OCRv6_rec_small.pth[0m
[32m[INFO] 2026-08-31 20:03:43,944 [RapidOCR] base.py:23: Using engine_name: torch[0m
[32m[INFO] 2026-08-31 20:03:43,944 [RapidOCR] device_config.py:64: Using GPU device with ID: 0[0m
[32m[INFO] 2026-08-31 20:03:43,955 [RapidOCR] download_file.py:60: File exists and is valid: D:\Work\research\FileX\.venv-ai\Lib\site-packages\rapidocr\models\PP-OCRv6_det_small.pth[0m
[32m[INFO] 2026-08-31 20:03:43,955 [RapidOCR] main.py:50: Using D:\Work\research\FileX\.venv-ai\Lib\site-packages\rapidocr\models\PP-OCRv6_det_small.pth[0m
[32m[INFO] 2026-08-31 20:03:44,503 [RapidOCR] base.py:23: Using engine_name: torch[0m
[32m[INFO] 2026-08-31 20:03:44,505 [RapidOCR] device_config.py:64: Using GPU device with ID: 0[0m
[32m[INFO] 2026-08-31 20:03:44,507 [RapidOCR] download_file.py:60: File exists and is valid: D:\Work\research\FileX\.venv-ai\Lib\site-packages\rapidocr\models\ch_ptocr_mobile_v2.0_cls_mobile.pth[0m
[32m[INFO] 2026-08-31 20:03:44,507 [RapidOCR] main.py:50: Using D:\Work\research\FileX\.venv-ai\Lib\site-packages\rapidocr\models\ch_ptocr_mobile_v2.0_cls_mobile.pth[0m
[32m[INFO] 2026-08-31 20:03:44,696 [RapidOCR] base.py:23: Using engine_name: torch[0m
[32m[INFO] 2026-08-31 20:03:44,697 [RapidOCR] device_config.py:64: Using GPU device with ID: 0[0m
[32m[INFO] 2026-08-31 20:03:44,717 [RapidOCR] download_file.py:60: File exists and is valid: D:\Work\research\FileX\.venv-ai\Lib\site-packages\rapidocr\models\PP-OCRv6_rec_small.pth[0m
[32m[INFO] 2026-08-31 20:03:44,717 [RapidOCR] main.py:50: Using D:\Work\research\FileX\.venv-ai\Lib\site-packages\rapidocr\models\PP-OCRv6_rec_small.pth[0m
[32m[INFO] 2026-08-31 20:03:46,114 [RapidOCR] base.py:23: Using engine_name: torch[0m
[32m[INFO] 2026-08-31 20:03:46,114 [RapidOCR] device_config.py:64: Using GPU device with ID: 0[0m
[32m[INFO] 2026-08-31 20:03:46,124 [RapidOCR] download_file.py:60: File exists and is valid: D:\Work\research\FileX\.venv-ai\Lib\site-packages\rapidocr\models\PP-OCRv6_det_small.pth[0m
[32m[INFO] 2026-08-31 20:03:46,125 [RapidOCR] main.py:50: Using D:\Work\research\FileX\.venv-ai\Lib\site-packages\rapidocr\models\PP-OCRv6_det_small.pth[0m
[32m[INFO] 2026-08-31 20:03:46,446 [RapidOCR] base.py:23: Using engine_name: torch[0m
[32m[INFO] 2026-08-31 20:03:46,447 [RapidOCR] device_config.py:64: Using GPU device with ID: 0[0m
[32m[INFO] 2026-08-31 20:03:46,448 [RapidOCR] download_file.py:60: File exists and is valid: D:\Work\research\FileX\.venv-ai\Lib\site-packages\rapidocr\models\ch_ptocr_mobile_v2.0_cls_mobile.pth[0m
[32m[INFO] 2026-08-31 20:03:46,448 [RapidOCR] main.py:50: Using D:\Work\research\FileX\.venv-ai\Lib\site-packages\rapidocr\models\ch_ptocr_mobile_v2.0_cls_mobile.pth[0m
[32m[INFO] 2026-08-31 20:03:46,621 [RapidOCR] base.py:23: Using engine_name: torch[0m
[32m[INFO] 2026-08-31 20:03:46,622 [RapidOCR] device_config.py:64: Using GPU device with ID: 0[0m
[32m[INFO] 2026-08-31 20:03:46,641 [RapidOCR] download_file.py:60: File exists and is valid: D:\Work\research\FileX\.venv-ai\Lib\site-packages\rapidocr\models\PP-OCRv6_rec_small.pth[0m
[32m[INFO] 2026-08-31 20:03:46,641 [RapidOCR] main.py:50: Using D:\Work\research\FileX\.venv-ai\Lib\site-packages\rapidocr\models\PP-OCRv6_rec_small.pth[0m
[32m[INFO] 2026-08-31 20:03:47,900 [RapidOCR] base.py:23: Using engine_name: torch[0m
[32m[INFO] 2026-08-31 20:03:47,901 [RapidOCR] device_config.py:64: Using GPU device with ID: 0[0m
[32m[INFO] 2026-08-31 20:03:47,911 [RapidOCR] download_file.py:60: File exists and is valid: D:\Work\research\FileX\.venv-ai\Lib\site-packages\rapidocr\models\PP-OCRv6_det_small.pth[0m
[32m[INFO] 2026-08-31 20:03:47,912 [RapidOCR] main.py:50: Using D:\Work\research\FileX\.venv-ai\Lib\site-packages\rapidocr\models\PP-OCRv6_det_small.pth[0m
[32m[INFO] 2026-08-31 20:03:48,226 [RapidOCR] base.py:23: Using engine_name: torch[0m
[32m[INFO] 2026-08-31 20:03:48,226 [RapidOCR] device_config.py:64: Using GPU device with ID: 0[0m
[32m[INFO] 2026-08-31 20:03:48,228 [RapidOCR] download_file.py:60: File exists and is valid: D:\Work\research\FileX\.venv-ai\Lib\site-packages\rapidocr\models\ch_ptocr_mobile_v2.0_cls_mobile.pth[0m
[32m[INFO] 2026-08-31 20:03:48,228 [RapidOCR] main.py:50: Using D:\Work\research\FileX\.venv-ai\Lib\site-packages\rapidocr\models\ch_ptocr_mobile_v2.0_cls_mobile.pth[0m
[32m[INFO] 2026-08-31 20:03:48,423 [RapidOCR] base.py:23: Using engine_name: torch[0m
[32m[INFO] 2026-08-31 20:03:48,424 [RapidOCR] device_config.py:64: Using GPU device with ID: 0[0m
[32m[INFO] 2026-08-31 20:03:48,444 [RapidOCR] download_file.py:60: File exists and is valid: D:\Work\research\FileX\.venv-ai\Lib\site-packages\rapidocr\models\PP-OCRv6_rec_small.pth[0m
[32m[INFO] 2026-08-31 20:03:48,444 [RapidOCR] main.py:50: Using D:\Work\research\FileX\.venv-ai\Lib\site-packages\rapidocr\models\PP-OCRv6_rec_small.pth[0m
[32m[INFO] 2026-08-31 20:03:49,887 [RapidOCR] base.py:23: Using engine_name: torch[0m
[32m[INFO] 2026-08-31 20:03:49,887 [RapidOCR] device_config.py:64: Using GPU device with ID: 0[0m
[32m[INFO] 2026-08-31 20:03:49,898 [RapidOCR] download_file.py:60: File exists and is valid: D:\Work\research\FileX\.venv-ai\Lib\site-packages\rapidocr\models\PP-OCRv6_det_small.pth[0m
[32m[INFO] 2026-08-31 20:03:49,898 [RapidOCR] main.py:50: Using D:\Work\research\FileX\.venv-ai\Lib\site-packages\rapidocr\models\PP-OCRv6_det_small.pth[0m
[32m[INFO] 2026-08-31 20:03:50,244 [RapidOCR] base.py:23: Using engine_name: torch[0m
[32m[INFO] 2026-08-31 20:03:50,244 [RapidOCR] device_config.py:64: Using GPU device with ID: 0[0m
[32m[INFO] 2026-08-31 20:03:50,245 [RapidOCR] download_file.py:60: File exists and is valid: D:\Work\research\FileX\.venv-ai\Lib\site-packages\rapidocr\models\ch_ptocr_mobile_v2.0_cls_mobile.pth[0m
[32m[INFO] 2026-08-31 20:03:50,246 [RapidOCR] main.py:50: Using D:\Work\research\FileX\.venv-ai\Lib\site-packages\rapidocr\models\ch_ptocr_mobile_v2.0_cls_mobile.pth[0m
[32m[INFO] 2026-08-31 20:03:50,689 [RapidOCR] base.py:23: Using engine_name: torch[0m
[32m[INFO] 2026-08-31 20:03:50,690 [RapidOCR] device_config.py:64: Using GPU device with ID: 0[0m
[32m[INFO] 2026-08-31 20:03:50,711 [RapidOCR] download_file.py:60: File exists and is valid: D:\Work\research\FileX\.venv-ai\Lib\site-packages\rapidocr\models\PP-OCRv6_rec_small.pth[0m
[32m[INFO] 2026-08-31 20:03:50,711 [RapidOCR] main.py:50: Using D:\Work\research\FileX\.venv-ai\Lib\site-packages\rapidocr\models\PP-OCRv6_rec_small.pth[0m
[32m[INFO] 2026-08-31 20:03:52,037 [RapidOCR] base.py:23: Using engine_name: torch[0m
[32m[INFO] 2026-08-31 20:03:52,038 [RapidOCR] device_config.py:64: Using GPU device with ID: 0[0m
[32m[INFO] 2026-08-31 20:03:52,048 [RapidOCR] download_file.py:60: File exists and is valid: D:\Work\research\FileX\.venv-ai\Lib\site-packages\rapidocr\models\PP-OCRv6_det_small.pth[0m
[32m[INFO] 2026-08-31 20:03:52,048 [RapidOCR] main.py:50: Using D:\Work\research\FileX\.venv-ai\Lib\site-packages\rapidocr\models\PP-OCRv6_det_small.pth[0m
[32m[INFO] 2026-08-31 20:03:52,412 [RapidOCR] base.py:23: Using engine_name: torch[0m
[32m[INFO] 2026-08-31 20:03:52,412 [RapidOCR] device_config.py:64: Using GPU device with ID: 0[0m
[32m[INFO] 2026-08-31 20:03:52,414 [RapidOCR] download_file.py:60: File exists and is valid: D:\Work\research\FileX\.venv-ai\Lib\site-packages\rapidocr\models\ch_ptocr_mobile_v2.0_cls_mobile.pth[0m
[32m[INFO] 2026-08-31 20:03:52,414 [RapidOCR] main.py:50: Using D:\Work\research\FileX\.venv-ai\Lib\site-packages\rapidocr\models\ch_ptocr_mobile_v2.0_cls_mobile.pth[0m
[32m[INFO] 2026-08-31 20:03:52,605 [RapidOCR] base.py:23: Using engine_name: torch[0m
[32m[INFO] 2026-08-31 20:03:52,606 [RapidOCR] device_config.py:64: Using GPU device with ID: 0[0m
[32m[INFO] 2026-08-31 20:03:52,630 [RapidOCR] download_file.py:60: File exists and is valid: D:\Work\research\FileX\.venv-ai\Lib\site-packages\rapidocr\models\PP-OCRv6_rec_small.pth[0m
[32m[INFO] 2026-08-31 20:03:52,630 [RapidOCR] main.py:50: Using D:\Work\research\FileX\.venv-ai\Lib\site-packages\rapidocr\models\PP-OCRv6_rec_small.pth[0m
[32m[INFO] 2026-08-31 20:03:54,263 [RapidOCR] base.py:23: Using engine_name: torch[0m
[32m[INFO] 2026-08-31 20:03:54,264 [RapidOCR] device_config.py:64: Using GPU device with ID: 0[0m
[32m[INFO] 2026-08-31 20:03:54,274 [RapidOCR] download_file.py:60: File exists and is valid: D:\Work\research\FileX\.venv-ai\Lib\site-packages\rapidocr\models\PP-OCRv6_det_small.pth[0m
[32m[INFO] 2026-08-31 20:03:54,274 [RapidOCR] main.py:50: Using D:\Work\research\FileX\.venv-ai\Lib\site-packages\rapidocr\models\PP-OCRv6_det_small.pth[0m
[32m[INFO] 2026-08-31 20:03:54,624 [RapidOCR] base.py:23: Using engine_name: torch[0m
[32m[INFO] 2026-08-31 20:03:54,624 [RapidOCR] device_config.py:64: Using GPU device with ID: 0[0m
[32m[INFO] 2026-08-31 20:03:54,626 [RapidOCR] download_file.py:60: File exists and is valid: D:\Work\research\FileX\.venv-ai\Lib\site-packages\rapidocr\models\ch_ptocr_mobile_v2.0_cls_mobile.pth[0m
[32m[INFO] 2026-08-31 20:03:54,626 [RapidOCR] main.py:50: Using D:\Work\research\FileX\.venv-ai\Lib\site-packages\rapidocr\models\ch_ptocr_mobile_v2.0_cls_mobile.pth[0m
[32m[INFO] 2026-08-31 20:03:54,833 [RapidOCR] base.py:23: Using engine_name: torch[0m
[32m[INFO] 2026-08-31 20:03:54,834 [RapidOCR] device_config.py:64: Using GPU device with ID: 0[0m
[32m[INFO] 2026-08-31 20:03:54,856 [RapidOCR] download_file.py:60: File exists and is valid: D:\Work\research\FileX\.venv-ai\Lib\site-packages\rapidocr\models\PP-OCRv6_rec_small.pth[0m
[32m[INFO] 2026-08-31 20:03:54,856 [RapidOCR] main.py:50: Using D:\Work\research\FileX\.venv-ai\Lib\site-packages\rapidocr\models\PP-OCRv6_rec_small.pth[0m
{"config": "docling-r6", "doc": "escaneado_d5a", "ppp_nativo": 90, "ppp": 125, "factor": 1.389, "png": "ppp125__escaneado_d5a.png", "png_identify": "808x1112 49.210000000000000853,49.210000000000000853 PixelsPerCentimeter", "preflight": {"vram_libre_mib": 8481, "mpx_actual": 0.898, "mpx_pendiente_ordenada": 0}, "entrada": "PDF via Docling; scale explicita", "dispositivo": "GPU CUDA", "rc": [1, 1, 1, 1, 1, 1, 1, 1, 1], "error": ["FileNotFoundError: [WinError 3] El sistema no puede encontrar la ruta especificada: '\\\\\\\\?\\\\\\\\wsl.localhost\\\\Ubuntu\\\\'", "FileNotFoundError: [WinError 3] El sistema no puede encontrar la ruta especificada: '\\\\\\\\?\\\\\\\\wsl.localhost\\\\Ubuntu\\\\'", "FileNotFoundError: [WinError 3] El sistema no puede encontrar la ruta especificada: '\\\\\\\\?\\\\\\\\wsl.localhost\\\\Ubuntu\\\\'", "FileNotFoundError: [WinError 3] El sistema no puede encontrar la ruta especificada: '\\\\\\\\?\\\\\\\\wsl.localhost\\\\Ubuntu\\\\'", "FileNotFoundError: [WinError 3] El sistema no puede encontrar la ruta especificada: '\\\\\\\\?\\\\\\\\wsl.localhost\\\\Ubuntu\\\\'", "FileNotFoundError: [WinError 3] El sistema no puede encontrar la ruta especificada: '\\\\\\\\?\\\\\\\\wsl.localhost\\\\Ubuntu\\\\'", "FileNotFoundError: [WinError 3] El sistema no puede encontrar la ruta especificada: '\\\\\\\\?\\\\\\\\wsl.localhost\\\\Ubuntu\\\\'", "FileNotFoundError: [WinError 3] El sistema no puede encontrar la ruta especificada: '\\\\\\\\?\\\\\\\\wsl.localhost\\\\Ubuntu\\\\'", "FileNotFoundError: [WinError 3] El sistema no puede encontrar la ruta especificada: '\\\\\\\\?\\\\\\\\wsl.localhost\\\\Ubuntu\\\\'"], "n": 9, "ms_mediana": 2088.7, "determinista": true, "metrica": "acentos", "cer_pct": 100.0, "cer_acentos_pct": 100.0, "cer_ciego_pct": 100.0, "dist_acentos": 596, "texto": "docling-r6__ppp125__escaneado_d5a.txt"}
[32m[INFO] 2026-08-31 20:03:56,591 [RapidOCR] base.py:23: Using engine_name: torch[0m
[32m[INFO] 2026-08-31 20:03:56,592 [RapidOCR] device_config.py:64: Using GPU device with ID: 0[0m
[32m[INFO] 2026-08-31 20:03:56,605 [RapidOCR] download_file.py:60: File exists and is valid: D:\Work\research\FileX\.venv-ai\Lib\site-packages\rapidocr\models\PP-OCRv6_det_small.pth[0m
[32m[INFO] 2026-08-31 20:03:56,605 [RapidOCR] main.py:50: Using D:\Work\research\FileX\.venv-ai\Lib\site-packages\rapidocr\models\PP-OCRv6_det_small.pth[0m
[32m[INFO] 2026-08-31 20:03:56,893 [RapidOCR] base.py:23: Using engine_name: torch[0m
[32m[INFO] 2026-08-31 20:03:56,893 [RapidOCR] device_config.py:64: Using GPU device with ID: 0[0m
[32m[INFO] 2026-08-31 20:03:56,895 [RapidOCR] download_file.py:60: File exists and is valid: D:\Work\research\FileX\.venv-ai\Lib\site-packages\rapidocr\models\ch_ptocr_mobile_v2.0_cls_mobile.pth[0m
[32m[INFO] 2026-08-31 20:03:56,895 [RapidOCR] main.py:50: Using D:\Work\research\FileX\.venv-ai\Lib\site-packages\rapidocr\models\ch_ptocr_mobile_v2.0_cls_mobile.pth[0m
[32m[INFO] 2026-08-31 20:03:57,108 [RapidOCR] base.py:23: Using engine_name: torch[0m
[32m[INFO] 2026-08-31 20:03:57,108 [RapidOCR] device_config.py:64: Using GPU device with ID: 0[0m
[32m[INFO] 2026-08-31 20:03:57,131 [RapidOCR] download_file.py:60: File exists and is valid: D:\Work\research\FileX\.venv-ai\Lib\site-packages\rapidocr\models\PP-OCRv6_rec_small.pth[0m
[32m[INFO] 2026-08-31 20:03:57,132 [RapidOCR] main.py:50: Using D:\Work\research\FileX\.venv-ai\Lib\site-packages\rapidocr\models\PP-OCRv6_rec_small.pth[0m
[32m[INFO] 2026-08-31 20:03:59,131 [RapidOCR] base.py:23: Using engine_name: torch[0m
[32m[INFO] 2026-08-31 20:03:59,132 [RapidOCR] device_config.py:64: Using GPU device with ID: 0[0m
[32m[INFO] 2026-08-31 20:03:59,143 [RapidOCR] download_file.py:60: File exists and is valid: D:\Work\research\FileX\.venv-ai\Lib\site-packages\rapidocr\models\PP-OCRv6_det_small.pth[0m
[32m[INFO] 2026-08-31 20:03:59,143 [RapidOCR] main.py:50: Using D:\Work\research\FileX\.venv-ai\Lib\site-packages\rapidocr\models\PP-OCRv6_det_small.pth[0m
[32m[INFO] 2026-08-31 20:03:59,474 [RapidOCR] base.py:23: Using engine_name: torch[0m
[32m[INFO] 2026-08-31 20:03:59,474 [RapidOCR] device_config.py:64: Using GPU device with ID: 0[0m
[32m[INFO] 2026-08-31 20:03:59,476 [RapidOCR] download_file.py:60: File exists and is valid: D:\Work\research\FileX\.venv-ai\Lib\site-packages\rapidocr\models\ch_ptocr_mobile_v2.0_cls_mobile.pth[0m
[32m[INFO] 2026-08-31 20:03:59,476 [RapidOCR] main.py:50: Using D:\Work\research\FileX\.venv-ai\Lib\site-packages\rapidocr\models\ch_ptocr_mobile_v2.0_cls_mobile.pth[0m
[32m[INFO] 2026-08-31 20:03:59,662 [RapidOCR] base.py:23: Using engine_name: torch[0m
[32m[INFO] 2026-08-31 20:03:59,663 [RapidOCR] device_config.py:64: Using GPU device with ID: 0[0m
[32m[INFO] 2026-08-31 20:03:59,685 [RapidOCR] download_file.py:60: File exists and is valid: D:\Work\research\FileX\.venv-ai\Lib\site-packages\rapidocr\models\PP-OCRv6_rec_small.pth[0m
[32m[INFO] 2026-08-31 20:03:59,685 [RapidOCR] main.py:50: Using D:\Work\research\FileX\.venv-ai\Lib\site-packages\rapidocr\models\PP-OCRv6_rec_small.pth[0m
[32m[INFO] 2026-08-31 20:04:01,068 [RapidOCR] base.py:23: Using engine_name: torch[0m
[32m[INFO] 2026-08-31 20:04:01,069 [RapidOCR] device_config.py:64: Using GPU device with ID: 0[0m
[32m[INFO] 2026-08-31 20:04:01,079 [RapidOCR] download_file.py:60: File exists and is valid: D:\Work\research\FileX\.venv-ai\Lib\site-packages\rapidocr\models\PP-OCRv6_det_small.pth[0m
[32m[INFO] 2026-08-31 20:04:01,080 [RapidOCR] main.py:50: Using D:\Work\research\FileX\.venv-ai\Lib\site-packages\rapidocr\models\PP-OCRv6_det_small.pth[0m
[32m[INFO] 2026-08-31 20:04:01,389 [RapidOCR] base.py:23: Using engine_name: torch[0m
[32m[INFO] 2026-08-31 20:04:01,390 [RapidOCR] device_config.py:64: Using GPU device with ID: 0[0m
[32m[INFO] 2026-08-31 20:04:01,391 [RapidOCR] download_file.py:60: File exists and is valid: D:\Work\research\FileX\.venv-ai\Lib\site-packages\rapidocr\models\ch_ptocr_mobile_v2.0_cls_mobile.pth[0m
[32m[INFO] 2026-08-31 20:04:01,391 [RapidOCR] main.py:50: Using D:\Work\research\FileX\.venv-ai\Lib\site-packages\rapidocr\models\ch_ptocr_mobile_v2.0_cls_mobile.pth[0m
[32m[INFO] 2026-08-31 20:04:01,577 [RapidOCR] base.py:23: Using engine_name: torch[0m
[32m[INFO] 2026-08-31 20:04:01,578 [RapidOCR] device_config.py:64: Using GPU device with ID: 0[0m
[32m[INFO] 2026-08-31 20:04:01,600 [RapidOCR] download_file.py:60: File exists and is valid: D:\Work\research\FileX\.venv-ai\Lib\site-packages\rapidocr\models\PP-OCRv6_rec_small.pth[0m
[32m[INFO] 2026-08-31 20:04:01,600 [RapidOCR] main.py:50: Using D:\Work\research\FileX\.venv-ai\Lib\site-packages\rapidocr\models\PP-OCRv6_rec_small.pth[0m
[32m[INFO] 2026-08-31 20:04:03,066 [RapidOCR] base.py:23: Using engine_name: torch[0m
[32m[INFO] 2026-08-31 20:04:03,066 [RapidOCR] device_config.py:64: Using GPU device with ID: 0[0m
[32m[INFO] 2026-08-31 20:04:03,077 [RapidOCR] download_file.py:60: File exists and is valid: D:\Work\research\FileX\.venv-ai\Lib\site-packages\rapidocr\models\PP-OCRv6_det_small.pth[0m
[32m[INFO] 2026-08-31 20:04:03,078 [RapidOCR] main.py:50: Using D:\Work\research\FileX\.venv-ai\Lib\site-packages\rapidocr\models\PP-OCRv6_det_small.pth[0m
[32m[INFO] 2026-08-31 20:04:03,429 [RapidOCR] base.py:23: Using engine_name: torch[0m
[32m[INFO] 2026-08-31 20:04:03,429 [RapidOCR] device_config.py:64: Using GPU device with ID: 0[0m
[32m[INFO] 2026-08-31 20:04:03,431 [RapidOCR] download_file.py:60: File exists and is valid: D:\Work\research\FileX\.venv-ai\Lib\site-packages\rapidocr\models\ch_ptocr_mobile_v2.0_cls_mobile.pth[0m
[32m[INFO] 2026-08-31 20:04:03,431 [RapidOCR] main.py:50: Using D:\Work\research\FileX\.venv-ai\Lib\site-packages\rapidocr\models\ch_ptocr_mobile_v2.0_cls_mobile.pth[0m
[32m[INFO] 2026-08-31 20:04:03,628 [RapidOCR] base.py:23: Using engine_name: torch[0m
[32m[INFO] 2026-08-31 20:04:03,629 [RapidOCR] device_config.py:64: Using GPU device with ID: 0[0m
[32m[INFO] 2026-08-31 20:04:03,651 [RapidOCR] download_file.py:60: File exists and is valid: D:\Work\research\FileX\.venv-ai\Lib\site-packages\rapidocr\models\PP-OCRv6_rec_small.pth[0m
[32m[INFO] 2026-08-31 20:04:03,651 [RapidOCR] main.py:50: Using D:\Work\research\FileX\.venv-ai\Lib\site-packages\rapidocr\models\PP-OCRv6_rec_small.pth[0m
[32m[INFO] 2026-08-31 20:04:05,311 [RapidOCR] base.py:23: Using engine_name: torch[0m
[32m[INFO] 2026-08-31 20:04:05,311 [RapidOCR] device_config.py:64: Using GPU device with ID: 0[0m
[32m[INFO] 2026-08-31 20:04:05,321 [RapidOCR] download_file.py:60: File exists and is valid: D:\Work\research\FileX\.venv-ai\Lib\site-packages\rapidocr\models\PP-OCRv6_det_small.pth[0m
[32m[INFO] 2026-08-31 20:04:05,321 [RapidOCR] main.py:50: Using D:\Work\research\FileX\.venv-ai\Lib\site-packages\rapidocr\models\PP-OCRv6_det_small.pth[0m
[32m[INFO] 2026-08-31 20:04:05,653 [RapidOCR] base.py:23: Using engine_name: torch[0m
[32m[INFO] 2026-08-31 20:04:05,653 [RapidOCR] device_config.py:64: Using GPU device with ID: 0[0m
[32m[INFO] 2026-08-31 20:04:05,654 [RapidOCR] download_file.py:60: File exists and is valid: D:\Work\research\FileX\.venv-ai\Lib\site-packages\rapidocr\models\ch_ptocr_mobile_v2.0_cls_mobile.pth[0m
[32m[INFO] 2026-08-31 20:04:05,655 [RapidOCR] main.py:50: Using D:\Work\research\FileX\.venv-ai\Lib\site-packages\rapidocr\models\ch_ptocr_mobile_v2.0_cls_mobile.pth[0m
[32m[INFO] 2026-08-31 20:04:05,833 [RapidOCR] base.py:23: Using engine_name: torch[0m
[32m[INFO] 2026-08-31 20:04:05,833 [RapidOCR] device_config.py:64: Using GPU device with ID: 0[0m
[32m[INFO] 2026-08-31 20:04:05,854 [RapidOCR] download_file.py:60: File exists and is valid: D:\Work\research\FileX\.venv-ai\Lib\site-packages\rapidocr\models\PP-OCRv6_rec_small.pth[0m
[32m[INFO] 2026-08-31 20:04:05,854 [RapidOCR] main.py:50: Using D:\Work\research\FileX\.venv-ai\Lib\site-packages\rapidocr\models\PP-OCRv6_rec_small.pth[0m
[32m[INFO] 2026-08-31 20:04:07,405 [RapidOCR] base.py:23: Using engine_name: torch[0m
[32m[INFO] 2026-08-31 20:04:07,406 [RapidOCR] device_config.py:64: Using GPU device with ID: 0[0m
[32m[INFO] 2026-08-31 20:04:07,415 [RapidOCR] download_file.py:60: File exists and is valid: D:\Work\research\FileX\.venv-ai\Lib\site-packages\rapidocr\models\PP-OCRv6_det_small.pth[0m
[32m[INFO] 2026-08-31 20:04:07,416 [RapidOCR] main.py:50: Using D:\Work\research\FileX\.venv-ai\Lib\site-packages\rapidocr\models\PP-OCRv6_det_small.pth[0m
[32m[INFO] 2026-08-31 20:04:07,767 [RapidOCR] base.py:23: Using engine_name: torch[0m
[32m[INFO] 2026-08-31 20:04:07,768 [RapidOCR] device_config.py:64: Using GPU device with ID: 0[0m
[32m[INFO] 2026-08-31 20:04:07,769 [RapidOCR] download_file.py:60: File exists and is valid: D:\Work\research\FileX\.venv-ai\Lib\site-packages\rapidocr\models\ch_ptocr_mobile_v2.0_cls_mobile.pth[0m
[32m[INFO] 2026-08-31 20:04:07,769 [RapidOCR] main.py:50: Using D:\Work\research\FileX\.venv-ai\Lib\site-packages\rapidocr\models\ch_ptocr_mobile_v2.0_cls_mobile.pth[0m
[32m[INFO] 2026-08-31 20:04:07,970 [RapidOCR] base.py:23: Using engine_name: torch[0m
[32m[INFO] 2026-08-31 20:04:07,971 [RapidOCR] device_config.py:64: Using GPU device with ID: 0[0m
[32m[INFO] 2026-08-31 20:04:07,992 [RapidOCR] download_file.py:60: File exists and is valid: D:\Work\research\FileX\.venv-ai\Lib\site-packages\rapidocr\models\PP-OCRv6_rec_small.pth[0m
[32m[INFO] 2026-08-31 20:04:07,992 [RapidOCR] main.py:50: Using D:\Work\research\FileX\.venv-ai\Lib\site-packages\rapidocr\models\PP-OCRv6_rec_small.pth[0m
[32m[INFO] 2026-08-31 20:04:09,667 [RapidOCR] base.py:23: Using engine_name: torch[0m
[32m[INFO] 2026-08-31 20:04:09,668 [RapidOCR] device_config.py:64: Using GPU device with ID: 0[0m
[32m[INFO] 2026-08-31 20:04:09,677 [RapidOCR] download_file.py:60: File exists and is valid: D:\Work\research\FileX\.venv-ai\Lib\site-packages\rapidocr\models\PP-OCRv6_det_small.pth[0m
[32m[INFO] 2026-08-31 20:04:09,678 [RapidOCR] main.py:50: Using D:\Work\research\FileX\.venv-ai\Lib\site-packages\rapidocr\models\PP-OCRv6_det_small.pth[0m
[32m[INFO] 2026-08-31 20:04:09,995 [RapidOCR] base.py:23: Using engine_name: torch[0m
[32m[INFO] 2026-08-31 20:04:09,996 [RapidOCR] device_config.py:64: Using GPU device with ID: 0[0m
[32m[INFO] 2026-08-31 20:04:09,997 [RapidOCR] download_file.py:60: File exists and is valid: D:\Work\research\FileX\.venv-ai\Lib\site-packages\rapidocr\models\ch_ptocr_mobile_v2.0_cls_mobile.pth[0m
[32m[INFO] 2026-08-31 20:04:09,997 [RapidOCR] main.py:50: Using D:\Work\research\FileX\.venv-ai\Lib\site-packages\rapidocr\models\ch_ptocr_mobile_v2.0_cls_mobile.pth[0m
[32m[INFO] 2026-08-31 20:04:10,172 [RapidOCR] base.py:23: Using engine_name: torch[0m
[32m[INFO] 2026-08-31 20:04:10,173 [RapidOCR] device_config.py:64: Using GPU device with ID: 0[0m
[32m[INFO] 2026-08-31 20:04:10,193 [RapidOCR] download_file.py:60: File exists and is valid: D:\Work\research\FileX\.venv-ai\Lib\site-packages\rapidocr\models\PP-OCRv6_rec_small.pth[0m
[32m[INFO] 2026-08-31 20:04:10,193 [RapidOCR] main.py:50: Using D:\Work\research\FileX\.venv-ai\Lib\site-packages\rapidocr\models\PP-OCRv6_rec_small.pth[0m
[32m[INFO] 2026-08-31 20:04:12,016 [RapidOCR] base.py:23: Using engine_name: torch[0m
[32m[INFO] 2026-08-31 20:04:12,017 [RapidOCR] device_config.py:64: Using GPU device with ID: 0[0m
[32m[INFO] 2026-08-31 20:04:12,028 [RapidOCR] download_file.py:60: File exists and is valid: D:\Work\research\FileX\.venv-ai\Lib\site-packages\rapidocr\models\PP-OCRv6_det_small.pth[0m
[32m[INFO] 2026-08-31 20:04:12,028 [RapidOCR] main.py:50: Using D:\Work\research\FileX\.venv-ai\Lib\site-packages\rapidocr\models\PP-OCRv6_det_small.pth[0m
[32m[INFO] 2026-08-31 20:04:12,375 [RapidOCR] base.py:23: Using engine_name: torch[0m
[32m[INFO] 2026-08-31 20:04:12,376 [RapidOCR] device_config.py:64: Using GPU device with ID: 0[0m
[32m[INFO] 2026-08-31 20:04:12,378 [RapidOCR] download_file.py:60: File exists and is valid: D:\Work\research\FileX\.venv-ai\Lib\site-packages\rapidocr\models\ch_ptocr_mobile_v2.0_cls_mobile.pth[0m
[32m[INFO] 2026-08-31 20:04:12,378 [RapidOCR] main.py:50: Using D:\Work\research\FileX\.venv-ai\Lib\site-packages\rapidocr\models\ch_ptocr_mobile_v2.0_cls_mobile.pth[0m
[32m[INFO] 2026-08-31 20:04:12,578 [RapidOCR] base.py:23: Using engine_name: torch[0m
[32m[INFO] 2026-08-31 20:04:12,579 [RapidOCR] device_config.py:64: Using GPU device with ID: 0[0m
[32m[INFO] 2026-08-31 20:04:12,603 [RapidOCR] download_file.py:60: File exists and is valid: D:\Work\research\FileX\.venv-ai\Lib\site-packages\rapidocr\models\PP-OCRv6_rec_small.pth[0m
[32m[INFO] 2026-08-31 20:04:12,603 [RapidOCR] main.py:50: Using D:\Work\research\FileX\.venv-ai\Lib\site-packages\rapidocr\models\PP-OCRv6_rec_small.pth[0m
[32m[INFO] 2026-08-31 20:04:14,092 [RapidOCR] base.py:23: Using engine_name: torch[0m
[32m[INFO] 2026-08-31 20:04:14,093 [RapidOCR] device_config.py:64: Using GPU device with ID: 0[0m
[32m[INFO] 2026-08-31 20:04:14,104 [RapidOCR] download_file.py:60: File exists and is valid: D:\Work\research\FileX\.venv-ai\Lib\site-packages\rapidocr\models\PP-OCRv6_det_small.pth[0m
[32m[INFO] 2026-08-31 20:04:14,104 [RapidOCR] main.py:50: Using D:\Work\research\FileX\.venv-ai\Lib\site-packages\rapidocr\models\PP-OCRv6_det_small.pth[0m
[32m[INFO] 2026-08-31 20:04:14,429 [RapidOCR] base.py:23: Using engine_name: torch[0m
[32m[INFO] 2026-08-31 20:04:14,430 [RapidOCR] device_config.py:64: Using GPU device with ID: 0[0m
[32m[INFO] 2026-08-31 20:04:14,431 [RapidOCR] download_file.py:60: File exists and is valid: D:\Work\research\FileX\.venv-ai\Lib\site-packages\rapidocr\models\ch_ptocr_mobile_v2.0_cls_mobile.pth[0m
[32m[INFO] 2026-08-31 20:04:14,431 [RapidOCR] main.py:50: Using D:\Work\research\FileX\.venv-ai\Lib\site-packages\rapidocr\models\ch_ptocr_mobile_v2.0_cls_mobile.pth[0m
[32m[INFO] 2026-08-31 20:04:14,625 [RapidOCR] base.py:23: Using engine_name: torch[0m
[32m[INFO] 2026-08-31 20:04:14,626 [RapidOCR] device_config.py:64: Using GPU device with ID: 0[0m
[32m[INFO] 2026-08-31 20:04:14,647 [RapidOCR] download_file.py:60: File exists and is valid: D:\Work\research\FileX\.venv-ai\Lib\site-packages\rapidocr\models\PP-OCRv6_rec_small.pth[0m
[32m[INFO] 2026-08-31 20:04:14,647 [RapidOCR] main.py:50: Using D:\Work\research\FileX\.venv-ai\Lib\site-packages\rapidocr\models\PP-OCRv6_rec_small.pth[0m
[32m[INFO] 2026-08-31 20:04:15,920 [RapidOCR] base.py:23: Using engine_name: torch[0m
[32m[INFO] 2026-08-31 20:04:15,921 [RapidOCR] device_config.py:64: Using GPU device with ID: 0[0m
[32m[INFO] 2026-08-31 20:04:15,931 [RapidOCR] download_file.py:60: File exists and is valid: D:\Work\research\FileX\.venv-ai\Lib\site-packages\rapidocr\models\PP-OCRv6_det_small.pth[0m
[32m[INFO] 2026-08-31 20:04:15,931 [RapidOCR] main.py:50: Using D:\Work\research\FileX\.venv-ai\Lib\site-packages\rapidocr\models\PP-OCRv6_det_small.pth[0m
[32m[INFO] 2026-08-31 20:04:16,252 [RapidOCR] base.py:23: Using engine_name: torch[0m
[32m[INFO] 2026-08-31 20:04:16,253 [RapidOCR] device_config.py:64: Using GPU device with ID: 0[0m
[32m[INFO] 2026-08-31 20:04:16,254 [RapidOCR] download_file.py:60: File exists and is valid: D:\Work\research\FileX\.venv-ai\Lib\site-packages\rapidocr\models\ch_ptocr_mobile_v2.0_cls_mobile.pth[0m
[32m[INFO] 2026-08-31 20:04:16,254 [RapidOCR] main.py:50: Using D:\Work\research\FileX\.venv-ai\Lib\site-packages\rapidocr\models\ch_ptocr_mobile_v2.0_cls_mobile.pth[0m
[32m[INFO] 2026-08-31 20:04:16,456 [RapidOCR] base.py:23: Using engine_name: torch[0m
[32m[INFO] 2026-08-31 20:04:16,457 [RapidOCR] device_config.py:64: Using GPU device with ID: 0[0m
[32m[INFO] 2026-08-31 20:04:16,478 [RapidOCR] download_file.py:60: File exists and is valid: D:\Work\research\FileX\.venv-ai\Lib\site-packages\rapidocr\models\PP-OCRv6_rec_small.pth[0m
[32m[INFO] 2026-08-31 20:04:16,478 [RapidOCR] main.py:50: Using D:\Work\research\FileX\.venv-ai\Lib\site-packages\rapidocr\models\PP-OCRv6_rec_small.pth[0m
{"config": "docling-r6", "doc": "escaneado_d5a", "ppp_nativo": 90, "ppp": 130, "factor": 1.444, "png": "ppp130__escaneado_d5a.png", "png_identify": "841x1157 51.179999999999999716,51.179999999999999716 PixelsPerCentimeter", "preflight": {"vram_libre_mib": 8496, "mpx_actual": 0.973, "mpx_pendiente_ordenada": 0}, "entrada": "PDF via Docling; scale explicita", "dispositivo": "GPU CUDA", "rc": [1, 1, 1, 1, 1, 1, 1, 1, 1], "error": ["FileNotFoundError: [WinError 3] El sistema no puede encontrar la ruta especificada: '\\\\\\\\?\\\\\\\\wsl.localhost\\\\Ubuntu\\\\'", "FileNotFoundError: [WinError 3] El sistema no puede encontrar la ruta especificada: '\\\\\\\\?\\\\\\\\wsl.localhost\\\\Ubuntu\\\\'", "FileNotFoundError: [WinError 3] El sistema no puede encontrar la ruta especificada: '\\\\\\\\?\\\\\\\\wsl.localhost\\\\Ubuntu\\\\'", "FileNotFoundError: [WinError 3] El sistema no puede encontrar la ruta especificada: '\\\\\\\\?\\\\\\\\wsl.localhost\\\\Ubuntu\\\\'", "FileNotFoundError: [WinError 3] El sistema no puede encontrar la ruta especificada: '\\\\\\\\?\\\\\\\\wsl.localhost\\\\Ubuntu\\\\'", "FileNotFoundError: [WinError 3] El sistema no puede encontrar la ruta especificada: '\\\\\\\\?\\\\\\\\wsl.localhost\\\\Ubuntu\\\\'", "FileNotFoundError: [WinError 3] El sistema no puede encontrar la ruta especificada: '\\\\\\\\?\\\\\\\\wsl.localhost\\\\Ubuntu\\\\'", "FileNotFoundError: [WinError 3] El sistema no puede encontrar la ruta especificada: '\\\\\\\\?\\\\\\\\wsl.localhost\\\\Ubuntu\\\\'", "FileNotFoundError: [WinError 3] El sistema no puede encontrar la ruta especificada: '\\\\\\\\?\\\\\\\\wsl.localhost\\\\Ubuntu\\\\'"], "n": 9, "ms_mediana": 2060.0, "determinista": true, "metrica": "acentos", "cer_pct": 100.0, "cer_acentos_pct": 100.0, "cer_ciego_pct": 100.0, "dist_acentos": 596, "texto": "docling-r6__ppp130__escaneado_d5a.txt"}
[32m[INFO] 2026-08-31 20:04:17,885 [RapidOCR] base.py:23: Using engine_name: torch[0m
[32m[INFO] 2026-08-31 20:04:17,886 [RapidOCR] device_config.py:64: Using GPU device with ID: 0[0m
[32m[INFO] 2026-08-31 20:04:17,896 [RapidOCR] download_file.py:60: File exists and is valid: D:\Work\research\FileX\.venv-ai\Lib\site-packages\rapidocr\models\PP-OCRv6_det_small.pth[0m
[32m[INFO] 2026-08-31 20:04:17,896 [RapidOCR] main.py:50: Using D:\Work\research\FileX\.venv-ai\Lib\site-packages\rapidocr\models\PP-OCRv6_det_small.pth[0m
[32m[INFO] 2026-08-31 20:04:18,428 [RapidOCR] base.py:23: Using engine_name: torch[0m
[32m[INFO] 2026-08-31 20:04:18,428 [RapidOCR] device_config.py:64: Using GPU device with ID: 0[0m
[32m[INFO] 2026-08-31 20:04:18,429 [RapidOCR] download_file.py:60: File exists and is valid: D:\Work\research\FileX\.venv-ai\Lib\site-packages\rapidocr\models\ch_ptocr_mobile_v2.0_cls_mobile.pth[0m
[32m[INFO] 2026-08-31 20:04:18,429 [RapidOCR] main.py:50: Using D:\Work\research\FileX\.venv-ai\Lib\site-packages\rapidocr\models\ch_ptocr_mobile_v2.0_cls_mobile.pth[0m
[32m[INFO] 2026-08-31 20:04:18,609 [RapidOCR] base.py:23: Using engine_name: torch[0m
[32m[INFO] 2026-08-31 20:04:18,610 [RapidOCR] device_config.py:64: Using GPU device with ID: 0[0m
[32m[INFO] 2026-08-31 20:04:18,628 [RapidOCR] download_file.py:60: File exists and is valid: D:\Work\research\FileX\.venv-ai\Lib\site-packages\rapidocr\models\PP-OCRv6_rec_small.pth[0m
[32m[INFO] 2026-08-31 20:04:18,629 [RapidOCR] main.py:50: Using D:\Work\research\FileX\.venv-ai\Lib\site-packages\rapidocr\models\PP-OCRv6_rec_small.pth[0m
[32m[INFO] 2026-08-31 20:04:19,984 [RapidOCR] base.py:23: Using engine_name: torch[0m
[32m[INFO] 2026-08-31 20:04:19,985 [RapidOCR] device_config.py:64: Using GPU device with ID: 0[0m
[32m[INFO] 2026-08-31 20:04:19,995 [RapidOCR] download_file.py:60: File exists and is valid: D:\Work\research\FileX\.venv-ai\Lib\site-packages\rapidocr\models\PP-OCRv6_det_small.pth[0m
[32m[INFO] 2026-08-31 20:04:19,996 [RapidOCR] main.py:50: Using D:\Work\research\FileX\.venv-ai\Lib\site-packages\rapidocr\models\PP-OCRv6_det_small.pth[0m
[32m[INFO] 2026-08-31 20:04:20,524 [RapidOCR] base.py:23: Using engine_name: torch[0m
[32m[INFO] 2026-08-31 20:04:20,525 [RapidOCR] device_config.py:64: Using GPU device with ID: 0[0m
[32m[INFO] 2026-08-31 20:04:20,526 [RapidOCR] download_file.py:60: File exists and is valid: D:\Work\research\FileX\.venv-ai\Lib\site-packages\rapidocr\models\ch_ptocr_mobile_v2.0_cls_mobile.pth[0m
[32m[INFO] 2026-08-31 20:04:20,526 [RapidOCR] main.py:50: Using D:\Work\research\FileX\.venv-ai\Lib\site-packages\rapidocr\models\ch_ptocr_mobile_v2.0_cls_mobile.pth[0m
[32m[INFO] 2026-08-31 20:04:20,763 [RapidOCR] base.py:23: Using engine_name: torch[0m
[32m[INFO] 2026-08-31 20:04:20,765 [RapidOCR] device_config.py:64: Using GPU device with ID: 0[0m
[32m[INFO] 2026-08-31 20:04:20,792 [RapidOCR] download_file.py:60: File exists and is valid: D:\Work\research\FileX\.venv-ai\Lib\site-packages\rapidocr\models\PP-OCRv6_rec_small.pth[0m
[32m[INFO] 2026-08-31 20:04:20,792 [RapidOCR] main.py:50: Using D:\Work\research\FileX\.venv-ai\Lib\site-packages\rapidocr\models\PP-OCRv6_rec_small.pth[0m
[32m[INFO] 2026-08-31 20:04:22,553 [RapidOCR] base.py:23: Using engine_name: torch[0m
[32m[INFO] 2026-08-31 20:04:22,554 [RapidOCR] device_config.py:64: Using GPU device with ID: 0[0m
[32m[INFO] 2026-08-31 20:04:22,568 [RapidOCR] download_file.py:60: File exists and is valid: D:\Work\research\FileX\.venv-ai\Lib\site-packages\rapidocr\models\PP-OCRv6_det_small.pth[0m
[32m[INFO] 2026-08-31 20:04:22,568 [RapidOCR] main.py:50: Using D:\Work\research\FileX\.venv-ai\Lib\site-packages\rapidocr\models\PP-OCRv6_det_small.pth[0m
[32m[INFO] 2026-08-31 20:04:22,966 [RapidOCR] base.py:23: Using engine_name: torch[0m
[32m[INFO] 2026-08-31 20:04:22,967 [RapidOCR] device_config.py:64: Using GPU device with ID: 0[0m
[32m[INFO] 2026-08-31 20:04:22,968 [RapidOCR] download_file.py:60: File exists and is valid: D:\Work\research\FileX\.venv-ai\Lib\site-packages\rapidocr\models\ch_ptocr_mobile_v2.0_cls_mobile.pth[0m
[32m[INFO] 2026-08-31 20:04:22,969 [RapidOCR] main.py:50: Using D:\Work\research\FileX\.venv-ai\Lib\site-packages\rapidocr\models\ch_ptocr_mobile_v2.0_cls_mobile.pth[0m
[32m[INFO] 2026-08-31 20:04:23,237 [RapidOCR] base.py:23: Using engine_name: torch[0m
[32m[INFO] 2026-08-31 20:04:23,238 [RapidOCR] device_config.py:64: Using GPU device with ID: 0[0m
[32m[INFO] 2026-08-31 20:04:23,264 [RapidOCR] download_file.py:60: File exists and is valid: D:\Work\research\FileX\.venv-ai\Lib\site-packages\rapidocr\models\PP-OCRv6_rec_small.pth[0m
[32m[INFO] 2026-08-31 20:04:23,264 [RapidOCR] main.py:50: Using D:\Work\research\FileX\.venv-ai\Lib\site-packages\rapidocr\models\PP-OCRv6_rec_small.pth[0m
[32m[INFO] 2026-08-31 20:04:25,445 [RapidOCR] base.py:23: Using engine_name: torch[0m
[32m[INFO] 2026-08-31 20:04:25,446 [RapidOCR] device_config.py:64: Using GPU device with ID: 0[0m
[32m[INFO] 2026-08-31 20:04:25,458 [RapidOCR] download_file.py:60: File exists and is valid: D:\Work\research\FileX\.venv-ai\Lib\site-packages\rapidocr\models\PP-OCRv6_det_small.pth[0m
[32m[INFO] 2026-08-31 20:04:25,458 [RapidOCR] main.py:50: Using D:\Work\research\FileX\.venv-ai\Lib\site-packages\rapidocr\models\PP-OCRv6_det_small.pth[0m
[32m[INFO] 2026-08-31 20:04:26,126 [RapidOCR] base.py:23: Using engine_name: torch[0m
[32m[INFO] 2026-08-31 20:04:26,126 [RapidOCR] device_config.py:64: Using GPU device with ID: 0[0m
[32m[INFO] 2026-08-31 20:04:26,127 [RapidOCR] download_file.py:60: File exists and is valid: D:\Work\research\FileX\.venv-ai\Lib\site-packages\rapidocr\models\ch_ptocr_mobile_v2.0_cls_mobile.pth[0m
[32m[INFO] 2026-08-31 20:04:26,128 [RapidOCR] main.py:50: Using D:\Work\research\FileX\.venv-ai\Lib\site-packages\rapidocr\models\ch_ptocr_mobile_v2.0_cls_mobile.pth[0m
[32m[INFO] 2026-08-31 20:04:26,330 [RapidOCR] base.py:23: Using engine_name: torch[0m
[32m[INFO] 2026-08-31 20:04:26,330 [RapidOCR] device_config.py:64: Using GPU device with ID: 0[0m
[32m[INFO] 2026-08-31 20:04:26,357 [RapidOCR] download_file.py:60: File exists and is valid: D:\Work\research\FileX\.venv-ai\Lib\site-packages\rapidocr\models\PP-OCRv6_rec_small.pth[0m
[32m[INFO] 2026-08-31 20:04:26,357 [RapidOCR] main.py:50: Using D:\Work\research\FileX\.venv-ai\Lib\site-packages\rapidocr\models\PP-OCRv6_rec_small.pth[0m
[32m[INFO] 2026-08-31 20:04:28,223 [RapidOCR] base.py:23: Using engine_name: torch[0m
[32m[INFO] 2026-08-31 20:04:28,224 [RapidOCR] device_config.py:64: Using GPU device with ID: 0[0m
[32m[INFO] 2026-08-31 20:04:28,236 [RapidOCR] download_file.py:60: File exists and is valid: D:\Work\research\FileX\.venv-ai\Lib\site-packages\rapidocr\models\PP-OCRv6_det_small.pth[0m
[32m[INFO] 2026-08-31 20:04:28,237 [RapidOCR] main.py:50: Using D:\Work\research\FileX\.venv-ai\Lib\site-packages\rapidocr\models\PP-OCRv6_det_small.pth[0m
[32m[INFO] 2026-08-31 20:04:28,677 [RapidOCR] base.py:23: Using engine_name: torch[0m
[32m[INFO] 2026-08-31 20:04:28,678 [RapidOCR] device_config.py:64: Using GPU device with ID: 0[0m
[32m[INFO] 2026-08-31 20:04:28,680 [RapidOCR] download_file.py:60: File exists and is valid: D:\Work\research\FileX\.venv-ai\Lib\site-packages\rapidocr\models\ch_ptocr_mobile_v2.0_cls_mobile.pth[0m
[32m[INFO] 2026-08-31 20:04:28,680 [RapidOCR] main.py:50: Using D:\Work\research\FileX\.venv-ai\Lib\site-packages\rapidocr\models\ch_ptocr_mobile_v2.0_cls_mobile.pth[0m
[32m[INFO] 2026-08-31 20:04:28,979 [RapidOCR] base.py:23: Using engine_name: torch[0m
[32m[INFO] 2026-08-31 20:04:28,980 [RapidOCR] device_config.py:64: Using GPU device with ID: 0[0m
[32m[INFO] 2026-08-31 20:04:29,004 [RapidOCR] download_file.py:60: File exists and is valid: D:\Work\research\FileX\.venv-ai\Lib\site-packages\rapidocr\models\PP-OCRv6_rec_small.pth[0m
[32m[INFO] 2026-08-31 20:04:29,004 [RapidOCR] main.py:50: Using D:\Work\research\FileX\.venv-ai\Lib\site-packages\rapidocr\models\PP-OCRv6_rec_small.pth[0m
[32m[INFO] 2026-08-31 20:04:30,948 [RapidOCR] base.py:23: Using engine_name: torch[0m
[32m[INFO] 2026-08-31 20:04:30,949 [RapidOCR] device_config.py:64: Using GPU device with ID: 0[0m
[32m[INFO] 2026-08-31 20:04:30,960 [RapidOCR] download_file.py:60: File exists and is valid: D:\Work\research\FileX\.venv-ai\Lib\site-packages\rapidocr\models\PP-OCRv6_det_small.pth[0m
[32m[INFO] 2026-08-31 20:04:30,961 [RapidOCR] main.py:50: Using D:\Work\research\FileX\.venv-ai\Lib\site-packages\rapidocr\models\PP-OCRv6_det_small.pth[0m
[32m[INFO] 2026-08-31 20:04:31,377 [RapidOCR] base.py:23: Using engine_name: torch[0m
[32m[INFO] 2026-08-31 20:04:31,378 [RapidOCR] device_config.py:64: Using GPU device with ID: 0[0m
[32m[INFO] 2026-08-31 20:04:31,380 [RapidOCR] download_file.py:60: File exists and is valid: D:\Work\research\FileX\.venv-ai\Lib\site-packages\rapidocr\models\ch_ptocr_mobile_v2.0_cls_mobile.pth[0m
[32m[INFO] 2026-08-31 20:04:31,381 [RapidOCR] main.py:50: Using D:\Work\research\FileX\.venv-ai\Lib\site-packages\rapidocr\models\ch_ptocr_mobile_v2.0_cls_mobile.pth[0m
[32m[INFO] 2026-08-31 20:04:31,587 [RapidOCR] base.py:23: Using engine_name: torch[0m
[32m[INFO] 2026-08-31 20:04:31,588 [RapidOCR] device_config.py:64: Using GPU device with ID: 0[0m
[32m[INFO] 2026-08-31 20:04:31,612 [RapidOCR] download_file.py:60: File exists and is valid: D:\Work\research\FileX\.venv-ai\Lib\site-packages\rapidocr\models\PP-OCRv6_rec_small.pth[0m
[32m[INFO] 2026-08-31 20:04:31,613 [RapidOCR] main.py:50: Using D:\Work\research\FileX\.venv-ai\Lib\site-packages\rapidocr\models\PP-OCRv6_rec_small.pth[0m
[32m[INFO] 2026-08-31 20:04:33,800 [RapidOCR] base.py:23: Using engine_name: torch[0m
[32m[INFO] 2026-08-31 20:04:33,801 [RapidOCR] device_config.py:64: Using GPU device with ID: 0[0m
[32m[INFO] 2026-08-31 20:04:33,813 [RapidOCR] download_file.py:60: File exists and is valid: D:\Work\research\FileX\.venv-ai\Lib\site-packages\rapidocr\models\PP-OCRv6_det_small.pth[0m
[32m[INFO] 2026-08-31 20:04:33,814 [RapidOCR] main.py:50: Using D:\Work\research\FileX\.venv-ai\Lib\site-packages\rapidocr\models\PP-OCRv6_det_small.pth[0m
[32m[INFO] 2026-08-31 20:04:34,259 [RapidOCR] base.py:23: Using engine_name: torch[0m
[32m[INFO] 2026-08-31 20:04:34,260 [RapidOCR] device_config.py:64: Using GPU device with ID: 0[0m
[32m[INFO] 2026-08-31 20:04:34,261 [RapidOCR] download_file.py:60: File exists and is valid: D:\Work\research\FileX\.venv-ai\Lib\site-packages\rapidocr\models\ch_ptocr_mobile_v2.0_cls_mobile.pth[0m
[32m[INFO] 2026-08-31 20:04:34,261 [RapidOCR] main.py:50: Using D:\Work\research\FileX\.venv-ai\Lib\site-packages\rapidocr\models\ch_ptocr_mobile_v2.0_cls_mobile.pth[0m
[32m[INFO] 2026-08-31 20:04:34,826 [RapidOCR] base.py:23: Using engine_name: torch[0m
[32m[INFO] 2026-08-31 20:04:34,827 [RapidOCR] device_config.py:64: Using GPU device with ID: 0[0m
[32m[INFO] 2026-08-31 20:04:34,854 [RapidOCR] download_file.py:60: File exists and is valid: D:\Work\research\FileX\.venv-ai\Lib\site-packages\rapidocr\models\PP-OCRv6_rec_small.pth[0m
[32m[INFO] 2026-08-31 20:04:34,854 [RapidOCR] main.py:50: Using D:\Work\research\FileX\.venv-ai\Lib\site-packages\rapidocr\models\PP-OCRv6_rec_small.pth[0m
[32m[INFO] 2026-08-31 20:04:37,143 [RapidOCR] base.py:23: Using engine_name: torch[0m
[32m[INFO] 2026-08-31 20:04:37,144 [RapidOCR] device_config.py:64: Using GPU device with ID: 0[0m
[32m[INFO] 2026-08-31 20:04:37,169 [RapidOCR] download_file.py:60: File exists and is valid: D:\Work\research\FileX\.venv-ai\Lib\site-packages\rapidocr\models\PP-OCRv6_det_small.pth[0m
[32m[INFO] 2026-08-31 20:04:37,169 [RapidOCR] main.py:50: Using D:\Work\research\FileX\.venv-ai\Lib\site-packages\rapidocr\models\PP-OCRv6_det_small.pth[0m
[32m[INFO] 2026-08-31 20:04:37,536 [RapidOCR] base.py:23: Using engine_name: torch[0m
[32m[INFO] 2026-08-31 20:04:37,537 [RapidOCR] device_config.py:64: Using GPU device with ID: 0[0m
[32m[INFO] 2026-08-31 20:04:37,538 [RapidOCR] download_file.py:60: File exists and is valid: D:\Work\research\FileX\.venv-ai\Lib\site-packages\rapidocr\models\ch_ptocr_mobile_v2.0_cls_mobile.pth[0m
[32m[INFO] 2026-08-31 20:04:37,538 [RapidOCR] main.py:50: Using D:\Work\research\FileX\.venv-ai\Lib\site-packages\rapidocr\models\ch_ptocr_mobile_v2.0_cls_mobile.pth[0m
[32m[INFO] 2026-08-31 20:04:37,789 [RapidOCR] base.py:23: Using engine_name: torch[0m
[32m[INFO] 2026-08-31 20:04:37,790 [RapidOCR] device_config.py:64: Using GPU device with ID: 0[0m
[32m[INFO] 2026-08-31 20:04:37,812 [RapidOCR] download_file.py:60: File exists and is valid: D:\Work\research\FileX\.venv-ai\Lib\site-packages\rapidocr\models\PP-OCRv6_rec_small.pth[0m
[32m[INFO] 2026-08-31 20:04:37,812 [RapidOCR] main.py:50: Using D:\Work\research\FileX\.venv-ai\Lib\site-packages\rapidocr\models\PP-OCRv6_rec_small.pth[0m
[32m[INFO] 2026-08-31 20:04:40,192 [RapidOCR] base.py:23: Using engine_name: torch[0m
[32m[INFO] 2026-08-31 20:04:40,192 [RapidOCR] device_config.py:64: Using GPU device with ID: 0[0m
[32m[INFO] 2026-08-31 20:04:40,209 [RapidOCR] download_file.py:60: File exists and is valid: D:\Work\research\FileX\.venv-ai\Lib\site-packages\rapidocr\models\PP-OCRv6_det_small.pth[0m
[32m[INFO] 2026-08-31 20:04:40,210 [RapidOCR] main.py:50: Using D:\Work\research\FileX\.venv-ai\Lib\site-packages\rapidocr\models\PP-OCRv6_det_small.pth[0m
[32m[INFO] 2026-08-31 20:04:40,586 [RapidOCR] base.py:23: Using engine_name: torch[0m
[32m[INFO] 2026-08-31 20:04:40,587 [RapidOCR] device_config.py:64: Using GPU device with ID: 0[0m
[32m[INFO] 2026-08-31 20:04:40,591 [RapidOCR] download_file.py:60: File exists and is valid: D:\Work\research\FileX\.venv-ai\Lib\site-packages\rapidocr\models\ch_ptocr_mobile_v2.0_cls_mobile.pth[0m
[32m[INFO] 2026-08-31 20:04:40,591 [RapidOCR] main.py:50: Using D:\Work\research\FileX\.venv-ai\Lib\site-packages\rapidocr\models\ch_ptocr_mobile_v2.0_cls_mobile.pth[0m
[32m[INFO] 2026-08-31 20:04:40,852 [RapidOCR] base.py:23: Using engine_name: torch[0m
[32m[INFO] 2026-08-31 20:04:40,853 [RapidOCR] device_config.py:64: Using GPU device with ID: 0[0m
[32m[INFO] 2026-08-31 20:04:40,885 [RapidOCR] download_file.py:60: File exists and is valid: D:\Work\research\FileX\.venv-ai\Lib\site-packages\rapidocr\models\PP-OCRv6_rec_small.pth[0m
[32m[INFO] 2026-08-31 20:04:40,885 [RapidOCR] main.py:50: Using D:\Work\research\FileX\.venv-ai\Lib\site-packages\rapidocr\models\PP-OCRv6_rec_small.pth[0m
[32m[INFO] 2026-08-31 20:04:43,265 [RapidOCR] base.py:23: Using engine_name: torch[0m
[32m[INFO] 2026-08-31 20:04:43,266 [RapidOCR] device_config.py:64: Using GPU device with ID: 0[0m
[32m[INFO] 2026-08-31 20:04:43,277 [RapidOCR] download_file.py:60: File exists and is valid: D:\Work\research\FileX\.venv-ai\Lib\site-packages\rapidocr\models\PP-OCRv6_det_small.pth[0m
[32m[INFO] 2026-08-31 20:04:43,277 [RapidOCR] main.py:50: Using D:\Work\research\FileX\.venv-ai\Lib\site-packages\rapidocr\models\PP-OCRv6_det_small.pth[0m
[32m[INFO] 2026-08-31 20:04:43,669 [RapidOCR] base.py:23: Using engine_name: torch[0m
[32m[INFO] 2026-08-31 20:04:43,669 [RapidOCR] device_config.py:64: Using GPU device with ID: 0[0m
[32m[INFO] 2026-08-31 20:04:43,671 [RapidOCR] download_file.py:60: File exists and is valid: D:\Work\research\FileX\.venv-ai\Lib\site-packages\rapidocr\models\ch_ptocr_mobile_v2.0_cls_mobile.pth[0m
[32m[INFO] 2026-08-31 20:04:43,671 [RapidOCR] main.py:50: Using D:\Work\research\FileX\.venv-ai\Lib\site-packages\rapidocr\models\ch_ptocr_mobile_v2.0_cls_mobile.pth[0m
[32m[INFO] 2026-08-31 20:04:43,877 [RapidOCR] base.py:23: Using engine_name: torch[0m
[32m[INFO] 2026-08-31 20:04:43,878 [RapidOCR] device_config.py:64: Using GPU device with ID: 0[0m
[32m[INFO] 2026-08-31 20:04:43,904 [RapidOCR] download_file.py:60: File exists and is valid: D:\Work\research\FileX\.venv-ai\Lib\site-packages\rapidocr\models\PP-OCRv6_rec_small.pth[0m
[32m[INFO] 2026-08-31 20:04:43,905 [RapidOCR] main.py:50: Using D:\Work\research\FileX\.venv-ai\Lib\site-packages\rapidocr\models\PP-OCRv6_rec_small.pth[0m
{"config": "docling-r6", "doc": "escaneado_d5a", "ppp_nativo": 90, "ppp": 135, "factor": 1.5, "png": "ppp135__escaneado_d5a.png", "png_identify": "873x1201 53.140000000000000568,53.149999999999998579 PixelsPerCentimeter", "preflight": {"vram_libre_mib": 8508, "mpx_actual": 1.048, "mpx_pendiente_ordenada": 0}, "entrada": "PDF via Docling; scale explicita", "dispositivo": "GPU CUDA", "rc": [1, 1, 1, 1, 1, 1, 1, 1, 1], "error": ["FileNotFoundError: [WinError 3] El sistema no puede encontrar la ruta especificada: '\\\\\\\\?\\\\\\\\wsl.localhost\\\\Ubuntu\\\\'", "FileNotFoundError: [WinError 3] El sistema no puede encontrar la ruta especificada: '\\\\\\\\?\\\\\\\\wsl.localhost\\\\Ubuntu\\\\'", "FileNotFoundError: [WinError 3] El sistema no puede encontrar la ruta especificada: '\\\\\\\\?\\\\\\\\wsl.localhost\\\\Ubuntu\\\\'", "FileNotFoundError: [WinError 3] El sistema no puede encontrar la ruta especificada: '\\\\\\\\?\\\\\\\\wsl.localhost\\\\Ubuntu\\\\'", "FileNotFoundError: [WinError 3] El sistema no puede encontrar la ruta especificada: '\\\\\\\\?\\\\\\\\wsl.localhost\\\\Ubuntu\\\\'", "FileNotFoundError: [WinError 3] El sistema no puede encontrar la ruta especificada: '\\\\\\\\?\\\\\\\\wsl.localhost\\\\Ubuntu\\\\'", "FileNotFoundError: [WinError 3] El sistema no puede encontrar la ruta especificada: '\\\\\\\\?\\\\\\\\wsl.localhost\\\\Ubuntu\\\\'", "FileNotFoundError: [WinError 3] El sistema no puede encontrar la ruta especificada: '\\\\\\\\?\\\\\\\\wsl.localhost\\\\Ubuntu\\\\'", "FileNotFoundError: [WinError 3] El sistema no puede encontrar la ruta especificada: '\\\\\\\\?\\\\\\\\wsl.localhost\\\\Ubuntu\\\\'"], "n": 9, "ms_mediana": 2873.4, "determinista": true, "metrica": "acentos", "cer_pct": 100.0, "cer_acentos_pct": 100.0, "cer_ciego_pct": 100.0, "dist_acentos": 596, "texto": "docling-r6__ppp135__escaneado_d5a.txt"}
[32m[INFO] 2026-08-31 20:04:46,691 [RapidOCR] base.py:23: Using engine_name: torch[0m
[32m[INFO] 2026-08-31 20:04:46,692 [RapidOCR] device_config.py:64: Using GPU device with ID: 0[0m
[32m[INFO] 2026-08-31 20:04:46,708 [RapidOCR] download_file.py:60: File exists and is valid: D:\Work\research\FileX\.venv-ai\Lib\site-packages\rapidocr\models\PP-OCRv6_det_small.pth[0m
[32m[INFO] 2026-08-31 20:04:46,709 [RapidOCR] main.py:50: Using D:\Work\research\FileX\.venv-ai\Lib\site-packages\rapidocr\models\PP-OCRv6_det_small.pth[0m
[32m[INFO] 2026-08-31 20:04:47,138 [RapidOCR] base.py:23: Using engine_name: torch[0m
[32m[INFO] 2026-08-31 20:04:47,139 [RapidOCR] device_config.py:64: Using GPU device with ID: 0[0m
[32m[INFO] 2026-08-31 20:04:47,140 [RapidOCR] download_file.py:60: File exists and is valid: D:\Work\research\FileX\.venv-ai\Lib\site-packages\rapidocr\models\ch_ptocr_mobile_v2.0_cls_mobile.pth[0m
[32m[INFO] 2026-08-31 20:04:47,140 [RapidOCR] main.py:50: Using D:\Work\research\FileX\.venv-ai\Lib\site-packages\rapidocr\models\ch_ptocr_mobile_v2.0_cls_mobile.pth[0m
[32m[INFO] 2026-08-31 20:04:47,334 [RapidOCR] base.py:23: Using engine_name: torch[0m
[32m[INFO] 2026-08-31 20:04:47,335 [RapidOCR] device_config.py:64: Using GPU device with ID: 0[0m
[32m[INFO] 2026-08-31 20:04:47,359 [RapidOCR] download_file.py:60: File exists and is valid: D:\Work\research\FileX\.venv-ai\Lib\site-packages\rapidocr\models\PP-OCRv6_rec_small.pth[0m
[32m[INFO] 2026-08-31 20:04:47,359 [RapidOCR] main.py:50: Using D:\Work\research\FileX\.venv-ai\Lib\site-packages\rapidocr\models\PP-OCRv6_rec_small.pth[0m
[32m[INFO] 2026-08-31 20:04:49,459 [RapidOCR] base.py:23: Using engine_name: torch[0m
[32m[INFO] 2026-08-31 20:04:49,459 [RapidOCR] device_config.py:64: Using GPU device with ID: 0[0m
[32m[INFO] 2026-08-31 20:04:49,470 [RapidOCR] download_file.py:60: File exists and is valid: D:\Work\research\FileX\.venv-ai\Lib\site-packages\rapidocr\models\PP-OCRv6_det_small.pth[0m
[32m[INFO] 2026-08-31 20:04:49,471 [RapidOCR] main.py:50: Using D:\Work\research\FileX\.venv-ai\Lib\site-packages\rapidocr\models\PP-OCRv6_det_small.pth[0m
[32m[INFO] 2026-08-31 20:04:49,806 [RapidOCR] base.py:23: Using engine_name: torch[0m
[32m[INFO] 2026-08-31 20:04:49,807 [RapidOCR] device_config.py:64: Using GPU device with ID: 0[0m
[32m[INFO] 2026-08-31 20:04:49,809 [RapidOCR] download_file.py:60: File exists and is valid: D:\Work\research\FileX\.venv-ai\Lib\site-packages\rapidocr\models\ch_ptocr_mobile_v2.0_cls_mobile.pth[0m
[32m[INFO] 2026-08-31 20:04:49,809 [RapidOCR] main.py:50: Using D:\Work\research\FileX\.venv-ai\Lib\site-packages\rapidocr\models\ch_ptocr_mobile_v2.0_cls_mobile.pth[0m
[32m[INFO] 2026-08-31 20:04:49,994 [RapidOCR] base.py:23: Using engine_name: torch[0m
[32m[INFO] 2026-08-31 20:04:49,994 [RapidOCR] device_config.py:64: Using GPU device with ID: 0[0m
[32m[INFO] 2026-08-31 20:04:50,016 [RapidOCR] download_file.py:60: File exists and is valid: D:\Work\research\FileX\.venv-ai\Lib\site-packages\rapidocr\models\PP-OCRv6_rec_small.pth[0m
[32m[INFO] 2026-08-31 20:04:50,016 [RapidOCR] main.py:50: Using D:\Work\research\FileX\.venv-ai\Lib\site-packages\rapidocr\models\PP-OCRv6_rec_small.pth[0m
[32m[INFO] 2026-08-31 20:04:51,886 [RapidOCR] base.py:23: Using engine_name: torch[0m
[32m[INFO] 2026-08-31 20:04:51,887 [RapidOCR] device_config.py:64: Using GPU device with ID: 0[0m
[32m[INFO] 2026-08-31 20:04:51,898 [RapidOCR] download_file.py:60: File exists and is valid: D:\Work\research\FileX\.venv-ai\Lib\site-packages\rapidocr\models\PP-OCRv6_det_small.pth[0m
[32m[INFO] 2026-08-31 20:04:51,898 [RapidOCR] main.py:50: Using D:\Work\research\FileX\.venv-ai\Lib\site-packages\rapidocr\models\PP-OCRv6_det_small.pth[0m
[32m[INFO] 2026-08-31 20:04:52,221 [RapidOCR] base.py:23: Using engine_name: torch[0m
[32m[INFO] 2026-08-31 20:04:52,221 [RapidOCR] device_config.py:64: Using GPU device with ID: 0[0m
[32m[INFO] 2026-08-31 20:04:52,223 [RapidOCR] download_file.py:60: File exists and is valid: D:\Work\research\FileX\.venv-ai\Lib\site-packages\rapidocr\models\ch_ptocr_mobile_v2.0_cls_mobile.pth[0m
[32m[INFO] 2026-08-31 20:04:52,223 [RapidOCR] main.py:50: Using D:\Work\research\FileX\.venv-ai\Lib\site-packages\rapidocr\models\ch_ptocr_mobile_v2.0_cls_mobile.pth[0m
[32m[INFO] 2026-08-31 20:04:52,400 [RapidOCR] base.py:23: Using engine_name: torch[0m
[32m[INFO] 2026-08-31 20:04:52,401 [RapidOCR] device_config.py:64: Using GPU device with ID: 0[0m
[32m[INFO] 2026-08-31 20:04:52,422 [RapidOCR] download_file.py:60: File exists and is valid: D:\Work\research\FileX\.venv-ai\Lib\site-packages\rapidocr\models\PP-OCRv6_rec_small.pth[0m
[32m[INFO] 2026-08-31 20:04:52,422 [RapidOCR] main.py:50: Using D:\Work\research\FileX\.venv-ai\Lib\site-packages\rapidocr\models\PP-OCRv6_rec_small.pth[0m
[32m[INFO] 2026-08-31 20:04:54,435 [RapidOCR] base.py:23: Using engine_name: torch[0m
[32m[INFO] 2026-08-31 20:04:54,436 [RapidOCR] device_config.py:64: Using GPU device with ID: 0[0m
[32m[INFO] 2026-08-31 20:04:54,448 [RapidOCR] download_file.py:60: File exists and is valid: D:\Work\research\FileX\.venv-ai\Lib\site-packages\rapidocr\models\PP-OCRv6_det_small.pth[0m
[32m[INFO] 2026-08-31 20:04:54,448 [RapidOCR] main.py:50: Using D:\Work\research\FileX\.venv-ai\Lib\site-packages\rapidocr\models\PP-OCRv6_det_small.pth[0m
[32m[INFO] 2026-08-31 20:04:54,793 [RapidOCR] base.py:23: Using engine_name: torch[0m
[32m[INFO] 2026-08-31 20:04:54,793 [RapidOCR] device_config.py:64: Using GPU device with ID: 0[0m
[32m[INFO] 2026-08-31 20:04:54,795 [RapidOCR] download_file.py:60: File exists and is valid: D:\Work\research\FileX\.venv-ai\Lib\site-packages\rapidocr\models\ch_ptocr_mobile_v2.0_cls_mobile.pth[0m
[32m[INFO] 2026-08-31 20:04:54,795 [RapidOCR] main.py:50: Using D:\Work\research\FileX\.venv-ai\Lib\site-packages\rapidocr\models\ch_ptocr_mobile_v2.0_cls_mobile.pth[0m
[32m[INFO] 2026-08-31 20:04:54,990 [RapidOCR] base.py:23: Using engine_name: torch[0m
[32m[INFO] 2026-08-31 20:04:54,991 [RapidOCR] device_config.py:64: Using GPU device with ID: 0[0m
[32m[INFO] 2026-08-31 20:04:55,015 [RapidOCR] download_file.py:60: File exists and is valid: D:\Work\research\FileX\.venv-ai\Lib\site-packages\rapidocr\models\PP-OCRv6_rec_small.pth[0m
[32m[INFO] 2026-08-31 20:04:55,015 [RapidOCR] main.py:50: Using D:\Work\research\FileX\.venv-ai\Lib\site-packages\rapidocr\models\PP-OCRv6_rec_small.pth[0m
[32m[INFO] 2026-08-31 20:04:56,876 [RapidOCR] base.py:23: Using engine_name: torch[0m
[32m[INFO] 2026-08-31 20:04:56,877 [RapidOCR] device_config.py:64: Using GPU device with ID: 0[0m
[32m[INFO] 2026-08-31 20:04:56,889 [RapidOCR] download_file.py:60: File exists and is valid: D:\Work\research\FileX\.venv-ai\Lib\site-packages\rapidocr\models\PP-OCRv6_det_small.pth[0m
[32m[INFO] 2026-08-31 20:04:56,889 [RapidOCR] main.py:50: Using D:\Work\research\FileX\.venv-ai\Lib\site-packages\rapidocr\models\PP-OCRv6_det_small.pth[0m
[32m[INFO] 2026-08-31 20:04:57,239 [RapidOCR] base.py:23: Using engine_name: torch[0m
[32m[INFO] 2026-08-31 20:04:57,239 [RapidOCR] device_config.py:64: Using GPU device with ID: 0[0m
[32m[INFO] 2026-08-31 20:04:57,241 [RapidOCR] download_file.py:60: File exists and is valid: D:\Work\research\FileX\.venv-ai\Lib\site-packages\rapidocr\models\ch_ptocr_mobile_v2.0_cls_mobile.pth[0m
[32m[INFO] 2026-08-31 20:04:57,241 [RapidOCR] main.py:50: Using D:\Work\research\FileX\.venv-ai\Lib\site-packages\rapidocr\models\ch_ptocr_mobile_v2.0_cls_mobile.pth[0m
[32m[INFO] 2026-08-31 20:04:57,450 [RapidOCR] base.py:23: Using engine_name: torch[0m
[32m[INFO] 2026-08-31 20:04:57,451 [RapidOCR] device_config.py:64: Using GPU device with ID: 0[0m
[32m[INFO] 2026-08-31 20:04:57,472 [RapidOCR] download_file.py:60: File exists and is valid: D:\Work\research\FileX\.venv-ai\Lib\site-packages\rapidocr\models\PP-OCRv6_rec_small.pth[0m
[32m[INFO] 2026-08-31 20:04:57,472 [RapidOCR] main.py:50: Using D:\Work\research\FileX\.venv-ai\Lib\site-packages\rapidocr\models\PP-OCRv6_rec_small.pth[0m
[32m[INFO] 2026-08-31 20:04:59,226 [RapidOCR] base.py:23: Using engine_name: torch[0m
[32m[INFO] 2026-08-31 20:04:59,227 [RapidOCR] device_config.py:64: Using GPU device with ID: 0[0m
[32m[INFO] 2026-08-31 20:04:59,238 [RapidOCR] download_file.py:60: File exists and is valid: D:\Work\research\FileX\.venv-ai\Lib\site-packages\rapidocr\models\PP-OCRv6_det_small.pth[0m
[32m[INFO] 2026-08-31 20:04:59,239 [RapidOCR] main.py:50: Using D:\Work\research\FileX\.venv-ai\Lib\site-packages\rapidocr\models\PP-OCRv6_det_small.pth[0m
[32m[INFO] 2026-08-31 20:04:59,660 [RapidOCR] base.py:23: Using engine_name: torch[0m
[32m[INFO] 2026-08-31 20:04:59,661 [RapidOCR] device_config.py:64: Using GPU device with ID: 0[0m
[32m[INFO] 2026-08-31 20:04:59,664 [RapidOCR] download_file.py:60: File exists and is valid: D:\Work\research\FileX\.venv-ai\Lib\site-packages\rapidocr\models\ch_ptocr_mobile_v2.0_cls_mobile.pth[0m
[32m[INFO] 2026-08-31 20:04:59,665 [RapidOCR] main.py:50: Using D:\Work\research\FileX\.venv-ai\Lib\site-packages\rapidocr\models\ch_ptocr_mobile_v2.0_cls_mobile.pth[0m
[32m[INFO] 2026-08-31 20:04:59,976 [RapidOCR] base.py:23: Using engine_name: torch[0m
[32m[INFO] 2026-08-31 20:04:59,977 [RapidOCR] device_config.py:64: Using GPU device with ID: 0[0m
[32m[INFO] 2026-08-31 20:05:00,002 [RapidOCR] download_file.py:60: File exists and is valid: D:\Work\research\FileX\.venv-ai\Lib\site-packages\rapidocr\models\PP-OCRv6_rec_small.pth[0m
[32m[INFO] 2026-08-31 20:05:00,002 [RapidOCR] main.py:50: Using D:\Work\research\FileX\.venv-ai\Lib\site-packages\rapidocr\models\PP-OCRv6_rec_small.pth[0m
[32m[INFO] 2026-08-31 20:05:03,340 [RapidOCR] base.py:23: Using engine_name: torch[0m
[32m[INFO] 2026-08-31 20:05:03,341 [RapidOCR] device_config.py:64: Using GPU device with ID: 0[0m
[32m[INFO] 2026-08-31 20:05:03,354 [RapidOCR] download_file.py:60: File exists and is valid: D:\Work\research\FileX\.venv-ai\Lib\site-packages\rapidocr\models\PP-OCRv6_det_small.pth[0m
[32m[INFO] 2026-08-31 20:05:03,354 [RapidOCR] main.py:50: Using D:\Work\research\FileX\.venv-ai\Lib\site-packages\rapidocr\models\PP-OCRv6_det_small.pth[0m
[32m[INFO] 2026-08-31 20:05:03,738 [RapidOCR] base.py:23: Using engine_name: torch[0m
[32m[INFO] 2026-08-31 20:05:03,739 [RapidOCR] device_config.py:64: Using GPU device with ID: 0[0m
[32m[INFO] 2026-08-31 20:05:03,740 [RapidOCR] download_file.py:60: File exists and is valid: D:\Work\research\FileX\.venv-ai\Lib\site-packages\rapidocr\models\ch_ptocr_mobile_v2.0_cls_mobile.pth[0m
[32m[INFO] 2026-08-31 20:05:03,740 [RapidOCR] main.py:50: Using D:\Work\research\FileX\.venv-ai\Lib\site-packages\rapidocr\models\ch_ptocr_mobile_v2.0_cls_mobile.pth[0m
[32m[INFO] 2026-08-31 20:05:03,980 [RapidOCR] base.py:23: Using engine_name: torch[0m
[32m[INFO] 2026-08-31 20:05:03,981 [RapidOCR] device_config.py:64: Using GPU device with ID: 0[0m
[32m[INFO] 2026-08-31 20:05:04,016 [RapidOCR] download_file.py:60: File exists and is valid: D:\Work\research\FileX\.venv-ai\Lib\site-packages\rapidocr\models\PP-OCRv6_rec_small.pth[0m
[32m[INFO] 2026-08-31 20:05:04,017 [RapidOCR] main.py:50: Using D:\Work\research\FileX\.venv-ai\Lib\site-packages\rapidocr\models\PP-OCRv6_rec_small.pth[0m
[32m[INFO] 2026-08-31 20:05:06,642 [RapidOCR] base.py:23: Using engine_name: torch[0m
[32m[INFO] 2026-08-31 20:05:06,644 [RapidOCR] device_config.py:64: Using GPU device with ID: 0[0m
[32m[INFO] 2026-08-31 20:05:06,667 [RapidOCR] download_file.py:60: File exists and is valid: D:\Work\research\FileX\.venv-ai\Lib\site-packages\rapidocr\models\PP-OCRv6_det_small.pth[0m
[32m[INFO] 2026-08-31 20:05:06,668 [RapidOCR] main.py:50: Using D:\Work\research\FileX\.venv-ai\Lib\site-packages\rapidocr\models\PP-OCRv6_det_small.pth[0m
[32m[INFO] 2026-08-31 20:05:07,136 [RapidOCR] base.py:23: Using engine_name: torch[0m
[32m[INFO] 2026-08-31 20:05:07,137 [RapidOCR] device_config.py:64: Using GPU device with ID: 0[0m
[32m[INFO] 2026-08-31 20:05:07,139 [RapidOCR] download_file.py:60: File exists and is valid: D:\Work\research\FileX\.venv-ai\Lib\site-packages\rapidocr\models\ch_ptocr_mobile_v2.0_cls_mobile.pth[0m
[32m[INFO] 2026-08-31 20:05:07,139 [RapidOCR] main.py:50: Using D:\Work\research\FileX\.venv-ai\Lib\site-packages\rapidocr\models\ch_ptocr_mobile_v2.0_cls_mobile.pth[0m
[32m[INFO] 2026-08-31 20:05:07,417 [RapidOCR] base.py:23: Using engine_name: torch[0m
[32m[INFO] 2026-08-31 20:05:07,418 [RapidOCR] device_config.py:64: Using GPU device with ID: 0[0m
[32m[INFO] 2026-08-31 20:05:07,439 [RapidOCR] download_file.py:60: File exists and is valid: D:\Work\research\FileX\.venv-ai\Lib\site-packages\rapidocr\models\PP-OCRv6_rec_small.pth[0m
[32m[INFO] 2026-08-31 20:05:07,440 [RapidOCR] main.py:50: Using D:\Work\research\FileX\.venv-ai\Lib\site-packages\rapidocr\models\PP-OCRv6_rec_small.pth[0m
[32m[INFO] 2026-08-31 20:05:09,756 [RapidOCR] base.py:23: Using engine_name: torch[0m
[32m[INFO] 2026-08-31 20:05:09,757 [RapidOCR] device_config.py:64: Using GPU device with ID: 0[0m
[32m[INFO] 2026-08-31 20:05:09,770 [RapidOCR] download_file.py:60: File exists and is valid: D:\Work\research\FileX\.venv-ai\Lib\site-packages\rapidocr\models\PP-OCRv6_det_small.pth[0m
[32m[INFO] 2026-08-31 20:05:09,770 [RapidOCR] main.py:50: Using D:\Work\research\FileX\.venv-ai\Lib\site-packages\rapidocr\models\PP-OCRv6_det_small.pth[0m
[32m[INFO] 2026-08-31 20:05:10,232 [RapidOCR] base.py:23: Using engine_name: torch[0m
[32m[INFO] 2026-08-31 20:05:10,233 [RapidOCR] device_config.py:64: Using GPU device with ID: 0[0m
[32m[INFO] 2026-08-31 20:05:10,234 [RapidOCR] download_file.py:60: File exists and is valid: D:\Work\research\FileX\.venv-ai\Lib\site-packages\rapidocr\models\ch_ptocr_mobile_v2.0_cls_mobile.pth[0m
[32m[INFO] 2026-08-31 20:05:10,235 [RapidOCR] main.py:50: Using D:\Work\research\FileX\.venv-ai\Lib\site-packages\rapidocr\models\ch_ptocr_mobile_v2.0_cls_mobile.pth[0m
[32m[INFO] 2026-08-31 20:05:10,445 [RapidOCR] base.py:23: Using engine_name: torch[0m
[32m[INFO] 2026-08-31 20:05:10,446 [RapidOCR] device_config.py:64: Using GPU device with ID: 0[0m
[32m[INFO] 2026-08-31 20:05:10,470 [RapidOCR] download_file.py:60: File exists and is valid: D:\Work\research\FileX\.venv-ai\Lib\site-packages\rapidocr\models\PP-OCRv6_rec_small.pth[0m
[32m[INFO] 2026-08-31 20:05:10,471 [RapidOCR] main.py:50: Using D:\Work\research\FileX\.venv-ai\Lib\site-packages\rapidocr\models\PP-OCRv6_rec_small.pth[0m
[32m[INFO] 2026-08-31 20:05:12,711 [RapidOCR] base.py:23: Using engine_name: torch[0m
[32m[INFO] 2026-08-31 20:05:12,712 [RapidOCR] device_config.py:64: Using GPU device with ID: 0[0m
[32m[INFO] 2026-08-31 20:05:12,724 [RapidOCR] download_file.py:60: File exists and is valid: D:\Work\research\FileX\.venv-ai\Lib\site-packages\rapidocr\models\PP-OCRv6_det_small.pth[0m
[32m[INFO] 2026-08-31 20:05:12,725 [RapidOCR] main.py:50: Using D:\Work\research\FileX\.venv-ai\Lib\site-packages\rapidocr\models\PP-OCRv6_det_small.pth[0m
[32m[INFO] 2026-08-31 20:05:13,326 [RapidOCR] base.py:23: Using engine_name: torch[0m
[32m[INFO] 2026-08-31 20:05:13,327 [RapidOCR] device_config.py:64: Using GPU device with ID: 0[0m
[32m[INFO] 2026-08-31 20:05:13,328 [RapidOCR] download_file.py:60: File exists and is valid: D:\Work\research\FileX\.venv-ai\Lib\site-packages\rapidocr\models\ch_ptocr_mobile_v2.0_cls_mobile.pth[0m
[32m[INFO] 2026-08-31 20:05:13,329 [RapidOCR] main.py:50: Using D:\Work\research\FileX\.venv-ai\Lib\site-packages\rapidocr\models\ch_ptocr_mobile_v2.0_cls_mobile.pth[0m
[32m[INFO] 2026-08-31 20:05:13,505 [RapidOCR] base.py:23: Using engine_name: torch[0m
[32m[INFO] 2026-08-31 20:05:13,506 [RapidOCR] device_config.py:64: Using GPU device with ID: 0[0m
[32m[INFO] 2026-08-31 20:05:13,528 [RapidOCR] download_file.py:60: File exists and is valid: D:\Work\research\FileX\.venv-ai\Lib\site-packages\rapidocr\models\PP-OCRv6_rec_small.pth[0m
[32m[INFO] 2026-08-31 20:05:13,529 [RapidOCR] main.py:50: Using D:\Work\research\FileX\.venv-ai\Lib\site-packages\rapidocr\models\PP-OCRv6_rec_small.pth[0m
{"config": "docling-r6", "doc": "escaneado_d5a", "ppp_nativo": 90, "ppp": 140, "factor": 1.556, "png": "ppp140__escaneado_d5a.png", "png_identify": "905x1246 55.109999999999999432,55.119999999999997442 PixelsPerCentimeter", "preflight": {"vram_libre_mib": 8293, "mpx_actual": 1.128, "mpx_pendiente_ordenada": 0}, "entrada": "PDF via Docling; scale explicita", "dispositivo": "GPU CUDA", "rc": [1, 1, 1, 1, 1, 1, 1, 1, 1], "error": ["FileNotFoundError: [WinError 3] El sistema no puede encontrar la ruta especificada: '\\\\\\\\?\\\\\\\\wsl.localhost\\\\Ubuntu\\\\'", "FileNotFoundError: [WinError 3] El sistema no puede encontrar la ruta especificada: '\\\\\\\\?\\\\\\\\wsl.localhost\\\\Ubuntu\\\\'", "FileNotFoundError: [WinError 3] El sistema no puede encontrar la ruta especificada: '\\\\\\\\?\\\\\\\\wsl.localhost\\\\Ubuntu\\\\'", "FileNotFoundError: [WinError 3] El sistema no puede encontrar la ruta especificada: '\\\\\\\\?\\\\\\\\wsl.localhost\\\\Ubuntu\\\\'", "FileNotFoundError: [WinError 3] El sistema no puede encontrar la ruta especificada: '\\\\\\\\?\\\\\\\\wsl.localhost\\\\Ubuntu\\\\'", "FileNotFoundError: [WinError 3] El sistema no puede encontrar la ruta especificada: '\\\\\\\\?\\\\\\\\wsl.localhost\\\\Ubuntu\\\\'", "FileNotFoundError: [WinError 3] El sistema no puede encontrar la ruta especificada: '\\\\\\\\?\\\\\\\\wsl.localhost\\\\Ubuntu\\\\'", "FileNotFoundError: [WinError 3] El sistema no puede encontrar la ruta especificada: '\\\\\\\\?\\\\\\\\wsl.localhost\\\\Ubuntu\\\\'", "FileNotFoundError: [WinError 3] El sistema no puede encontrar la ruta especificada: '\\\\\\\\?\\\\\\\\wsl.localhost\\\\Ubuntu\\\\'"], "n": 9, "ms_mediana": 2598.3, "determinista": true, "metrica": "acentos", "cer_pct": 100.0, "cer_acentos_pct": 100.0, "cer_ciego_pct": 100.0, "dist_acentos": 596, "texto": "docling-r6__ppp140__escaneado_d5a.txt"}
[32m[INFO] 2026-08-31 20:05:15,445 [RapidOCR] base.py:23: Using engine_name: torch[0m
[32m[INFO] 2026-08-31 20:05:15,445 [RapidOCR] device_config.py:64: Using GPU device with ID: 0[0m
[32m[INFO] 2026-08-31 20:05:15,456 [RapidOCR] download_file.py:60: File exists and is valid: D:\Work\research\FileX\.venv-ai\Lib\site-packages\rapidocr\models\PP-OCRv6_det_small.pth[0m
[32m[INFO] 2026-08-31 20:05:15,456 [RapidOCR] main.py:50: Using D:\Work\research\FileX\.venv-ai\Lib\site-packages\rapidocr\models\PP-OCRv6_det_small.pth[0m
[32m[INFO] 2026-08-31 20:05:15,957 [RapidOCR] base.py:23: Using engine_name: torch[0m
[32m[INFO] 2026-08-31 20:05:15,958 [RapidOCR] device_config.py:64: Using GPU device with ID: 0[0m
[32m[INFO] 2026-08-31 20:05:15,959 [RapidOCR] download_file.py:60: File exists and is valid: D:\Work\research\FileX\.venv-ai\Lib\site-packages\rapidocr\models\ch_ptocr_mobile_v2.0_cls_mobile.pth[0m
[32m[INFO] 2026-08-31 20:05:15,960 [RapidOCR] main.py:50: Using D:\Work\research\FileX\.venv-ai\Lib\site-packages\rapidocr\models\ch_ptocr_mobile_v2.0_cls_mobile.pth[0m
[32m[INFO] 2026-08-31 20:05:16,294 [RapidOCR] base.py:23: Using engine_name: torch[0m
[32m[INFO] 2026-08-31 20:05:16,294 [RapidOCR] device_config.py:64: Using GPU device with ID: 0[0m
[32m[INFO] 2026-08-31 20:05:16,324 [RapidOCR] download_file.py:60: File exists and is valid: D:\Work\research\FileX\.venv-ai\Lib\site-packages\rapidocr\models\PP-OCRv6_rec_small.pth[0m
[32m[INFO] 2026-08-31 20:05:16,324 [RapidOCR] main.py:50: Using D:\Work\research\FileX\.venv-ai\Lib\site-packages\rapidocr\models\PP-OCRv6_rec_small.pth[0m
[32m[INFO] 2026-08-31 20:05:18,526 [RapidOCR] base.py:23: Using engine_name: torch[0m
[32m[INFO] 2026-08-31 20:05:18,527 [RapidOCR] device_config.py:64: Using GPU device with ID: 0[0m
[32m[INFO] 2026-08-31 20:05:18,541 [RapidOCR] download_file.py:60: File exists and is valid: D:\Work\research\FileX\.venv-ai\Lib\site-packages\rapidocr\models\PP-OCRv6_det_small.pth[0m
[32m[INFO] 2026-08-31 20:05:18,541 [RapidOCR] main.py:50: Using D:\Work\research\FileX\.venv-ai\Lib\site-packages\rapidocr\models\PP-OCRv6_det_small.pth[0m
[32m[INFO] 2026-08-31 20:05:18,930 [RapidOCR] base.py:23: Using engine_name: torch[0m
[32m[INFO] 2026-08-31 20:05:18,931 [RapidOCR] device_config.py:64: Using GPU device with ID: 0[0m
[32m[INFO] 2026-08-31 20:05:18,932 [RapidOCR] download_file.py:60: File exists and is valid: D:\Work\research\FileX\.venv-ai\Lib\site-packages\rapidocr\models\ch_ptocr_mobile_v2.0_cls_mobile.pth[0m
[32m[INFO] 2026-08-31 20:05:18,933 [RapidOCR] main.py:50: Using D:\Work\research\FileX\.venv-ai\Lib\site-packages\rapidocr\models\ch_ptocr_mobile_v2.0_cls_mobile.pth[0m
[32m[INFO] 2026-08-31 20:05:19,143 [RapidOCR] base.py:23: Using engine_name: torch[0m
[32m[INFO] 2026-08-31 20:05:19,144 [RapidOCR] device_config.py:64: Using GPU device with ID: 0[0m
[32m[INFO] 2026-08-31 20:05:19,164 [RapidOCR] download_file.py:60: File exists and is valid: D:\Work\research\FileX\.venv-ai\Lib\site-packages\rapidocr\models\PP-OCRv6_rec_small.pth[0m
[32m[INFO] 2026-08-31 20:05:19,164 [RapidOCR] main.py:50: Using D:\Work\research\FileX\.venv-ai\Lib\site-packages\rapidocr\models\PP-OCRv6_rec_small.pth[0m
[32m[INFO] 2026-08-31 20:05:22,278 [RapidOCR] base.py:23: Using engine_name: torch[0m
[32m[INFO] 2026-08-31 20:05:22,278 [RapidOCR] device_config.py:64: Using GPU device with ID: 0[0m
[32m[INFO] 2026-08-31 20:05:22,295 [RapidOCR] download_file.py:60: File exists and is valid: D:\Work\research\FileX\.venv-ai\Lib\site-packages\rapidocr\models\PP-OCRv6_det_small.pth[0m
[32m[INFO] 2026-08-31 20:05:22,296 [RapidOCR] main.py:50: Using D:\Work\research\FileX\.venv-ai\Lib\site-packages\rapidocr\models\PP-OCRv6_det_small.pth[0m
[32m[INFO] 2026-08-31 20:05:23,009 [RapidOCR] base.py:23: Using engine_name: torch[0m
[32m[INFO] 2026-08-31 20:05:23,009 [RapidOCR] device_config.py:64: Using GPU device with ID: 0[0m
[32m[INFO] 2026-08-31 20:05:23,011 [RapidOCR] download_file.py:60: File exists and is valid: D:\Work\research\FileX\.venv-ai\Lib\site-packages\rapidocr\models\ch_ptocr_mobile_v2.0_cls_mobile.pth[0m
[32m[INFO] 2026-08-31 20:05:23,011 [RapidOCR] main.py:50: Using D:\Work\research\FileX\.venv-ai\Lib\site-packages\rapidocr\models\ch_ptocr_mobile_v2.0_cls_mobile.pth[0m
[32m[INFO] 2026-08-31 20:05:23,226 [RapidOCR] base.py:23: Using engine_name: torch[0m
[32m[INFO] 2026-08-31 20:05:23,227 [RapidOCR] device_config.py:64: Using GPU device with ID: 0[0m
[32m[INFO] 2026-08-31 20:05:23,258 [RapidOCR] download_file.py:60: File exists and is valid: D:\Work\research\FileX\.venv-ai\Lib\site-packages\rapidocr\models\PP-OCRv6_rec_small.pth[0m
[32m[INFO] 2026-08-31 20:05:23,258 [RapidOCR] main.py:50: Using D:\Work\research\FileX\.venv-ai\Lib\site-packages\rapidocr\models\PP-OCRv6_rec_small.pth[0m
[32m[INFO] 2026-08-31 20:05:25,798 [RapidOCR] base.py:23: Using engine_name: torch[0m
[32m[INFO] 2026-08-31 20:05:25,798 [RapidOCR] device_config.py:64: Using GPU device with ID: 0[0m
[32m[INFO] 2026-08-31 20:05:25,809 [RapidOCR] download_file.py:60: File exists and is valid: D:\Work\research\FileX\.venv-ai\Lib\site-packages\rapidocr\models\PP-OCRv6_det_small.pth[0m
[32m[INFO] 2026-08-31 20:05:25,809 [RapidOCR] main.py:50: Using D:\Work\research\FileX\.venv-ai\Lib\site-packages\rapidocr\models\PP-OCRv6_det_small.pth[0m
[32m[INFO] 2026-08-31 20:05:26,142 [RapidOCR] base.py:23: Using engine_name: torch[0m
[32m[INFO] 2026-08-31 20:05:26,143 [RapidOCR] device_config.py:64: Using GPU device with ID: 0[0m
[32m[INFO] 2026-08-31 20:05:26,144 [RapidOCR] download_file.py:60: File exists and is valid: D:\Work\research\FileX\.venv-ai\Lib\site-packages\rapidocr\models\ch_ptocr_mobile_v2.0_cls_mobile.pth[0m
[32m[INFO] 2026-08-31 20:05:26,144 [RapidOCR] main.py:50: Using D:\Work\research\FileX\.venv-ai\Lib\site-packages\rapidocr\models\ch_ptocr_mobile_v2.0_cls_mobile.pth[0m
[32m[INFO] 2026-08-31 20:05:26,325 [RapidOCR] base.py:23: Using engine_name: torch[0m
[32m[INFO] 2026-08-31 20:05:26,326 [RapidOCR] device_config.py:64: Using GPU device with ID: 0[0m
[32m[INFO] 2026-08-31 20:05:26,346 [RapidOCR] download_file.py:60: File exists and is valid: D:\Work\research\FileX\.venv-ai\Lib\site-packages\rapidocr\models\PP-OCRv6_rec_small.pth[0m
[32m[INFO] 2026-08-31 20:05:26,347 [RapidOCR] main.py:50: Using D:\Work\research\FileX\.venv-ai\Lib\site-packages\rapidocr\models\PP-OCRv6_rec_small.pth[0m
[32m[INFO] 2026-08-31 20:05:29,122 [RapidOCR] base.py:23: Using engine_name: torch[0m
[32m[INFO] 2026-08-31 20:05:29,123 [RapidOCR] device_config.py:64: Using GPU device with ID: 0[0m
[32m[INFO] 2026-08-31 20:05:29,136 [RapidOCR] download_file.py:60: File exists and is valid: D:\Work\research\FileX\.venv-ai\Lib\site-packages\rapidocr\models\PP-OCRv6_det_small.pth[0m
[32m[INFO] 2026-08-31 20:05:29,136 [RapidOCR] main.py:50: Using D:\Work\research\FileX\.venv-ai\Lib\site-packages\rapidocr\models\PP-OCRv6_det_small.pth[0m
[32m[INFO] 2026-08-31 20:05:29,435 [RapidOCR] base.py:23: Using engine_name: torch[0m
[32m[INFO] 2026-08-31 20:05:29,436 [RapidOCR] device_config.py:64: Using GPU device with ID: 0[0m
[32m[INFO] 2026-08-31 20:05:29,437 [RapidOCR] download_file.py:60: File exists and is valid: D:\Work\research\FileX\.venv-ai\Lib\site-packages\rapidocr\models\ch_ptocr_mobile_v2.0_cls_mobile.pth[0m
[32m[INFO] 2026-08-31 20:05:29,437 [RapidOCR] main.py:50: Using D:\Work\research\FileX\.venv-ai\Lib\site-packages\rapidocr\models\ch_ptocr_mobile_v2.0_cls_mobile.pth[0m
[32m[INFO] 2026-08-31 20:05:29,606 [RapidOCR] base.py:23: Using engine_name: torch[0m
[32m[INFO] 2026-08-31 20:05:29,607 [RapidOCR] device_config.py:64: Using GPU device with ID: 0[0m
[32m[INFO] 2026-08-31 20:05:29,629 [RapidOCR] download_file.py:60: File exists and is valid: D:\Work\research\FileX\.venv-ai\Lib\site-packages\rapidocr\models\PP-OCRv6_rec_small.pth[0m
[32m[INFO] 2026-08-31 20:05:29,629 [RapidOCR] main.py:50: Using D:\Work\research\FileX\.venv-ai\Lib\site-packages\rapidocr\models\PP-OCRv6_rec_small.pth[0m
[32m[INFO] 2026-08-31 20:05:31,661 [RapidOCR] base.py:23: Using engine_name: torch[0m
[32m[INFO] 2026-08-31 20:05:31,661 [RapidOCR] device_config.py:64: Using GPU device with ID: 0[0m
[32m[INFO] 2026-08-31 20:05:31,672 [RapidOCR] download_file.py:60: File exists and is valid: D:\Work\research\FileX\.venv-ai\Lib\site-packages\rapidocr\models\PP-OCRv6_det_small.pth[0m
[32m[INFO] 2026-08-31 20:05:31,672 [RapidOCR] main.py:50: Using D:\Work\research\FileX\.venv-ai\Lib\site-packages\rapidocr\models\PP-OCRv6_det_small.pth[0m
[32m[INFO] 2026-08-31 20:05:32,061 [RapidOCR] base.py:23: Using engine_name: torch[0m
[32m[INFO] 2026-08-31 20:05:32,062 [RapidOCR] device_config.py:64: Using GPU device with ID: 0[0m
[32m[INFO] 2026-08-31 20:05:32,063 [RapidOCR] download_file.py:60: File exists and is valid: D:\Work\research\FileX\.venv-ai\Lib\site-packages\rapidocr\models\ch_ptocr_mobile_v2.0_cls_mobile.pth[0m
[32m[INFO] 2026-08-31 20:05:32,063 [RapidOCR] main.py:50: Using D:\Work\research\FileX\.venv-ai\Lib\site-packages\rapidocr\models\ch_ptocr_mobile_v2.0_cls_mobile.pth[0m
[32m[INFO] 2026-08-31 20:05:32,536 [RapidOCR] base.py:23: Using engine_name: torch[0m
[32m[INFO] 2026-08-31 20:05:32,537 [RapidOCR] device_config.py:64: Using GPU device with ID: 0[0m
[32m[INFO] 2026-08-31 20:05:32,558 [RapidOCR] download_file.py:60: File exists and is valid: D:\Work\research\FileX\.venv-ai\Lib\site-packages\rapidocr\models\PP-OCRv6_rec_small.pth[0m
[32m[INFO] 2026-08-31 20:05:32,558 [RapidOCR] main.py:50: Using D:\Work\research\FileX\.venv-ai\Lib\site-packages\rapidocr\models\PP-OCRv6_rec_small.pth[0m
[32m[INFO] 2026-08-31 20:05:34,173 [RapidOCR] base.py:23: Using engine_name: torch[0m
[32m[INFO] 2026-08-31 20:05:34,174 [RapidOCR] device_config.py:64: Using GPU device with ID: 0[0m
[32m[INFO] 2026-08-31 20:05:34,184 [RapidOCR] download_file.py:60: File exists and is valid: D:\Work\research\FileX\.venv-ai\Lib\site-packages\rapidocr\models\PP-OCRv6_det_small.pth[0m
[32m[INFO] 2026-08-31 20:05:34,184 [RapidOCR] main.py:50: Using D:\Work\research\FileX\.venv-ai\Lib\site-packages\rapidocr\models\PP-OCRv6_det_small.pth[0m
[32m[INFO] 2026-08-31 20:05:34,527 [RapidOCR] base.py:23: Using engine_name: torch[0m
[32m[INFO] 2026-08-31 20:05:34,527 [RapidOCR] device_config.py:64: Using GPU device with ID: 0[0m
[32m[INFO] 2026-08-31 20:05:34,529 [RapidOCR] download_file.py:60: File exists and is valid: D:\Work\research\FileX\.venv-ai\Lib\site-packages\rapidocr\models\ch_ptocr_mobile_v2.0_cls_mobile.pth[0m
[32m[INFO] 2026-08-31 20:05:34,529 [RapidOCR] main.py:50: Using D:\Work\research\FileX\.venv-ai\Lib\site-packages\rapidocr\models\ch_ptocr_mobile_v2.0_cls_mobile.pth[0m
[32m[INFO] 2026-08-31 20:05:34,710 [RapidOCR] base.py:23: Using engine_name: torch[0m
[32m[INFO] 2026-08-31 20:05:34,711 [RapidOCR] device_config.py:64: Using GPU device with ID: 0[0m
[32m[INFO] 2026-08-31 20:05:34,732 [RapidOCR] download_file.py:60: File exists and is valid: D:\Work\research\FileX\.venv-ai\Lib\site-packages\rapidocr\models\PP-OCRv6_rec_small.pth[0m
[32m[INFO] 2026-08-31 20:05:34,732 [RapidOCR] main.py:50: Using D:\Work\research\FileX\.venv-ai\Lib\site-packages\rapidocr\models\PP-OCRv6_rec_small.pth[0m
[32m[INFO] 2026-08-31 20:05:35,998 [RapidOCR] base.py:23: Using engine_name: torch[0m
[32m[INFO] 2026-08-31 20:05:35,999 [RapidOCR] device_config.py:64: Using GPU device with ID: 0[0m
[32m[INFO] 2026-08-31 20:05:36,009 [RapidOCR] download_file.py:60: File exists and is valid: D:\Work\research\FileX\.venv-ai\Lib\site-packages\rapidocr\models\PP-OCRv6_det_small.pth[0m
[32m[INFO] 2026-08-31 20:05:36,010 [RapidOCR] main.py:50: Using D:\Work\research\FileX\.venv-ai\Lib\site-packages\rapidocr\models\PP-OCRv6_det_small.pth[0m
[32m[INFO] 2026-08-31 20:05:36,283 [RapidOCR] base.py:23: Using engine_name: torch[0m
[32m[INFO] 2026-08-31 20:05:36,284 [RapidOCR] device_config.py:64: Using GPU device with ID: 0[0m
[32m[INFO] 2026-08-31 20:05:36,286 [RapidOCR] download_file.py:60: File exists and is valid: D:\Work\research\FileX\.venv-ai\Lib\site-packages\rapidocr\models\ch_ptocr_mobile_v2.0_cls_mobile.pth[0m
[32m[INFO] 2026-08-31 20:05:36,286 [RapidOCR] main.py:50: Using D:\Work\research\FileX\.venv-ai\Lib\site-packages\rapidocr\models\ch_ptocr_mobile_v2.0_cls_mobile.pth[0m
[32m[INFO] 2026-08-31 20:05:36,441 [RapidOCR] base.py:23: Using engine_name: torch[0m
[32m[INFO] 2026-08-31 20:05:36,442 [RapidOCR] device_config.py:64: Using GPU device with ID: 0[0m
[32m[INFO] 2026-08-31 20:05:36,462 [RapidOCR] download_file.py:60: File exists and is valid: D:\Work\research\FileX\.venv-ai\Lib\site-packages\rapidocr\models\PP-OCRv6_rec_small.pth[0m
[32m[INFO] 2026-08-31 20:05:36,462 [RapidOCR] main.py:50: Using D:\Work\research\FileX\.venv-ai\Lib\site-packages\rapidocr\models\PP-OCRv6_rec_small.pth[0m
[32m[INFO] 2026-08-31 20:05:38,243 [RapidOCR] base.py:23: Using engine_name: torch[0m
[32m[INFO] 2026-08-31 20:05:38,243 [RapidOCR] device_config.py:64: Using GPU device with ID: 0[0m
[32m[INFO] 2026-08-31 20:05:38,256 [RapidOCR] download_file.py:60: File exists and is valid: D:\Work\research\FileX\.venv-ai\Lib\site-packages\rapidocr\models\PP-OCRv6_det_small.pth[0m
[32m[INFO] 2026-08-31 20:05:38,256 [RapidOCR] main.py:50: Using D:\Work\research\FileX\.venv-ai\Lib\site-packages\rapidocr\models\PP-OCRv6_det_small.pth[0m
[32m[INFO] 2026-08-31 20:05:38,580 [RapidOCR] base.py:23: Using engine_name: torch[0m
[32m[INFO] 2026-08-31 20:05:38,581 [RapidOCR] device_config.py:64: Using GPU device with ID: 0[0m
[32m[INFO] 2026-08-31 20:05:38,582 [RapidOCR] download_file.py:60: File exists and is valid: D:\Work\research\FileX\.venv-ai\Lib\site-packages\rapidocr\models\ch_ptocr_mobile_v2.0_cls_mobile.pth[0m
[32m[INFO] 2026-08-31 20:05:38,583 [RapidOCR] main.py:50: Using D:\Work\research\FileX\.venv-ai\Lib\site-packages\rapidocr\models\ch_ptocr_mobile_v2.0_cls_mobile.pth[0m
[32m[INFO] 2026-08-31 20:05:38,761 [RapidOCR] base.py:23: Using engine_name: torch[0m
[32m[INFO] 2026-08-31 20:05:38,762 [RapidOCR] device_config.py:64: Using GPU device with ID: 0[0m
[32m[INFO] 2026-08-31 20:05:38,783 [RapidOCR] download_file.py:60: File exists and is valid: D:\Work\research\FileX\.venv-ai\Lib\site-packages\rapidocr\models\PP-OCRv6_rec_small.pth[0m
[32m[INFO] 2026-08-31 20:05:38,784 [RapidOCR] main.py:50: Using D:\Work\research\FileX\.venv-ai\Lib\site-packages\rapidocr\models\PP-OCRv6_rec_small.pth[0m
[32m[INFO] 2026-08-31 20:05:40,371 [RapidOCR] base.py:23: Using engine_name: torch[0m
[32m[INFO] 2026-08-31 20:05:40,372 [RapidOCR] device_config.py:64: Using GPU device with ID: 0[0m
[32m[INFO] 2026-08-31 20:05:40,382 [RapidOCR] download_file.py:60: File exists and is valid: D:\Work\research\FileX\.venv-ai\Lib\site-packages\rapidocr\models\PP-OCRv6_det_small.pth[0m
[32m[INFO] 2026-08-31 20:05:40,382 [RapidOCR] main.py:50: Using D:\Work\research\FileX\.venv-ai\Lib\site-packages\rapidocr\models\PP-OCRv6_det_small.pth[0m
[32m[INFO] 2026-08-31 20:05:40,644 [RapidOCR] base.py:23: Using engine_name: torch[0m
[32m[INFO] 2026-08-31 20:05:40,645 [RapidOCR] device_config.py:64: Using GPU device with ID: 0[0m
[32m[INFO] 2026-08-31 20:05:40,646 [RapidOCR] download_file.py:60: File exists and is valid: D:\Work\research\FileX\.venv-ai\Lib\site-packages\rapidocr\models\ch_ptocr_mobile_v2.0_cls_mobile.pth[0m
[32m[INFO] 2026-08-31 20:05:40,646 [RapidOCR] main.py:50: Using D:\Work\research\FileX\.venv-ai\Lib\site-packages\rapidocr\models\ch_ptocr_mobile_v2.0_cls_mobile.pth[0m
[32m[INFO] 2026-08-31 20:05:40,810 [RapidOCR] base.py:23: Using engine_name: torch[0m
[32m[INFO] 2026-08-31 20:05:40,811 [RapidOCR] device_config.py:64: Using GPU device with ID: 0[0m
[32m[INFO] 2026-08-31 20:05:40,832 [RapidOCR] download_file.py:60: File exists and is valid: D:\Work\research\FileX\.venv-ai\Lib\site-packages\rapidocr\models\PP-OCRv6_rec_small.pth[0m
[32m[INFO] 2026-08-31 20:05:40,832 [RapidOCR] main.py:50: Using D:\Work\research\FileX\.venv-ai\Lib\site-packages\rapidocr\models\PP-OCRv6_rec_small.pth[0m
{"config": "docling-r6", "doc": "escaneado_d5a", "ppp_nativo": 90, "ppp": 145, "factor": 1.611, "png": "ppp145__escaneado_d5a.png", "png_identify": "938x1290 57.079999999999998295,57.079999999999998295 PixelsPerCentimeter", "preflight": {"vram_libre_mib": 8194, "mpx_actual": 1.21, "mpx_pendiente_ordenada": 0}, "entrada": "PDF via Docling; scale explicita", "dispositivo": "GPU CUDA", "rc": [1, 1, 1, 1, 1, 1, 1, 1, 1], "error": ["FileNotFoundError: [WinError 3] El sistema no puede encontrar la ruta especificada: '\\\\\\\\?\\\\\\\\wsl.localhost\\\\Ubuntu\\\\'", "FileNotFoundError: [WinError 3] El sistema no puede encontrar la ruta especificada: '\\\\\\\\?\\\\\\\\wsl.localhost\\\\Ubuntu\\\\'", "FileNotFoundError: [WinError 3] El sistema no puede encontrar la ruta especificada: '\\\\\\\\?\\\\\\\\wsl.localhost\\\\Ubuntu\\\\'", "FileNotFoundError: [WinError 3] El sistema no puede encontrar la ruta especificada: '\\\\\\\\?\\\\\\\\wsl.localhost\\\\Ubuntu\\\\'", "FileNotFoundError: [WinError 3] El sistema no puede encontrar la ruta especificada: '\\\\\\\\?\\\\\\\\wsl.localhost\\\\Ubuntu\\\\'", "FileNotFoundError: [WinError 3] El sistema no puede encontrar la ruta especificada: '\\\\\\\\?\\\\\\\\wsl.localhost\\\\Ubuntu\\\\'", "FileNotFoundError: [WinError 3] El sistema no puede encontrar la ruta especificada: '\\\\\\\\?\\\\\\\\wsl.localhost\\\\Ubuntu\\\\'", "FileNotFoundError: [WinError 3] El sistema no puede encontrar la ruta especificada: '\\\\\\\\?\\\\\\\\wsl.localhost\\\\Ubuntu\\\\'", "FileNotFoundError: [WinError 3] El sistema no puede encontrar la ruta especificada: '\\\\\\\\?\\\\\\\\wsl.localhost\\\\Ubuntu\\\\'"], "n": 9, "ms_mediana": 2489.1, "determinista": true, "metrica": "acentos", "cer_pct": 100.0, "cer_acentos_pct": 100.0, "cer_ciego_pct": 100.0, "dist_acentos": 596, "texto": "docling-r6__ppp145__escaneado_d5a.txt"}
[32m[INFO] 2026-08-31 20:05:42,368 [RapidOCR] base.py:23: Using engine_name: torch[0m
[32m[INFO] 2026-08-31 20:05:42,369 [RapidOCR] device_config.py:64: Using GPU device with ID: 0[0m
[32m[INFO] 2026-08-31 20:05:42,381 [RapidOCR] download_file.py:60: File exists and is valid: D:\Work\research\FileX\.venv-ai\Lib\site-packages\rapidocr\models\PP-OCRv6_det_small.pth[0m
[32m[INFO] 2026-08-31 20:05:42,381 [RapidOCR] main.py:50: Using D:\Work\research\FileX\.venv-ai\Lib\site-packages\rapidocr\models\PP-OCRv6_det_small.pth[0m
[32m[INFO] 2026-08-31 20:05:42,726 [RapidOCR] base.py:23: Using engine_name: torch[0m
[32m[INFO] 2026-08-31 20:05:42,727 [RapidOCR] device_config.py:64: Using GPU device with ID: 0[0m
[32m[INFO] 2026-08-31 20:05:42,728 [RapidOCR] download_file.py:60: File exists and is valid: D:\Work\research\FileX\.venv-ai\Lib\site-packages\rapidocr\models\ch_ptocr_mobile_v2.0_cls_mobile.pth[0m
[32m[INFO] 2026-08-31 20:05:42,729 [RapidOCR] main.py:50: Using D:\Work\research\FileX\.venv-ai\Lib\site-packages\rapidocr\models\ch_ptocr_mobile_v2.0_cls_mobile.pth[0m
[32m[INFO] 2026-08-31 20:05:42,912 [RapidOCR] base.py:23: Using engine_name: torch[0m
[32m[INFO] 2026-08-31 20:05:42,912 [RapidOCR] device_config.py:64: Using GPU device with ID: 0[0m
[32m[INFO] 2026-08-31 20:05:42,935 [RapidOCR] download_file.py:60: File exists and is valid: D:\Work\research\FileX\.venv-ai\Lib\site-packages\rapidocr\models\PP-OCRv6_rec_small.pth[0m
[32m[INFO] 2026-08-31 20:05:42,936 [RapidOCR] main.py:50: Using D:\Work\research\FileX\.venv-ai\Lib\site-packages\rapidocr\models\PP-OCRv6_rec_small.pth[0m
[32m[INFO] 2026-08-31 20:05:44,713 [RapidOCR] base.py:23: Using engine_name: torch[0m
[32m[INFO] 2026-08-31 20:05:44,714 [RapidOCR] device_config.py:64: Using GPU device with ID: 0[0m
[32m[INFO] 2026-08-31 20:05:44,726 [RapidOCR] download_file.py:60: File exists and is valid: D:\Work\research\FileX\.venv-ai\Lib\site-packages\rapidocr\models\PP-OCRv6_det_small.pth[0m
[32m[INFO] 2026-08-31 20:05:44,728 [RapidOCR] main.py:50: Using D:\Work\research\FileX\.venv-ai\Lib\site-packages\rapidocr\models\PP-OCRv6_det_small.pth[0m
[32m[INFO] 2026-08-31 20:05:45,082 [RapidOCR] base.py:23: Using engine_name: torch[0m
[32m[INFO] 2026-08-31 20:05:45,083 [RapidOCR] device_config.py:64: Using GPU device with ID: 0[0m
[32m[INFO] 2026-08-31 20:05:45,086 [RapidOCR] download_file.py:60: File exists and is valid: D:\Work\research\FileX\.venv-ai\Lib\site-packages\rapidocr\models\ch_ptocr_mobile_v2.0_cls_mobile.pth[0m
[32m[INFO] 2026-08-31 20:05:45,086 [RapidOCR] main.py:50: Using D:\Work\research\FileX\.venv-ai\Lib\site-packages\rapidocr\models\ch_ptocr_mobile_v2.0_cls_mobile.pth[0m
[32m[INFO] 2026-08-31 20:05:45,291 [RapidOCR] base.py:23: Using engine_name: torch[0m
[32m[INFO] 2026-08-31 20:05:45,292 [RapidOCR] device_config.py:64: Using GPU device with ID: 0[0m
[32m[INFO] 2026-08-31 20:05:45,315 [RapidOCR] download_file.py:60: File exists and is valid: D:\Work\research\FileX\.venv-ai\Lib\site-packages\rapidocr\models\PP-OCRv6_rec_small.pth[0m
[32m[INFO] 2026-08-31 20:05:45,315 [RapidOCR] main.py:50: Using D:\Work\research\FileX\.venv-ai\Lib\site-packages\rapidocr\models\PP-OCRv6_rec_small.pth[0m
[32m[INFO] 2026-08-31 20:05:47,085 [RapidOCR] base.py:23: Using engine_name: torch[0m
[32m[INFO] 2026-08-31 20:05:47,086 [RapidOCR] device_config.py:64: Using GPU device with ID: 0[0m
[32m[INFO] 2026-08-31 20:05:47,096 [RapidOCR] download_file.py:60: File exists and is valid: D:\Work\research\FileX\.venv-ai\Lib\site-packages\rapidocr\models\PP-OCRv6_det_small.pth[0m
[32m[INFO] 2026-08-31 20:05:47,097 [RapidOCR] main.py:50: Using D:\Work\research\FileX\.venv-ai\Lib\site-packages\rapidocr\models\PP-OCRv6_det_small.pth[0m
[32m[INFO] 2026-08-31 20:05:47,474 [RapidOCR] base.py:23: Using engine_name: torch[0m
[32m[INFO] 2026-08-31 20:05:47,475 [RapidOCR] device_config.py:64: Using GPU device with ID: 0[0m
[32m[INFO] 2026-08-31 20:05:47,476 [RapidOCR] download_file.py:60: File exists and is valid: D:\Work\research\FileX\.venv-ai\Lib\site-packages\rapidocr\models\ch_ptocr_mobile_v2.0_cls_mobile.pth[0m
[32m[INFO] 2026-08-31 20:05:47,476 [RapidOCR] main.py:50: Using D:\Work\research\FileX\.venv-ai\Lib\site-packages\rapidocr\models\ch_ptocr_mobile_v2.0_cls_mobile.pth[0m
[32m[INFO] 2026-08-31 20:05:47,670 [RapidOCR] base.py:23: Using engine_name: torch[0m
[32m[INFO] 2026-08-31 20:05:47,670 [RapidOCR] device_config.py:64: Using GPU device with ID: 0[0m
[32m[INFO] 2026-08-31 20:05:47,691 [RapidOCR] download_file.py:60: File exists and is valid: D:\Work\research\FileX\.venv-ai\Lib\site-packages\rapidocr\models\PP-OCRv6_rec_small.pth[0m
[32m[INFO] 2026-08-31 20:05:47,691 [RapidOCR] main.py:50: Using D:\Work\research\FileX\.venv-ai\Lib\site-packages\rapidocr\models\PP-OCRv6_rec_small.pth[0m
[32m[INFO] 2026-08-31 20:05:49,275 [RapidOCR] base.py:23: Using engine_name: torch[0m
[32m[INFO] 2026-08-31 20:05:49,276 [RapidOCR] device_config.py:64: Using GPU device with ID: 0[0m
[32m[INFO] 2026-08-31 20:05:49,286 [RapidOCR] download_file.py:60: File exists and is valid: D:\Work\research\FileX\.venv-ai\Lib\site-packages\rapidocr\models\PP-OCRv6_det_small.pth[0m
[32m[INFO] 2026-08-31 20:05:49,287 [RapidOCR] main.py:50: Using D:\Work\research\FileX\.venv-ai\Lib\site-packages\rapidocr\models\PP-OCRv6_det_small.pth[0m
[32m[INFO] 2026-08-31 20:05:49,607 [RapidOCR] base.py:23: Using engine_name: torch[0m
[32m[INFO] 2026-08-31 20:05:49,607 [RapidOCR] device_config.py:64: Using GPU device with ID: 0[0m
[32m[INFO] 2026-08-31 20:05:49,609 [RapidOCR] download_file.py:60: File exists and is valid: D:\Work\research\FileX\.venv-ai\Lib\site-packages\rapidocr\models\ch_ptocr_mobile_v2.0_cls_mobile.pth[0m
[32m[INFO] 2026-08-31 20:05:49,609 [RapidOCR] main.py:50: Using D:\Work\research\FileX\.venv-ai\Lib\site-packages\rapidocr\models\ch_ptocr_mobile_v2.0_cls_mobile.pth[0m
[32m[INFO] 2026-08-31 20:05:49,817 [RapidOCR] base.py:23: Using engine_name: torch[0m
[32m[INFO] 2026-08-31 20:05:49,818 [RapidOCR] device_config.py:64: Using GPU device with ID: 0[0m
[32m[INFO] 2026-08-31 20:05:49,838 [RapidOCR] download_file.py:60: File exists and is valid: D:\Work\research\FileX\.venv-ai\Lib\site-packages\rapidocr\models\PP-OCRv6_rec_small.pth[0m
[32m[INFO] 2026-08-31 20:05:49,838 [RapidOCR] main.py:50: Using D:\Work\research\FileX\.venv-ai\Lib\site-packages\rapidocr\models\PP-OCRv6_rec_small.pth[0m
[32m[INFO] 2026-08-31 20:05:51,172 [RapidOCR] base.py:23: Using engine_name: torch[0m
[32m[INFO] 2026-08-31 20:05:51,173 [RapidOCR] device_config.py:64: Using GPU device with ID: 0[0m
[32m[INFO] 2026-08-31 20:05:51,184 [RapidOCR] download_file.py:60: File exists and is valid: D:\Work\research\FileX\.venv-ai\Lib\site-packages\rapidocr\models\PP-OCRv6_det_small.pth[0m
[32m[INFO] 2026-08-31 20:05:51,184 [RapidOCR] main.py:50: Using D:\Work\research\FileX\.venv-ai\Lib\site-packages\rapidocr\models\PP-OCRv6_det_small.pth[0m
[32m[INFO] 2026-08-31 20:05:51,477 [RapidOCR] base.py:23: Using engine_name: torch[0m
[32m[INFO] 2026-08-31 20:05:51,478 [RapidOCR] device_config.py:64: Using GPU device with ID: 0[0m
[32m[INFO] 2026-08-31 20:05:51,479 [RapidOCR] download_file.py:60: File exists and is valid: D:\Work\research\FileX\.venv-ai\Lib\site-packages\rapidocr\models\ch_ptocr_mobile_v2.0_cls_mobile.pth[0m
[32m[INFO] 2026-08-31 20:05:51,479 [RapidOCR] main.py:50: Using D:\Work\research\FileX\.venv-ai\Lib\site-packages\rapidocr\models\ch_ptocr_mobile_v2.0_cls_mobile.pth[0m
[32m[INFO] 2026-08-31 20:05:51,662 [RapidOCR] base.py:23: Using engine_name: torch[0m
[32m[INFO] 2026-08-31 20:05:51,662 [RapidOCR] device_config.py:64: Using GPU device with ID: 0[0m
[32m[INFO] 2026-08-31 20:05:51,685 [RapidOCR] download_file.py:60: File exists and is valid: D:\Work\research\FileX\.venv-ai\Lib\site-packages\rapidocr\models\PP-OCRv6_rec_small.pth[0m
[32m[INFO] 2026-08-31 20:05:51,686 [RapidOCR] main.py:50: Using D:\Work\research\FileX\.venv-ai\Lib\site-packages\rapidocr\models\PP-OCRv6_rec_small.pth[0m
[32m[INFO] 2026-08-31 20:05:53,938 [RapidOCR] base.py:23: Using engine_name: torch[0m
[32m[INFO] 2026-08-31 20:05:53,939 [RapidOCR] device_config.py:64: Using GPU device with ID: 0[0m
[32m[INFO] 2026-08-31 20:05:53,948 [RapidOCR] download_file.py:60: File exists and is valid: D:\Work\research\FileX\.venv-ai\Lib\site-packages\rapidocr\models\PP-OCRv6_det_small.pth[0m
[32m[INFO] 2026-08-31 20:05:53,948 [RapidOCR] main.py:50: Using D:\Work\research\FileX\.venv-ai\Lib\site-packages\rapidocr\models\PP-OCRv6_det_small.pth[0m
[32m[INFO] 2026-08-31 20:05:54,239 [RapidOCR] base.py:23: Using engine_name: torch[0m
[32m[INFO] 2026-08-31 20:05:54,240 [RapidOCR] device_config.py:64: Using GPU device with ID: 0[0m
[32m[INFO] 2026-08-31 20:05:54,241 [RapidOCR] download_file.py:60: File exists and is valid: D:\Work\research\FileX\.venv-ai\Lib\site-packages\rapidocr\models\ch_ptocr_mobile_v2.0_cls_mobile.pth[0m
[32m[INFO] 2026-08-31 20:05:54,241 [RapidOCR] main.py:50: Using D:\Work\research\FileX\.venv-ai\Lib\site-packages\rapidocr\models\ch_ptocr_mobile_v2.0_cls_mobile.pth[0m
[32m[INFO] 2026-08-31 20:05:54,410 [RapidOCR] base.py:23: Using engine_name: torch[0m
[32m[INFO] 2026-08-31 20:05:54,410 [RapidOCR] device_config.py:64: Using GPU device with ID: 0[0m
[32m[INFO] 2026-08-31 20:05:54,430 [RapidOCR] download_file.py:60: File exists and is valid: D:\Work\research\FileX\.venv-ai\Lib\site-packages\rapidocr\models\PP-OCRv6_rec_small.pth[0m
[32m[INFO] 2026-08-31 20:05:54,430 [RapidOCR] main.py:50: Using D:\Work\research\FileX\.venv-ai\Lib\site-packages\rapidocr\models\PP-OCRv6_rec_small.pth[0m
[32m[INFO] 2026-08-31 20:05:55,936 [RapidOCR] base.py:23: Using engine_name: torch[0m
[32m[INFO] 2026-08-31 20:05:55,936 [RapidOCR] device_config.py:64: Using GPU device with ID: 0[0m
[32m[INFO] 2026-08-31 20:05:55,948 [RapidOCR] download_file.py:60: File exists and is valid: D:\Work\research\FileX\.venv-ai\Lib\site-packages\rapidocr\models\PP-OCRv6_det_small.pth[0m
[32m[INFO] 2026-08-31 20:05:55,948 [RapidOCR] main.py:50: Using D:\Work\research\FileX\.venv-ai\Lib\site-packages\rapidocr\models\PP-OCRv6_det_small.pth[0m
[32m[INFO] 2026-08-31 20:05:56,279 [RapidOCR] base.py:23: Using engine_name: torch[0m
[32m[INFO] 2026-08-31 20:05:56,280 [RapidOCR] device_config.py:64: Using GPU device with ID: 0[0m
[32m[INFO] 2026-08-31 20:05:56,282 [RapidOCR] download_file.py:60: File exists and is valid: D:\Work\research\FileX\.venv-ai\Lib\site-packages\rapidocr\models\ch_ptocr_mobile_v2.0_cls_mobile.pth[0m
[32m[INFO] 2026-08-31 20:05:56,282 [RapidOCR] main.py:50: Using D:\Work\research\FileX\.venv-ai\Lib\site-packages\rapidocr\models\ch_ptocr_mobile_v2.0_cls_mobile.pth[0m
[32m[INFO] 2026-08-31 20:05:56,529 [RapidOCR] base.py:23: Using engine_name: torch[0m
[32m[INFO] 2026-08-31 20:05:56,529 [RapidOCR] device_config.py:64: Using GPU device with ID: 0[0m
[32m[INFO] 2026-08-31 20:05:56,551 [RapidOCR] download_file.py:60: File exists and is valid: D:\Work\research\FileX\.venv-ai\Lib\site-packages\rapidocr\models\PP-OCRv6_rec_small.pth[0m
[32m[INFO] 2026-08-31 20:05:56,552 [RapidOCR] main.py:50: Using D:\Work\research\FileX\.venv-ai\Lib\site-packages\rapidocr\models\PP-OCRv6_rec_small.pth[0m
[32m[INFO] 2026-08-31 20:05:57,930 [RapidOCR] base.py:23: Using engine_name: torch[0m
[32m[INFO] 2026-08-31 20:05:57,931 [RapidOCR] device_config.py:64: Using GPU device with ID: 0[0m
[32m[INFO] 2026-08-31 20:05:57,942 [RapidOCR] download_file.py:60: File exists and is valid: D:\Work\research\FileX\.venv-ai\Lib\site-packages\rapidocr\models\PP-OCRv6_det_small.pth[0m
[32m[INFO] 2026-08-31 20:05:57,943 [RapidOCR] main.py:50: Using D:\Work\research\FileX\.venv-ai\Lib\site-packages\rapidocr\models\PP-OCRv6_det_small.pth[0m
[32m[INFO] 2026-08-31 20:05:58,210 [RapidOCR] base.py:23: Using engine_name: torch[0m
[32m[INFO] 2026-08-31 20:05:58,210 [RapidOCR] device_config.py:64: Using GPU device with ID: 0[0m
[32m[INFO] 2026-08-31 20:05:58,211 [RapidOCR] download_file.py:60: File exists and is valid: D:\Work\research\FileX\.venv-ai\Lib\site-packages\rapidocr\models\ch_ptocr_mobile_v2.0_cls_mobile.pth[0m
[32m[INFO] 2026-08-31 20:05:58,212 [RapidOCR] main.py:50: Using D:\Work\research\FileX\.venv-ai\Lib\site-packages\rapidocr\models\ch_ptocr_mobile_v2.0_cls_mobile.pth[0m
[32m[INFO] 2026-08-31 20:05:58,377 [RapidOCR] base.py:23: Using engine_name: torch[0m
[32m[INFO] 2026-08-31 20:05:58,377 [RapidOCR] device_config.py:64: Using GPU device with ID: 0[0m
[32m[INFO] 2026-08-31 20:05:58,397 [RapidOCR] download_file.py:60: File exists and is valid: D:\Work\research\FileX\.venv-ai\Lib\site-packages\rapidocr\models\PP-OCRv6_rec_small.pth[0m
[32m[INFO] 2026-08-31 20:05:58,397 [RapidOCR] main.py:50: Using D:\Work\research\FileX\.venv-ai\Lib\site-packages\rapidocr\models\PP-OCRv6_rec_small.pth[0m
[32m[INFO] 2026-08-31 20:05:59,690 [RapidOCR] base.py:23: Using engine_name: torch[0m
[32m[INFO] 2026-08-31 20:05:59,691 [RapidOCR] device_config.py:64: Using GPU device with ID: 0[0m
[32m[INFO] 2026-08-31 20:05:59,701 [RapidOCR] download_file.py:60: File exists and is valid: D:\Work\research\FileX\.venv-ai\Lib\site-packages\rapidocr\models\PP-OCRv6_det_small.pth[0m
[32m[INFO] 2026-08-31 20:05:59,701 [RapidOCR] main.py:50: Using D:\Work\research\FileX\.venv-ai\Lib\site-packages\rapidocr\models\PP-OCRv6_det_small.pth[0m
[32m[INFO] 2026-08-31 20:06:00,256 [RapidOCR] base.py:23: Using engine_name: torch[0m
[32m[INFO] 2026-08-31 20:06:00,256 [RapidOCR] device_config.py:64: Using GPU device with ID: 0[0m
[32m[INFO] 2026-08-31 20:06:00,258 [RapidOCR] download_file.py:60: File exists and is valid: D:\Work\research\FileX\.venv-ai\Lib\site-packages\rapidocr\models\ch_ptocr_mobile_v2.0_cls_mobile.pth[0m
[32m[INFO] 2026-08-31 20:06:00,258 [RapidOCR] main.py:50: Using D:\Work\research\FileX\.venv-ai\Lib\site-packages\rapidocr\models\ch_ptocr_mobile_v2.0_cls_mobile.pth[0m
[32m[INFO] 2026-08-31 20:06:00,438 [RapidOCR] base.py:23: Using engine_name: torch[0m
[32m[INFO] 2026-08-31 20:06:00,439 [RapidOCR] device_config.py:64: Using GPU device with ID: 0[0m
[32m[INFO] 2026-08-31 20:06:00,461 [RapidOCR] download_file.py:60: File exists and is valid: D:\Work\research\FileX\.venv-ai\Lib\site-packages\rapidocr\models\PP-OCRv6_rec_small.pth[0m
[32m[INFO] 2026-08-31 20:06:00,461 [RapidOCR] main.py:50: Using D:\Work\research\FileX\.venv-ai\Lib\site-packages\rapidocr\models\PP-OCRv6_rec_small.pth[0m
[32m[INFO] 2026-08-31 20:06:02,395 [RapidOCR] base.py:23: Using engine_name: torch[0m
[32m[INFO] 2026-08-31 20:06:02,396 [RapidOCR] device_config.py:64: Using GPU device with ID: 0[0m
[32m[INFO] 2026-08-31 20:06:02,407 [RapidOCR] download_file.py:60: File exists and is valid: D:\Work\research\FileX\.venv-ai\Lib\site-packages\rapidocr\models\PP-OCRv6_det_small.pth[0m
[32m[INFO] 2026-08-31 20:06:02,407 [RapidOCR] main.py:50: Using D:\Work\research\FileX\.venv-ai\Lib\site-packages\rapidocr\models\PP-OCRv6_det_small.pth[0m
[32m[INFO] 2026-08-31 20:06:02,707 [RapidOCR] base.py:23: Using engine_name: torch[0m
[32m[INFO] 2026-08-31 20:06:02,708 [RapidOCR] device_config.py:64: Using GPU device with ID: 0[0m
[32m[INFO] 2026-08-31 20:06:02,709 [RapidOCR] download_file.py:60: File exists and is valid: D:\Work\research\FileX\.venv-ai\Lib\site-packages\rapidocr\models\ch_ptocr_mobile_v2.0_cls_mobile.pth[0m
[32m[INFO] 2026-08-31 20:06:02,710 [RapidOCR] main.py:50: Using D:\Work\research\FileX\.venv-ai\Lib\site-packages\rapidocr\models\ch_ptocr_mobile_v2.0_cls_mobile.pth[0m
[32m[INFO] 2026-08-31 20:06:02,910 [RapidOCR] base.py:23: Using engine_name: torch[0m
[32m[INFO] 2026-08-31 20:06:02,910 [RapidOCR] device_config.py:64: Using GPU device with ID: 0[0m
[32m[INFO] 2026-08-31 20:06:02,933 [RapidOCR] download_file.py:60: File exists and is valid: D:\Work\research\FileX\.venv-ai\Lib\site-packages\rapidocr\models\PP-OCRv6_rec_small.pth[0m
[32m[INFO] 2026-08-31 20:06:02,934 [RapidOCR] main.py:50: Using D:\Work\research\FileX\.venv-ai\Lib\site-packages\rapidocr\models\PP-OCRv6_rec_small.pth[0m
{"config": "docling-r6", "doc": "escaneado_d5a", "ppp_nativo": 90, "ppp": 150, "factor": 1.667, "png": "ppp150__escaneado_d5a.png", "png_identify": "970x1335 59.049999999999997158,59.049999999999997158 PixelsPerCentimeter", "preflight": {"vram_libre_mib": 8379, "mpx_actual": 1.295, "mpx_pendiente_ordenada": 0}, "entrada": "PDF via Docling; scale explicita", "dispositivo": "GPU CUDA", "rc": [1, 1, 1, 1, 1, 1, 1, 1, 1], "error": ["FileNotFoundError: [WinError 3] El sistema no puede encontrar la ruta especificada: '\\\\\\\\?\\\\\\\\wsl.localhost\\\\Ubuntu\\\\'", "FileNotFoundError: [WinError 3] El sistema no puede encontrar la ruta especificada: '\\\\\\\\?\\\\\\\\wsl.localhost\\\\Ubuntu\\\\'", "FileNotFoundError: [WinError 3] El sistema no puede encontrar la ruta especificada: '\\\\\\\\?\\\\\\\\wsl.localhost\\\\Ubuntu\\\\'", "FileNotFoundError: [WinError 3] El sistema no puede encontrar la ruta especificada: '\\\\\\\\?\\\\\\\\wsl.localhost\\\\Ubuntu\\\\'", "FileNotFoundError: [WinError 3] El sistema no puede encontrar la ruta especificada: '\\\\\\\\?\\\\\\\\wsl.localhost\\\\Ubuntu\\\\'", "FileNotFoundError: [WinError 3] El sistema no puede encontrar la ruta especificada: '\\\\\\\\?\\\\\\\\wsl.localhost\\\\Ubuntu\\\\'", "FileNotFoundError: [WinError 3] El sistema no puede encontrar la ruta especificada: '\\\\\\\\?\\\\\\\\wsl.localhost\\\\Ubuntu\\\\'", "FileNotFoundError: [WinError 3] El sistema no puede encontrar la ruta especificada: '\\\\\\\\?\\\\\\\\wsl.localhost\\\\Ubuntu\\\\'", "FileNotFoundError: [WinError 3] El sistema no puede encontrar la ruta especificada: '\\\\\\\\?\\\\\\\\wsl.localhost\\\\Ubuntu\\\\'"], "n": 9, "ms_mediana": 2226.3, "determinista": true, "metrica": "acentos", "cer_pct": 100.0, "cer_acentos_pct": 100.0, "cer_ciego_pct": 100.0, "dist_acentos": 596, "texto": "docling-r6__ppp150__escaneado_d5a.txt"}
[32m[INFO] 2026-08-31 20:06:05,662 [RapidOCR] base.py:23: Using engine_name: torch[0m
[32m[INFO] 2026-08-31 20:06:05,663 [RapidOCR] device_config.py:64: Using GPU device with ID: 0[0m
[32m[INFO] 2026-08-31 20:06:05,689 [RapidOCR] download_file.py:60: File exists and is valid: D:\Work\research\FileX\.venv-ai\Lib\site-packages\rapidocr\models\PP-OCRv6_det_small.pth[0m
[32m[INFO] 2026-08-31 20:06:05,689 [RapidOCR] main.py:50: Using D:\Work\research\FileX\.venv-ai\Lib\site-packages\rapidocr\models\PP-OCRv6_det_small.pth[0m
[32m[INFO] 2026-08-31 20:06:06,340 [RapidOCR] base.py:23: Using engine_name: torch[0m
[32m[INFO] 2026-08-31 20:06:06,341 [RapidOCR] device_config.py:64: Using GPU device with ID: 0[0m
[32m[INFO] 2026-08-31 20:06:06,343 [RapidOCR] download_file.py:60: File exists and is valid: D:\Work\research\FileX\.venv-ai\Lib\site-packages\rapidocr\models\ch_ptocr_mobile_v2.0_cls_mobile.pth[0m
[32m[INFO] 2026-08-31 20:06:06,343 [RapidOCR] main.py:50: Using D:\Work\research\FileX\.venv-ai\Lib\site-packages\rapidocr\models\ch_ptocr_mobile_v2.0_cls_mobile.pth[0m
[32m[INFO] 2026-08-31 20:06:06,554 [RapidOCR] base.py:23: Using engine_name: torch[0m
[32m[INFO] 2026-08-31 20:06:06,555 [RapidOCR] device_config.py:64: Using GPU device with ID: 0[0m
[32m[INFO] 2026-08-31 20:06:06,576 [RapidOCR] download_file.py:60: File exists and is valid: D:\Work\research\FileX\.venv-ai\Lib\site-packages\rapidocr\models\PP-OCRv6_rec_small.pth[0m
[32m[INFO] 2026-08-31 20:06:06,576 [RapidOCR] main.py:50: Using D:\Work\research\FileX\.venv-ai\Lib\site-packages\rapidocr\models\PP-OCRv6_rec_small.pth[0m
[32m[INFO] 2026-08-31 20:06:08,609 [RapidOCR] base.py:23: Using engine_name: torch[0m
[32m[INFO] 2026-08-31 20:06:08,610 [RapidOCR] device_config.py:64: Using GPU device with ID: 0[0m
[32m[INFO] 2026-08-31 20:06:08,621 [RapidOCR] download_file.py:60: File exists and is valid: D:\Work\research\FileX\.venv-ai\Lib\site-packages\rapidocr\models\PP-OCRv6_det_small.pth[0m
[32m[INFO] 2026-08-31 20:06:08,622 [RapidOCR] main.py:50: Using D:\Work\research\FileX\.venv-ai\Lib\site-packages\rapidocr\models\PP-OCRv6_det_small.pth[0m
[32m[INFO] 2026-08-31 20:06:09,124 [RapidOCR] base.py:23: Using engine_name: torch[0m
[32m[INFO] 2026-08-31 20:06:09,124 [RapidOCR] device_config.py:64: Using GPU device with ID: 0[0m
[32m[INFO] 2026-08-31 20:06:09,125 [RapidOCR] download_file.py:60: File exists and is valid: D:\Work\research\FileX\.venv-ai\Lib\site-packages\rapidocr\models\ch_ptocr_mobile_v2.0_cls_mobile.pth[0m
[32m[INFO] 2026-08-31 20:06:09,125 [RapidOCR] main.py:50: Using D:\Work\research\FileX\.venv-ai\Lib\site-packages\rapidocr\models\ch_ptocr_mobile_v2.0_cls_mobile.pth[0m
[32m[INFO] 2026-08-31 20:06:09,290 [RapidOCR] base.py:23: Using engine_name: torch[0m
[32m[INFO] 2026-08-31 20:06:09,290 [RapidOCR] device_config.py:64: Using GPU device with ID: 0[0m
[32m[INFO] 2026-08-31 20:06:09,309 [RapidOCR] download_file.py:60: File exists and is valid: D:\Work\research\FileX\.venv-ai\Lib\site-packages\rapidocr\models\PP-OCRv6_rec_small.pth[0m
[32m[INFO] 2026-08-31 20:06:09,309 [RapidOCR] main.py:50: Using D:\Work\research\FileX\.venv-ai\Lib\site-packages\rapidocr\models\PP-OCRv6_rec_small.pth[0m
[32m[INFO] 2026-08-31 20:06:11,316 [RapidOCR] base.py:23: Using engine_name: torch[0m
[32m[INFO] 2026-08-31 20:06:11,317 [RapidOCR] device_config.py:64: Using GPU device with ID: 0[0m
[32m[INFO] 2026-08-31 20:06:11,327 [RapidOCR] download_file.py:60: File exists and is valid: D:\Work\research\FileX\.venv-ai\Lib\site-packages\rapidocr\models\PP-OCRv6_det_small.pth[0m
[32m[INFO] 2026-08-31 20:06:11,327 [RapidOCR] main.py:50: Using D:\Work\research\FileX\.venv-ai\Lib\site-packages\rapidocr\models\PP-OCRv6_det_small.pth[0m
[32m[INFO] 2026-08-31 20:06:11,650 [RapidOCR] base.py:23: Using engine_name: torch[0m
[32m[INFO] 2026-08-31 20:06:11,651 [RapidOCR] device_config.py:64: Using GPU device with ID: 0[0m
[32m[INFO] 2026-08-31 20:06:11,652 [RapidOCR] download_file.py:60: File exists and is valid: D:\Work\research\FileX\.venv-ai\Lib\site-packages\rapidocr\models\ch_ptocr_mobile_v2.0_cls_mobile.pth[0m
[32m[INFO] 2026-08-31 20:06:11,652 [RapidOCR] main.py:50: Using D:\Work\research\FileX\.venv-ai\Lib\site-packages\rapidocr\models\ch_ptocr_mobile_v2.0_cls_mobile.pth[0m
[32m[INFO] 2026-08-31 20:06:11,839 [RapidOCR] base.py:23: Using engine_name: torch[0m
[32m[INFO] 2026-08-31 20:06:11,839 [RapidOCR] device_config.py:64: Using GPU device with ID: 0[0m
[32m[INFO] 2026-08-31 20:06:11,858 [RapidOCR] download_file.py:60: File exists and is valid: D:\Work\research\FileX\.venv-ai\Lib\site-packages\rapidocr\models\PP-OCRv6_rec_small.pth[0m
[32m[INFO] 2026-08-31 20:06:11,858 [RapidOCR] main.py:50: Using D:\Work\research\FileX\.venv-ai\Lib\site-packages\rapidocr\models\PP-OCRv6_rec_small.pth[0m
[32m[INFO] 2026-08-31 20:06:13,219 [RapidOCR] base.py:23: Using engine_name: torch[0m
[32m[INFO] 2026-08-31 20:06:13,220 [RapidOCR] device_config.py:64: Using GPU device with ID: 0[0m
[32m[INFO] 2026-08-31 20:06:13,230 [RapidOCR] download_file.py:60: File exists and is valid: D:\Work\research\FileX\.venv-ai\Lib\site-packages\rapidocr\models\PP-OCRv6_det_small.pth[0m
[32m[INFO] 2026-08-31 20:06:13,230 [RapidOCR] main.py:50: Using D:\Work\research\FileX\.venv-ai\Lib\site-packages\rapidocr\models\PP-OCRv6_det_small.pth[0m
[32m[INFO] 2026-08-31 20:06:13,559 [RapidOCR] base.py:23: Using engine_name: torch[0m
[32m[INFO] 2026-08-31 20:06:13,560 [RapidOCR] device_config.py:64: Using GPU device with ID: 0[0m
[32m[INFO] 2026-08-31 20:06:13,561 [RapidOCR] download_file.py:60: File exists and is valid: D:\Work\research\FileX\.venv-ai\Lib\site-packages\rapidocr\models\ch_ptocr_mobile_v2.0_cls_mobile.pth[0m
[32m[INFO] 2026-08-31 20:06:13,561 [RapidOCR] main.py:50: Using D:\Work\research\FileX\.venv-ai\Lib\site-packages\rapidocr\models\ch_ptocr_mobile_v2.0_cls_mobile.pth[0m
[32m[INFO] 2026-08-31 20:06:13,795 [RapidOCR] base.py:23: Using engine_name: torch[0m
[32m[INFO] 2026-08-31 20:06:13,796 [RapidOCR] device_config.py:64: Using GPU device with ID: 0[0m
[32m[INFO] 2026-08-31 20:06:13,820 [RapidOCR] download_file.py:60: File exists and is valid: D:\Work\research\FileX\.venv-ai\Lib\site-packages\rapidocr\models\PP-OCRv6_rec_small.pth[0m
[32m[INFO] 2026-08-31 20:06:13,821 [RapidOCR] main.py:50: Using D:\Work\research\FileX\.venv-ai\Lib\site-packages\rapidocr\models\PP-OCRv6_rec_small.pth[0m
[32m[INFO] 2026-08-31 20:06:15,300 [RapidOCR] base.py:23: Using engine_name: torch[0m
[32m[INFO] 2026-08-31 20:06:15,301 [RapidOCR] device_config.py:64: Using GPU device with ID: 0[0m
[32m[INFO] 2026-08-31 20:06:15,312 [RapidOCR] download_file.py:60: File exists and is valid: D:\Work\research\FileX\.venv-ai\Lib\site-packages\rapidocr\models\PP-OCRv6_det_small.pth[0m
[32m[INFO] 2026-08-31 20:06:15,312 [RapidOCR] main.py:50: Using D:\Work\research\FileX\.venv-ai\Lib\site-packages\rapidocr\models\PP-OCRv6_det_small.pth[0m
[32m[INFO] 2026-08-31 20:06:15,641 [RapidOCR] base.py:23: Using engine_name: torch[0m
[32m[INFO] 2026-08-31 20:06:15,642 [RapidOCR] device_config.py:64: Using GPU device with ID: 0[0m
[32m[INFO] 2026-08-31 20:06:15,643 [RapidOCR] download_file.py:60: File exists and is valid: D:\Work\research\FileX\.venv-ai\Lib\site-packages\rapidocr\models\ch_ptocr_mobile_v2.0_cls_mobile.pth[0m
[32m[INFO] 2026-08-31 20:06:15,643 [RapidOCR] main.py:50: Using D:\Work\research\FileX\.venv-ai\Lib\site-packages\rapidocr\models\ch_ptocr_mobile_v2.0_cls_mobile.pth[0m
[32m[INFO] 2026-08-31 20:06:15,988 [RapidOCR] base.py:23: Using engine_name: torch[0m
[32m[INFO] 2026-08-31 20:06:15,989 [RapidOCR] device_config.py:64: Using GPU device with ID: 0[0m
[32m[INFO] 2026-08-31 20:06:16,007 [RapidOCR] download_file.py:60: File exists and is valid: D:\Work\research\FileX\.venv-ai\Lib\site-packages\rapidocr\models\PP-OCRv6_rec_small.pth[0m
[32m[INFO] 2026-08-31 20:06:16,007 [RapidOCR] main.py:50: Using D:\Work\research\FileX\.venv-ai\Lib\site-packages\rapidocr\models\PP-OCRv6_rec_small.pth[0m
[32m[INFO] 2026-08-31 20:06:17,173 [RapidOCR] base.py:23: Using engine_name: torch[0m
[32m[INFO] 2026-08-31 20:06:17,173 [RapidOCR] device_config.py:64: Using GPU device with ID: 0[0m
[32m[INFO] 2026-08-31 20:06:17,186 [RapidOCR] download_file.py:60: File exists and is valid: D:\Work\research\FileX\.venv-ai\Lib\site-packages\rapidocr\models\PP-OCRv6_det_small.pth[0m
[32m[INFO] 2026-08-31 20:06:17,186 [RapidOCR] main.py:50: Using D:\Work\research\FileX\.venv-ai\Lib\site-packages\rapidocr\models\PP-OCRv6_det_small.pth[0m
[32m[INFO] 2026-08-31 20:06:17,489 [RapidOCR] base.py:23: Using engine_name: torch[0m
[32m[INFO] 2026-08-31 20:06:17,490 [RapidOCR] device_config.py:64: Using GPU device with ID: 0[0m
[32m[INFO] 2026-08-31 20:06:17,491 [RapidOCR] download_file.py:60: File exists and is valid: D:\Work\research\FileX\.venv-ai\Lib\site-packages\rapidocr\models\ch_ptocr_mobile_v2.0_cls_mobile.pth[0m
[32m[INFO] 2026-08-31 20:06:17,491 [RapidOCR] main.py:50: Using D:\Work\research\FileX\.venv-ai\Lib\site-packages\rapidocr\models\ch_ptocr_mobile_v2.0_cls_mobile.pth[0m
[32m[INFO] 2026-08-31 20:06:17,723 [RapidOCR] base.py:23: Using engine_name: torch[0m
[32m[INFO] 2026-08-31 20:06:17,723 [RapidOCR] device_config.py:64: Using GPU device with ID: 0[0m
[32m[INFO] 2026-08-31 20:06:17,773 [RapidOCR] download_file.py:60: File exists and is valid: D:\Work\research\FileX\.venv-ai\Lib\site-packages\rapidocr\models\PP-OCRv6_rec_small.pth[0m
[32m[INFO] 2026-08-31 20:06:17,773 [RapidOCR] main.py:50: Using D:\Work\research\FileX\.venv-ai\Lib\site-packages\rapidocr\models\PP-OCRv6_rec_small.pth[0m
[32m[INFO] 2026-08-31 20:06:19,373 [RapidOCR] base.py:23: Using engine_name: torch[0m
[32m[INFO] 2026-08-31 20:06:19,374 [RapidOCR] device_config.py:64: Using GPU device with ID: 0[0m
[32m[INFO] 2026-08-31 20:06:19,385 [RapidOCR] download_file.py:60: File exists and is valid: D:\Work\research\FileX\.venv-ai\Lib\site-packages\rapidocr\models\PP-OCRv6_det_small.pth[0m
[32m[INFO] 2026-08-31 20:06:19,385 [RapidOCR] main.py:50: Using D:\Work\research\FileX\.venv-ai\Lib\site-packages\rapidocr\models\PP-OCRv6_det_small.pth[0m
[32m[INFO] 2026-08-31 20:06:19,693 [RapidOCR] base.py:23: Using engine_name: torch[0m
[32m[INFO] 2026-08-31 20:06:19,693 [RapidOCR] device_config.py:64: Using GPU device with ID: 0[0m
[32m[INFO] 2026-08-31 20:06:19,694 [RapidOCR] download_file.py:60: File exists and is valid: D:\Work\research\FileX\.venv-ai\Lib\site-packages\rapidocr\models\ch_ptocr_mobile_v2.0_cls_mobile.pth[0m
[32m[INFO] 2026-08-31 20:06:19,695 [RapidOCR] main.py:50: Using D:\Work\research\FileX\.venv-ai\Lib\site-packages\rapidocr\models\ch_ptocr_mobile_v2.0_cls_mobile.pth[0m
[32m[INFO] 2026-08-31 20:06:19,875 [RapidOCR] base.py:23: Using engine_name: torch[0m
[32m[INFO] 2026-08-31 20:06:19,875 [RapidOCR] device_config.py:64: Using GPU device with ID: 0[0m
[32m[INFO] 2026-08-31 20:06:19,896 [RapidOCR] download_file.py:60: File exists and is valid: D:\Work\research\FileX\.venv-ai\Lib\site-packages\rapidocr\models\PP-OCRv6_rec_small.pth[0m
[32m[INFO] 2026-08-31 20:06:19,896 [RapidOCR] main.py:50: Using D:\Work\research\FileX\.venv-ai\Lib\site-packages\rapidocr\models\PP-OCRv6_rec_small.pth[0m
[32m[INFO] 2026-08-31 20:06:21,265 [RapidOCR] base.py:23: Using engine_name: torch[0m
[32m[INFO] 2026-08-31 20:06:21,267 [RapidOCR] device_config.py:64: Using GPU device with ID: 0[0m
[32m[INFO] 2026-08-31 20:06:21,278 [RapidOCR] download_file.py:60: File exists and is valid: D:\Work\research\FileX\.venv-ai\Lib\site-packages\rapidocr\models\PP-OCRv6_det_small.pth[0m
[32m[INFO] 2026-08-31 20:06:21,278 [RapidOCR] main.py:50: Using D:\Work\research\FileX\.venv-ai\Lib\site-packages\rapidocr\models\PP-OCRv6_det_small.pth[0m
[32m[INFO] 2026-08-31 20:06:21,571 [RapidOCR] base.py:23: Using engine_name: torch[0m
[32m[INFO] 2026-08-31 20:06:21,572 [RapidOCR] device_config.py:64: Using GPU device with ID: 0[0m
[32m[INFO] 2026-08-31 20:06:21,573 [RapidOCR] download_file.py:60: File exists and is valid: D:\Work\research\FileX\.venv-ai\Lib\site-packages\rapidocr\models\ch_ptocr_mobile_v2.0_cls_mobile.pth[0m
[32m[INFO] 2026-08-31 20:06:21,573 [RapidOCR] main.py:50: Using D:\Work\research\FileX\.venv-ai\Lib\site-packages\rapidocr\models\ch_ptocr_mobile_v2.0_cls_mobile.pth[0m
[32m[INFO] 2026-08-31 20:06:21,756 [RapidOCR] base.py:23: Using engine_name: torch[0m
[32m[INFO] 2026-08-31 20:06:21,757 [RapidOCR] device_config.py:64: Using GPU device with ID: 0[0m
[32m[INFO] 2026-08-31 20:06:21,777 [RapidOCR] download_file.py:60: File exists and is valid: D:\Work\research\FileX\.venv-ai\Lib\site-packages\rapidocr\models\PP-OCRv6_rec_small.pth[0m
[32m[INFO] 2026-08-31 20:06:21,778 [RapidOCR] main.py:50: Using D:\Work\research\FileX\.venv-ai\Lib\site-packages\rapidocr\models\PP-OCRv6_rec_small.pth[0m
[32m[INFO] 2026-08-31 20:06:23,562 [RapidOCR] base.py:23: Using engine_name: torch[0m
[32m[INFO] 2026-08-31 20:06:23,562 [RapidOCR] device_config.py:64: Using GPU device with ID: 0[0m
[32m[INFO] 2026-08-31 20:06:23,573 [RapidOCR] download_file.py:60: File exists and is valid: D:\Work\research\FileX\.venv-ai\Lib\site-packages\rapidocr\models\PP-OCRv6_det_small.pth[0m
[32m[INFO] 2026-08-31 20:06:23,574 [RapidOCR] main.py:50: Using D:\Work\research\FileX\.venv-ai\Lib\site-packages\rapidocr\models\PP-OCRv6_det_small.pth[0m
[32m[INFO] 2026-08-31 20:06:23,933 [RapidOCR] base.py:23: Using engine_name: torch[0m
[32m[INFO] 2026-08-31 20:06:23,934 [RapidOCR] device_config.py:64: Using GPU device with ID: 0[0m
[32m[INFO] 2026-08-31 20:06:23,935 [RapidOCR] download_file.py:60: File exists and is valid: D:\Work\research\FileX\.venv-ai\Lib\site-packages\rapidocr\models\ch_ptocr_mobile_v2.0_cls_mobile.pth[0m
[32m[INFO] 2026-08-31 20:06:23,935 [RapidOCR] main.py:50: Using D:\Work\research\FileX\.venv-ai\Lib\site-packages\rapidocr\models\ch_ptocr_mobile_v2.0_cls_mobile.pth[0m
[32m[INFO] 2026-08-31 20:06:24,135 [RapidOCR] base.py:23: Using engine_name: torch[0m
[32m[INFO] 2026-08-31 20:06:24,136 [RapidOCR] device_config.py:64: Using GPU device with ID: 0[0m
[32m[INFO] 2026-08-31 20:06:24,159 [RapidOCR] download_file.py:60: File exists and is valid: D:\Work\research\FileX\.venv-ai\Lib\site-packages\rapidocr\models\PP-OCRv6_rec_small.pth[0m
[32m[INFO] 2026-08-31 20:06:24,159 [RapidOCR] main.py:50: Using D:\Work\research\FileX\.venv-ai\Lib\site-packages\rapidocr\models\PP-OCRv6_rec_small.pth[0m
[32m[INFO] 2026-08-31 20:06:25,452 [RapidOCR] base.py:23: Using engine_name: torch[0m
[32m[INFO] 2026-08-31 20:06:25,452 [RapidOCR] device_config.py:64: Using GPU device with ID: 0[0m
[32m[INFO] 2026-08-31 20:06:25,463 [RapidOCR] download_file.py:60: File exists and is valid: D:\Work\research\FileX\.venv-ai\Lib\site-packages\rapidocr\models\PP-OCRv6_det_small.pth[0m
[32m[INFO] 2026-08-31 20:06:25,463 [RapidOCR] main.py:50: Using D:\Work\research\FileX\.venv-ai\Lib\site-packages\rapidocr\models\PP-OCRv6_det_small.pth[0m
[32m[INFO] 2026-08-31 20:06:25,816 [RapidOCR] base.py:23: Using engine_name: torch[0m
[32m[INFO] 2026-08-31 20:06:25,817 [RapidOCR] device_config.py:64: Using GPU device with ID: 0[0m
[32m[INFO] 2026-08-31 20:06:25,818 [RapidOCR] download_file.py:60: File exists and is valid: D:\Work\research\FileX\.venv-ai\Lib\site-packages\rapidocr\models\ch_ptocr_mobile_v2.0_cls_mobile.pth[0m
[32m[INFO] 2026-08-31 20:06:25,819 [RapidOCR] main.py:50: Using D:\Work\research\FileX\.venv-ai\Lib\site-packages\rapidocr\models\ch_ptocr_mobile_v2.0_cls_mobile.pth[0m
[32m[INFO] 2026-08-31 20:06:26,028 [RapidOCR] base.py:23: Using engine_name: torch[0m
[32m[INFO] 2026-08-31 20:06:26,029 [RapidOCR] device_config.py:64: Using GPU device with ID: 0[0m
[32m[INFO] 2026-08-31 20:06:26,056 [RapidOCR] download_file.py:60: File exists and is valid: D:\Work\research\FileX\.venv-ai\Lib\site-packages\rapidocr\models\PP-OCRv6_rec_small.pth[0m
[32m[INFO] 2026-08-31 20:06:26,056 [RapidOCR] main.py:50: Using D:\Work\research\FileX\.venv-ai\Lib\site-packages\rapidocr\models\PP-OCRv6_rec_small.pth[0m
{"config": "docling-r6", "doc": "escaneado_d5c", "ppp_nativo": 80, "ppp": 80, "factor": 1.0, "png": "ppp080__escaneado_d5c.png", "png_identify": "517x708 31.489999999999998437,31.489999999999998437 PixelsPerCentimeter", "preflight": {"vram_libre_mib": 8474, "mpx_actual": 0.366, "mpx_pendiente_ordenada": 0}, "entrada": "PDF via Docling; scale explicita", "dispositivo": "GPU CUDA", "rc": [1, 1, 1, 1, 1, 1, 1, 1, 1], "error": ["FileNotFoundError: [WinError 3] El sistema no puede encontrar la ruta especificada: '\\\\\\\\?\\\\\\\\wsl.localhost\\\\Ubuntu\\\\'", "FileNotFoundError: [WinError 3] El sistema no puede encontrar la ruta especificada: '\\\\\\\\?\\\\\\\\wsl.localhost\\\\Ubuntu\\\\'", "FileNotFoundError: [WinError 3] El sistema no puede encontrar la ruta especificada: '\\\\\\\\?\\\\\\\\wsl.localhost\\\\Ubuntu\\\\'", "FileNotFoundError: [WinError 3] El sistema no puede encontrar la ruta especificada: '\\\\\\\\?\\\\\\\\wsl.localhost\\\\Ubuntu\\\\'", "FileNotFoundError: [WinError 3] El sistema no puede encontrar la ruta especificada: '\\\\\\\\?\\\\\\\\wsl.localhost\\\\Ubuntu\\\\'", "FileNotFoundError: [WinError 3] El sistema no puede encontrar la ruta especificada: '\\\\\\\\?\\\\\\\\wsl.localhost\\\\Ubuntu\\\\'", "FileNotFoundError: [WinError 3] El sistema no puede encontrar la ruta especificada: '\\\\\\\\?\\\\\\\\wsl.localhost\\\\Ubuntu\\\\'", "FileNotFoundError: [WinError 3] El sistema no puede encontrar la ruta especificada: '\\\\\\\\?\\\\\\\\wsl.localhost\\\\Ubuntu\\\\'", "FileNotFoundError: [WinError 3] El sistema no puede encontrar la ruta especificada: '\\\\\\\\?\\\\\\\\wsl.localhost\\\\Ubuntu\\\\'"], "n": 9, "ms_mediana": 2046.1, "determinista": true, "metrica": "acentos", "cer_pct": 100.0, "cer_acentos_pct": 100.0, "cer_ciego_pct": 100.0, "dist_acentos": 596, "texto": "docling-r6__ppp080__escaneado_d5c.txt"}
[32m[INFO] 2026-08-31 20:06:28,893 [RapidOCR] base.py:23: Using engine_name: torch[0m
[32m[INFO] 2026-08-31 20:06:28,893 [RapidOCR] device_config.py:64: Using GPU device with ID: 0[0m
[32m[INFO] 2026-08-31 20:06:28,904 [RapidOCR] download_file.py:60: File exists and is valid: D:\Work\research\FileX\.venv-ai\Lib\site-packages\rapidocr\models\PP-OCRv6_det_small.pth[0m
[32m[INFO] 2026-08-31 20:06:28,905 [RapidOCR] main.py:50: Using D:\Work\research\FileX\.venv-ai\Lib\site-packages\rapidocr\models\PP-OCRv6_det_small.pth[0m
[32m[INFO] 2026-08-31 20:06:29,248 [RapidOCR] base.py:23: Using engine_name: torch[0m
[32m[INFO] 2026-08-31 20:06:29,249 [RapidOCR] device_config.py:64: Using GPU device with ID: 0[0m
[32m[INFO] 2026-08-31 20:06:29,250 [RapidOCR] download_file.py:60: File exists and is valid: D:\Work\research\FileX\.venv-ai\Lib\site-packages\rapidocr\models\ch_ptocr_mobile_v2.0_cls_mobile.pth[0m
[32m[INFO] 2026-08-31 20:06:29,250 [RapidOCR] main.py:50: Using D:\Work\research\FileX\.venv-ai\Lib\site-packages\rapidocr\models\ch_ptocr_mobile_v2.0_cls_mobile.pth[0m
[32m[INFO] 2026-08-31 20:06:29,451 [RapidOCR] base.py:23: Using engine_name: torch[0m
[32m[INFO] 2026-08-31 20:06:29,452 [RapidOCR] device_config.py:64: Using GPU device with ID: 0[0m
[32m[INFO] 2026-08-31 20:06:29,472 [RapidOCR] download_file.py:60: File exists and is valid: D:\Work\research\FileX\.venv-ai\Lib\site-packages\rapidocr\models\PP-OCRv6_rec_small.pth[0m
[32m[INFO] 2026-08-31 20:06:29,472 [RapidOCR] main.py:50: Using D:\Work\research\FileX\.venv-ai\Lib\site-packages\rapidocr\models\PP-OCRv6_rec_small.pth[0m
[32m[INFO] 2026-08-31 20:06:31,970 [RapidOCR] base.py:23: Using engine_name: torch[0m
[32m[INFO] 2026-08-31 20:06:31,971 [RapidOCR] device_config.py:64: Using GPU device with ID: 0[0m
[32m[INFO] 2026-08-31 20:06:31,981 [RapidOCR] download_file.py:60: File exists and is valid: D:\Work\research\FileX\.venv-ai\Lib\site-packages\rapidocr\models\PP-OCRv6_det_small.pth[0m
[32m[INFO] 2026-08-31 20:06:31,981 [RapidOCR] main.py:50: Using D:\Work\research\FileX\.venv-ai\Lib\site-packages\rapidocr\models\PP-OCRv6_det_small.pth[0m
[32m[INFO] 2026-08-31 20:06:32,374 [RapidOCR] base.py:23: Using engine_name: torch[0m
[32m[INFO] 2026-08-31 20:06:32,374 [RapidOCR] device_config.py:64: Using GPU device with ID: 0[0m
[32m[INFO] 2026-08-31 20:06:32,376 [RapidOCR] download_file.py:60: File exists and is valid: D:\Work\research\FileX\.venv-ai\Lib\site-packages\rapidocr\models\ch_ptocr_mobile_v2.0_cls_mobile.pth[0m
[32m[INFO] 2026-08-31 20:06:32,376 [RapidOCR] main.py:50: Using D:\Work\research\FileX\.venv-ai\Lib\site-packages\rapidocr\models\ch_ptocr_mobile_v2.0_cls_mobile.pth[0m
[32m[INFO] 2026-08-31 20:06:32,551 [RapidOCR] base.py:23: Using engine_name: torch[0m
[32m[INFO] 2026-08-31 20:06:32,552 [RapidOCR] device_config.py:64: Using GPU device with ID: 0[0m
[32m[INFO] 2026-08-31 20:06:32,574 [RapidOCR] download_file.py:60: File exists and is valid: D:\Work\research\FileX\.venv-ai\Lib\site-packages\rapidocr\models\PP-OCRv6_rec_small.pth[0m
[32m[INFO] 2026-08-31 20:06:32,574 [RapidOCR] main.py:50: Using D:\Work\research\FileX\.venv-ai\Lib\site-packages\rapidocr\models\PP-OCRv6_rec_small.pth[0m
[32m[INFO] 2026-08-31 20:06:34,381 [RapidOCR] base.py:23: Using engine_name: torch[0m
[32m[INFO] 2026-08-31 20:06:34,382 [RapidOCR] device_config.py:64: Using GPU device with ID: 0[0m
[32m[INFO] 2026-08-31 20:06:34,393 [RapidOCR] download_file.py:60: File exists and is valid: D:\Work\research\FileX\.venv-ai\Lib\site-packages\rapidocr\models\PP-OCRv6_det_small.pth[0m
[32m[INFO] 2026-08-31 20:06:34,394 [RapidOCR] main.py:50: Using D:\Work\research\FileX\.venv-ai\Lib\site-packages\rapidocr\models\PP-OCRv6_det_small.pth[0m
[32m[INFO] 2026-08-31 20:06:34,746 [RapidOCR] base.py:23: Using engine_name: torch[0m
[32m[INFO] 2026-08-31 20:06:34,747 [RapidOCR] device_config.py:64: Using GPU device with ID: 0[0m
[32m[INFO] 2026-08-31 20:06:34,748 [RapidOCR] download_file.py:60: File exists and is valid: D:\Work\research\FileX\.venv-ai\Lib\site-packages\rapidocr\models\ch_ptocr_mobile_v2.0_cls_mobile.pth[0m
[32m[INFO] 2026-08-31 20:06:34,748 [RapidOCR] main.py:50: Using D:\Work\research\FileX\.venv-ai\Lib\site-packages\rapidocr\models\ch_ptocr_mobile_v2.0_cls_mobile.pth[0m
[32m[INFO] 2026-08-31 20:06:34,952 [RapidOCR] base.py:23: Using engine_name: torch[0m
[32m[INFO] 2026-08-31 20:06:34,953 [RapidOCR] device_config.py:64: Using GPU device with ID: 0[0m
[32m[INFO] 2026-08-31 20:06:34,974 [RapidOCR] download_file.py:60: File exists and is valid: D:\Work\research\FileX\.venv-ai\Lib\site-packages\rapidocr\models\PP-OCRv6_rec_small.pth[0m
[32m[INFO] 2026-08-31 20:06:34,975 [RapidOCR] main.py:50: Using D:\Work\research\FileX\.venv-ai\Lib\site-packages\rapidocr\models\PP-OCRv6_rec_small.pth[0m
[32m[INFO] 2026-08-31 20:06:36,374 [RapidOCR] base.py:23: Using engine_name: torch[0m
[32m[INFO] 2026-08-31 20:06:36,375 [RapidOCR] device_config.py:64: Using GPU device with ID: 0[0m
[32m[INFO] 2026-08-31 20:06:36,386 [RapidOCR] download_file.py:60: File exists and is valid: D:\Work\research\FileX\.venv-ai\Lib\site-packages\rapidocr\models\PP-OCRv6_det_small.pth[0m
[32m[INFO] 2026-08-31 20:06:36,386 [RapidOCR] main.py:50: Using D:\Work\research\FileX\.venv-ai\Lib\site-packages\rapidocr\models\PP-OCRv6_det_small.pth[0m
[32m[INFO] 2026-08-31 20:06:36,689 [RapidOCR] base.py:23: Using engine_name: torch[0m
[32m[INFO] 2026-08-31 20:06:36,690 [RapidOCR] device_config.py:64: Using GPU device with ID: 0[0m
[32m[INFO] 2026-08-31 20:06:36,691 [RapidOCR] download_file.py:60: File exists and is valid: D:\Work\research\FileX\.venv-ai\Lib\site-packages\rapidocr\models\ch_ptocr_mobile_v2.0_cls_mobile.pth[0m
[32m[INFO] 2026-08-31 20:06:36,691 [RapidOCR] main.py:50: Using D:\Work\research\FileX\.venv-ai\Lib\site-packages\rapidocr\models\ch_ptocr_mobile_v2.0_cls_mobile.pth[0m
[32m[INFO] 2026-08-31 20:06:36,860 [RapidOCR] base.py:23: Using engine_name: torch[0m
[32m[INFO] 2026-08-31 20:06:36,860 [RapidOCR] device_config.py:64: Using GPU device with ID: 0[0m
[32m[INFO] 2026-08-31 20:06:36,881 [RapidOCR] download_file.py:60: File exists and is valid: D:\Work\research\FileX\.venv-ai\Lib\site-packages\rapidocr\models\PP-OCRv6_rec_small.pth[0m
[32m[INFO] 2026-08-31 20:06:36,881 [RapidOCR] main.py:50: Using D:\Work\research\FileX\.venv-ai\Lib\site-packages\rapidocr\models\PP-OCRv6_rec_small.pth[0m
[32m[INFO] 2026-08-31 20:06:38,482 [RapidOCR] base.py:23: Using engine_name: torch[0m
[32m[INFO] 2026-08-31 20:06:38,482 [RapidOCR] device_config.py:64: Using GPU device with ID: 0[0m
[32m[INFO] 2026-08-31 20:06:38,492 [RapidOCR] download_file.py:60: File exists and is valid: D:\Work\research\FileX\.venv-ai\Lib\site-packages\rapidocr\models\PP-OCRv6_det_small.pth[0m
[32m[INFO] 2026-08-31 20:06:38,492 [RapidOCR] main.py:50: Using D:\Work\research\FileX\.venv-ai\Lib\site-packages\rapidocr\models\PP-OCRv6_det_small.pth[0m
[32m[INFO] 2026-08-31 20:06:38,765 [RapidOCR] base.py:23: Using engine_name: torch[0m
[32m[INFO] 2026-08-31 20:06:38,765 [RapidOCR] device_config.py:64: Using GPU device with ID: 0[0m
[32m[INFO] 2026-08-31 20:06:38,767 [RapidOCR] download_file.py:60: File exists and is valid: D:\Work\research\FileX\.venv-ai\Lib\site-packages\rapidocr\models\ch_ptocr_mobile_v2.0_cls_mobile.pth[0m
[32m[INFO] 2026-08-31 20:06:38,767 [RapidOCR] main.py:50: Using D:\Work\research\FileX\.venv-ai\Lib\site-packages\rapidocr\models\ch_ptocr_mobile_v2.0_cls_mobile.pth[0m
[32m[INFO] 2026-08-31 20:06:38,929 [RapidOCR] base.py:23: Using engine_name: torch[0m
[32m[INFO] 2026-08-31 20:06:38,929 [RapidOCR] device_config.py:64: Using GPU device with ID: 0[0m
[32m[INFO] 2026-08-31 20:06:38,949 [RapidOCR] download_file.py:60: File exists and is valid: D:\Work\research\FileX\.venv-ai\Lib\site-packages\rapidocr\models\PP-OCRv6_rec_small.pth[0m
[32m[INFO] 2026-08-31 20:06:38,949 [RapidOCR] main.py:50: Using D:\Work\research\FileX\.venv-ai\Lib\site-packages\rapidocr\models\PP-OCRv6_rec_small.pth[0m
[32m[INFO] 2026-08-31 20:06:40,165 [RapidOCR] base.py:23: Using engine_name: torch[0m
[32m[INFO] 2026-08-31 20:06:40,166 [RapidOCR] device_config.py:64: Using GPU device with ID: 0[0m
[32m[INFO] 2026-08-31 20:06:40,175 [RapidOCR] download_file.py:60: File exists and is valid: D:\Work\research\FileX\.venv-ai\Lib\site-packages\rapidocr\models\PP-OCRv6_det_small.pth[0m
[32m[INFO] 2026-08-31 20:06:40,175 [RapidOCR] main.py:50: Using D:\Work\research\FileX\.venv-ai\Lib\site-packages\rapidocr\models\PP-OCRv6_det_small.pth[0m
[32m[INFO] 2026-08-31 20:06:40,460 [RapidOCR] base.py:23: Using engine_name: torch[0m
[32m[INFO] 2026-08-31 20:06:40,461 [RapidOCR] device_config.py:64: Using GPU device with ID: 0[0m
[32m[INFO] 2026-08-31 20:06:40,462 [RapidOCR] download_file.py:60: File exists and is valid: D:\Work\research\FileX\.venv-ai\Lib\site-packages\rapidocr\models\ch_ptocr_mobile_v2.0_cls_mobile.pth[0m
[32m[INFO] 2026-08-31 20:06:40,462 [RapidOCR] main.py:50: Using D:\Work\research\FileX\.venv-ai\Lib\site-packages\rapidocr\models\ch_ptocr_mobile_v2.0_cls_mobile.pth[0m
[32m[INFO] 2026-08-31 20:06:40,643 [RapidOCR] base.py:23: Using engine_name: torch[0m
[32m[INFO] 2026-08-31 20:06:40,644 [RapidOCR] device_config.py:64: Using GPU device with ID: 0[0m
[32m[INFO] 2026-08-31 20:06:40,664 [RapidOCR] download_file.py:60: File exists and is valid: D:\Work\research\FileX\.venv-ai\Lib\site-packages\rapidocr\models\PP-OCRv6_rec_small.pth[0m
[32m[INFO] 2026-08-31 20:06:40,664 [RapidOCR] main.py:50: Using D:\Work\research\FileX\.venv-ai\Lib\site-packages\rapidocr\models\PP-OCRv6_rec_small.pth[0m
[32m[INFO] 2026-08-31 20:06:42,795 [RapidOCR] base.py:23: Using engine_name: torch[0m
[32m[INFO] 2026-08-31 20:06:43,153 [RapidOCR] device_config.py:64: Using GPU device with ID: 0[0m
[32m[INFO] 2026-08-31 20:06:43,163 [RapidOCR] download_file.py:60: File exists and is valid: D:\Work\research\FileX\.venv-ai\Lib\site-packages\rapidocr\models\PP-OCRv6_det_small.pth[0m
[32m[INFO] 2026-08-31 20:06:43,163 [RapidOCR] main.py:50: Using D:\Work\research\FileX\.venv-ai\Lib\site-packages\rapidocr\models\PP-OCRv6_det_small.pth[0m
[32m[INFO] 2026-08-31 20:06:43,467 [RapidOCR] base.py:23: Using engine_name: torch[0m
[32m[INFO] 2026-08-31 20:06:43,468 [RapidOCR] device_config.py:64: Using GPU device with ID: 0[0m
[32m[INFO] 2026-08-31 20:06:43,469 [RapidOCR] download_file.py:60: File exists and is valid: D:\Work\research\FileX\.venv-ai\Lib\site-packages\rapidocr\models\ch_ptocr_mobile_v2.0_cls_mobile.pth[0m
[32m[INFO] 2026-08-31 20:06:43,469 [RapidOCR] main.py:50: Using D:\Work\research\FileX\.venv-ai\Lib\site-packages\rapidocr\models\ch_ptocr_mobile_v2.0_cls_mobile.pth[0m
[32m[INFO] 2026-08-31 20:06:43,634 [RapidOCR] base.py:23: Using engine_name: torch[0m
[32m[INFO] 2026-08-31 20:06:43,636 [RapidOCR] device_config.py:64: Using GPU device with ID: 0[0m
[32m[INFO] 2026-08-31 20:06:43,655 [RapidOCR] download_file.py:60: File exists and is valid: D:\Work\research\FileX\.venv-ai\Lib\site-packages\rapidocr\models\PP-OCRv6_rec_small.pth[0m
[32m[INFO] 2026-08-31 20:06:43,655 [RapidOCR] main.py:50: Using D:\Work\research\FileX\.venv-ai\Lib\site-packages\rapidocr\models\PP-OCRv6_rec_small.pth[0m
[32m[INFO] 2026-08-31 20:06:47,903 [RapidOCR] base.py:23: Using engine_name: torch[0m
[32m[INFO] 2026-08-31 20:06:47,904 [RapidOCR] device_config.py:64: Using GPU device with ID: 0[0m
[32m[INFO] 2026-08-31 20:06:47,915 [RapidOCR] download_file.py:60: File exists and is valid: D:\Work\research\FileX\.venv-ai\Lib\site-packages\rapidocr\models\PP-OCRv6_det_small.pth[0m
[32m[INFO] 2026-08-31 20:06:47,915 [RapidOCR] main.py:50: Using D:\Work\research\FileX\.venv-ai\Lib\site-packages\rapidocr\models\PP-OCRv6_det_small.pth[0m
[32m[INFO] 2026-08-31 20:06:48,424 [RapidOCR] base.py:23: Using engine_name: torch[0m
[32m[INFO] 2026-08-31 20:06:48,425 [RapidOCR] device_config.py:64: Using GPU device with ID: 0[0m
[32m[INFO] 2026-08-31 20:06:48,427 [RapidOCR] download_file.py:60: File exists and is valid: D:\Work\research\FileX\.venv-ai\Lib\site-packages\rapidocr\models\ch_ptocr_mobile_v2.0_cls_mobile.pth[0m
[32m[INFO] 2026-08-31 20:06:48,427 [RapidOCR] main.py:50: Using D:\Work\research\FileX\.venv-ai\Lib\site-packages\rapidocr\models\ch_ptocr_mobile_v2.0_cls_mobile.pth[0m
[32m[INFO] 2026-08-31 20:06:48,685 [RapidOCR] base.py:23: Using engine_name: torch[0m
[32m[INFO] 2026-08-31 20:06:48,686 [RapidOCR] device_config.py:64: Using GPU device with ID: 0[0m
[32m[INFO] 2026-08-31 20:06:48,706 [RapidOCR] download_file.py:60: File exists and is valid: D:\Work\research\FileX\.venv-ai\Lib\site-packages\rapidocr\models\PP-OCRv6_rec_small.pth[0m
[32m[INFO] 2026-08-31 20:06:48,706 [RapidOCR] main.py:50: Using D:\Work\research\FileX\.venv-ai\Lib\site-packages\rapidocr\models\PP-OCRv6_rec_small.pth[0m
[32m[INFO] 2026-08-31 20:06:50,137 [RapidOCR] base.py:23: Using engine_name: torch[0m
[32m[INFO] 2026-08-31 20:06:50,138 [RapidOCR] device_config.py:64: Using GPU device with ID: 0[0m
[32m[INFO] 2026-08-31 20:06:50,149 [RapidOCR] download_file.py:60: File exists and is valid: D:\Work\research\FileX\.venv-ai\Lib\site-packages\rapidocr\models\PP-OCRv6_det_small.pth[0m
[32m[INFO] 2026-08-31 20:06:50,149 [RapidOCR] main.py:50: Using D:\Work\research\FileX\.venv-ai\Lib\site-packages\rapidocr\models\PP-OCRv6_det_small.pth[0m
[32m[INFO] 2026-08-31 20:06:50,455 [RapidOCR] base.py:23: Using engine_name: torch[0m
[32m[INFO] 2026-08-31 20:06:50,456 [RapidOCR] device_config.py:64: Using GPU device with ID: 0[0m
[32m[INFO] 2026-08-31 20:06:50,457 [RapidOCR] download_file.py:60: File exists and is valid: D:\Work\research\FileX\.venv-ai\Lib\site-packages\rapidocr\models\ch_ptocr_mobile_v2.0_cls_mobile.pth[0m
[32m[INFO] 2026-08-31 20:06:50,458 [RapidOCR] main.py:50: Using D:\Work\research\FileX\.venv-ai\Lib\site-packages\rapidocr\models\ch_ptocr_mobile_v2.0_cls_mobile.pth[0m
[32m[INFO] 2026-08-31 20:06:50,651 [RapidOCR] base.py:23: Using engine_name: torch[0m
[32m[INFO] 2026-08-31 20:06:50,652 [RapidOCR] device_config.py:64: Using GPU device with ID: 0[0m
[32m[INFO] 2026-08-31 20:06:50,676 [RapidOCR] download_file.py:60: File exists and is valid: D:\Work\research\FileX\.venv-ai\Lib\site-packages\rapidocr\models\PP-OCRv6_rec_small.pth[0m
[32m[INFO] 2026-08-31 20:06:50,676 [RapidOCR] main.py:50: Using D:\Work\research\FileX\.venv-ai\Lib\site-packages\rapidocr\models\PP-OCRv6_rec_small.pth[0m
[32m[INFO] 2026-08-31 20:06:52,034 [RapidOCR] base.py:23: Using engine_name: torch[0m
[32m[INFO] 2026-08-31 20:06:52,034 [RapidOCR] device_config.py:64: Using GPU device with ID: 0[0m
[32m[INFO] 2026-08-31 20:06:52,045 [RapidOCR] download_file.py:60: File exists and is valid: D:\Work\research\FileX\.venv-ai\Lib\site-packages\rapidocr\models\PP-OCRv6_det_small.pth[0m
[32m[INFO] 2026-08-31 20:06:52,045 [RapidOCR] main.py:50: Using D:\Work\research\FileX\.venv-ai\Lib\site-packages\rapidocr\models\PP-OCRv6_det_small.pth[0m
[32m[INFO] 2026-08-31 20:06:52,339 [RapidOCR] base.py:23: Using engine_name: torch[0m
[32m[INFO] 2026-08-31 20:06:52,340 [RapidOCR] device_config.py:64: Using GPU device with ID: 0[0m
[32m[INFO] 2026-08-31 20:06:52,342 [RapidOCR] download_file.py:60: File exists and is valid: D:\Work\research\FileX\.venv-ai\Lib\site-packages\rapidocr\models\ch_ptocr_mobile_v2.0_cls_mobile.pth[0m
[32m[INFO] 2026-08-31 20:06:52,342 [RapidOCR] main.py:50: Using D:\Work\research\FileX\.venv-ai\Lib\site-packages\rapidocr\models\ch_ptocr_mobile_v2.0_cls_mobile.pth[0m
[32m[INFO] 2026-08-31 20:06:52,555 [RapidOCR] base.py:23: Using engine_name: torch[0m
[32m[INFO] 2026-08-31 20:06:52,555 [RapidOCR] device_config.py:64: Using GPU device with ID: 0[0m
[32m[INFO] 2026-08-31 20:06:52,578 [RapidOCR] download_file.py:60: File exists and is valid: D:\Work\research\FileX\.venv-ai\Lib\site-packages\rapidocr\models\PP-OCRv6_rec_small.pth[0m
[32m[INFO] 2026-08-31 20:06:52,578 [RapidOCR] main.py:50: Using D:\Work\research\FileX\.venv-ai\Lib\site-packages\rapidocr\models\PP-OCRv6_rec_small.pth[0m
{"config": "docling-r6", "doc": "escaneado_d5c", "ppp_nativo": 80, "ppp": 100, "factor": 1.25, "png": "ppp100__escaneado_d5c.png", "png_identify": "646x885 39.369999999999997442,39.369999999999997442 PixelsPerCentimeter", "preflight": {"vram_libre_mib": 8496, "mpx_actual": 0.572, "mpx_pendiente_ordenada": 0}, "entrada": "PDF via Docling; scale explicita", "dispositivo": "GPU CUDA", "rc": [1, 1, 1, 1, 1, 1, 1, 1, 1], "error": ["FileNotFoundError: [WinError 3] El sistema no puede encontrar la ruta especificada: '\\\\\\\\?\\\\\\\\wsl.localhost\\\\Ubuntu\\\\'", "FileNotFoundError: [WinError 3] El sistema no puede encontrar la ruta especificada: '\\\\\\\\?\\\\\\\\wsl.localhost\\\\Ubuntu\\\\'", "FileNotFoundError: [WinError 3] El sistema no puede encontrar la ruta especificada: '\\\\\\\\?\\\\\\\\wsl.localhost\\\\Ubuntu\\\\'", "FileNotFoundError: [WinError 3] El sistema no puede encontrar la ruta especificada: '\\\\\\\\?\\\\\\\\wsl.localhost\\\\Ubuntu\\\\'", "FileNotFoundError: [WinError 3] El sistema no puede encontrar la ruta especificada: '\\\\\\\\?\\\\\\\\wsl.localhost\\\\Ubuntu\\\\'", "FileNotFoundError: [WinError 3] El sistema no puede encontrar la ruta especificada: '\\\\\\\\?\\\\\\\\wsl.localhost\\\\Ubuntu\\\\'", "FileNotFoundError: [WinError 3] El sistema no puede encontrar la ruta especificada: '\\\\\\\\?\\\\\\\\wsl.localhost\\\\Ubuntu\\\\'", "FileNotFoundError: [WinError 3] El sistema no puede encontrar la ruta especificada: '\\\\\\\\?\\\\\\\\wsl.localhost\\\\Ubuntu\\\\'", "FileNotFoundError: [WinError 3] El sistema no puede encontrar la ruta especificada: '\\\\\\\\?\\\\\\\\wsl.localhost\\\\Ubuntu\\\\'"], "n": 9, "ms_mediana": 2014.6, "determinista": true, "metrica": "acentos", "cer_pct": 100.0, "cer_acentos_pct": 100.0, "cer_ciego_pct": 100.0, "dist_acentos": 596, "texto": "docling-r6__ppp100__escaneado_d5c.txt"}
[32m[INFO] 2026-08-31 20:06:56,435 [RapidOCR] base.py:23: Using engine_name: torch[0m
[32m[INFO] 2026-08-31 20:06:56,436 [RapidOCR] device_config.py:64: Using GPU device with ID: 0[0m
[32m[INFO] 2026-08-31 20:06:56,445 [RapidOCR] download_file.py:60: File exists and is valid: D:\Work\research\FileX\.venv-ai\Lib\site-packages\rapidocr\models\PP-OCRv6_det_small.pth[0m
[32m[INFO] 2026-08-31 20:06:56,446 [RapidOCR] main.py:50: Using D:\Work\research\FileX\.venv-ai\Lib\site-packages\rapidocr\models\PP-OCRv6_det_small.pth[0m
[32m[INFO] 2026-08-31 20:06:56,883 [RapidOCR] base.py:23: Using engine_name: torch[0m
[32m[INFO] 2026-08-31 20:06:56,884 [RapidOCR] device_config.py:64: Using GPU device with ID: 0[0m
[32m[INFO] 2026-08-31 20:06:56,885 [RapidOCR] download_file.py:60: File exists and is valid: D:\Work\research\FileX\.venv-ai\Lib\site-packages\rapidocr\models\ch_ptocr_mobile_v2.0_cls_mobile.pth[0m
[32m[INFO] 2026-08-31 20:06:56,885 [RapidOCR] main.py:50: Using D:\Work\research\FileX\.venv-ai\Lib\site-packages\rapidocr\models\ch_ptocr_mobile_v2.0_cls_mobile.pth[0m
[32m[INFO] 2026-08-31 20:06:57,063 [RapidOCR] base.py:23: Using engine_name: torch[0m
[32m[INFO] 2026-08-31 20:06:57,063 [RapidOCR] device_config.py:64: Using GPU device with ID: 0[0m
[32m[INFO] 2026-08-31 20:06:57,083 [RapidOCR] download_file.py:60: File exists and is valid: D:\Work\research\FileX\.venv-ai\Lib\site-packages\rapidocr\models\PP-OCRv6_rec_small.pth[0m
[32m[INFO] 2026-08-31 20:06:57,083 [RapidOCR] main.py:50: Using D:\Work\research\FileX\.venv-ai\Lib\site-packages\rapidocr\models\PP-OCRv6_rec_small.pth[0m
[32m[INFO] 2026-08-31 20:06:58,984 [RapidOCR] base.py:23: Using engine_name: torch[0m
[32m[INFO] 2026-08-31 20:06:58,984 [RapidOCR] device_config.py:64: Using GPU device with ID: 0[0m
[32m[INFO] 2026-08-31 20:06:58,998 [RapidOCR] download_file.py:60: File exists and is valid: D:\Work\research\FileX\.venv-ai\Lib\site-packages\rapidocr\models\PP-OCRv6_det_small.pth[0m
[32m[INFO] 2026-08-31 20:06:58,998 [RapidOCR] main.py:50: Using D:\Work\research\FileX\.venv-ai\Lib\site-packages\rapidocr\models\PP-OCRv6_det_small.pth[0m
[32m[INFO] 2026-08-31 20:06:59,429 [RapidOCR] base.py:23: Using engine_name: torch[0m
[32m[INFO] 2026-08-31 20:06:59,430 [RapidOCR] device_config.py:64: Using GPU device with ID: 0[0m
[32m[INFO] 2026-08-31 20:06:59,431 [RapidOCR] download_file.py:60: File exists and is valid: D:\Work\research\FileX\.venv-ai\Lib\site-packages\rapidocr\models\ch_ptocr_mobile_v2.0_cls_mobile.pth[0m
[32m[INFO] 2026-08-31 20:06:59,432 [RapidOCR] main.py:50: Using D:\Work\research\FileX\.venv-ai\Lib\site-packages\rapidocr\models\ch_ptocr_mobile_v2.0_cls_mobile.pth[0m
[32m[INFO] 2026-08-31 20:06:59,629 [RapidOCR] base.py:23: Using engine_name: torch[0m
[32m[INFO] 2026-08-31 20:06:59,630 [RapidOCR] device_config.py:64: Using GPU device with ID: 0[0m
[32m[INFO] 2026-08-31 20:06:59,656 [RapidOCR] download_file.py:60: File exists and is valid: D:\Work\research\FileX\.venv-ai\Lib\site-packages\rapidocr\models\PP-OCRv6_rec_small.pth[0m
[32m[INFO] 2026-08-31 20:06:59,656 [RapidOCR] main.py:50: Using D:\Work\research\FileX\.venv-ai\Lib\site-packages\rapidocr\models\PP-OCRv6_rec_small.pth[0m
[32m[INFO] 2026-08-31 20:07:01,305 [RapidOCR] base.py:23: Using engine_name: torch[0m
[32m[INFO] 2026-08-31 20:07:01,306 [RapidOCR] device_config.py:64: Using GPU device with ID: 0[0m
[32m[INFO] 2026-08-31 20:07:01,317 [RapidOCR] download_file.py:60: File exists and is valid: D:\Work\research\FileX\.venv-ai\Lib\site-packages\rapidocr\models\PP-OCRv6_det_small.pth[0m
[32m[INFO] 2026-08-31 20:07:01,317 [RapidOCR] main.py:50: Using D:\Work\research\FileX\.venv-ai\Lib\site-packages\rapidocr\models\PP-OCRv6_det_small.pth[0m
[32m[INFO] 2026-08-31 20:07:01,672 [RapidOCR] base.py:23: Using engine_name: torch[0m
[32m[INFO] 2026-08-31 20:07:01,672 [RapidOCR] device_config.py:64: Using GPU device with ID: 0[0m
[32m[INFO] 2026-08-31 20:07:01,674 [RapidOCR] download_file.py:60: File exists and is valid: D:\Work\research\FileX\.venv-ai\Lib\site-packages\rapidocr\models\ch_ptocr_mobile_v2.0_cls_mobile.pth[0m
[32m[INFO] 2026-08-31 20:07:01,674 [RapidOCR] main.py:50: Using D:\Work\research\FileX\.venv-ai\Lib\site-packages\rapidocr\models\ch_ptocr_mobile_v2.0_cls_mobile.pth[0m
[32m[INFO] 2026-08-31 20:07:01,870 [RapidOCR] base.py:23: Using engine_name: torch[0m
[32m[INFO] 2026-08-31 20:07:01,871 [RapidOCR] device_config.py:64: Using GPU device with ID: 0[0m
[32m[INFO] 2026-08-31 20:07:01,892 [RapidOCR] download_file.py:60: File exists and is valid: D:\Work\research\FileX\.venv-ai\Lib\site-packages\rapidocr\models\PP-OCRv6_rec_small.pth[0m
[32m[INFO] 2026-08-31 20:07:01,892 [RapidOCR] main.py:50: Using D:\Work\research\FileX\.venv-ai\Lib\site-packages\rapidocr\models\PP-OCRv6_rec_small.pth[0m
[32m[INFO] 2026-08-31 20:07:03,354 [RapidOCR] base.py:23: Using engine_name: torch[0m
[32m[INFO] 2026-08-31 20:07:03,355 [RapidOCR] device_config.py:64: Using GPU device with ID: 0[0m
[32m[INFO] 2026-08-31 20:07:03,366 [RapidOCR] download_file.py:60: File exists and is valid: D:\Work\research\FileX\.venv-ai\Lib\site-packages\rapidocr\models\PP-OCRv6_det_small.pth[0m
[32m[INFO] 2026-08-31 20:07:03,366 [RapidOCR] main.py:50: Using D:\Work\research\FileX\.venv-ai\Lib\site-packages\rapidocr\models\PP-OCRv6_det_small.pth[0m
[32m[INFO] 2026-08-31 20:07:03,820 [RapidOCR] base.py:23: Using engine_name: torch[0m
[32m[INFO] 2026-08-31 20:07:03,821 [RapidOCR] device_config.py:64: Using GPU device with ID: 0[0m
[32m[INFO] 2026-08-31 20:07:03,822 [RapidOCR] download_file.py:60: File exists and is valid: D:\Work\research\FileX\.venv-ai\Lib\site-packages\rapidocr\models\ch_ptocr_mobile_v2.0_cls_mobile.pth[0m
[32m[INFO] 2026-08-31 20:07:03,822 [RapidOCR] main.py:50: Using D:\Work\research\FileX\.venv-ai\Lib\site-packages\rapidocr\models\ch_ptocr_mobile_v2.0_cls_mobile.pth[0m
[32m[INFO] 2026-08-31 20:07:04,303 [RapidOCR] base.py:23: Using engine_name: torch[0m
[32m[INFO] 2026-08-31 20:07:04,304 [RapidOCR] device_config.py:64: Using GPU device with ID: 0[0m
[32m[INFO] 2026-08-31 20:07:04,326 [RapidOCR] download_file.py:60: File exists and is valid: D:\Work\research\FileX\.venv-ai\Lib\site-packages\rapidocr\models\PP-OCRv6_rec_small.pth[0m
[32m[INFO] 2026-08-31 20:07:04,327 [RapidOCR] main.py:50: Using D:\Work\research\FileX\.venv-ai\Lib\site-packages\rapidocr\models\PP-OCRv6_rec_small.pth[0m
[32m[INFO] 2026-08-31 20:07:05,814 [RapidOCR] base.py:23: Using engine_name: torch[0m
[32m[INFO] 2026-08-31 20:07:05,814 [RapidOCR] device_config.py:64: Using GPU device with ID: 0[0m
[32m[INFO] 2026-08-31 20:07:05,832 [RapidOCR] download_file.py:60: File exists and is valid: D:\Work\research\FileX\.venv-ai\Lib\site-packages\rapidocr\models\PP-OCRv6_det_small.pth[0m
[32m[INFO] 2026-08-31 20:07:05,833 [RapidOCR] main.py:50: Using D:\Work\research\FileX\.venv-ai\Lib\site-packages\rapidocr\models\PP-OCRv6_det_small.pth[0m
[32m[INFO] 2026-08-31 20:07:06,238 [RapidOCR] base.py:23: Using engine_name: torch[0m
[32m[INFO] 2026-08-31 20:07:06,239 [RapidOCR] device_config.py:64: Using GPU device with ID: 0[0m
[32m[INFO] 2026-08-31 20:07:06,240 [RapidOCR] download_file.py:60: File exists and is valid: D:\Work\research\FileX\.venv-ai\Lib\site-packages\rapidocr\models\ch_ptocr_mobile_v2.0_cls_mobile.pth[0m
[32m[INFO] 2026-08-31 20:07:06,240 [RapidOCR] main.py:50: Using D:\Work\research\FileX\.venv-ai\Lib\site-packages\rapidocr\models\ch_ptocr_mobile_v2.0_cls_mobile.pth[0m
[32m[INFO] 2026-08-31 20:07:06,420 [RapidOCR] base.py:23: Using engine_name: torch[0m
[32m[INFO] 2026-08-31 20:07:06,420 [RapidOCR] device_config.py:64: Using GPU device with ID: 0[0m
[32m[INFO] 2026-08-31 20:07:06,444 [RapidOCR] download_file.py:60: File exists and is valid: D:\Work\research\FileX\.venv-ai\Lib\site-packages\rapidocr\models\PP-OCRv6_rec_small.pth[0m
[32m[INFO] 2026-08-31 20:07:06,444 [RapidOCR] main.py:50: Using D:\Work\research\FileX\.venv-ai\Lib\site-packages\rapidocr\models\PP-OCRv6_rec_small.pth[0m
[32m[INFO] 2026-08-31 20:07:07,961 [RapidOCR] base.py:23: Using engine_name: torch[0m
[32m[INFO] 2026-08-31 20:07:07,961 [RapidOCR] device_config.py:64: Using GPU device with ID: 0[0m
[32m[INFO] 2026-08-31 20:07:07,972 [RapidOCR] download_file.py:60: File exists and is valid: D:\Work\research\FileX\.venv-ai\Lib\site-packages\rapidocr\models\PP-OCRv6_det_small.pth[0m
[32m[INFO] 2026-08-31 20:07:07,972 [RapidOCR] main.py:50: Using D:\Work\research\FileX\.venv-ai\Lib\site-packages\rapidocr\models\PP-OCRv6_det_small.pth[0m
[32m[INFO] 2026-08-31 20:07:08,295 [RapidOCR] base.py:23: Using engine_name: torch[0m
[32m[INFO] 2026-08-31 20:07:08,296 [RapidOCR] device_config.py:64: Using GPU device with ID: 0[0m
[32m[INFO] 2026-08-31 20:07:08,297 [RapidOCR] download_file.py:60: File exists and is valid: D:\Work\research\FileX\.venv-ai\Lib\site-packages\rapidocr\models\ch_ptocr_mobile_v2.0_cls_mobile.pth[0m
[32m[INFO] 2026-08-31 20:07:08,297 [RapidOCR] main.py:50: Using D:\Work\research\FileX\.venv-ai\Lib\site-packages\rapidocr\models\ch_ptocr_mobile_v2.0_cls_mobile.pth[0m
[32m[INFO] 2026-08-31 20:07:08,508 [RapidOCR] base.py:23: Using engine_name: torch[0m
[32m[INFO] 2026-08-31 20:07:08,508 [RapidOCR] device_config.py:64: Using GPU device with ID: 0[0m
[32m[INFO] 2026-08-31 20:07:08,531 [RapidOCR] download_file.py:60: File exists and is valid: D:\Work\research\FileX\.venv-ai\Lib\site-packages\rapidocr\models\PP-OCRv6_rec_small.pth[0m
[32m[INFO] 2026-08-31 20:07:08,532 [RapidOCR] main.py:50: Using D:\Work\research\FileX\.venv-ai\Lib\site-packages\rapidocr\models\PP-OCRv6_rec_small.pth[0m
[32m[INFO] 2026-08-31 20:07:10,754 [RapidOCR] base.py:23: Using engine_name: torch[0m
[32m[INFO] 2026-08-31 20:07:10,755 [RapidOCR] device_config.py:64: Using GPU device with ID: 0[0m
[32m[INFO] 2026-08-31 20:07:10,767 [RapidOCR] download_file.py:60: File exists and is valid: D:\Work\research\FileX\.venv-ai\Lib\site-packages\rapidocr\models\PP-OCRv6_det_small.pth[0m
[32m[INFO] 2026-08-31 20:07:10,767 [RapidOCR] main.py:50: Using D:\Work\research\FileX\.venv-ai\Lib\site-packages\rapidocr\models\PP-OCRv6_det_small.pth[0m
[32m[INFO] 2026-08-31 20:07:11,162 [RapidOCR] base.py:23: Using engine_name: torch[0m
[32m[INFO] 2026-08-31 20:07:11,163 [RapidOCR] device_config.py:64: Using GPU device with ID: 0[0m
[32m[INFO] 2026-08-31 20:07:11,164 [RapidOCR] download_file.py:60: File exists and is valid: D:\Work\research\FileX\.venv-ai\Lib\site-packages\rapidocr\models\ch_ptocr_mobile_v2.0_cls_mobile.pth[0m
[32m[INFO] 2026-08-31 20:07:11,164 [RapidOCR] main.py:50: Using D:\Work\research\FileX\.venv-ai\Lib\site-packages\rapidocr\models\ch_ptocr_mobile_v2.0_cls_mobile.pth[0m
[32m[INFO] 2026-08-31 20:07:11,425 [RapidOCR] base.py:23: Using engine_name: torch[0m
[32m[INFO] 2026-08-31 20:07:11,426 [RapidOCR] device_config.py:64: Using GPU device with ID: 0[0m
[32m[INFO] 2026-08-31 20:07:11,458 [RapidOCR] download_file.py:60: File exists and is valid: D:\Work\research\FileX\.venv-ai\Lib\site-packages\rapidocr\models\PP-OCRv6_rec_small.pth[0m
[32m[INFO] 2026-08-31 20:07:11,458 [RapidOCR] main.py:50: Using D:\Work\research\FileX\.venv-ai\Lib\site-packages\rapidocr\models\PP-OCRv6_rec_small.pth[0m
[32m[INFO] 2026-08-31 20:07:13,045 [RapidOCR] base.py:23: Using engine_name: torch[0m
[32m[INFO] 2026-08-31 20:07:13,046 [RapidOCR] device_config.py:64: Using GPU device with ID: 0[0m
[32m[INFO] 2026-08-31 20:07:13,063 [RapidOCR] download_file.py:60: File exists and is valid: D:\Work\research\FileX\.venv-ai\Lib\site-packages\rapidocr\models\PP-OCRv6_det_small.pth[0m
[32m[INFO] 2026-08-31 20:07:13,063 [RapidOCR] main.py:50: Using D:\Work\research\FileX\.venv-ai\Lib\site-packages\rapidocr\models\PP-OCRv6_det_small.pth[0m
[32m[INFO] 2026-08-31 20:07:13,456 [RapidOCR] base.py:23: Using engine_name: torch[0m
[32m[INFO] 2026-08-31 20:07:13,457 [RapidOCR] device_config.py:64: Using GPU device with ID: 0[0m
[32m[INFO] 2026-08-31 20:07:13,458 [RapidOCR] download_file.py:60: File exists and is valid: D:\Work\research\FileX\.venv-ai\Lib\site-packages\rapidocr\models\ch_ptocr_mobile_v2.0_cls_mobile.pth[0m
[32m[INFO] 2026-08-31 20:07:13,459 [RapidOCR] main.py:50: Using D:\Work\research\FileX\.venv-ai\Lib\site-packages\rapidocr\models\ch_ptocr_mobile_v2.0_cls_mobile.pth[0m
[32m[INFO] 2026-08-31 20:07:13,782 [RapidOCR] base.py:23: Using engine_name: torch[0m
[32m[INFO] 2026-08-31 20:07:13,783 [RapidOCR] device_config.py:64: Using GPU device with ID: 0[0m
[32m[INFO] 2026-08-31 20:07:13,859 [RapidOCR] download_file.py:60: File exists and is valid: D:\Work\research\FileX\.venv-ai\Lib\site-packages\rapidocr\models\PP-OCRv6_rec_small.pth[0m
[32m[INFO] 2026-08-31 20:07:13,859 [RapidOCR] main.py:50: Using D:\Work\research\FileX\.venv-ai\Lib\site-packages\rapidocr\models\PP-OCRv6_rec_small.pth[0m
[32m[INFO] 2026-08-31 20:07:15,562 [RapidOCR] base.py:23: Using engine_name: torch[0m
[32m[INFO] 2026-08-31 20:07:15,563 [RapidOCR] device_config.py:64: Using GPU device with ID: 0[0m
[32m[INFO] 2026-08-31 20:07:15,575 [RapidOCR] download_file.py:60: File exists and is valid: D:\Work\research\FileX\.venv-ai\Lib\site-packages\rapidocr\models\PP-OCRv6_det_small.pth[0m
[32m[INFO] 2026-08-31 20:07:15,576 [RapidOCR] main.py:50: Using D:\Work\research\FileX\.venv-ai\Lib\site-packages\rapidocr\models\PP-OCRv6_det_small.pth[0m
[32m[INFO] 2026-08-31 20:07:16,067 [RapidOCR] base.py:23: Using engine_name: torch[0m
[32m[INFO] 2026-08-31 20:07:16,068 [RapidOCR] device_config.py:64: Using GPU device with ID: 0[0m
[32m[INFO] 2026-08-31 20:07:16,070 [RapidOCR] download_file.py:60: File exists and is valid: D:\Work\research\FileX\.venv-ai\Lib\site-packages\rapidocr\models\ch_ptocr_mobile_v2.0_cls_mobile.pth[0m
[32m[INFO] 2026-08-31 20:07:16,070 [RapidOCR] main.py:50: Using D:\Work\research\FileX\.venv-ai\Lib\site-packages\rapidocr\models\ch_ptocr_mobile_v2.0_cls_mobile.pth[0m
[32m[INFO] 2026-08-31 20:07:16,382 [RapidOCR] base.py:23: Using engine_name: torch[0m
[32m[INFO] 2026-08-31 20:07:16,383 [RapidOCR] device_config.py:64: Using GPU device with ID: 0[0m
[32m[INFO] 2026-08-31 20:07:16,416 [RapidOCR] download_file.py:60: File exists and is valid: D:\Work\research\FileX\.venv-ai\Lib\site-packages\rapidocr\models\PP-OCRv6_rec_small.pth[0m
[32m[INFO] 2026-08-31 20:07:16,416 [RapidOCR] main.py:50: Using D:\Work\research\FileX\.venv-ai\Lib\site-packages\rapidocr\models\PP-OCRv6_rec_small.pth[0m
[32m[INFO] 2026-08-31 20:07:18,018 [RapidOCR] base.py:23: Using engine_name: torch[0m
[32m[INFO] 2026-08-31 20:07:18,018 [RapidOCR] device_config.py:64: Using GPU device with ID: 0[0m
[32m[INFO] 2026-08-31 20:07:18,034 [RapidOCR] download_file.py:60: File exists and is valid: D:\Work\research\FileX\.venv-ai\Lib\site-packages\rapidocr\models\PP-OCRv6_det_small.pth[0m
[32m[INFO] 2026-08-31 20:07:18,034 [RapidOCR] main.py:50: Using D:\Work\research\FileX\.venv-ai\Lib\site-packages\rapidocr\models\PP-OCRv6_det_small.pth[0m
[32m[INFO] 2026-08-31 20:07:18,499 [RapidOCR] base.py:23: Using engine_name: torch[0m
[32m[INFO] 2026-08-31 20:07:18,500 [RapidOCR] device_config.py:64: Using GPU device with ID: 0[0m
[32m[INFO] 2026-08-31 20:07:18,502 [RapidOCR] download_file.py:60: File exists and is valid: D:\Work\research\FileX\.venv-ai\Lib\site-packages\rapidocr\models\ch_ptocr_mobile_v2.0_cls_mobile.pth[0m
[32m[INFO] 2026-08-31 20:07:18,502 [RapidOCR] main.py:50: Using D:\Work\research\FileX\.venv-ai\Lib\site-packages\rapidocr\models\ch_ptocr_mobile_v2.0_cls_mobile.pth[0m
[32m[INFO] 2026-08-31 20:07:18,760 [RapidOCR] base.py:23: Using engine_name: torch[0m
[32m[INFO] 2026-08-31 20:07:18,761 [RapidOCR] device_config.py:64: Using GPU device with ID: 0[0m
[32m[INFO] 2026-08-31 20:07:18,787 [RapidOCR] download_file.py:60: File exists and is valid: D:\Work\research\FileX\.venv-ai\Lib\site-packages\rapidocr\models\PP-OCRv6_rec_small.pth[0m
[32m[INFO] 2026-08-31 20:07:18,787 [RapidOCR] main.py:50: Using D:\Work\research\FileX\.venv-ai\Lib\site-packages\rapidocr\models\PP-OCRv6_rec_small.pth[0m
{"config": "docling-r6", "doc": "escaneado_d5c", "ppp_nativo": 80, "ppp": 105, "factor": 1.312, "png": "ppp105__escaneado_d5c.png", "png_identify": "679x929 41.329999999999998295,41.340000000000003411 PixelsPerCentimeter", "preflight": {"vram_libre_mib": 8443, "mpx_actual": 0.631, "mpx_pendiente_ordenada": 0}, "entrada": "PDF via Docling; scale explicita", "dispositivo": "GPU CUDA", "rc": [1, 1, 1, 1, 1, 1, 1, 1, 1], "error": ["FileNotFoundError: [WinError 3] El sistema no puede encontrar la ruta especificada: '\\\\\\\\?\\\\\\\\wsl.localhost\\\\Ubuntu\\\\'", "FileNotFoundError: [WinError 3] El sistema no puede encontrar la ruta especificada: '\\\\\\\\?\\\\\\\\wsl.localhost\\\\Ubuntu\\\\'", "FileNotFoundError: [WinError 3] El sistema no puede encontrar la ruta especificada: '\\\\\\\\?\\\\\\\\wsl.localhost\\\\Ubuntu\\\\'", "FileNotFoundError: [WinError 3] El sistema no puede encontrar la ruta especificada: '\\\\\\\\?\\\\\\\\wsl.localhost\\\\Ubuntu\\\\'", "FileNotFoundError: [WinError 3] El sistema no puede encontrar la ruta especificada: '\\\\\\\\?\\\\\\\\wsl.localhost\\\\Ubuntu\\\\'", "FileNotFoundError: [WinError 3] El sistema no puede encontrar la ruta especificada: '\\\\\\\\?\\\\\\\\wsl.localhost\\\\Ubuntu\\\\'", "FileNotFoundError: [WinError 3] El sistema no puede encontrar la ruta especificada: '\\\\\\\\?\\\\\\\\wsl.localhost\\\\Ubuntu\\\\'", "FileNotFoundError: [WinError 3] El sistema no puede encontrar la ruta especificada: '\\\\\\\\?\\\\\\\\wsl.localhost\\\\Ubuntu\\\\'", "FileNotFoundError: [WinError 3] El sistema no puede encontrar la ruta especificada: '\\\\\\\\?\\\\\\\\wsl.localhost\\\\Ubuntu\\\\'"], "n": 9, "ms_mediana": 2404.8, "determinista": true, "metrica": "acentos", "cer_pct": 100.0, "cer_acentos_pct": 100.0, "cer_ciego_pct": 100.0, "dist_acentos": 596, "texto": "docling-r6__ppp105__escaneado_d5c.txt"}
[32m[INFO] 2026-08-31 20:07:20,593 [RapidOCR] base.py:23: Using engine_name: torch[0m
[32m[INFO] 2026-08-31 20:07:20,594 [RapidOCR] device_config.py:64: Using GPU device with ID: 0[0m
[32m[INFO] 2026-08-31 20:07:20,605 [RapidOCR] download_file.py:60: File exists and is valid: D:\Work\research\FileX\.venv-ai\Lib\site-packages\rapidocr\models\PP-OCRv6_det_small.pth[0m
[32m[INFO] 2026-08-31 20:07:20,605 [RapidOCR] main.py:50: Using D:\Work\research\FileX\.venv-ai\Lib\site-packages\rapidocr\models\PP-OCRv6_det_small.pth[0m
[32m[INFO] 2026-08-31 20:07:20,991 [RapidOCR] base.py:23: Using engine_name: torch[0m
[32m[INFO] 2026-08-31 20:07:20,993 [RapidOCR] device_config.py:64: Using GPU device with ID: 0[0m
[32m[INFO] 2026-08-31 20:07:20,996 [RapidOCR] download_file.py:60: File exists and is valid: D:\Work\research\FileX\.venv-ai\Lib\site-packages\rapidocr\models\ch_ptocr_mobile_v2.0_cls_mobile.pth[0m
[32m[INFO] 2026-08-31 20:07:20,996 [RapidOCR] main.py:50: Using D:\Work\research\FileX\.venv-ai\Lib\site-packages\rapidocr\models\ch_ptocr_mobile_v2.0_cls_mobile.pth[0m
[32m[INFO] 2026-08-31 20:07:21,212 [RapidOCR] base.py:23: Using engine_name: torch[0m
[32m[INFO] 2026-08-31 20:07:21,212 [RapidOCR] device_config.py:64: Using GPU device with ID: 0[0m
[32m[INFO] 2026-08-31 20:07:21,237 [RapidOCR] download_file.py:60: File exists and is valid: D:\Work\research\FileX\.venv-ai\Lib\site-packages\rapidocr\models\PP-OCRv6_rec_small.pth[0m
[32m[INFO] 2026-08-31 20:07:21,237 [RapidOCR] main.py:50: Using D:\Work\research\FileX\.venv-ai\Lib\site-packages\rapidocr\models\PP-OCRv6_rec_small.pth[0m
[32m[INFO] 2026-08-31 20:07:22,620 [RapidOCR] base.py:23: Using engine_name: torch[0m
[32m[INFO] 2026-08-31 20:07:22,621 [RapidOCR] device_config.py:64: Using GPU device with ID: 0[0m
[32m[INFO] 2026-08-31 20:07:22,631 [RapidOCR] download_file.py:60: File exists and is valid: D:\Work\research\FileX\.venv-ai\Lib\site-packages\rapidocr\models\PP-OCRv6_det_small.pth[0m
[32m[INFO] 2026-08-31 20:07:22,632 [RapidOCR] main.py:50: Using D:\Work\research\FileX\.venv-ai\Lib\site-packages\rapidocr\models\PP-OCRv6_det_small.pth[0m
[32m[INFO] 2026-08-31 20:07:23,108 [RapidOCR] base.py:23: Using engine_name: torch[0m
[32m[INFO] 2026-08-31 20:07:23,108 [RapidOCR] device_config.py:64: Using GPU device with ID: 0[0m
[32m[INFO] 2026-08-31 20:07:23,109 [RapidOCR] download_file.py:60: File exists and is valid: D:\Work\research\FileX\.venv-ai\Lib\site-packages\rapidocr\models\ch_ptocr_mobile_v2.0_cls_mobile.pth[0m
[32m[INFO] 2026-08-31 20:07:23,110 [RapidOCR] main.py:50: Using D:\Work\research\FileX\.venv-ai\Lib\site-packages\rapidocr\models\ch_ptocr_mobile_v2.0_cls_mobile.pth[0m
[32m[INFO] 2026-08-31 20:07:23,324 [RapidOCR] base.py:23: Using engine_name: torch[0m
[32m[INFO] 2026-08-31 20:07:23,325 [RapidOCR] device_config.py:64: Using GPU device with ID: 0[0m
[32m[INFO] 2026-08-31 20:07:23,347 [RapidOCR] download_file.py:60: File exists and is valid: D:\Work\research\FileX\.venv-ai\Lib\site-packages\rapidocr\models\PP-OCRv6_rec_small.pth[0m
[32m[INFO] 2026-08-31 20:07:23,347 [RapidOCR] main.py:50: Using D:\Work\research\FileX\.venv-ai\Lib\site-packages\rapidocr\models\PP-OCRv6_rec_small.pth[0m
[32m[INFO] 2026-08-31 20:07:24,684 [RapidOCR] base.py:23: Using engine_name: torch[0m
[32m[INFO] 2026-08-31 20:07:24,686 [RapidOCR] device_config.py:64: Using GPU device with ID: 0[0m
[32m[INFO] 2026-08-31 20:07:24,702 [RapidOCR] download_file.py:60: File exists and is valid: D:\Work\research\FileX\.venv-ai\Lib\site-packages\rapidocr\models\PP-OCRv6_det_small.pth[0m
[32m[INFO] 2026-08-31 20:07:24,702 [RapidOCR] main.py:50: Using D:\Work\research\FileX\.venv-ai\Lib\site-packages\rapidocr\models\PP-OCRv6_det_small.pth[0m
[32m[INFO] 2026-08-31 20:07:25,008 [RapidOCR] base.py:23: Using engine_name: torch[0m
[32m[INFO] 2026-08-31 20:07:25,009 [RapidOCR] device_config.py:64: Using GPU device with ID: 0[0m
[32m[INFO] 2026-08-31 20:07:25,010 [RapidOCR] download_file.py:60: File exists and is valid: D:\Work\research\FileX\.venv-ai\Lib\site-packages\rapidocr\models\ch_ptocr_mobile_v2.0_cls_mobile.pth[0m
[32m[INFO] 2026-08-31 20:07:25,010 [RapidOCR] main.py:50: Using D:\Work\research\FileX\.venv-ai\Lib\site-packages\rapidocr\models\ch_ptocr_mobile_v2.0_cls_mobile.pth[0m
[32m[INFO] 2026-08-31 20:07:25,208 [RapidOCR] base.py:23: Using engine_name: torch[0m
[32m[INFO] 2026-08-31 20:07:25,209 [RapidOCR] device_config.py:64: Using GPU device with ID: 0[0m
[32m[INFO] 2026-08-31 20:07:25,234 [RapidOCR] download_file.py:60: File exists and is valid: D:\Work\research\FileX\.venv-ai\Lib\site-packages\rapidocr\models\PP-OCRv6_rec_small.pth[0m
[32m[INFO] 2026-08-31 20:07:25,234 [RapidOCR] main.py:50: Using D:\Work\research\FileX\.venv-ai\Lib\site-packages\rapidocr\models\PP-OCRv6_rec_small.pth[0m
[32m[INFO] 2026-08-31 20:07:27,394 [RapidOCR] base.py:23: Using engine_name: torch[0m
[32m[INFO] 2026-08-31 20:07:27,395 [RapidOCR] device_config.py:64: Using GPU device with ID: 0[0m
[32m[INFO] 2026-08-31 20:07:27,407 [RapidOCR] download_file.py:60: File exists and is valid: D:\Work\research\FileX\.venv-ai\Lib\site-packages\rapidocr\models\PP-OCRv6_det_small.pth[0m
[32m[INFO] 2026-08-31 20:07:27,408 [RapidOCR] main.py:50: Using D:\Work\research\FileX\.venv-ai\Lib\site-packages\rapidocr\models\PP-OCRv6_det_small.pth[0m
[32m[INFO] 2026-08-31 20:07:27,797 [RapidOCR] base.py:23: Using engine_name: torch[0m
[32m[INFO] 2026-08-31 20:07:27,798 [RapidOCR] device_config.py:64: Using GPU device with ID: 0[0m
[32m[INFO] 2026-08-31 20:07:27,799 [RapidOCR] download_file.py:60: File exists and is valid: D:\Work\research\FileX\.venv-ai\Lib\site-packages\rapidocr\models\ch_ptocr_mobile_v2.0_cls_mobile.pth[0m
[32m[INFO] 2026-08-31 20:07:27,799 [RapidOCR] main.py:50: Using D:\Work\research\FileX\.venv-ai\Lib\site-packages\rapidocr\models\ch_ptocr_mobile_v2.0_cls_mobile.pth[0m
[32m[INFO] 2026-08-31 20:07:28,003 [RapidOCR] base.py:23: Using engine_name: torch[0m
[32m[INFO] 2026-08-31 20:07:28,004 [RapidOCR] device_config.py:64: Using GPU device with ID: 0[0m
[32m[INFO] 2026-08-31 20:07:28,029 [RapidOCR] download_file.py:60: File exists and is valid: D:\Work\research\FileX\.venv-ai\Lib\site-packages\rapidocr\models\PP-OCRv6_rec_small.pth[0m
[32m[INFO] 2026-08-31 20:07:28,029 [RapidOCR] main.py:50: Using D:\Work\research\FileX\.venv-ai\Lib\site-packages\rapidocr\models\PP-OCRv6_rec_small.pth[0m
[32m[INFO] 2026-08-31 20:07:29,387 [RapidOCR] base.py:23: Using engine_name: torch[0m
[32m[INFO] 2026-08-31 20:07:29,388 [RapidOCR] device_config.py:64: Using GPU device with ID: 0[0m
[32m[INFO] 2026-08-31 20:07:29,397 [RapidOCR] download_file.py:60: File exists and is valid: D:\Work\research\FileX\.venv-ai\Lib\site-packages\rapidocr\models\PP-OCRv6_det_small.pth[0m
[32m[INFO] 2026-08-31 20:07:29,397 [RapidOCR] main.py:50: Using D:\Work\research\FileX\.venv-ai\Lib\site-packages\rapidocr\models\PP-OCRv6_det_small.pth[0m
[32m[INFO] 2026-08-31 20:07:29,739 [RapidOCR] base.py:23: Using engine_name: torch[0m
[32m[INFO] 2026-08-31 20:07:29,740 [RapidOCR] device_config.py:64: Using GPU device with ID: 0[0m
[32m[INFO] 2026-08-31 20:07:29,741 [RapidOCR] download_file.py:60: File exists and is valid: D:\Work\research\FileX\.venv-ai\Lib\site-packages\rapidocr\models\ch_ptocr_mobile_v2.0_cls_mobile.pth[0m
[32m[INFO] 2026-08-31 20:07:29,742 [RapidOCR] main.py:50: Using D:\Work\research\FileX\.venv-ai\Lib\site-packages\rapidocr\models\ch_ptocr_mobile_v2.0_cls_mobile.pth[0m
[32m[INFO] 2026-08-31 20:07:29,948 [RapidOCR] base.py:23: Using engine_name: torch[0m
[32m[INFO] 2026-08-31 20:07:29,949 [RapidOCR] device_config.py:64: Using GPU device with ID: 0[0m
[32m[INFO] 2026-08-31 20:07:29,969 [RapidOCR] download_file.py:60: File exists and is valid: D:\Work\research\FileX\.venv-ai\Lib\site-packages\rapidocr\models\PP-OCRv6_rec_small.pth[0m
[32m[INFO] 2026-08-31 20:07:29,969 [RapidOCR] main.py:50: Using D:\Work\research\FileX\.venv-ai\Lib\site-packages\rapidocr\models\PP-OCRv6_rec_small.pth[0m
[32m[INFO] 2026-08-31 20:07:31,369 [RapidOCR] base.py:23: Using engine_name: torch[0m
[32m[INFO] 2026-08-31 20:07:31,369 [RapidOCR] device_config.py:64: Using GPU device with ID: 0[0m
[32m[INFO] 2026-08-31 20:07:31,380 [RapidOCR] download_file.py:60: File exists and is valid: D:\Work\research\FileX\.venv-ai\Lib\site-packages\rapidocr\models\PP-OCRv6_det_small.pth[0m
[32m[INFO] 2026-08-31 20:07:31,380 [RapidOCR] main.py:50: Using D:\Work\research\FileX\.venv-ai\Lib\site-packages\rapidocr\models\PP-OCRv6_det_small.pth[0m
[32m[INFO] 2026-08-31 20:07:31,726 [RapidOCR] base.py:23: Using engine_name: torch[0m
[32m[INFO] 2026-08-31 20:07:31,727 [RapidOCR] device_config.py:64: Using GPU device with ID: 0[0m
[32m[INFO] 2026-08-31 20:07:31,728 [RapidOCR] download_file.py:60: File exists and is valid: D:\Work\research\FileX\.venv-ai\Lib\site-packages\rapidocr\models\ch_ptocr_mobile_v2.0_cls_mobile.pth[0m
[32m[INFO] 2026-08-31 20:07:31,729 [RapidOCR] main.py:50: Using D:\Work\research\FileX\.venv-ai\Lib\site-packages\rapidocr\models\ch_ptocr_mobile_v2.0_cls_mobile.pth[0m
[32m[INFO] 2026-08-31 20:07:31,980 [RapidOCR] base.py:23: Using engine_name: torch[0m
[32m[INFO] 2026-08-31 20:07:31,981 [RapidOCR] device_config.py:64: Using GPU device with ID: 0[0m
[32m[INFO] 2026-08-31 20:07:32,005 [RapidOCR] download_file.py:60: File exists and is valid: D:\Work\research\FileX\.venv-ai\Lib\site-packages\rapidocr\models\PP-OCRv6_rec_small.pth[0m
[32m[INFO] 2026-08-31 20:07:32,006 [RapidOCR] main.py:50: Using D:\Work\research\FileX\.venv-ai\Lib\site-packages\rapidocr\models\PP-OCRv6_rec_small.pth[0m
[32m[INFO] 2026-08-31 20:07:33,396 [RapidOCR] base.py:23: Using engine_name: torch[0m
[32m[INFO] 2026-08-31 20:07:33,397 [RapidOCR] device_config.py:64: Using GPU device with ID: 0[0m
[32m[INFO] 2026-08-31 20:07:33,407 [RapidOCR] download_file.py:60: File exists and is valid: D:\Work\research\FileX\.venv-ai\Lib\site-packages\rapidocr\models\PP-OCRv6_det_small.pth[0m
[32m[INFO] 2026-08-31 20:07:33,407 [RapidOCR] main.py:50: Using D:\Work\research\FileX\.venv-ai\Lib\site-packages\rapidocr\models\PP-OCRv6_det_small.pth[0m
[32m[INFO] 2026-08-31 20:07:34,032 [RapidOCR] base.py:23: Using engine_name: torch[0m
[32m[INFO] 2026-08-31 20:07:34,032 [RapidOCR] device_config.py:64: Using GPU device with ID: 0[0m
[32m[INFO] 2026-08-31 20:07:34,034 [RapidOCR] download_file.py:60: File exists and is valid: D:\Work\research\FileX\.venv-ai\Lib\site-packages\rapidocr\models\ch_ptocr_mobile_v2.0_cls_mobile.pth[0m
[32m[INFO] 2026-08-31 20:07:34,034 [RapidOCR] main.py:50: Using D:\Work\research\FileX\.venv-ai\Lib\site-packages\rapidocr\models\ch_ptocr_mobile_v2.0_cls_mobile.pth[0m
[32m[INFO] 2026-08-31 20:07:34,226 [RapidOCR] base.py:23: Using engine_name: torch[0m
[32m[INFO] 2026-08-31 20:07:34,227 [RapidOCR] device_config.py:64: Using GPU device with ID: 0[0m
[32m[INFO] 2026-08-31 20:07:34,250 [RapidOCR] download_file.py:60: File exists and is valid: D:\Work\research\FileX\.venv-ai\Lib\site-packages\rapidocr\models\PP-OCRv6_rec_small.pth[0m
[32m[INFO] 2026-08-31 20:07:34,250 [RapidOCR] main.py:50: Using D:\Work\research\FileX\.venv-ai\Lib\site-packages\rapidocr\models\PP-OCRv6_rec_small.pth[0m
[32m[INFO] 2026-08-31 20:07:35,657 [RapidOCR] base.py:23: Using engine_name: torch[0m
[32m[INFO] 2026-08-31 20:07:35,658 [RapidOCR] device_config.py:64: Using GPU device with ID: 0[0m
[32m[INFO] 2026-08-31 20:07:35,670 [RapidOCR] download_file.py:60: File exists and is valid: D:\Work\research\FileX\.venv-ai\Lib\site-packages\rapidocr\models\PP-OCRv6_det_small.pth[0m
[32m[INFO] 2026-08-31 20:07:35,671 [RapidOCR] main.py:50: Using D:\Work\research\FileX\.venv-ai\Lib\site-packages\rapidocr\models\PP-OCRv6_det_small.pth[0m
[32m[INFO] 2026-08-31 20:07:36,092 [RapidOCR] base.py:23: Using engine_name: torch[0m
[32m[INFO] 2026-08-31 20:07:36,092 [RapidOCR] device_config.py:64: Using GPU device with ID: 0[0m
[32m[INFO] 2026-08-31 20:07:36,094 [RapidOCR] download_file.py:60: File exists and is valid: D:\Work\research\FileX\.venv-ai\Lib\site-packages\rapidocr\models\ch_ptocr_mobile_v2.0_cls_mobile.pth[0m
[32m[INFO] 2026-08-31 20:07:36,095 [RapidOCR] main.py:50: Using D:\Work\research\FileX\.venv-ai\Lib\site-packages\rapidocr\models\ch_ptocr_mobile_v2.0_cls_mobile.pth[0m
[32m[INFO] 2026-08-31 20:07:36,321 [RapidOCR] base.py:23: Using engine_name: torch[0m
[32m[INFO] 2026-08-31 20:07:36,322 [RapidOCR] device_config.py:64: Using GPU device with ID: 0[0m
[32m[INFO] 2026-08-31 20:07:36,346 [RapidOCR] download_file.py:60: File exists and is valid: D:\Work\research\FileX\.venv-ai\Lib\site-packages\rapidocr\models\PP-OCRv6_rec_small.pth[0m
[32m[INFO] 2026-08-31 20:07:36,346 [RapidOCR] main.py:50: Using D:\Work\research\FileX\.venv-ai\Lib\site-packages\rapidocr\models\PP-OCRv6_rec_small.pth[0m
[32m[INFO] 2026-08-31 20:07:37,659 [RapidOCR] base.py:23: Using engine_name: torch[0m
[32m[INFO] 2026-08-31 20:07:37,661 [RapidOCR] device_config.py:64: Using GPU device with ID: 0[0m
[32m[INFO] 2026-08-31 20:07:37,670 [RapidOCR] download_file.py:60: File exists and is valid: D:\Work\research\FileX\.venv-ai\Lib\site-packages\rapidocr\models\PP-OCRv6_det_small.pth[0m
[32m[INFO] 2026-08-31 20:07:37,671 [RapidOCR] main.py:50: Using D:\Work\research\FileX\.venv-ai\Lib\site-packages\rapidocr\models\PP-OCRv6_det_small.pth[0m
[32m[INFO] 2026-08-31 20:07:37,958 [RapidOCR] base.py:23: Using engine_name: torch[0m
[32m[INFO] 2026-08-31 20:07:37,959 [RapidOCR] device_config.py:64: Using GPU device with ID: 0[0m
[32m[INFO] 2026-08-31 20:07:37,960 [RapidOCR] download_file.py:60: File exists and is valid: D:\Work\research\FileX\.venv-ai\Lib\site-packages\rapidocr\models\ch_ptocr_mobile_v2.0_cls_mobile.pth[0m
[32m[INFO] 2026-08-31 20:07:37,960 [RapidOCR] main.py:50: Using D:\Work\research\FileX\.venv-ai\Lib\site-packages\rapidocr\models\ch_ptocr_mobile_v2.0_cls_mobile.pth[0m
[32m[INFO] 2026-08-31 20:07:38,173 [RapidOCR] base.py:23: Using engine_name: torch[0m
[32m[INFO] 2026-08-31 20:07:38,174 [RapidOCR] device_config.py:64: Using GPU device with ID: 0[0m
[32m[INFO] 2026-08-31 20:07:38,198 [RapidOCR] download_file.py:60: File exists and is valid: D:\Work\research\FileX\.venv-ai\Lib\site-packages\rapidocr\models\PP-OCRv6_rec_small.pth[0m
[32m[INFO] 2026-08-31 20:07:38,199 [RapidOCR] main.py:50: Using D:\Work\research\FileX\.venv-ai\Lib\site-packages\rapidocr\models\PP-OCRv6_rec_small.pth[0m
[32m[INFO] 2026-08-31 20:07:39,676 [RapidOCR] base.py:23: Using engine_name: torch[0m
[32m[INFO] 2026-08-31 20:07:39,677 [RapidOCR] device_config.py:64: Using GPU device with ID: 0[0m
[32m[INFO] 2026-08-31 20:07:39,687 [RapidOCR] download_file.py:60: File exists and is valid: D:\Work\research\FileX\.venv-ai\Lib\site-packages\rapidocr\models\PP-OCRv6_det_small.pth[0m
[32m[INFO] 2026-08-31 20:07:39,687 [RapidOCR] main.py:50: Using D:\Work\research\FileX\.venv-ai\Lib\site-packages\rapidocr\models\PP-OCRv6_det_small.pth[0m
[32m[INFO] 2026-08-31 20:07:40,242 [RapidOCR] base.py:23: Using engine_name: torch[0m
[32m[INFO] 2026-08-31 20:07:40,242 [RapidOCR] device_config.py:64: Using GPU device with ID: 0[0m
[32m[INFO] 2026-08-31 20:07:40,243 [RapidOCR] download_file.py:60: File exists and is valid: D:\Work\research\FileX\.venv-ai\Lib\site-packages\rapidocr\models\ch_ptocr_mobile_v2.0_cls_mobile.pth[0m
[32m[INFO] 2026-08-31 20:07:40,244 [RapidOCR] main.py:50: Using D:\Work\research\FileX\.venv-ai\Lib\site-packages\rapidocr\models\ch_ptocr_mobile_v2.0_cls_mobile.pth[0m
[32m[INFO] 2026-08-31 20:07:40,426 [RapidOCR] base.py:23: Using engine_name: torch[0m
[32m[INFO] 2026-08-31 20:07:40,427 [RapidOCR] device_config.py:64: Using GPU device with ID: 0[0m
[32m[INFO] 2026-08-31 20:07:40,452 [RapidOCR] download_file.py:60: File exists and is valid: D:\Work\research\FileX\.venv-ai\Lib\site-packages\rapidocr\models\PP-OCRv6_rec_small.pth[0m
[32m[INFO] 2026-08-31 20:07:40,452 [RapidOCR] main.py:50: Using D:\Work\research\FileX\.venv-ai\Lib\site-packages\rapidocr\models\PP-OCRv6_rec_small.pth[0m
{"config": "docling-r6", "doc": "escaneado_d5c", "ppp_nativo": 80, "ppp": 110, "factor": 1.375, "png": "ppp110__escaneado_d5c.png", "png_identify": "711x974 43.299999999999997158,43.299999999999997158 PixelsPerCentimeter", "preflight": {"vram_libre_mib": 8466, "mpx_actual": 0.693, "mpx_pendiente_ordenada": 0}, "entrada": "PDF via Docling; scale explicita", "dispositivo": "GPU CUDA", "rc": [1, 1, 1, 1, 1, 1, 1, 1, 1], "error": ["FileNotFoundError: [WinError 3] El sistema no puede encontrar la ruta especificada: '\\\\\\\\?\\\\\\\\wsl.localhost\\\\Ubuntu\\\\'", "FileNotFoundError: [WinError 3] El sistema no puede encontrar la ruta especificada: '\\\\\\\\?\\\\\\\\wsl.localhost\\\\Ubuntu\\\\'", "FileNotFoundError: [WinError 3] El sistema no puede encontrar la ruta especificada: '\\\\\\\\?\\\\\\\\wsl.localhost\\\\Ubuntu\\\\'", "FileNotFoundError: [WinError 3] El sistema no puede encontrar la ruta especificada: '\\\\\\\\?\\\\\\\\wsl.localhost\\\\Ubuntu\\\\'", "FileNotFoundError: [WinError 3] El sistema no puede encontrar la ruta especificada: '\\\\\\\\?\\\\\\\\wsl.localhost\\\\Ubuntu\\\\'", "FileNotFoundError: [WinError 3] El sistema no puede encontrar la ruta especificada: '\\\\\\\\?\\\\\\\\wsl.localhost\\\\Ubuntu\\\\'", "FileNotFoundError: [WinError 3] El sistema no puede encontrar la ruta especificada: '\\\\\\\\?\\\\\\\\wsl.localhost\\\\Ubuntu\\\\'", "FileNotFoundError: [WinError 3] El sistema no puede encontrar la ruta especificada: '\\\\\\\\?\\\\\\\\wsl.localhost\\\\Ubuntu\\\\'", "FileNotFoundError: [WinError 3] El sistema no puede encontrar la ruta especificada: '\\\\\\\\?\\\\\\\\wsl.localhost\\\\Ubuntu\\\\'"], "n": 9, "ms_mediana": 2063.1, "determinista": true, "metrica": "acentos", "cer_pct": 100.0, "cer_acentos_pct": 100.0, "cer_ciego_pct": 100.0, "dist_acentos": 596, "texto": "docling-r6__ppp110__escaneado_d5c.txt"}
[32m[INFO] 2026-08-31 20:07:42,022 [RapidOCR] base.py:23: Using engine_name: torch[0m
[32m[INFO] 2026-08-31 20:07:42,022 [RapidOCR] device_config.py:64: Using GPU device with ID: 0[0m
[32m[INFO] 2026-08-31 20:07:42,032 [RapidOCR] download_file.py:60: File exists and is valid: D:\Work\research\FileX\.venv-ai\Lib\site-packages\rapidocr\models\PP-OCRv6_det_small.pth[0m
[32m[INFO] 2026-08-31 20:07:42,032 [RapidOCR] main.py:50: Using D:\Work\research\FileX\.venv-ai\Lib\site-packages\rapidocr\models\PP-OCRv6_det_small.pth[0m
[32m[INFO] 2026-08-31 20:07:42,360 [RapidOCR] base.py:23: Using engine_name: torch[0m
[32m[INFO] 2026-08-31 20:07:42,360 [RapidOCR] device_config.py:64: Using GPU device with ID: 0[0m
[32m[INFO] 2026-08-31 20:07:42,361 [RapidOCR] download_file.py:60: File exists and is valid: D:\Work\research\FileX\.venv-ai\Lib\site-packages\rapidocr\models\ch_ptocr_mobile_v2.0_cls_mobile.pth[0m
[32m[INFO] 2026-08-31 20:07:42,362 [RapidOCR] main.py:50: Using D:\Work\research\FileX\.venv-ai\Lib\site-packages\rapidocr\models\ch_ptocr_mobile_v2.0_cls_mobile.pth[0m
[32m[INFO] 2026-08-31 20:07:42,554 [RapidOCR] base.py:23: Using engine_name: torch[0m
[32m[INFO] 2026-08-31 20:07:42,554 [RapidOCR] device_config.py:64: Using GPU device with ID: 0[0m
[32m[INFO] 2026-08-31 20:07:42,577 [RapidOCR] download_file.py:60: File exists and is valid: D:\Work\research\FileX\.venv-ai\Lib\site-packages\rapidocr\models\PP-OCRv6_rec_small.pth[0m
[32m[INFO] 2026-08-31 20:07:42,577 [RapidOCR] main.py:50: Using D:\Work\research\FileX\.venv-ai\Lib\site-packages\rapidocr\models\PP-OCRv6_rec_small.pth[0m
[32m[INFO] 2026-08-31 20:07:44,079 [RapidOCR] base.py:23: Using engine_name: torch[0m
[32m[INFO] 2026-08-31 20:07:44,080 [RapidOCR] device_config.py:64: Using GPU device with ID: 0[0m
[32m[INFO] 2026-08-31 20:07:44,091 [RapidOCR] download_file.py:60: File exists and is valid: D:\Work\research\FileX\.venv-ai\Lib\site-packages\rapidocr\models\PP-OCRv6_det_small.pth[0m
[32m[INFO] 2026-08-31 20:07:44,092 [RapidOCR] main.py:50: Using D:\Work\research\FileX\.venv-ai\Lib\site-packages\rapidocr\models\PP-OCRv6_det_small.pth[0m
[32m[INFO] 2026-08-31 20:07:44,396 [RapidOCR] base.py:23: Using engine_name: torch[0m
[32m[INFO] 2026-08-31 20:07:44,397 [RapidOCR] device_config.py:64: Using GPU device with ID: 0[0m
[32m[INFO] 2026-08-31 20:07:44,399 [RapidOCR] download_file.py:60: File exists and is valid: D:\Work\research\FileX\.venv-ai\Lib\site-packages\rapidocr\models\ch_ptocr_mobile_v2.0_cls_mobile.pth[0m
[32m[INFO] 2026-08-31 20:07:44,399 [RapidOCR] main.py:50: Using D:\Work\research\FileX\.venv-ai\Lib\site-packages\rapidocr\models\ch_ptocr_mobile_v2.0_cls_mobile.pth[0m
[32m[INFO] 2026-08-31 20:07:44,573 [RapidOCR] base.py:23: Using engine_name: torch[0m
[32m[INFO] 2026-08-31 20:07:44,574 [RapidOCR] device_config.py:64: Using GPU device with ID: 0[0m
[32m[INFO] 2026-08-31 20:07:44,595 [RapidOCR] download_file.py:60: File exists and is valid: D:\Work\research\FileX\.venv-ai\Lib\site-packages\rapidocr\models\PP-OCRv6_rec_small.pth[0m
[32m[INFO] 2026-08-31 20:07:44,595 [RapidOCR] main.py:50: Using D:\Work\research\FileX\.venv-ai\Lib\site-packages\rapidocr\models\PP-OCRv6_rec_small.pth[0m
[32m[INFO] 2026-08-31 20:07:45,890 [RapidOCR] base.py:23: Using engine_name: torch[0m
[32m[INFO] 2026-08-31 20:07:45,891 [RapidOCR] device_config.py:64: Using GPU device with ID: 0[0m
[32m[INFO] 2026-08-31 20:07:45,901 [RapidOCR] download_file.py:60: File exists and is valid: D:\Work\research\FileX\.venv-ai\Lib\site-packages\rapidocr\models\PP-OCRv6_det_small.pth[0m
[32m[INFO] 2026-08-31 20:07:45,901 [RapidOCR] main.py:50: Using D:\Work\research\FileX\.venv-ai\Lib\site-packages\rapidocr\models\PP-OCRv6_det_small.pth[0m
[32m[INFO] 2026-08-31 20:07:46,222 [RapidOCR] base.py:23: Using engine_name: torch[0m
[32m[INFO] 2026-08-31 20:07:46,223 [RapidOCR] device_config.py:64: Using GPU device with ID: 0[0m
[32m[INFO] 2026-08-31 20:07:46,224 [RapidOCR] download_file.py:60: File exists and is valid: D:\Work\research\FileX\.venv-ai\Lib\site-packages\rapidocr\models\ch_ptocr_mobile_v2.0_cls_mobile.pth[0m
[32m[INFO] 2026-08-31 20:07:46,224 [RapidOCR] main.py:50: Using D:\Work\research\FileX\.venv-ai\Lib\site-packages\rapidocr\models\ch_ptocr_mobile_v2.0_cls_mobile.pth[0m
[32m[INFO] 2026-08-31 20:07:46,596 [RapidOCR] base.py:23: Using engine_name: torch[0m
[32m[INFO] 2026-08-31 20:07:46,597 [RapidOCR] device_config.py:64: Using GPU device with ID: 0[0m
[32m[INFO] 2026-08-31 20:07:46,617 [RapidOCR] download_file.py:60: File exists and is valid: D:\Work\research\FileX\.venv-ai\Lib\site-packages\rapidocr\models\PP-OCRv6_rec_small.pth[0m
[32m[INFO] 2026-08-31 20:07:46,617 [RapidOCR] main.py:50: Using D:\Work\research\FileX\.venv-ai\Lib\site-packages\rapidocr\models\PP-OCRv6_rec_small.pth[0m
[32m[INFO] 2026-08-31 20:07:48,012 [RapidOCR] base.py:23: Using engine_name: torch[0m
[32m[INFO] 2026-08-31 20:07:48,014 [RapidOCR] device_config.py:64: Using GPU device with ID: 0[0m
[32m[INFO] 2026-08-31 20:07:48,023 [RapidOCR] download_file.py:60: File exists and is valid: D:\Work\research\FileX\.venv-ai\Lib\site-packages\rapidocr\models\PP-OCRv6_det_small.pth[0m
[32m[INFO] 2026-08-31 20:07:48,024 [RapidOCR] main.py:50: Using D:\Work\research\FileX\.venv-ai\Lib\site-packages\rapidocr\models\PP-OCRv6_det_small.pth[0m
[32m[INFO] 2026-08-31 20:07:48,389 [RapidOCR] base.py:23: Using engine_name: torch[0m
[32m[INFO] 2026-08-31 20:07:48,390 [RapidOCR] device_config.py:64: Using GPU device with ID: 0[0m
[32m[INFO] 2026-08-31 20:07:48,391 [RapidOCR] download_file.py:60: File exists and is valid: D:\Work\research\FileX\.venv-ai\Lib\site-packages\rapidocr\models\ch_ptocr_mobile_v2.0_cls_mobile.pth[0m
[32m[INFO] 2026-08-31 20:07:48,391 [RapidOCR] main.py:50: Using D:\Work\research\FileX\.venv-ai\Lib\site-packages\rapidocr\models\ch_ptocr_mobile_v2.0_cls_mobile.pth[0m
[32m[INFO] 2026-08-31 20:07:48,575 [RapidOCR] base.py:23: Using engine_name: torch[0m
[32m[INFO] 2026-08-31 20:07:48,575 [RapidOCR] device_config.py:64: Using GPU device with ID: 0[0m
[32m[INFO] 2026-08-31 20:07:48,596 [RapidOCR] download_file.py:60: File exists and is valid: D:\Work\research\FileX\.venv-ai\Lib\site-packages\rapidocr\models\PP-OCRv6_rec_small.pth[0m
[32m[INFO] 2026-08-31 20:07:48,596 [RapidOCR] main.py:50: Using D:\Work\research\FileX\.venv-ai\Lib\site-packages\rapidocr\models\PP-OCRv6_rec_small.pth[0m
[32m[INFO] 2026-08-31 20:07:49,864 [RapidOCR] base.py:23: Using engine_name: torch[0m
[32m[INFO] 2026-08-31 20:07:49,865 [RapidOCR] device_config.py:64: Using GPU device with ID: 0[0m
[32m[INFO] 2026-08-31 20:07:49,877 [RapidOCR] download_file.py:60: File exists and is valid: D:\Work\research\FileX\.venv-ai\Lib\site-packages\rapidocr\models\PP-OCRv6_det_small.pth[0m
[32m[INFO] 2026-08-31 20:07:49,877 [RapidOCR] main.py:50: Using D:\Work\research\FileX\.venv-ai\Lib\site-packages\rapidocr\models\PP-OCRv6_det_small.pth[0m
[32m[INFO] 2026-08-31 20:07:50,211 [RapidOCR] base.py:23: Using engine_name: torch[0m
[32m[INFO] 2026-08-31 20:07:50,211 [RapidOCR] device_config.py:64: Using GPU device with ID: 0[0m
[32m[INFO] 2026-08-31 20:07:50,212 [RapidOCR] download_file.py:60: File exists and is valid: D:\Work\research\FileX\.venv-ai\Lib\site-packages\rapidocr\models\ch_ptocr_mobile_v2.0_cls_mobile.pth[0m
[32m[INFO] 2026-08-31 20:07:50,213 [RapidOCR] main.py:50: Using D:\Work\research\FileX\.venv-ai\Lib\site-packages\rapidocr\models\ch_ptocr_mobile_v2.0_cls_mobile.pth[0m
[32m[INFO] 2026-08-31 20:07:50,407 [RapidOCR] base.py:23: Using engine_name: torch[0m
[32m[INFO] 2026-08-31 20:07:50,408 [RapidOCR] device_config.py:64: Using GPU device with ID: 0[0m
[32m[INFO] 2026-08-31 20:07:50,428 [RapidOCR] download_file.py:60: File exists and is valid: D:\Work\research\FileX\.venv-ai\Lib\site-packages\rapidocr\models\PP-OCRv6_rec_small.pth[0m
[32m[INFO] 2026-08-31 20:07:50,428 [RapidOCR] main.py:50: Using D:\Work\research\FileX\.venv-ai\Lib\site-packages\rapidocr\models\PP-OCRv6_rec_small.pth[0m
[32m[INFO] 2026-08-31 20:07:51,718 [RapidOCR] base.py:23: Using engine_name: torch[0m
[32m[INFO] 2026-08-31 20:07:51,718 [RapidOCR] device_config.py:64: Using GPU device with ID: 0[0m
[32m[INFO] 2026-08-31 20:07:51,728 [RapidOCR] download_file.py:60: File exists and is valid: D:\Work\research\FileX\.venv-ai\Lib\site-packages\rapidocr\models\PP-OCRv6_det_small.pth[0m
[32m[INFO] 2026-08-31 20:07:51,728 [RapidOCR] main.py:50: Using D:\Work\research\FileX\.venv-ai\Lib\site-packages\rapidocr\models\PP-OCRv6_det_small.pth[0m
[32m[INFO] 2026-08-31 20:07:52,124 [RapidOCR] base.py:23: Using engine_name: torch[0m
[32m[INFO] 2026-08-31 20:07:52,125 [RapidOCR] device_config.py:64: Using GPU device with ID: 0[0m
[32m[INFO] 2026-08-31 20:07:52,126 [RapidOCR] download_file.py:60: File exists and is valid: D:\Work\research\FileX\.venv-ai\Lib\site-packages\rapidocr\models\ch_ptocr_mobile_v2.0_cls_mobile.pth[0m
[32m[INFO] 2026-08-31 20:07:52,126 [RapidOCR] main.py:50: Using D:\Work\research\FileX\.venv-ai\Lib\site-packages\rapidocr\models\ch_ptocr_mobile_v2.0_cls_mobile.pth[0m
[32m[INFO] 2026-08-31 20:07:52,354 [RapidOCR] base.py:23: Using engine_name: torch[0m
[32m[INFO] 2026-08-31 20:07:52,355 [RapidOCR] device_config.py:64: Using GPU device with ID: 0[0m
[32m[INFO] 2026-08-31 20:07:52,381 [RapidOCR] download_file.py:60: File exists and is valid: D:\Work\research\FileX\.venv-ai\Lib\site-packages\rapidocr\models\PP-OCRv6_rec_small.pth[0m
[32m[INFO] 2026-08-31 20:07:52,382 [RapidOCR] main.py:50: Using D:\Work\research\FileX\.venv-ai\Lib\site-packages\rapidocr\models\PP-OCRv6_rec_small.pth[0m
[32m[INFO] 2026-08-31 20:07:54,403 [RapidOCR] base.py:23: Using engine_name: torch[0m
[32m[INFO] 2026-08-31 20:07:54,403 [RapidOCR] device_config.py:64: Using GPU device with ID: 0[0m
[32m[INFO] 2026-08-31 20:07:54,418 [RapidOCR] download_file.py:60: File exists and is valid: D:\Work\research\FileX\.venv-ai\Lib\site-packages\rapidocr\models\PP-OCRv6_det_small.pth[0m
[32m[INFO] 2026-08-31 20:07:54,418 [RapidOCR] main.py:50: Using D:\Work\research\FileX\.venv-ai\Lib\site-packages\rapidocr\models\PP-OCRv6_det_small.pth[0m
[32m[INFO] 2026-08-31 20:07:54,903 [RapidOCR] base.py:23: Using engine_name: torch[0m
[32m[INFO] 2026-08-31 20:07:54,904 [RapidOCR] device_config.py:64: Using GPU device with ID: 0[0m
[32m[INFO] 2026-08-31 20:07:54,905 [RapidOCR] download_file.py:60: File exists and is valid: D:\Work\research\FileX\.venv-ai\Lib\site-packages\rapidocr\models\ch_ptocr_mobile_v2.0_cls_mobile.pth[0m
[32m[INFO] 2026-08-31 20:07:54,905 [RapidOCR] main.py:50: Using D:\Work\research\FileX\.venv-ai\Lib\site-packages\rapidocr\models\ch_ptocr_mobile_v2.0_cls_mobile.pth[0m
[32m[INFO] 2026-08-31 20:07:55,126 [RapidOCR] base.py:23: Using engine_name: torch[0m
[32m[INFO] 2026-08-31 20:07:55,127 [RapidOCR] device_config.py:64: Using GPU device with ID: 0[0m
[32m[INFO] 2026-08-31 20:07:55,158 [RapidOCR] download_file.py:60: File exists and is valid: D:\Work\research\FileX\.venv-ai\Lib\site-packages\rapidocr\models\PP-OCRv6_rec_small.pth[0m
[32m[INFO] 2026-08-31 20:07:55,158 [RapidOCR] main.py:50: Using D:\Work\research\FileX\.venv-ai\Lib\site-packages\rapidocr\models\PP-OCRv6_rec_small.pth[0m
[32m[INFO] 2026-08-31 20:07:57,168 [RapidOCR] base.py:23: Using engine_name: torch[0m
[32m[INFO] 2026-08-31 20:07:57,170 [RapidOCR] device_config.py:64: Using GPU device with ID: 0[0m
[32m[INFO] 2026-08-31 20:07:57,186 [RapidOCR] download_file.py:60: File exists and is valid: D:\Work\research\FileX\.venv-ai\Lib\site-packages\rapidocr\models\PP-OCRv6_det_small.pth[0m
[32m[INFO] 2026-08-31 20:07:57,186 [RapidOCR] main.py:50: Using D:\Work\research\FileX\.venv-ai\Lib\site-packages\rapidocr\models\PP-OCRv6_det_small.pth[0m
[32m[INFO] 2026-08-31 20:07:57,594 [RapidOCR] base.py:23: Using engine_name: torch[0m
[32m[INFO] 2026-08-31 20:07:57,594 [RapidOCR] device_config.py:64: Using GPU device with ID: 0[0m
[32m[INFO] 2026-08-31 20:07:57,595 [RapidOCR] download_file.py:60: File exists and is valid: D:\Work\research\FileX\.venv-ai\Lib\site-packages\rapidocr\models\ch_ptocr_mobile_v2.0_cls_mobile.pth[0m
[32m[INFO] 2026-08-31 20:07:57,596 [RapidOCR] main.py:50: Using D:\Work\research\FileX\.venv-ai\Lib\site-packages\rapidocr\models\ch_ptocr_mobile_v2.0_cls_mobile.pth[0m
[32m[INFO] 2026-08-31 20:07:57,848 [RapidOCR] base.py:23: Using engine_name: torch[0m
[32m[INFO] 2026-08-31 20:07:57,848 [RapidOCR] device_config.py:64: Using GPU device with ID: 0[0m
[32m[INFO] 2026-08-31 20:07:57,874 [RapidOCR] download_file.py:60: File exists and is valid: D:\Work\research\FileX\.venv-ai\Lib\site-packages\rapidocr\models\PP-OCRv6_rec_small.pth[0m
[32m[INFO] 2026-08-31 20:07:57,874 [RapidOCR] main.py:50: Using D:\Work\research\FileX\.venv-ai\Lib\site-packages\rapidocr\models\PP-OCRv6_rec_small.pth[0m
[32m[INFO] 2026-08-31 20:07:59,650 [RapidOCR] base.py:23: Using engine_name: torch[0m
[32m[INFO] 2026-08-31 20:07:59,651 [RapidOCR] device_config.py:64: Using GPU device with ID: 0[0m
[32m[INFO] 2026-08-31 20:07:59,669 [RapidOCR] download_file.py:60: File exists and is valid: D:\Work\research\FileX\.venv-ai\Lib\site-packages\rapidocr\models\PP-OCRv6_det_small.pth[0m
[32m[INFO] 2026-08-31 20:07:59,669 [RapidOCR] main.py:50: Using D:\Work\research\FileX\.venv-ai\Lib\site-packages\rapidocr\models\PP-OCRv6_det_small.pth[0m
[32m[INFO] 2026-08-31 20:08:00,012 [RapidOCR] base.py:23: Using engine_name: torch[0m
[32m[INFO] 2026-08-31 20:08:00,012 [RapidOCR] device_config.py:64: Using GPU device with ID: 0[0m
[32m[INFO] 2026-08-31 20:08:00,014 [RapidOCR] download_file.py:60: File exists and is valid: D:\Work\research\FileX\.venv-ai\Lib\site-packages\rapidocr\models\ch_ptocr_mobile_v2.0_cls_mobile.pth[0m
[32m[INFO] 2026-08-31 20:08:00,014 [RapidOCR] main.py:50: Using D:\Work\research\FileX\.venv-ai\Lib\site-packages\rapidocr\models\ch_ptocr_mobile_v2.0_cls_mobile.pth[0m
[32m[INFO] 2026-08-31 20:08:00,194 [RapidOCR] base.py:23: Using engine_name: torch[0m
[32m[INFO] 2026-08-31 20:08:00,195 [RapidOCR] device_config.py:64: Using GPU device with ID: 0[0m
[32m[INFO] 2026-08-31 20:08:00,224 [RapidOCR] download_file.py:60: File exists and is valid: D:\Work\research\FileX\.venv-ai\Lib\site-packages\rapidocr\models\PP-OCRv6_rec_small.pth[0m
[32m[INFO] 2026-08-31 20:08:00,224 [RapidOCR] main.py:50: Using D:\Work\research\FileX\.venv-ai\Lib\site-packages\rapidocr\models\PP-OCRv6_rec_small.pth[0m
[32m[INFO] 2026-08-31 20:08:02,138 [RapidOCR] base.py:23: Using engine_name: torch[0m
[32m[INFO] 2026-08-31 20:08:02,139 [RapidOCR] device_config.py:64: Using GPU device with ID: 0[0m
[32m[INFO] 2026-08-31 20:08:02,154 [RapidOCR] download_file.py:60: File exists and is valid: D:\Work\research\FileX\.venv-ai\Lib\site-packages\rapidocr\models\PP-OCRv6_det_small.pth[0m
[32m[INFO] 2026-08-31 20:08:02,154 [RapidOCR] main.py:50: Using D:\Work\research\FileX\.venv-ai\Lib\site-packages\rapidocr\models\PP-OCRv6_det_small.pth[0m
[32m[INFO] 2026-08-31 20:08:02,498 [RapidOCR] base.py:23: Using engine_name: torch[0m
[32m[INFO] 2026-08-31 20:08:02,499 [RapidOCR] device_config.py:64: Using GPU device with ID: 0[0m
[32m[INFO] 2026-08-31 20:08:02,500 [RapidOCR] download_file.py:60: File exists and is valid: D:\Work\research\FileX\.venv-ai\Lib\site-packages\rapidocr\models\ch_ptocr_mobile_v2.0_cls_mobile.pth[0m
[32m[INFO] 2026-08-31 20:08:02,500 [RapidOCR] main.py:50: Using D:\Work\research\FileX\.venv-ai\Lib\site-packages\rapidocr\models\ch_ptocr_mobile_v2.0_cls_mobile.pth[0m
[32m[INFO] 2026-08-31 20:08:02,684 [RapidOCR] base.py:23: Using engine_name: torch[0m
[32m[INFO] 2026-08-31 20:08:02,685 [RapidOCR] device_config.py:64: Using GPU device with ID: 0[0m
[32m[INFO] 2026-08-31 20:08:02,708 [RapidOCR] download_file.py:60: File exists and is valid: D:\Work\research\FileX\.venv-ai\Lib\site-packages\rapidocr\models\PP-OCRv6_rec_small.pth[0m
[32m[INFO] 2026-08-31 20:08:02,709 [RapidOCR] main.py:50: Using D:\Work\research\FileX\.venv-ai\Lib\site-packages\rapidocr\models\PP-OCRv6_rec_small.pth[0m
{"config": "docling-r6", "doc": "escaneado_d5c", "ppp_nativo": 80, "ppp": 115, "factor": 1.438, "png": "ppp115__escaneado_d5c.png", "png_identify": "743x1018 45.270000000000003126,45.270000000000003126 PixelsPerCentimeter", "preflight": {"vram_libre_mib": 8418, "mpx_actual": 0.756, "mpx_pendiente_ordenada": 0}, "entrada": "PDF via Docling; scale explicita", "dispositivo": "GPU CUDA", "rc": [1, 1, 1, 1, 1, 1, 1, 1, 1], "error": ["FileNotFoundError: [WinError 3] El sistema no puede encontrar la ruta especificada: '\\\\\\\\?\\\\\\\\wsl.localhost\\\\Ubuntu\\\\'", "FileNotFoundError: [WinError 3] El sistema no puede encontrar la ruta especificada: '\\\\\\\\?\\\\\\\\wsl.localhost\\\\Ubuntu\\\\'", "FileNotFoundError: [WinError 3] El sistema no puede encontrar la ruta especificada: '\\\\\\\\?\\\\\\\\wsl.localhost\\\\Ubuntu\\\\'", "FileNotFoundError: [WinError 3] El sistema no puede encontrar la ruta especificada: '\\\\\\\\?\\\\\\\\wsl.localhost\\\\Ubuntu\\\\'", "FileNotFoundError: [WinError 3] El sistema no puede encontrar la ruta especificada: '\\\\\\\\?\\\\\\\\wsl.localhost\\\\Ubuntu\\\\'", "FileNotFoundError: [WinError 3] El sistema no puede encontrar la ruta especificada: '\\\\\\\\?\\\\\\\\wsl.localhost\\\\Ubuntu\\\\'", "FileNotFoundError: [WinError 3] El sistema no puede encontrar la ruta especificada: '\\\\\\\\?\\\\\\\\wsl.localhost\\\\Ubuntu\\\\'", "FileNotFoundError: [WinError 3] El sistema no puede encontrar la ruta especificada: '\\\\\\\\?\\\\\\\\wsl.localhost\\\\Ubuntu\\\\'", "FileNotFoundError: [WinError 3] El sistema no puede encontrar la ruta especificada: '\\\\\\\\?\\\\\\\\wsl.localhost\\\\Ubuntu\\\\'"], "n": 9, "ms_mediana": 2177.4, "determinista": true, "metrica": "acentos", "cer_pct": 100.0, "cer_acentos_pct": 100.0, "cer_ciego_pct": 100.0, "dist_acentos": 596, "texto": "docling-r6__ppp115__escaneado_d5c.txt"}
[32m[INFO] 2026-08-31 20:08:04,330 [RapidOCR] base.py:23: Using engine_name: torch[0m
[32m[INFO] 2026-08-31 20:08:04,331 [RapidOCR] device_config.py:64: Using GPU device with ID: 0[0m
[32m[INFO] 2026-08-31 20:08:04,343 [RapidOCR] download_file.py:60: File exists and is valid: D:\Work\research\FileX\.venv-ai\Lib\site-packages\rapidocr\models\PP-OCRv6_det_small.pth[0m
[32m[INFO] 2026-08-31 20:08:04,343 [RapidOCR] main.py:50: Using D:\Work\research\FileX\.venv-ai\Lib\site-packages\rapidocr\models\PP-OCRv6_det_small.pth[0m
[32m[INFO] 2026-08-31 20:08:04,640 [RapidOCR] base.py:23: Using engine_name: torch[0m
[32m[INFO] 2026-08-31 20:08:04,641 [RapidOCR] device_config.py:64: Using GPU device with ID: 0[0m
[32m[INFO] 2026-08-31 20:08:04,642 [RapidOCR] download_file.py:60: File exists and is valid: D:\Work\research\FileX\.venv-ai\Lib\site-packages\rapidocr\models\ch_ptocr_mobile_v2.0_cls_mobile.pth[0m
[32m[INFO] 2026-08-31 20:08:04,642 [RapidOCR] main.py:50: Using D:\Work\research\FileX\.venv-ai\Lib\site-packages\rapidocr\models\ch_ptocr_mobile_v2.0_cls_mobile.pth[0m
[32m[INFO] 2026-08-31 20:08:04,840 [RapidOCR] base.py:23: Using engine_name: torch[0m
[32m[INFO] 2026-08-31 20:08:04,841 [RapidOCR] device_config.py:64: Using GPU device with ID: 0[0m
[32m[INFO] 2026-08-31 20:08:04,863 [RapidOCR] download_file.py:60: File exists and is valid: D:\Work\research\FileX\.venv-ai\Lib\site-packages\rapidocr\models\PP-OCRv6_rec_small.pth[0m
[32m[INFO] 2026-08-31 20:08:04,863 [RapidOCR] main.py:50: Using D:\Work\research\FileX\.venv-ai\Lib\site-packages\rapidocr\models\PP-OCRv6_rec_small.pth[0m
[32m[INFO] 2026-08-31 20:08:06,366 [RapidOCR] base.py:23: Using engine_name: torch[0m
[32m[INFO] 2026-08-31 20:08:06,367 [RapidOCR] device_config.py:64: Using GPU device with ID: 0[0m
[32m[INFO] 2026-08-31 20:08:06,379 [RapidOCR] download_file.py:60: File exists and is valid: D:\Work\research\FileX\.venv-ai\Lib\site-packages\rapidocr\models\PP-OCRv6_det_small.pth[0m
[32m[INFO] 2026-08-31 20:08:06,379 [RapidOCR] main.py:50: Using D:\Work\research\FileX\.venv-ai\Lib\site-packages\rapidocr\models\PP-OCRv6_det_small.pth[0m
[32m[INFO] 2026-08-31 20:08:06,862 [RapidOCR] base.py:23: Using engine_name: torch[0m
[32m[INFO] 2026-08-31 20:08:06,863 [RapidOCR] device_config.py:64: Using GPU device with ID: 0[0m
[32m[INFO] 2026-08-31 20:08:06,865 [RapidOCR] download_file.py:60: File exists and is valid: D:\Work\research\FileX\.venv-ai\Lib\site-packages\rapidocr\models\ch_ptocr_mobile_v2.0_cls_mobile.pth[0m
[32m[INFO] 2026-08-31 20:08:06,865 [RapidOCR] main.py:50: Using D:\Work\research\FileX\.venv-ai\Lib\site-packages\rapidocr\models\ch_ptocr_mobile_v2.0_cls_mobile.pth[0m
[32m[INFO] 2026-08-31 20:08:07,080 [RapidOCR] base.py:23: Using engine_name: torch[0m
[32m[INFO] 2026-08-31 20:08:07,081 [RapidOCR] device_config.py:64: Using GPU device with ID: 0[0m
[32m[INFO] 2026-08-31 20:08:07,113 [RapidOCR] download_file.py:60: File exists and is valid: D:\Work\research\FileX\.venv-ai\Lib\site-packages\rapidocr\models\PP-OCRv6_rec_small.pth[0m
[32m[INFO] 2026-08-31 20:08:07,113 [RapidOCR] main.py:50: Using D:\Work\research\FileX\.venv-ai\Lib\site-packages\rapidocr\models\PP-OCRv6_rec_small.pth[0m
[32m[INFO] 2026-08-31 20:08:09,119 [RapidOCR] base.py:23: Using engine_name: torch[0m
[32m[INFO] 2026-08-31 20:08:09,120 [RapidOCR] device_config.py:64: Using GPU device with ID: 0[0m
[32m[INFO] 2026-08-31 20:08:09,133 [RapidOCR] download_file.py:60: File exists and is valid: D:\Work\research\FileX\.venv-ai\Lib\site-packages\rapidocr\models\PP-OCRv6_det_small.pth[0m
[32m[INFO] 2026-08-31 20:08:09,133 [RapidOCR] main.py:50: Using D:\Work\research\FileX\.venv-ai\Lib\site-packages\rapidocr\models\PP-OCRv6_det_small.pth[0m
[32m[INFO] 2026-08-31 20:08:09,465 [RapidOCR] base.py:23: Using engine_name: torch[0m
[32m[INFO] 2026-08-31 20:08:09,465 [RapidOCR] device_config.py:64: Using GPU device with ID: 0[0m
[32m[INFO] 2026-08-31 20:08:09,467 [RapidOCR] download_file.py:60: File exists and is valid: D:\Work\research\FileX\.venv-ai\Lib\site-packages\rapidocr\models\ch_ptocr_mobile_v2.0_cls_mobile.pth[0m
[32m[INFO] 2026-08-31 20:08:09,467 [RapidOCR] main.py:50: Using D:\Work\research\FileX\.venv-ai\Lib\site-packages\rapidocr\models\ch_ptocr_mobile_v2.0_cls_mobile.pth[0m
[32m[INFO] 2026-08-31 20:08:09,691 [RapidOCR] base.py:23: Using engine_name: torch[0m
[32m[INFO] 2026-08-31 20:08:09,692 [RapidOCR] device_config.py:64: Using GPU device with ID: 0[0m
[32m[INFO] 2026-08-31 20:08:09,718 [RapidOCR] download_file.py:60: File exists and is valid: D:\Work\research\FileX\.venv-ai\Lib\site-packages\rapidocr\models\PP-OCRv6_rec_small.pth[0m
[32m[INFO] 2026-08-31 20:08:09,718 [RapidOCR] main.py:50: Using D:\Work\research\FileX\.venv-ai\Lib\site-packages\rapidocr\models\PP-OCRv6_rec_small.pth[0m
[32m[INFO] 2026-08-31 20:08:11,144 [RapidOCR] base.py:23: Using engine_name: torch[0m
[32m[INFO] 2026-08-31 20:08:11,145 [RapidOCR] device_config.py:64: Using GPU device with ID: 0[0m
[32m[INFO] 2026-08-31 20:08:11,158 [RapidOCR] download_file.py:60: File exists and is valid: D:\Work\research\FileX\.venv-ai\Lib\site-packages\rapidocr\models\PP-OCRv6_det_small.pth[0m
[32m[INFO] 2026-08-31 20:08:11,158 [RapidOCR] main.py:50: Using D:\Work\research\FileX\.venv-ai\Lib\site-packages\rapidocr\models\PP-OCRv6_det_small.pth[0m
[32m[INFO] 2026-08-31 20:08:11,460 [RapidOCR] base.py:23: Using engine_name: torch[0m
[32m[INFO] 2026-08-31 20:08:11,461 [RapidOCR] device_config.py:64: Using GPU device with ID: 0[0m
[32m[INFO] 2026-08-31 20:08:11,463 [RapidOCR] download_file.py:60: File exists and is valid: D:\Work\research\FileX\.venv-ai\Lib\site-packages\rapidocr\models\ch_ptocr_mobile_v2.0_cls_mobile.pth[0m
[32m[INFO] 2026-08-31 20:08:11,463 [RapidOCR] main.py:50: Using D:\Work\research\FileX\.venv-ai\Lib\site-packages\rapidocr\models\ch_ptocr_mobile_v2.0_cls_mobile.pth[0m
[32m[INFO] 2026-08-31 20:08:11,663 [RapidOCR] base.py:23: Using engine_name: torch[0m
[32m[INFO] 2026-08-31 20:08:11,664 [RapidOCR] device_config.py:64: Using GPU device with ID: 0[0m
[32m[INFO] 2026-08-31 20:08:11,688 [RapidOCR] download_file.py:60: File exists and is valid: D:\Work\research\FileX\.venv-ai\Lib\site-packages\rapidocr\models\PP-OCRv6_rec_small.pth[0m
[32m[INFO] 2026-08-31 20:08:11,689 [RapidOCR] main.py:50: Using D:\Work\research\FileX\.venv-ai\Lib\site-packages\rapidocr\models\PP-OCRv6_rec_small.pth[0m
[32m[INFO] 2026-08-31 20:08:13,173 [RapidOCR] base.py:23: Using engine_name: torch[0m
[32m[INFO] 2026-08-31 20:08:13,173 [RapidOCR] device_config.py:64: Using GPU device with ID: 0[0m
[32m[INFO] 2026-08-31 20:08:13,186 [RapidOCR] download_file.py:60: File exists and is valid: D:\Work\research\FileX\.venv-ai\Lib\site-packages\rapidocr\models\PP-OCRv6_det_small.pth[0m
[32m[INFO] 2026-08-31 20:08:13,187 [RapidOCR] main.py:50: Using D:\Work\research\FileX\.venv-ai\Lib\site-packages\rapidocr\models\PP-OCRv6_det_small.pth[0m
[32m[INFO] 2026-08-31 20:08:13,475 [RapidOCR] base.py:23: Using engine_name: torch[0m
[32m[INFO] 2026-08-31 20:08:13,476 [RapidOCR] device_config.py:64: Using GPU device with ID: 0[0m
[32m[INFO] 2026-08-31 20:08:13,477 [RapidOCR] download_file.py:60: File exists and is valid: D:\Work\research\FileX\.venv-ai\Lib\site-packages\rapidocr\models\ch_ptocr_mobile_v2.0_cls_mobile.pth[0m
[32m[INFO] 2026-08-31 20:08:13,478 [RapidOCR] main.py:50: Using D:\Work\research\FileX\.venv-ai\Lib\site-packages\rapidocr\models\ch_ptocr_mobile_v2.0_cls_mobile.pth[0m
[32m[INFO] 2026-08-31 20:08:13,779 [RapidOCR] base.py:23: Using engine_name: torch[0m
[32m[INFO] 2026-08-31 20:08:13,780 [RapidOCR] device_config.py:64: Using GPU device with ID: 0[0m
[32m[INFO] 2026-08-31 20:08:13,803 [RapidOCR] download_file.py:60: File exists and is valid: D:\Work\research\FileX\.venv-ai\Lib\site-packages\rapidocr\models\PP-OCRv6_rec_small.pth[0m
[32m[INFO] 2026-08-31 20:08:13,803 [RapidOCR] main.py:50: Using D:\Work\research\FileX\.venv-ai\Lib\site-packages\rapidocr\models\PP-OCRv6_rec_small.pth[0m
[32m[INFO] 2026-08-31 20:08:15,233 [RapidOCR] base.py:23: Using engine_name: torch[0m
[32m[INFO] 2026-08-31 20:08:15,233 [RapidOCR] device_config.py:64: Using GPU device with ID: 0[0m
[32m[INFO] 2026-08-31 20:08:15,244 [RapidOCR] download_file.py:60: File exists and is valid: D:\Work\research\FileX\.venv-ai\Lib\site-packages\rapidocr\models\PP-OCRv6_det_small.pth[0m
[32m[INFO] 2026-08-31 20:08:15,245 [RapidOCR] main.py:50: Using D:\Work\research\FileX\.venv-ai\Lib\site-packages\rapidocr\models\PP-OCRv6_det_small.pth[0m
[32m[INFO] 2026-08-31 20:08:15,905 [RapidOCR] base.py:23: Using engine_name: torch[0m
[32m[INFO] 2026-08-31 20:08:15,905 [RapidOCR] device_config.py:64: Using GPU device with ID: 0[0m
[32m[INFO] 2026-08-31 20:08:15,907 [RapidOCR] download_file.py:60: File exists and is valid: D:\Work\research\FileX\.venv-ai\Lib\site-packages\rapidocr\models\ch_ptocr_mobile_v2.0_cls_mobile.pth[0m
[32m[INFO] 2026-08-31 20:08:15,907 [RapidOCR] main.py:50: Using D:\Work\research\FileX\.venv-ai\Lib\site-packages\rapidocr\models\ch_ptocr_mobile_v2.0_cls_mobile.pth[0m
[32m[INFO] 2026-08-31 20:08:16,114 [RapidOCR] base.py:23: Using engine_name: torch[0m
[32m[INFO] 2026-08-31 20:08:16,114 [RapidOCR] device_config.py:64: Using GPU device with ID: 0[0m
[32m[INFO] 2026-08-31 20:08:16,137 [RapidOCR] download_file.py:60: File exists and is valid: D:\Work\research\FileX\.venv-ai\Lib\site-packages\rapidocr\models\PP-OCRv6_rec_small.pth[0m
[32m[INFO] 2026-08-31 20:08:16,137 [RapidOCR] main.py:50: Using D:\Work\research\FileX\.venv-ai\Lib\site-packages\rapidocr\models\PP-OCRv6_rec_small.pth[0m
[32m[INFO] 2026-08-31 20:08:17,427 [RapidOCR] base.py:23: Using engine_name: torch[0m
[32m[INFO] 2026-08-31 20:08:17,428 [RapidOCR] device_config.py:64: Using GPU device with ID: 0[0m
[32m[INFO] 2026-08-31 20:08:17,441 [RapidOCR] download_file.py:60: File exists and is valid: D:\Work\research\FileX\.venv-ai\Lib\site-packages\rapidocr\models\PP-OCRv6_det_small.pth[0m
[32m[INFO] 2026-08-31 20:08:17,442 [RapidOCR] main.py:50: Using D:\Work\research\FileX\.venv-ai\Lib\site-packages\rapidocr\models\PP-OCRv6_det_small.pth[0m
[32m[INFO] 2026-08-31 20:08:17,742 [RapidOCR] base.py:23: Using engine_name: torch[0m
[32m[INFO] 2026-08-31 20:08:17,743 [RapidOCR] device_config.py:64: Using GPU device with ID: 0[0m
[32m[INFO] 2026-08-31 20:08:17,744 [RapidOCR] download_file.py:60: File exists and is valid: D:\Work\research\FileX\.venv-ai\Lib\site-packages\rapidocr\models\ch_ptocr_mobile_v2.0_cls_mobile.pth[0m
[32m[INFO] 2026-08-31 20:08:17,744 [RapidOCR] main.py:50: Using D:\Work\research\FileX\.venv-ai\Lib\site-packages\rapidocr\models\ch_ptocr_mobile_v2.0_cls_mobile.pth[0m
[32m[INFO] 2026-08-31 20:08:17,934 [RapidOCR] base.py:23: Using engine_name: torch[0m
[32m[INFO] 2026-08-31 20:08:17,935 [RapidOCR] device_config.py:64: Using GPU device with ID: 0[0m
[32m[INFO] 2026-08-31 20:08:17,954 [RapidOCR] download_file.py:60: File exists and is valid: D:\Work\research\FileX\.venv-ai\Lib\site-packages\rapidocr\models\PP-OCRv6_rec_small.pth[0m
[32m[INFO] 2026-08-31 20:08:17,954 [RapidOCR] main.py:50: Using D:\Work\research\FileX\.venv-ai\Lib\site-packages\rapidocr\models\PP-OCRv6_rec_small.pth[0m
[32m[INFO] 2026-08-31 20:08:19,391 [RapidOCR] base.py:23: Using engine_name: torch[0m
[32m[INFO] 2026-08-31 20:08:19,392 [RapidOCR] device_config.py:64: Using GPU device with ID: 0[0m
[32m[INFO] 2026-08-31 20:08:19,405 [RapidOCR] download_file.py:60: File exists and is valid: D:\Work\research\FileX\.venv-ai\Lib\site-packages\rapidocr\models\PP-OCRv6_det_small.pth[0m
[32m[INFO] 2026-08-31 20:08:19,405 [RapidOCR] main.py:50: Using D:\Work\research\FileX\.venv-ai\Lib\site-packages\rapidocr\models\PP-OCRv6_det_small.pth[0m
[32m[INFO] 2026-08-31 20:08:19,740 [RapidOCR] base.py:23: Using engine_name: torch[0m
[32m[INFO] 2026-08-31 20:08:19,740 [RapidOCR] device_config.py:64: Using GPU device with ID: 0[0m
[32m[INFO] 2026-08-31 20:08:19,741 [RapidOCR] download_file.py:60: File exists and is valid: D:\Work\research\FileX\.venv-ai\Lib\site-packages\rapidocr\models\ch_ptocr_mobile_v2.0_cls_mobile.pth[0m
[32m[INFO] 2026-08-31 20:08:19,742 [RapidOCR] main.py:50: Using D:\Work\research\FileX\.venv-ai\Lib\site-packages\rapidocr\models\ch_ptocr_mobile_v2.0_cls_mobile.pth[0m
[32m[INFO] 2026-08-31 20:08:19,929 [RapidOCR] base.py:23: Using engine_name: torch[0m
[32m[INFO] 2026-08-31 20:08:19,930 [RapidOCR] device_config.py:64: Using GPU device with ID: 0[0m
[32m[INFO] 2026-08-31 20:08:19,949 [RapidOCR] download_file.py:60: File exists and is valid: D:\Work\research\FileX\.venv-ai\Lib\site-packages\rapidocr\models\PP-OCRv6_rec_small.pth[0m
[32m[INFO] 2026-08-31 20:08:19,950 [RapidOCR] main.py:50: Using D:\Work\research\FileX\.venv-ai\Lib\site-packages\rapidocr\models\PP-OCRv6_rec_small.pth[0m
[32m[INFO] 2026-08-31 20:08:21,398 [RapidOCR] base.py:23: Using engine_name: torch[0m
[32m[INFO] 2026-08-31 20:08:21,399 [RapidOCR] device_config.py:64: Using GPU device with ID: 0[0m
[32m[INFO] 2026-08-31 20:08:21,411 [RapidOCR] download_file.py:60: File exists and is valid: D:\Work\research\FileX\.venv-ai\Lib\site-packages\rapidocr\models\PP-OCRv6_det_small.pth[0m
[32m[INFO] 2026-08-31 20:08:21,411 [RapidOCR] main.py:50: Using D:\Work\research\FileX\.venv-ai\Lib\site-packages\rapidocr\models\PP-OCRv6_det_small.pth[0m
[32m[INFO] 2026-08-31 20:08:21,937 [RapidOCR] base.py:23: Using engine_name: torch[0m
[32m[INFO] 2026-08-31 20:08:21,938 [RapidOCR] device_config.py:64: Using GPU device with ID: 0[0m
[32m[INFO] 2026-08-31 20:08:21,939 [RapidOCR] download_file.py:60: File exists and is valid: D:\Work\research\FileX\.venv-ai\Lib\site-packages\rapidocr\models\ch_ptocr_mobile_v2.0_cls_mobile.pth[0m
[32m[INFO] 2026-08-31 20:08:21,939 [RapidOCR] main.py:50: Using D:\Work\research\FileX\.venv-ai\Lib\site-packages\rapidocr\models\ch_ptocr_mobile_v2.0_cls_mobile.pth[0m
[32m[INFO] 2026-08-31 20:08:22,159 [RapidOCR] base.py:23: Using engine_name: torch[0m
[32m[INFO] 2026-08-31 20:08:22,160 [RapidOCR] device_config.py:64: Using GPU device with ID: 0[0m
[32m[INFO] 2026-08-31 20:08:22,184 [RapidOCR] download_file.py:60: File exists and is valid: D:\Work\research\FileX\.venv-ai\Lib\site-packages\rapidocr\models\PP-OCRv6_rec_small.pth[0m
[32m[INFO] 2026-08-31 20:08:22,185 [RapidOCR] main.py:50: Using D:\Work\research\FileX\.venv-ai\Lib\site-packages\rapidocr\models\PP-OCRv6_rec_small.pth[0m
[32m[INFO] 2026-08-31 20:08:23,541 [RapidOCR] base.py:23: Using engine_name: torch[0m
[32m[INFO] 2026-08-31 20:08:23,541 [RapidOCR] device_config.py:64: Using GPU device with ID: 0[0m
[32m[INFO] 2026-08-31 20:08:23,553 [RapidOCR] download_file.py:60: File exists and is valid: D:\Work\research\FileX\.venv-ai\Lib\site-packages\rapidocr\models\PP-OCRv6_det_small.pth[0m
[32m[INFO] 2026-08-31 20:08:23,553 [RapidOCR] main.py:50: Using D:\Work\research\FileX\.venv-ai\Lib\site-packages\rapidocr\models\PP-OCRv6_det_small.pth[0m
[32m[INFO] 2026-08-31 20:08:23,889 [RapidOCR] base.py:23: Using engine_name: torch[0m
[32m[INFO] 2026-08-31 20:08:23,890 [RapidOCR] device_config.py:64: Using GPU device with ID: 0[0m
[32m[INFO] 2026-08-31 20:08:23,893 [RapidOCR] download_file.py:60: File exists and is valid: D:\Work\research\FileX\.venv-ai\Lib\site-packages\rapidocr\models\ch_ptocr_mobile_v2.0_cls_mobile.pth[0m
[32m[INFO] 2026-08-31 20:08:23,893 [RapidOCR] main.py:50: Using D:\Work\research\FileX\.venv-ai\Lib\site-packages\rapidocr\models\ch_ptocr_mobile_v2.0_cls_mobile.pth[0m
[32m[INFO] 2026-08-31 20:08:24,079 [RapidOCR] base.py:23: Using engine_name: torch[0m
[32m[INFO] 2026-08-31 20:08:24,080 [RapidOCR] device_config.py:64: Using GPU device with ID: 0[0m
[32m[INFO] 2026-08-31 20:08:24,101 [RapidOCR] download_file.py:60: File exists and is valid: D:\Work\research\FileX\.venv-ai\Lib\site-packages\rapidocr\models\PP-OCRv6_rec_small.pth[0m
[32m[INFO] 2026-08-31 20:08:24,101 [RapidOCR] main.py:50: Using D:\Work\research\FileX\.venv-ai\Lib\site-packages\rapidocr\models\PP-OCRv6_rec_small.pth[0m
{"config": "docling-r6", "doc": "escaneado_d5c", "ppp_nativo": 80, "ppp": 120, "factor": 1.5, "png": "ppp120__escaneado_d5c.png", "png_identify": "775x1062 47.24000000000000199,47.24000000000000199 PixelsPerCentimeter", "preflight": {"vram_libre_mib": 8517, "mpx_actual": 0.823, "mpx_pendiente_ordenada": 0}, "entrada": "PDF via Docling; scale explicita", "dispositivo": "GPU CUDA", "rc": [1, 1, 1, 1, 1, 1, 1, 1, 1], "error": ["FileNotFoundError: [WinError 3] El sistema no puede encontrar la ruta especificada: '\\\\\\\\?\\\\\\\\wsl.localhost\\\\Ubuntu\\\\'", "FileNotFoundError: [WinError 3] El sistema no puede encontrar la ruta especificada: '\\\\\\\\?\\\\\\\\wsl.localhost\\\\Ubuntu\\\\'", "FileNotFoundError: [WinError 3] El sistema no puede encontrar la ruta especificada: '\\\\\\\\?\\\\\\\\wsl.localhost\\\\Ubuntu\\\\'", "FileNotFoundError: [WinError 3] El sistema no puede encontrar la ruta especificada: '\\\\\\\\?\\\\\\\\wsl.localhost\\\\Ubuntu\\\\'", "FileNotFoundError: [WinError 3] El sistema no puede encontrar la ruta especificada: '\\\\\\\\?\\\\\\\\wsl.localhost\\\\Ubuntu\\\\'", "FileNotFoundError: [WinError 3] El sistema no puede encontrar la ruta especificada: '\\\\\\\\?\\\\\\\\wsl.localhost\\\\Ubuntu\\\\'", "FileNotFoundError: [WinError 3] El sistema no puede encontrar la ruta especificada: '\\\\\\\\?\\\\\\\\wsl.localhost\\\\Ubuntu\\\\'", "FileNotFoundError: [WinError 3] El sistema no puede encontrar la ruta especificada: '\\\\\\\\?\\\\\\\\wsl.localhost\\\\Ubuntu\\\\'", "FileNotFoundError: [WinError 3] El sistema no puede encontrar la ruta especificada: '\\\\\\\\?\\\\\\\\wsl.localhost\\\\Ubuntu\\\\'"], "n": 9, "ms_mediana": 2090.0, "determinista": true, "metrica": "acentos", "cer_pct": 100.0, "cer_acentos_pct": 100.0, "cer_ciego_pct": 100.0, "dist_acentos": 596, "texto": "docling-r6__ppp120__escaneado_d5c.txt"}
[32m[INFO] 2026-08-31 20:08:29,926 [RapidOCR] base.py:23: Using engine_name: torch[0m
[32m[INFO] 2026-08-31 20:08:29,927 [RapidOCR] device_config.py:64: Using GPU device with ID: 0[0m
[32m[INFO] 2026-08-31 20:08:29,938 [RapidOCR] download_file.py:60: File exists and is valid: D:\Work\research\FileX\.venv-ai\Lib\site-packages\rapidocr\models\PP-OCRv6_det_small.pth[0m
[32m[INFO] 2026-08-31 20:08:29,939 [RapidOCR] main.py:50: Using D:\Work\research\FileX\.venv-ai\Lib\site-packages\rapidocr\models\PP-OCRv6_det_small.pth[0m
[32m[INFO] 2026-08-31 20:08:30,278 [RapidOCR] base.py:23: Using engine_name: torch[0m
[32m[INFO] 2026-08-31 20:08:30,278 [RapidOCR] device_config.py:64: Using GPU device with ID: 0[0m
[32m[INFO] 2026-08-31 20:08:30,280 [RapidOCR] download_file.py:60: File exists and is valid: D:\Work\research\FileX\.venv-ai\Lib\site-packages\rapidocr\models\ch_ptocr_mobile_v2.0_cls_mobile.pth[0m
[32m[INFO] 2026-08-31 20:08:30,280 [RapidOCR] main.py:50: Using D:\Work\research\FileX\.venv-ai\Lib\site-packages\rapidocr\models\ch_ptocr_mobile_v2.0_cls_mobile.pth[0m
[32m[INFO] 2026-08-31 20:08:30,480 [RapidOCR] base.py:23: Using engine_name: torch[0m
[32m[INFO] 2026-08-31 20:08:30,480 [RapidOCR] device_config.py:64: Using GPU device with ID: 0[0m
[32m[INFO] 2026-08-31 20:08:30,507 [RapidOCR] download_file.py:60: File exists and is valid: D:\Work\research\FileX\.venv-ai\Lib\site-packages\rapidocr\models\PP-OCRv6_rec_small.pth[0m
[32m[INFO] 2026-08-31 20:08:30,507 [RapidOCR] main.py:50: Using D:\Work\research\FileX\.venv-ai\Lib\site-packages\rapidocr\models\PP-OCRv6_rec_small.pth[0m
[32m[INFO] 2026-08-31 20:08:31,839 [RapidOCR] base.py:23: Using engine_name: torch[0m
[32m[INFO] 2026-08-31 20:08:31,840 [RapidOCR] device_config.py:64: Using GPU device with ID: 0[0m
[32m[INFO] 2026-08-31 20:08:31,850 [RapidOCR] download_file.py:60: File exists and is valid: D:\Work\research\FileX\.venv-ai\Lib\site-packages\rapidocr\models\PP-OCRv6_det_small.pth[0m
[32m[INFO] 2026-08-31 20:08:31,851 [RapidOCR] main.py:50: Using D:\Work\research\FileX\.venv-ai\Lib\site-packages\rapidocr\models\PP-OCRv6_det_small.pth[0m
[32m[INFO] 2026-08-31 20:08:32,395 [RapidOCR] base.py:23: Using engine_name: torch[0m
[32m[INFO] 2026-08-31 20:08:32,396 [RapidOCR] device_config.py:64: Using GPU device with ID: 0[0m
[32m[INFO] 2026-08-31 20:08:32,398 [RapidOCR] download_file.py:60: File exists and is valid: D:\Work\research\FileX\.venv-ai\Lib\site-packages\rapidocr\models\ch_ptocr_mobile_v2.0_cls_mobile.pth[0m
[32m[INFO] 2026-08-31 20:08:32,398 [RapidOCR] main.py:50: Using D:\Work\research\FileX\.venv-ai\Lib\site-packages\rapidocr\models\ch_ptocr_mobile_v2.0_cls_mobile.pth[0m
[32m[INFO] 2026-08-31 20:08:32,919 [RapidOCR] base.py:23: Using engine_name: torch[0m
[32m[INFO] 2026-08-31 20:08:32,920 [RapidOCR] device_config.py:64: Using GPU device with ID: 0[0m
[32m[INFO] 2026-08-31 20:08:32,943 [RapidOCR] download_file.py:60: File exists and is valid: D:\Work\research\FileX\.venv-ai\Lib\site-packages\rapidocr\models\PP-OCRv6_rec_small.pth[0m
[32m[INFO] 2026-08-31 20:08:32,944 [RapidOCR] main.py:50: Using D:\Work\research\FileX\.venv-ai\Lib\site-packages\rapidocr\models\PP-OCRv6_rec_small.pth[0m
[32m[INFO] 2026-08-31 20:08:34,517 [RapidOCR] base.py:23: Using engine_name: torch[0m
[32m[INFO] 2026-08-31 20:08:34,517 [RapidOCR] device_config.py:64: Using GPU device with ID: 0[0m
[32m[INFO] 2026-08-31 20:08:34,529 [RapidOCR] download_file.py:60: File exists and is valid: D:\Work\research\FileX\.venv-ai\Lib\site-packages\rapidocr\models\PP-OCRv6_det_small.pth[0m
[32m[INFO] 2026-08-31 20:08:34,530 [RapidOCR] main.py:50: Using D:\Work\research\FileX\.venv-ai\Lib\site-packages\rapidocr\models\PP-OCRv6_det_small.pth[0m
[32m[INFO] 2026-08-31 20:08:34,831 [RapidOCR] base.py:23: Using engine_name: torch[0m
[32m[INFO] 2026-08-31 20:08:34,831 [RapidOCR] device_config.py:64: Using GPU device with ID: 0[0m
[32m[INFO] 2026-08-31 20:08:34,833 [RapidOCR] download_file.py:60: File exists and is valid: D:\Work\research\FileX\.venv-ai\Lib\site-packages\rapidocr\models\ch_ptocr_mobile_v2.0_cls_mobile.pth[0m
[32m[INFO] 2026-08-31 20:08:34,833 [RapidOCR] main.py:50: Using D:\Work\research\FileX\.venv-ai\Lib\site-packages\rapidocr\models\ch_ptocr_mobile_v2.0_cls_mobile.pth[0m
[32m[INFO] 2026-08-31 20:08:35,001 [RapidOCR] base.py:23: Using engine_name: torch[0m
[32m[INFO] 2026-08-31 20:08:35,001 [RapidOCR] device_config.py:64: Using GPU device with ID: 0[0m
[32m[INFO] 2026-08-31 20:08:35,025 [RapidOCR] download_file.py:60: File exists and is valid: D:\Work\research\FileX\.venv-ai\Lib\site-packages\rapidocr\models\PP-OCRv6_rec_small.pth[0m
[32m[INFO] 2026-08-31 20:08:35,026 [RapidOCR] main.py:50: Using D:\Work\research\FileX\.venv-ai\Lib\site-packages\rapidocr\models\PP-OCRv6_rec_small.pth[0m
[32m[INFO] 2026-08-31 20:08:36,369 [RapidOCR] base.py:23: Using engine_name: torch[0m
[32m[INFO] 2026-08-31 20:08:36,370 [RapidOCR] device_config.py:64: Using GPU device with ID: 0[0m
[32m[INFO] 2026-08-31 20:08:36,379 [RapidOCR] download_file.py:60: File exists and is valid: D:\Work\research\FileX\.venv-ai\Lib\site-packages\rapidocr\models\PP-OCRv6_det_small.pth[0m
[32m[INFO] 2026-08-31 20:08:36,379 [RapidOCR] main.py:50: Using D:\Work\research\FileX\.venv-ai\Lib\site-packages\rapidocr\models\PP-OCRv6_det_small.pth[0m
[32m[INFO] 2026-08-31 20:08:36,685 [RapidOCR] base.py:23: Using engine_name: torch[0m
[32m[INFO] 2026-08-31 20:08:36,686 [RapidOCR] device_config.py:64: Using GPU device with ID: 0[0m
[32m[INFO] 2026-08-31 20:08:36,687 [RapidOCR] download_file.py:60: File exists and is valid: D:\Work\research\FileX\.venv-ai\Lib\site-packages\rapidocr\models\ch_ptocr_mobile_v2.0_cls_mobile.pth[0m
[32m[INFO] 2026-08-31 20:08:36,687 [RapidOCR] main.py:50: Using D:\Work\research\FileX\.venv-ai\Lib\site-packages\rapidocr\models\ch_ptocr_mobile_v2.0_cls_mobile.pth[0m
[32m[INFO] 2026-08-31 20:08:36,890 [RapidOCR] base.py:23: Using engine_name: torch[0m
[32m[INFO] 2026-08-31 20:08:36,891 [RapidOCR] device_config.py:64: Using GPU device with ID: 0[0m
[32m[INFO] 2026-08-31 20:08:36,912 [RapidOCR] download_file.py:60: File exists and is valid: D:\Work\research\FileX\.venv-ai\Lib\site-packages\rapidocr\models\PP-OCRv6_rec_small.pth[0m
[32m[INFO] 2026-08-31 20:08:36,912 [RapidOCR] main.py:50: Using D:\Work\research\FileX\.venv-ai\Lib\site-packages\rapidocr\models\PP-OCRv6_rec_small.pth[0m
[32m[INFO] 2026-08-31 20:08:38,764 [RapidOCR] base.py:23: Using engine_name: torch[0m
[32m[INFO] 2026-08-31 20:08:38,765 [RapidOCR] device_config.py:64: Using GPU device with ID: 0[0m
[32m[INFO] 2026-08-31 20:08:38,777 [RapidOCR] download_file.py:60: File exists and is valid: D:\Work\research\FileX\.venv-ai\Lib\site-packages\rapidocr\models\PP-OCRv6_det_small.pth[0m
[32m[INFO] 2026-08-31 20:08:38,777 [RapidOCR] main.py:50: Using D:\Work\research\FileX\.venv-ai\Lib\site-packages\rapidocr\models\PP-OCRv6_det_small.pth[0m
[32m[INFO] 2026-08-31 20:08:39,147 [RapidOCR] base.py:23: Using engine_name: torch[0m
[32m[INFO] 2026-08-31 20:08:39,149 [RapidOCR] device_config.py:64: Using GPU device with ID: 0[0m
[32m[INFO] 2026-08-31 20:08:39,150 [RapidOCR] download_file.py:60: File exists and is valid: D:\Work\research\FileX\.venv-ai\Lib\site-packages\rapidocr\models\ch_ptocr_mobile_v2.0_cls_mobile.pth[0m
[32m[INFO] 2026-08-31 20:08:39,151 [RapidOCR] main.py:50: Using D:\Work\research\FileX\.venv-ai\Lib\site-packages\rapidocr\models\ch_ptocr_mobile_v2.0_cls_mobile.pth[0m
[32m[INFO] 2026-08-31 20:08:39,353 [RapidOCR] base.py:23: Using engine_name: torch[0m
[32m[INFO] 2026-08-31 20:08:39,355 [RapidOCR] device_config.py:64: Using GPU device with ID: 0[0m
[32m[INFO] 2026-08-31 20:08:39,381 [RapidOCR] download_file.py:60: File exists and is valid: D:\Work\research\FileX\.venv-ai\Lib\site-packages\rapidocr\models\PP-OCRv6_rec_small.pth[0m
[32m[INFO] 2026-08-31 20:08:39,381 [RapidOCR] main.py:50: Using D:\Work\research\FileX\.venv-ai\Lib\site-packages\rapidocr\models\PP-OCRv6_rec_small.pth[0m
[32m[INFO] 2026-08-31 20:08:41,246 [RapidOCR] base.py:23: Using engine_name: torch[0m
[32m[INFO] 2026-08-31 20:08:41,247 [RapidOCR] device_config.py:64: Using GPU device with ID: 0[0m
[32m[INFO] 2026-08-31 20:08:41,258 [RapidOCR] download_file.py:60: File exists and is valid: D:\Work\research\FileX\.venv-ai\Lib\site-packages\rapidocr\models\PP-OCRv6_det_small.pth[0m
[32m[INFO] 2026-08-31 20:08:41,258 [RapidOCR] main.py:50: Using D:\Work\research\FileX\.venv-ai\Lib\site-packages\rapidocr\models\PP-OCRv6_det_small.pth[0m
[32m[INFO] 2026-08-31 20:08:41,586 [RapidOCR] base.py:23: Using engine_name: torch[0m
[32m[INFO] 2026-08-31 20:08:41,587 [RapidOCR] device_config.py:64: Using GPU device with ID: 0[0m
[32m[INFO] 2026-08-31 20:08:41,588 [RapidOCR] download_file.py:60: File exists and is valid: D:\Work\research\FileX\.venv-ai\Lib\site-packages\rapidocr\models\ch_ptocr_mobile_v2.0_cls_mobile.pth[0m
[32m[INFO] 2026-08-31 20:08:41,588 [RapidOCR] main.py:50: Using D:\Work\research\FileX\.venv-ai\Lib\site-packages\rapidocr\models\ch_ptocr_mobile_v2.0_cls_mobile.pth[0m
[32m[INFO] 2026-08-31 20:08:41,773 [RapidOCR] base.py:23: Using engine_name: torch[0m
[32m[INFO] 2026-08-31 20:08:41,774 [RapidOCR] device_config.py:64: Using GPU device with ID: 0[0m
[32m[INFO] 2026-08-31 20:08:41,795 [RapidOCR] download_file.py:60: File exists and is valid: D:\Work\research\FileX\.venv-ai\Lib\site-packages\rapidocr\models\PP-OCRv6_rec_small.pth[0m
[32m[INFO] 2026-08-31 20:08:41,795 [RapidOCR] main.py:50: Using D:\Work\research\FileX\.venv-ai\Lib\site-packages\rapidocr\models\PP-OCRv6_rec_small.pth[0m
[32m[INFO] 2026-08-31 20:08:43,137 [RapidOCR] base.py:23: Using engine_name: torch[0m
[32m[INFO] 2026-08-31 20:08:43,138 [RapidOCR] device_config.py:64: Using GPU device with ID: 0[0m
[32m[INFO] 2026-08-31 20:08:43,152 [RapidOCR] download_file.py:60: File exists and is valid: D:\Work\research\FileX\.venv-ai\Lib\site-packages\rapidocr\models\PP-OCRv6_det_small.pth[0m
[32m[INFO] 2026-08-31 20:08:43,152 [RapidOCR] main.py:50: Using D:\Work\research\FileX\.venv-ai\Lib\site-packages\rapidocr\models\PP-OCRv6_det_small.pth[0m
[32m[INFO] 2026-08-31 20:08:43,613 [RapidOCR] base.py:23: Using engine_name: torch[0m
[32m[INFO] 2026-08-31 20:08:43,613 [RapidOCR] device_config.py:64: Using GPU device with ID: 0[0m
[32m[INFO] 2026-08-31 20:08:43,615 [RapidOCR] download_file.py:60: File exists and is valid: D:\Work\research\FileX\.venv-ai\Lib\site-packages\rapidocr\models\ch_ptocr_mobile_v2.0_cls_mobile.pth[0m
[32m[INFO] 2026-08-31 20:08:43,615 [RapidOCR] main.py:50: Using D:\Work\research\FileX\.venv-ai\Lib\site-packages\rapidocr\models\ch_ptocr_mobile_v2.0_cls_mobile.pth[0m
[32m[INFO] 2026-08-31 20:08:43,840 [RapidOCR] base.py:23: Using engine_name: torch[0m
[32m[INFO] 2026-08-31 20:08:43,841 [RapidOCR] device_config.py:64: Using GPU device with ID: 0[0m
[32m[INFO] 2026-08-31 20:08:43,862 [RapidOCR] download_file.py:60: File exists and is valid: D:\Work\research\FileX\.venv-ai\Lib\site-packages\rapidocr\models\PP-OCRv6_rec_small.pth[0m
[32m[INFO] 2026-08-31 20:08:43,862 [RapidOCR] main.py:50: Using D:\Work\research\FileX\.venv-ai\Lib\site-packages\rapidocr\models\PP-OCRv6_rec_small.pth[0m
[32m[INFO] 2026-08-31 20:08:45,220 [RapidOCR] base.py:23: Using engine_name: torch[0m
[32m[INFO] 2026-08-31 20:08:45,221 [RapidOCR] device_config.py:64: Using GPU device with ID: 0[0m
[32m[INFO] 2026-08-31 20:08:45,230 [RapidOCR] download_file.py:60: File exists and is valid: D:\Work\research\FileX\.venv-ai\Lib\site-packages\rapidocr\models\PP-OCRv6_det_small.pth[0m
[32m[INFO] 2026-08-31 20:08:45,230 [RapidOCR] main.py:50: Using D:\Work\research\FileX\.venv-ai\Lib\site-packages\rapidocr\models\PP-OCRv6_det_small.pth[0m
[32m[INFO] 2026-08-31 20:08:45,631 [RapidOCR] base.py:23: Using engine_name: torch[0m
[32m[INFO] 2026-08-31 20:08:45,632 [RapidOCR] device_config.py:64: Using GPU device with ID: 0[0m
[32m[INFO] 2026-08-31 20:08:45,633 [RapidOCR] download_file.py:60: File exists and is valid: D:\Work\research\FileX\.venv-ai\Lib\site-packages\rapidocr\models\ch_ptocr_mobile_v2.0_cls_mobile.pth[0m
[32m[INFO] 2026-08-31 20:08:45,634 [RapidOCR] main.py:50: Using D:\Work\research\FileX\.venv-ai\Lib\site-packages\rapidocr\models\ch_ptocr_mobile_v2.0_cls_mobile.pth[0m
[32m[INFO] 2026-08-31 20:08:45,895 [RapidOCR] base.py:23: Using engine_name: torch[0m
[32m[INFO] 2026-08-31 20:08:45,895 [RapidOCR] device_config.py:64: Using GPU device with ID: 0[0m
[32m[INFO] 2026-08-31 20:08:45,919 [RapidOCR] download_file.py:60: File exists and is valid: D:\Work\research\FileX\.venv-ai\Lib\site-packages\rapidocr\models\PP-OCRv6_rec_small.pth[0m
[32m[INFO] 2026-08-31 20:08:45,920 [RapidOCR] main.py:50: Using D:\Work\research\FileX\.venv-ai\Lib\site-packages\rapidocr\models\PP-OCRv6_rec_small.pth[0m
[32m[INFO] 2026-08-31 20:08:47,814 [RapidOCR] base.py:23: Using engine_name: torch[0m
[32m[INFO] 2026-08-31 20:08:47,815 [RapidOCR] device_config.py:64: Using GPU device with ID: 0[0m
[32m[INFO] 2026-08-31 20:08:47,829 [RapidOCR] download_file.py:60: File exists and is valid: D:\Work\research\FileX\.venv-ai\Lib\site-packages\rapidocr\models\PP-OCRv6_det_small.pth[0m
[32m[INFO] 2026-08-31 20:08:47,829 [RapidOCR] main.py:50: Using D:\Work\research\FileX\.venv-ai\Lib\site-packages\rapidocr\models\PP-OCRv6_det_small.pth[0m
[32m[INFO] 2026-08-31 20:08:48,298 [RapidOCR] base.py:23: Using engine_name: torch[0m
[32m[INFO] 2026-08-31 20:08:48,299 [RapidOCR] device_config.py:64: Using GPU device with ID: 0[0m
[32m[INFO] 2026-08-31 20:08:48,301 [RapidOCR] download_file.py:60: File exists and is valid: D:\Work\research\FileX\.venv-ai\Lib\site-packages\rapidocr\models\ch_ptocr_mobile_v2.0_cls_mobile.pth[0m
[32m[INFO] 2026-08-31 20:08:48,301 [RapidOCR] main.py:50: Using D:\Work\research\FileX\.venv-ai\Lib\site-packages\rapidocr\models\ch_ptocr_mobile_v2.0_cls_mobile.pth[0m
[32m[INFO] 2026-08-31 20:08:48,541 [RapidOCR] base.py:23: Using engine_name: torch[0m
[32m[INFO] 2026-08-31 20:08:48,541 [RapidOCR] device_config.py:64: Using GPU device with ID: 0[0m
[32m[INFO] 2026-08-31 20:08:48,563 [RapidOCR] download_file.py:60: File exists and is valid: D:\Work\research\FileX\.venv-ai\Lib\site-packages\rapidocr\models\PP-OCRv6_rec_small.pth[0m
[32m[INFO] 2026-08-31 20:08:48,564 [RapidOCR] main.py:50: Using D:\Work\research\FileX\.venv-ai\Lib\site-packages\rapidocr\models\PP-OCRv6_rec_small.pth[0m
[32m[INFO] 2026-08-31 20:08:50,528 [RapidOCR] base.py:23: Using engine_name: torch[0m
[32m[INFO] 2026-08-31 20:08:50,529 [RapidOCR] device_config.py:64: Using GPU device with ID: 0[0m
[32m[INFO] 2026-08-31 20:08:50,540 [RapidOCR] download_file.py:60: File exists and is valid: D:\Work\research\FileX\.venv-ai\Lib\site-packages\rapidocr\models\PP-OCRv6_det_small.pth[0m
[32m[INFO] 2026-08-31 20:08:50,540 [RapidOCR] main.py:50: Using D:\Work\research\FileX\.venv-ai\Lib\site-packages\rapidocr\models\PP-OCRv6_det_small.pth[0m
[32m[INFO] 2026-08-31 20:08:50,872 [RapidOCR] base.py:23: Using engine_name: torch[0m
[32m[INFO] 2026-08-31 20:08:50,872 [RapidOCR] device_config.py:64: Using GPU device with ID: 0[0m
[32m[INFO] 2026-08-31 20:08:50,873 [RapidOCR] download_file.py:60: File exists and is valid: D:\Work\research\FileX\.venv-ai\Lib\site-packages\rapidocr\models\ch_ptocr_mobile_v2.0_cls_mobile.pth[0m
[32m[INFO] 2026-08-31 20:08:50,874 [RapidOCR] main.py:50: Using D:\Work\research\FileX\.venv-ai\Lib\site-packages\rapidocr\models\ch_ptocr_mobile_v2.0_cls_mobile.pth[0m
[32m[INFO] 2026-08-31 20:08:51,230 [RapidOCR] base.py:23: Using engine_name: torch[0m
[32m[INFO] 2026-08-31 20:08:51,231 [RapidOCR] device_config.py:64: Using GPU device with ID: 0[0m
[32m[INFO] 2026-08-31 20:08:51,254 [RapidOCR] download_file.py:60: File exists and is valid: D:\Work\research\FileX\.venv-ai\Lib\site-packages\rapidocr\models\PP-OCRv6_rec_small.pth[0m
[32m[INFO] 2026-08-31 20:08:51,255 [RapidOCR] main.py:50: Using D:\Work\research\FileX\.venv-ai\Lib\site-packages\rapidocr\models\PP-OCRv6_rec_small.pth[0m
{"config": "docling-r6", "doc": "escaneado_d5c", "ppp_nativo": 80, "ppp": 125, "factor": 1.562, "png": "ppp125__escaneado_d5c.png", "png_identify": "808x1106 49.210000000000000853,49.210000000000000853 PixelsPerCentimeter", "preflight": {"vram_libre_mib": 8352, "mpx_actual": 0.894, "mpx_pendiente_ordenada": 0}, "entrada": "PDF via Docling; scale explicita", "dispositivo": "GPU CUDA", "rc": [1, 1, 1, 1, 1, 1, 1, 1, 1], "error": ["FileNotFoundError: [WinError 3] El sistema no puede encontrar la ruta especificada: '\\\\\\\\?\\\\\\\\wsl.localhost\\\\Ubuntu\\\\'", "FileNotFoundError: [WinError 3] El sistema no puede encontrar la ruta especificada: '\\\\\\\\?\\\\\\\\wsl.localhost\\\\Ubuntu\\\\'", "FileNotFoundError: [WinError 3] El sistema no puede encontrar la ruta especificada: '\\\\\\\\?\\\\\\\\wsl.localhost\\\\Ubuntu\\\\'", "FileNotFoundError: [WinError 3] El sistema no puede encontrar la ruta especificada: '\\\\\\\\?\\\\\\\\wsl.localhost\\\\Ubuntu\\\\'", "FileNotFoundError: [WinError 3] El sistema no puede encontrar la ruta especificada: '\\\\\\\\?\\\\\\\\wsl.localhost\\\\Ubuntu\\\\'", "FileNotFoundError: [WinError 3] El sistema no puede encontrar la ruta especificada: '\\\\\\\\?\\\\\\\\wsl.localhost\\\\Ubuntu\\\\'", "FileNotFoundError: [WinError 3] El sistema no puede encontrar la ruta especificada: '\\\\\\\\?\\\\\\\\wsl.localhost\\\\Ubuntu\\\\'", "FileNotFoundError: [WinError 3] El sistema no puede encontrar la ruta especificada: '\\\\\\\\?\\\\\\\\wsl.localhost\\\\Ubuntu\\\\'", "FileNotFoundError: [WinError 3] El sistema no puede encontrar la ruta especificada: '\\\\\\\\?\\\\\\\\wsl.localhost\\\\Ubuntu\\\\'"], "n": 9, "ms_mediana": 2321.4, "determinista": true, "metrica": "acentos", "cer_pct": 100.0, "cer_acentos_pct": 100.0, "cer_ciego_pct": 100.0, "dist_acentos": 596, "texto": "docling-r6__ppp125__escaneado_d5c.txt"}
[32m[INFO] 2026-08-31 20:08:53,431 [RapidOCR] base.py:23: Using engine_name: torch[0m
[32m[INFO] 2026-08-31 20:08:53,432 [RapidOCR] device_config.py:64: Using GPU device with ID: 0[0m
[32m[INFO] 2026-08-31 20:08:53,445 [RapidOCR] download_file.py:60: File exists and is valid: D:\Work\research\FileX\.venv-ai\Lib\site-packages\rapidocr\models\PP-OCRv6_det_small.pth[0m
[32m[INFO] 2026-08-31 20:08:53,445 [RapidOCR] main.py:50: Using D:\Work\research\FileX\.venv-ai\Lib\site-packages\rapidocr\models\PP-OCRv6_det_small.pth[0m
[32m[INFO] 2026-08-31 20:08:53,777 [RapidOCR] base.py:23: Using engine_name: torch[0m
[32m[INFO] 2026-08-31 20:08:53,777 [RapidOCR] device_config.py:64: Using GPU device with ID: 0[0m
[32m[INFO] 2026-08-31 20:08:53,779 [RapidOCR] download_file.py:60: File exists and is valid: D:\Work\research\FileX\.venv-ai\Lib\site-packages\rapidocr\models\ch_ptocr_mobile_v2.0_cls_mobile.pth[0m
[32m[INFO] 2026-08-31 20:08:53,779 [RapidOCR] main.py:50: Using D:\Work\research\FileX\.venv-ai\Lib\site-packages\rapidocr\models\ch_ptocr_mobile_v2.0_cls_mobile.pth[0m
[32m[INFO] 2026-08-31 20:08:53,959 [RapidOCR] base.py:23: Using engine_name: torch[0m
[32m[INFO] 2026-08-31 20:08:53,960 [RapidOCR] device_config.py:64: Using GPU device with ID: 0[0m
[32m[INFO] 2026-08-31 20:08:53,981 [RapidOCR] download_file.py:60: File exists and is valid: D:\Work\research\FileX\.venv-ai\Lib\site-packages\rapidocr\models\PP-OCRv6_rec_small.pth[0m
[32m[INFO] 2026-08-31 20:08:53,981 [RapidOCR] main.py:50: Using D:\Work\research\FileX\.venv-ai\Lib\site-packages\rapidocr\models\PP-OCRv6_rec_small.pth[0m
[32m[INFO] 2026-08-31 20:08:55,887 [RapidOCR] base.py:23: Using engine_name: torch[0m
[32m[INFO] 2026-08-31 20:08:55,888 [RapidOCR] device_config.py:64: Using GPU device with ID: 0[0m
[32m[INFO] 2026-08-31 20:08:55,903 [RapidOCR] download_file.py:60: File exists and is valid: D:\Work\research\FileX\.venv-ai\Lib\site-packages\rapidocr\models\PP-OCRv6_det_small.pth[0m
[32m[INFO] 2026-08-31 20:08:55,903 [RapidOCR] main.py:50: Using D:\Work\research\FileX\.venv-ai\Lib\site-packages\rapidocr\models\PP-OCRv6_det_small.pth[0m
[32m[INFO] 2026-08-31 20:08:56,622 [RapidOCR] base.py:23: Using engine_name: torch[0m
[32m[INFO] 2026-08-31 20:08:56,622 [RapidOCR] device_config.py:64: Using GPU device with ID: 0[0m
[32m[INFO] 2026-08-31 20:08:56,624 [RapidOCR] download_file.py:60: File exists and is valid: D:\Work\research\FileX\.venv-ai\Lib\site-packages\rapidocr\models\ch_ptocr_mobile_v2.0_cls_mobile.pth[0m
[32m[INFO] 2026-08-31 20:08:56,624 [RapidOCR] main.py:50: Using D:\Work\research\FileX\.venv-ai\Lib\site-packages\rapidocr\models\ch_ptocr_mobile_v2.0_cls_mobile.pth[0m
[32m[INFO] 2026-08-31 20:08:56,831 [RapidOCR] base.py:23: Using engine_name: torch[0m
[32m[INFO] 2026-08-31 20:08:56,831 [RapidOCR] device_config.py:64: Using GPU device with ID: 0[0m
[32m[INFO] 2026-08-31 20:08:56,852 [RapidOCR] download_file.py:60: File exists and is valid: D:\Work\research\FileX\.venv-ai\Lib\site-packages\rapidocr\models\PP-OCRv6_rec_small.pth[0m
[32m[INFO] 2026-08-31 20:08:56,852 [RapidOCR] main.py:50: Using D:\Work\research\FileX\.venv-ai\Lib\site-packages\rapidocr\models\PP-OCRv6_rec_small.pth[0m
[32m[INFO] 2026-08-31 20:08:58,372 [RapidOCR] base.py:23: Using engine_name: torch[0m
[32m[INFO] 2026-08-31 20:08:58,373 [RapidOCR] device_config.py:64: Using GPU device with ID: 0[0m
[32m[INFO] 2026-08-31 20:08:58,388 [RapidOCR] download_file.py:60: File exists and is valid: D:\Work\research\FileX\.venv-ai\Lib\site-packages\rapidocr\models\PP-OCRv6_det_small.pth[0m
[32m[INFO] 2026-08-31 20:08:58,388 [RapidOCR] main.py:50: Using D:\Work\research\FileX\.venv-ai\Lib\site-packages\rapidocr\models\PP-OCRv6_det_small.pth[0m
[32m[INFO] 2026-08-31 20:08:58,870 [RapidOCR] base.py:23: Using engine_name: torch[0m
[32m[INFO] 2026-08-31 20:08:58,871 [RapidOCR] device_config.py:64: Using GPU device with ID: 0[0m
[32m[INFO] 2026-08-31 20:08:58,873 [RapidOCR] download_file.py:60: File exists and is valid: D:\Work\research\FileX\.venv-ai\Lib\site-packages\rapidocr\models\ch_ptocr_mobile_v2.0_cls_mobile.pth[0m
[32m[INFO] 2026-08-31 20:08:58,873 [RapidOCR] main.py:50: Using D:\Work\research\FileX\.venv-ai\Lib\site-packages\rapidocr\models\ch_ptocr_mobile_v2.0_cls_mobile.pth[0m
[32m[INFO] 2026-08-31 20:08:59,119 [RapidOCR] base.py:23: Using engine_name: torch[0m
[32m[INFO] 2026-08-31 20:08:59,120 [RapidOCR] device_config.py:64: Using GPU device with ID: 0[0m
[32m[INFO] 2026-08-31 20:08:59,147 [RapidOCR] download_file.py:60: File exists and is valid: D:\Work\research\FileX\.venv-ai\Lib\site-packages\rapidocr\models\PP-OCRv6_rec_small.pth[0m
[32m[INFO] 2026-08-31 20:08:59,148 [RapidOCR] main.py:50: Using D:\Work\research\FileX\.venv-ai\Lib\site-packages\rapidocr\models\PP-OCRv6_rec_small.pth[0m
[32m[INFO] 2026-08-31 20:09:00,997 [RapidOCR] base.py:23: Using engine_name: torch[0m
[32m[INFO] 2026-08-31 20:09:00,998 [RapidOCR] device_config.py:64: Using GPU device with ID: 0[0m
[32m[INFO] 2026-08-31 20:09:01,010 [RapidOCR] download_file.py:60: File exists and is valid: D:\Work\research\FileX\.venv-ai\Lib\site-packages\rapidocr\models\PP-OCRv6_det_small.pth[0m
[32m[INFO] 2026-08-31 20:09:01,010 [RapidOCR] main.py:50: Using D:\Work\research\FileX\.venv-ai\Lib\site-packages\rapidocr\models\PP-OCRv6_det_small.pth[0m
[32m[INFO] 2026-08-31 20:09:01,392 [RapidOCR] base.py:23: Using engine_name: torch[0m
[32m[INFO] 2026-08-31 20:09:01,393 [RapidOCR] device_config.py:64: Using GPU device with ID: 0[0m
[32m[INFO] 2026-08-31 20:09:01,394 [RapidOCR] download_file.py:60: File exists and is valid: D:\Work\research\FileX\.venv-ai\Lib\site-packages\rapidocr\models\ch_ptocr_mobile_v2.0_cls_mobile.pth[0m
[32m[INFO] 2026-08-31 20:09:01,394 [RapidOCR] main.py:50: Using D:\Work\research\FileX\.venv-ai\Lib\site-packages\rapidocr\models\ch_ptocr_mobile_v2.0_cls_mobile.pth[0m
[32m[INFO] 2026-08-31 20:09:01,609 [RapidOCR] base.py:23: Using engine_name: torch[0m
[32m[INFO] 2026-08-31 20:09:01,610 [RapidOCR] device_config.py:64: Using GPU device with ID: 0[0m
[32m[INFO] 2026-08-31 20:09:01,631 [RapidOCR] download_file.py:60: File exists and is valid: D:\Work\research\FileX\.venv-ai\Lib\site-packages\rapidocr\models\PP-OCRv6_rec_small.pth[0m
[32m[INFO] 2026-08-31 20:09:01,631 [RapidOCR] main.py:50: Using D:\Work\research\FileX\.venv-ai\Lib\site-packages\rapidocr\models\PP-OCRv6_rec_small.pth[0m
[32m[INFO] 2026-08-31 20:09:03,346 [RapidOCR] base.py:23: Using engine_name: torch[0m
[32m[INFO] 2026-08-31 20:09:03,347 [RapidOCR] device_config.py:64: Using GPU device with ID: 0[0m
[32m[INFO] 2026-08-31 20:09:03,359 [RapidOCR] download_file.py:60: File exists and is valid: D:\Work\research\FileX\.venv-ai\Lib\site-packages\rapidocr\models\PP-OCRv6_det_small.pth[0m
[32m[INFO] 2026-08-31 20:09:03,359 [RapidOCR] main.py:50: Using D:\Work\research\FileX\.venv-ai\Lib\site-packages\rapidocr\models\PP-OCRv6_det_small.pth[0m
[32m[INFO] 2026-08-31 20:09:04,187 [RapidOCR] base.py:23: Using engine_name: torch[0m
[32m[INFO] 2026-08-31 20:09:04,188 [RapidOCR] device_config.py:64: Using GPU device with ID: 0[0m
[32m[INFO] 2026-08-31 20:09:04,189 [RapidOCR] download_file.py:60: File exists and is valid: D:\Work\research\FileX\.venv-ai\Lib\site-packages\rapidocr\models\ch_ptocr_mobile_v2.0_cls_mobile.pth[0m
[32m[INFO] 2026-08-31 20:09:04,189 [RapidOCR] main.py:50: Using D:\Work\research\FileX\.venv-ai\Lib\site-packages\rapidocr\models\ch_ptocr_mobile_v2.0_cls_mobile.pth[0m
[32m[INFO] 2026-08-31 20:09:04,413 [RapidOCR] base.py:23: Using engine_name: torch[0m
[32m[INFO] 2026-08-31 20:09:04,413 [RapidOCR] device_config.py:64: Using GPU device with ID: 0[0m
[32m[INFO] 2026-08-31 20:09:04,435 [RapidOCR] download_file.py:60: File exists and is valid: D:\Work\research\FileX\.venv-ai\Lib\site-packages\rapidocr\models\PP-OCRv6_rec_small.pth[0m
[32m[INFO] 2026-08-31 20:09:04,435 [RapidOCR] main.py:50: Using D:\Work\research\FileX\.venv-ai\Lib\site-packages\rapidocr\models\PP-OCRv6_rec_small.pth[0m
[32m[INFO] 2026-08-31 20:09:06,019 [RapidOCR] base.py:23: Using engine_name: torch[0m
[32m[INFO] 2026-08-31 20:09:06,019 [RapidOCR] device_config.py:64: Using GPU device with ID: 0[0m
[32m[INFO] 2026-08-31 20:09:06,031 [RapidOCR] download_file.py:60: File exists and is valid: D:\Work\research\FileX\.venv-ai\Lib\site-packages\rapidocr\models\PP-OCRv6_det_small.pth[0m
[32m[INFO] 2026-08-31 20:09:06,031 [RapidOCR] main.py:50: Using D:\Work\research\FileX\.venv-ai\Lib\site-packages\rapidocr\models\PP-OCRv6_det_small.pth[0m
[32m[INFO] 2026-08-31 20:09:06,383 [RapidOCR] base.py:23: Using engine_name: torch[0m
[32m[INFO] 2026-08-31 20:09:06,384 [RapidOCR] device_config.py:64: Using GPU device with ID: 0[0m
[32m[INFO] 2026-08-31 20:09:06,386 [RapidOCR] download_file.py:60: File exists and is valid: D:\Work\research\FileX\.venv-ai\Lib\site-packages\rapidocr\models\ch_ptocr_mobile_v2.0_cls_mobile.pth[0m
[32m[INFO] 2026-08-31 20:09:06,386 [RapidOCR] main.py:50: Using D:\Work\research\FileX\.venv-ai\Lib\site-packages\rapidocr\models\ch_ptocr_mobile_v2.0_cls_mobile.pth[0m
[32m[INFO] 2026-08-31 20:09:06,622 [RapidOCR] base.py:23: Using engine_name: torch[0m
[32m[INFO] 2026-08-31 20:09:06,623 [RapidOCR] device_config.py:64: Using GPU device with ID: 0[0m
[32m[INFO] 2026-08-31 20:09:06,647 [RapidOCR] download_file.py:60: File exists and is valid: D:\Work\research\FileX\.venv-ai\Lib\site-packages\rapidocr\models\PP-OCRv6_rec_small.pth[0m
[32m[INFO] 2026-08-31 20:09:06,647 [RapidOCR] main.py:50: Using D:\Work\research\FileX\.venv-ai\Lib\site-packages\rapidocr\models\PP-OCRv6_rec_small.pth[0m
[32m[INFO] 2026-08-31 20:09:08,496 [RapidOCR] base.py:23: Using engine_name: torch[0m
[32m[INFO] 2026-08-31 20:09:08,496 [RapidOCR] device_config.py:64: Using GPU device with ID: 0[0m
[32m[INFO] 2026-08-31 20:09:08,508 [RapidOCR] download_file.py:60: File exists and is valid: D:\Work\research\FileX\.venv-ai\Lib\site-packages\rapidocr\models\PP-OCRv6_det_small.pth[0m
[32m[INFO] 2026-08-31 20:09:08,508 [RapidOCR] main.py:50: Using D:\Work\research\FileX\.venv-ai\Lib\site-packages\rapidocr\models\PP-OCRv6_det_small.pth[0m
[32m[INFO] 2026-08-31 20:09:08,935 [RapidOCR] base.py:23: Using engine_name: torch[0m
[32m[INFO] 2026-08-31 20:09:08,936 [RapidOCR] device_config.py:64: Using GPU device with ID: 0[0m
[32m[INFO] 2026-08-31 20:09:08,938 [RapidOCR] download_file.py:60: File exists and is valid: D:\Work\research\FileX\.venv-ai\Lib\site-packages\rapidocr\models\ch_ptocr_mobile_v2.0_cls_mobile.pth[0m
[32m[INFO] 2026-08-31 20:09:08,938 [RapidOCR] main.py:50: Using D:\Work\research\FileX\.venv-ai\Lib\site-packages\rapidocr\models\ch_ptocr_mobile_v2.0_cls_mobile.pth[0m
[32m[INFO] 2026-08-31 20:09:09,214 [RapidOCR] base.py:23: Using engine_name: torch[0m
[32m[INFO] 2026-08-31 20:09:09,216 [RapidOCR] device_config.py:64: Using GPU device with ID: 0[0m
[32m[INFO] 2026-08-31 20:09:09,242 [RapidOCR] download_file.py:60: File exists and is valid: D:\Work\research\FileX\.venv-ai\Lib\site-packages\rapidocr\models\PP-OCRv6_rec_small.pth[0m
[32m[INFO] 2026-08-31 20:09:09,242 [RapidOCR] main.py:50: Using D:\Work\research\FileX\.venv-ai\Lib\site-packages\rapidocr\models\PP-OCRv6_rec_small.pth[0m
[32m[INFO] 2026-08-31 20:09:11,063 [RapidOCR] base.py:23: Using engine_name: torch[0m
[32m[INFO] 2026-08-31 20:09:11,064 [RapidOCR] device_config.py:64: Using GPU device with ID: 0[0m
[32m[INFO] 2026-08-31 20:09:11,075 [RapidOCR] download_file.py:60: File exists and is valid: D:\Work\research\FileX\.venv-ai\Lib\site-packages\rapidocr\models\PP-OCRv6_det_small.pth[0m
[32m[INFO] 2026-08-31 20:09:11,076 [RapidOCR] main.py:50: Using D:\Work\research\FileX\.venv-ai\Lib\site-packages\rapidocr\models\PP-OCRv6_det_small.pth[0m
[32m[INFO] 2026-08-31 20:09:11,828 [RapidOCR] base.py:23: Using engine_name: torch[0m
[32m[INFO] 2026-08-31 20:09:11,829 [RapidOCR] device_config.py:64: Using GPU device with ID: 0[0m
[32m[INFO] 2026-08-31 20:09:11,830 [RapidOCR] download_file.py:60: File exists and is valid: D:\Work\research\FileX\.venv-ai\Lib\site-packages\rapidocr\models\ch_ptocr_mobile_v2.0_cls_mobile.pth[0m
[32m[INFO] 2026-08-31 20:09:11,830 [RapidOCR] main.py:50: Using D:\Work\research\FileX\.venv-ai\Lib\site-packages\rapidocr\models\ch_ptocr_mobile_v2.0_cls_mobile.pth[0m
[32m[INFO] 2026-08-31 20:09:12,040 [RapidOCR] base.py:23: Using engine_name: torch[0m
[32m[INFO] 2026-08-31 20:09:12,041 [RapidOCR] device_config.py:64: Using GPU device with ID: 0[0m
[32m[INFO] 2026-08-31 20:09:12,060 [RapidOCR] download_file.py:60: File exists and is valid: D:\Work\research\FileX\.venv-ai\Lib\site-packages\rapidocr\models\PP-OCRv6_rec_small.pth[0m
[32m[INFO] 2026-08-31 20:09:12,060 [RapidOCR] main.py:50: Using D:\Work\research\FileX\.venv-ai\Lib\site-packages\rapidocr\models\PP-OCRv6_rec_small.pth[0m
[32m[INFO] 2026-08-31 20:09:13,774 [RapidOCR] base.py:23: Using engine_name: torch[0m
[32m[INFO] 2026-08-31 20:09:13,775 [RapidOCR] device_config.py:64: Using GPU device with ID: 0[0m
[32m[INFO] 2026-08-31 20:09:13,788 [RapidOCR] download_file.py:60: File exists and is valid: D:\Work\research\FileX\.venv-ai\Lib\site-packages\rapidocr\models\PP-OCRv6_det_small.pth[0m
[32m[INFO] 2026-08-31 20:09:13,788 [RapidOCR] main.py:50: Using D:\Work\research\FileX\.venv-ai\Lib\site-packages\rapidocr\models\PP-OCRv6_det_small.pth[0m
[32m[INFO] 2026-08-31 20:09:14,273 [RapidOCR] base.py:23: Using engine_name: torch[0m
[32m[INFO] 2026-08-31 20:09:14,274 [RapidOCR] device_config.py:64: Using GPU device with ID: 0[0m
[32m[INFO] 2026-08-31 20:09:14,276 [RapidOCR] download_file.py:60: File exists and is valid: D:\Work\research\FileX\.venv-ai\Lib\site-packages\rapidocr\models\ch_ptocr_mobile_v2.0_cls_mobile.pth[0m
[32m[INFO] 2026-08-31 20:09:14,277 [RapidOCR] main.py:50: Using D:\Work\research\FileX\.venv-ai\Lib\site-packages\rapidocr\models\ch_ptocr_mobile_v2.0_cls_mobile.pth[0m
[32m[INFO] 2026-08-31 20:09:14,540 [RapidOCR] base.py:23: Using engine_name: torch[0m
[32m[INFO] 2026-08-31 20:09:14,540 [RapidOCR] device_config.py:64: Using GPU device with ID: 0[0m
[32m[INFO] 2026-08-31 20:09:14,562 [RapidOCR] download_file.py:60: File exists and is valid: D:\Work\research\FileX\.venv-ai\Lib\site-packages\rapidocr\models\PP-OCRv6_rec_small.pth[0m
[32m[INFO] 2026-08-31 20:09:14,563 [RapidOCR] main.py:50: Using D:\Work\research\FileX\.venv-ai\Lib\site-packages\rapidocr\models\PP-OCRv6_rec_small.pth[0m
[32m[INFO] 2026-08-31 20:09:17,022 [RapidOCR] base.py:23: Using engine_name: torch[0m
[32m[INFO] 2026-08-31 20:09:17,023 [RapidOCR] device_config.py:64: Using GPU device with ID: 0[0m
[32m[INFO] 2026-08-31 20:09:17,035 [RapidOCR] download_file.py:60: File exists and is valid: D:\Work\research\FileX\.venv-ai\Lib\site-packages\rapidocr\models\PP-OCRv6_det_small.pth[0m
[32m[INFO] 2026-08-31 20:09:17,036 [RapidOCR] main.py:50: Using D:\Work\research\FileX\.venv-ai\Lib\site-packages\rapidocr\models\PP-OCRv6_det_small.pth[0m
[32m[INFO] 2026-08-31 20:09:17,497 [RapidOCR] base.py:23: Using engine_name: torch[0m
[32m[INFO] 2026-08-31 20:09:17,498 [RapidOCR] device_config.py:64: Using GPU device with ID: 0[0m
[32m[INFO] 2026-08-31 20:09:17,504 [RapidOCR] download_file.py:60: File exists and is valid: D:\Work\research\FileX\.venv-ai\Lib\site-packages\rapidocr\models\ch_ptocr_mobile_v2.0_cls_mobile.pth[0m
[32m[INFO] 2026-08-31 20:09:17,504 [RapidOCR] main.py:50: Using D:\Work\research\FileX\.venv-ai\Lib\site-packages\rapidocr\models\ch_ptocr_mobile_v2.0_cls_mobile.pth[0m
[32m[INFO] 2026-08-31 20:09:17,756 [RapidOCR] base.py:23: Using engine_name: torch[0m
[32m[INFO] 2026-08-31 20:09:17,757 [RapidOCR] device_config.py:64: Using GPU device with ID: 0[0m
[32m[INFO] 2026-08-31 20:09:17,789 [RapidOCR] download_file.py:60: File exists and is valid: D:\Work\research\FileX\.venv-ai\Lib\site-packages\rapidocr\models\PP-OCRv6_rec_small.pth[0m
[32m[INFO] 2026-08-31 20:09:17,789 [RapidOCR] main.py:50: Using D:\Work\research\FileX\.venv-ai\Lib\site-packages\rapidocr\models\PP-OCRv6_rec_small.pth[0m
{"config": "docling-r6", "doc": "escaneado_d5c", "ppp_nativo": 80, "ppp": 130, "factor": 1.625, "png": "ppp130__escaneado_d5c.png", "png_identify": "840x1151 51.179999999999999716,51.179999999999999716 PixelsPerCentimeter", "preflight": {"vram_libre_mib": 8467, "mpx_actual": 0.967, "mpx_pendiente_ordenada": 0}, "entrada": "PDF via Docling; scale explicita", "dispositivo": "GPU CUDA", "rc": [1, 1, 1, 1, 1, 1, 1, 1, 1], "error": ["FileNotFoundError: [WinError 3] El sistema no puede encontrar la ruta especificada: '\\\\\\\\?\\\\\\\\wsl.localhost\\\\Ubuntu\\\\'", "FileNotFoundError: [WinError 3] El sistema no puede encontrar la ruta especificada: '\\\\\\\\?\\\\\\\\wsl.localhost\\\\Ubuntu\\\\'", "FileNotFoundError: [WinError 3] El sistema no puede encontrar la ruta especificada: '\\\\\\\\?\\\\\\\\wsl.localhost\\\\Ubuntu\\\\'", "FileNotFoundError: [WinError 3] El sistema no puede encontrar la ruta especificada: '\\\\\\\\?\\\\\\\\wsl.localhost\\\\Ubuntu\\\\'", "FileNotFoundError: [WinError 3] El sistema no puede encontrar la ruta especificada: '\\\\\\\\?\\\\\\\\wsl.localhost\\\\Ubuntu\\\\'", "FileNotFoundError: [WinError 3] El sistema no puede encontrar la ruta especificada: '\\\\\\\\?\\\\\\\\wsl.localhost\\\\Ubuntu\\\\'", "FileNotFoundError: [WinError 3] El sistema no puede encontrar la ruta especificada: '\\\\\\\\?\\\\\\\\wsl.localhost\\\\Ubuntu\\\\'", "FileNotFoundError: [WinError 3] El sistema no puede encontrar la ruta especificada: '\\\\\\\\?\\\\\\\\wsl.localhost\\\\Ubuntu\\\\'", "FileNotFoundError: [WinError 3] El sistema no puede encontrar la ruta especificada: '\\\\\\\\?\\\\\\\\wsl.localhost\\\\Ubuntu\\\\'"], "n": 9, "ms_mediana": 2627.7, "determinista": true, "metrica": "acentos", "cer_pct": 100.0, "cer_acentos_pct": 100.0, "cer_ciego_pct": 100.0, "dist_acentos": 596, "texto": "docling-r6__ppp130__escaneado_d5c.txt"}
[32m[INFO] 2026-08-31 20:09:19,797 [RapidOCR] base.py:23: Using engine_name: torch[0m
[32m[INFO] 2026-08-31 20:09:19,798 [RapidOCR] device_config.py:64: Using GPU device with ID: 0[0m
[32m[INFO] 2026-08-31 20:09:19,810 [RapidOCR] download_file.py:60: File exists and is valid: D:\Work\research\FileX\.venv-ai\Lib\site-packages\rapidocr\models\PP-OCRv6_det_small.pth[0m
[32m[INFO] 2026-08-31 20:09:19,810 [RapidOCR] main.py:50: Using D:\Work\research\FileX\.venv-ai\Lib\site-packages\rapidocr\models\PP-OCRv6_det_small.pth[0m
[32m[INFO] 2026-08-31 20:09:20,148 [RapidOCR] base.py:23: Using engine_name: torch[0m
[32m[INFO] 2026-08-31 20:09:20,149 [RapidOCR] device_config.py:64: Using GPU device with ID: 0[0m
[32m[INFO] 2026-08-31 20:09:20,150 [RapidOCR] download_file.py:60: File exists and is valid: D:\Work\research\FileX\.venv-ai\Lib\site-packages\rapidocr\models\ch_ptocr_mobile_v2.0_cls_mobile.pth[0m
[32m[INFO] 2026-08-31 20:09:20,150 [RapidOCR] main.py:50: Using D:\Work\research\FileX\.venv-ai\Lib\site-packages\rapidocr\models\ch_ptocr_mobile_v2.0_cls_mobile.pth[0m
[32m[INFO] 2026-08-31 20:09:20,614 [RapidOCR] base.py:23: Using engine_name: torch[0m
[32m[INFO] 2026-08-31 20:09:20,615 [RapidOCR] device_config.py:64: Using GPU device with ID: 0[0m
[32m[INFO] 2026-08-31 20:09:20,636 [RapidOCR] download_file.py:60: File exists and is valid: D:\Work\research\FileX\.venv-ai\Lib\site-packages\rapidocr\models\PP-OCRv6_rec_small.pth[0m
[32m[INFO] 2026-08-31 20:09:20,636 [RapidOCR] main.py:50: Using D:\Work\research\FileX\.venv-ai\Lib\site-packages\rapidocr\models\PP-OCRv6_rec_small.pth[0m
[32m[INFO] 2026-08-31 20:09:22,085 [RapidOCR] base.py:23: Using engine_name: torch[0m
[32m[INFO] 2026-08-31 20:09:22,085 [RapidOCR] device_config.py:64: Using GPU device with ID: 0[0m
[32m[INFO] 2026-08-31 20:09:22,097 [RapidOCR] download_file.py:60: File exists and is valid: D:\Work\research\FileX\.venv-ai\Lib\site-packages\rapidocr\models\PP-OCRv6_det_small.pth[0m
[32m[INFO] 2026-08-31 20:09:22,097 [RapidOCR] main.py:50: Using D:\Work\research\FileX\.venv-ai\Lib\site-packages\rapidocr\models\PP-OCRv6_det_small.pth[0m
[32m[INFO] 2026-08-31 20:09:22,429 [RapidOCR] base.py:23: Using engine_name: torch[0m
[32m[INFO] 2026-08-31 20:09:22,430 [RapidOCR] device_config.py:64: Using GPU device with ID: 0[0m
[32m[INFO] 2026-08-31 20:09:22,433 [RapidOCR] download_file.py:60: File exists and is valid: D:\Work\research\FileX\.venv-ai\Lib\site-packages\rapidocr\models\ch_ptocr_mobile_v2.0_cls_mobile.pth[0m
[32m[INFO] 2026-08-31 20:09:22,433 [RapidOCR] main.py:50: Using D:\Work\research\FileX\.venv-ai\Lib\site-packages\rapidocr\models\ch_ptocr_mobile_v2.0_cls_mobile.pth[0m
[32m[INFO] 2026-08-31 20:09:22,688 [RapidOCR] base.py:23: Using engine_name: torch[0m
[32m[INFO] 2026-08-31 20:09:22,689 [RapidOCR] device_config.py:64: Using GPU device with ID: 0[0m
[32m[INFO] 2026-08-31 20:09:22,715 [RapidOCR] download_file.py:60: File exists and is valid: D:\Work\research\FileX\.venv-ai\Lib\site-packages\rapidocr\models\PP-OCRv6_rec_small.pth[0m
[32m[INFO] 2026-08-31 20:09:22,715 [RapidOCR] main.py:50: Using D:\Work\research\FileX\.venv-ai\Lib\site-packages\rapidocr\models\PP-OCRv6_rec_small.pth[0m
[32m[INFO] 2026-08-31 20:09:24,212 [RapidOCR] base.py:23: Using engine_name: torch[0m
[32m[INFO] 2026-08-31 20:09:24,212 [RapidOCR] device_config.py:64: Using GPU device with ID: 0[0m
[32m[INFO] 2026-08-31 20:09:24,223 [RapidOCR] download_file.py:60: File exists and is valid: D:\Work\research\FileX\.venv-ai\Lib\site-packages\rapidocr\models\PP-OCRv6_det_small.pth[0m
[32m[INFO] 2026-08-31 20:09:24,223 [RapidOCR] main.py:50: Using D:\Work\research\FileX\.venv-ai\Lib\site-packages\rapidocr\models\PP-OCRv6_det_small.pth[0m
[32m[INFO] 2026-08-31 20:09:24,582 [RapidOCR] base.py:23: Using engine_name: torch[0m
[32m[INFO] 2026-08-31 20:09:24,583 [RapidOCR] device_config.py:64: Using GPU device with ID: 0[0m
[32m[INFO] 2026-08-31 20:09:24,584 [RapidOCR] download_file.py:60: File exists and is valid: D:\Work\research\FileX\.venv-ai\Lib\site-packages\rapidocr\models\ch_ptocr_mobile_v2.0_cls_mobile.pth[0m
[32m[INFO] 2026-08-31 20:09:24,585 [RapidOCR] main.py:50: Using D:\Work\research\FileX\.venv-ai\Lib\site-packages\rapidocr\models\ch_ptocr_mobile_v2.0_cls_mobile.pth[0m
[32m[INFO] 2026-08-31 20:09:24,801 [RapidOCR] base.py:23: Using engine_name: torch[0m
[32m[INFO] 2026-08-31 20:09:24,802 [RapidOCR] device_config.py:64: Using GPU device with ID: 0[0m
[32m[INFO] 2026-08-31 20:09:24,825 [RapidOCR] download_file.py:60: File exists and is valid: D:\Work\research\FileX\.venv-ai\Lib\site-packages\rapidocr\models\PP-OCRv6_rec_small.pth[0m
[32m[INFO] 2026-08-31 20:09:24,825 [RapidOCR] main.py:50: Using D:\Work\research\FileX\.venv-ai\Lib\site-packages\rapidocr\models\PP-OCRv6_rec_small.pth[0m
[32m[INFO] 2026-08-31 20:09:26,172 [RapidOCR] base.py:23: Using engine_name: torch[0m
[32m[INFO] 2026-08-31 20:09:26,173 [RapidOCR] device_config.py:64: Using GPU device with ID: 0[0m
[32m[INFO] 2026-08-31 20:09:26,185 [RapidOCR] download_file.py:60: File exists and is valid: D:\Work\research\FileX\.venv-ai\Lib\site-packages\rapidocr\models\PP-OCRv6_det_small.pth[0m
[32m[INFO] 2026-08-31 20:09:26,185 [RapidOCR] main.py:50: Using D:\Work\research\FileX\.venv-ai\Lib\site-packages\rapidocr\models\PP-OCRv6_det_small.pth[0m
[32m[INFO] 2026-08-31 20:09:26,601 [RapidOCR] base.py:23: Using engine_name: torch[0m
[32m[INFO] 2026-08-31 20:09:26,602 [RapidOCR] device_config.py:64: Using GPU device with ID: 0[0m
[32m[INFO] 2026-08-31 20:09:26,603 [RapidOCR] download_file.py:60: File exists and is valid: D:\Work\research\FileX\.venv-ai\Lib\site-packages\rapidocr\models\ch_ptocr_mobile_v2.0_cls_mobile.pth[0m
[32m[INFO] 2026-08-31 20:09:26,603 [RapidOCR] main.py:50: Using D:\Work\research\FileX\.venv-ai\Lib\site-packages\rapidocr\models\ch_ptocr_mobile_v2.0_cls_mobile.pth[0m
[32m[INFO] 2026-08-31 20:09:26,849 [RapidOCR] base.py:23: Using engine_name: torch[0m
[32m[INFO] 2026-08-31 20:09:26,850 [RapidOCR] device_config.py:64: Using GPU device with ID: 0[0m
[32m[INFO] 2026-08-31 20:09:26,879 [RapidOCR] download_file.py:60: File exists and is valid: D:\Work\research\FileX\.venv-ai\Lib\site-packages\rapidocr\models\PP-OCRv6_rec_small.pth[0m
[32m[INFO] 2026-08-31 20:09:26,879 [RapidOCR] main.py:50: Using D:\Work\research\FileX\.venv-ai\Lib\site-packages\rapidocr\models\PP-OCRv6_rec_small.pth[0m
[32m[INFO] 2026-08-31 20:09:28,540 [RapidOCR] base.py:23: Using engine_name: torch[0m
[32m[INFO] 2026-08-31 20:09:28,540 [RapidOCR] device_config.py:64: Using GPU device with ID: 0[0m
[32m[INFO] 2026-08-31 20:09:28,552 [RapidOCR] download_file.py:60: File exists and is valid: D:\Work\research\FileX\.venv-ai\Lib\site-packages\rapidocr\models\PP-OCRv6_det_small.pth[0m
[32m[INFO] 2026-08-31 20:09:28,552 [RapidOCR] main.py:50: Using D:\Work\research\FileX\.venv-ai\Lib\site-packages\rapidocr\models\PP-OCRv6_det_small.pth[0m
[32m[INFO] 2026-08-31 20:09:28,910 [RapidOCR] base.py:23: Using engine_name: torch[0m
[32m[INFO] 2026-08-31 20:09:28,911 [RapidOCR] device_config.py:64: Using GPU device with ID: 0[0m
[32m[INFO] 2026-08-31 20:09:28,912 [RapidOCR] download_file.py:60: File exists and is valid: D:\Work\research\FileX\.venv-ai\Lib\site-packages\rapidocr\models\ch_ptocr_mobile_v2.0_cls_mobile.pth[0m
[32m[INFO] 2026-08-31 20:09:28,912 [RapidOCR] main.py:50: Using D:\Work\research\FileX\.venv-ai\Lib\site-packages\rapidocr\models\ch_ptocr_mobile_v2.0_cls_mobile.pth[0m
[32m[INFO] 2026-08-31 20:09:29,092 [RapidOCR] base.py:23: Using engine_name: torch[0m
[32m[INFO] 2026-08-31 20:09:29,093 [RapidOCR] device_config.py:64: Using GPU device with ID: 0[0m
[32m[INFO] 2026-08-31 20:09:29,116 [RapidOCR] download_file.py:60: File exists and is valid: D:\Work\research\FileX\.venv-ai\Lib\site-packages\rapidocr\models\PP-OCRv6_rec_small.pth[0m
[32m[INFO] 2026-08-31 20:09:29,116 [RapidOCR] main.py:50: Using D:\Work\research\FileX\.venv-ai\Lib\site-packages\rapidocr\models\PP-OCRv6_rec_small.pth[0m
[32m[INFO] 2026-08-31 20:09:30,498 [RapidOCR] base.py:23: Using engine_name: torch[0m
[32m[INFO] 2026-08-31 20:09:30,499 [RapidOCR] device_config.py:64: Using GPU device with ID: 0[0m
[32m[INFO] 2026-08-31 20:09:30,509 [RapidOCR] download_file.py:60: File exists and is valid: D:\Work\research\FileX\.venv-ai\Lib\site-packages\rapidocr\models\PP-OCRv6_det_small.pth[0m
[32m[INFO] 2026-08-31 20:09:30,509 [RapidOCR] main.py:50: Using D:\Work\research\FileX\.venv-ai\Lib\site-packages\rapidocr\models\PP-OCRv6_det_small.pth[0m
[32m[INFO] 2026-08-31 20:09:30,829 [RapidOCR] base.py:23: Using engine_name: torch[0m
[32m[INFO] 2026-08-31 20:09:30,829 [RapidOCR] device_config.py:64: Using GPU device with ID: 0[0m
[32m[INFO] 2026-08-31 20:09:30,831 [RapidOCR] download_file.py:60: File exists and is valid: D:\Work\research\FileX\.venv-ai\Lib\site-packages\rapidocr\models\ch_ptocr_mobile_v2.0_cls_mobile.pth[0m
[32m[INFO] 2026-08-31 20:09:30,831 [RapidOCR] main.py:50: Using D:\Work\research\FileX\.venv-ai\Lib\site-packages\rapidocr\models\ch_ptocr_mobile_v2.0_cls_mobile.pth[0m
[32m[INFO] 2026-08-31 20:09:31,028 [RapidOCR] base.py:23: Using engine_name: torch[0m
[32m[INFO] 2026-08-31 20:09:31,029 [RapidOCR] device_config.py:64: Using GPU device with ID: 0[0m
[32m[INFO] 2026-08-31 20:09:31,049 [RapidOCR] download_file.py:60: File exists and is valid: D:\Work\research\FileX\.venv-ai\Lib\site-packages\rapidocr\models\PP-OCRv6_rec_small.pth[0m
[32m[INFO] 2026-08-31 20:09:31,050 [RapidOCR] main.py:50: Using D:\Work\research\FileX\.venv-ai\Lib\site-packages\rapidocr\models\PP-OCRv6_rec_small.pth[0m
[32m[INFO] 2026-08-31 20:09:32,465 [RapidOCR] base.py:23: Using engine_name: torch[0m
[32m[INFO] 2026-08-31 20:09:32,466 [RapidOCR] device_config.py:64: Using GPU device with ID: 0[0m
[32m[INFO] 2026-08-31 20:09:32,476 [RapidOCR] download_file.py:60: File exists and is valid: D:\Work\research\FileX\.venv-ai\Lib\site-packages\rapidocr\models\PP-OCRv6_det_small.pth[0m
[32m[INFO] 2026-08-31 20:09:32,476 [RapidOCR] main.py:50: Using D:\Work\research\FileX\.venv-ai\Lib\site-packages\rapidocr\models\PP-OCRv6_det_small.pth[0m
[32m[INFO] 2026-08-31 20:09:32,809 [RapidOCR] base.py:23: Using engine_name: torch[0m
[32m[INFO] 2026-08-31 20:09:32,810 [RapidOCR] device_config.py:64: Using GPU device with ID: 0[0m
[32m[INFO] 2026-08-31 20:09:32,811 [RapidOCR] download_file.py:60: File exists and is valid: D:\Work\research\FileX\.venv-ai\Lib\site-packages\rapidocr\models\ch_ptocr_mobile_v2.0_cls_mobile.pth[0m
[32m[INFO] 2026-08-31 20:09:32,811 [RapidOCR] main.py:50: Using D:\Work\research\FileX\.venv-ai\Lib\site-packages\rapidocr\models\ch_ptocr_mobile_v2.0_cls_mobile.pth[0m
[32m[INFO] 2026-08-31 20:09:33,009 [RapidOCR] base.py:23: Using engine_name: torch[0m
[32m[INFO] 2026-08-31 20:09:33,009 [RapidOCR] device_config.py:64: Using GPU device with ID: 0[0m
[32m[INFO] 2026-08-31 20:09:33,030 [RapidOCR] download_file.py:60: File exists and is valid: D:\Work\research\FileX\.venv-ai\Lib\site-packages\rapidocr\models\PP-OCRv6_rec_small.pth[0m
[32m[INFO] 2026-08-31 20:09:33,030 [RapidOCR] main.py:50: Using D:\Work\research\FileX\.venv-ai\Lib\site-packages\rapidocr\models\PP-OCRv6_rec_small.pth[0m
[32m[INFO] 2026-08-31 20:09:35,145 [RapidOCR] base.py:23: Using engine_name: torch[0m
[32m[INFO] 2026-08-31 20:09:35,146 [RapidOCR] device_config.py:64: Using GPU device with ID: 0[0m
[32m[INFO] 2026-08-31 20:09:35,157 [RapidOCR] download_file.py:60: File exists and is valid: D:\Work\research\FileX\.venv-ai\Lib\site-packages\rapidocr\models\PP-OCRv6_det_small.pth[0m
[32m[INFO] 2026-08-31 20:09:35,157 [RapidOCR] main.py:50: Using D:\Work\research\FileX\.venv-ai\Lib\site-packages\rapidocr\models\PP-OCRv6_det_small.pth[0m
[32m[INFO] 2026-08-31 20:09:35,510 [RapidOCR] base.py:23: Using engine_name: torch[0m
[32m[INFO] 2026-08-31 20:09:35,511 [RapidOCR] device_config.py:64: Using GPU device with ID: 0[0m
[32m[INFO] 2026-08-31 20:09:35,513 [RapidOCR] download_file.py:60: File exists and is valid: D:\Work\research\FileX\.venv-ai\Lib\site-packages\rapidocr\models\ch_ptocr_mobile_v2.0_cls_mobile.pth[0m
[32m[INFO] 2026-08-31 20:09:35,513 [RapidOCR] main.py:50: Using D:\Work\research\FileX\.venv-ai\Lib\site-packages\rapidocr\models\ch_ptocr_mobile_v2.0_cls_mobile.pth[0m
[32m[INFO] 2026-08-31 20:09:35,688 [RapidOCR] base.py:23: Using engine_name: torch[0m
[32m[INFO] 2026-08-31 20:09:35,688 [RapidOCR] device_config.py:64: Using GPU device with ID: 0[0m
[32m[INFO] 2026-08-31 20:09:35,709 [RapidOCR] download_file.py:60: File exists and is valid: D:\Work\research\FileX\.venv-ai\Lib\site-packages\rapidocr\models\PP-OCRv6_rec_small.pth[0m
[32m[INFO] 2026-08-31 20:09:35,709 [RapidOCR] main.py:50: Using D:\Work\research\FileX\.venv-ai\Lib\site-packages\rapidocr\models\PP-OCRv6_rec_small.pth[0m
[32m[INFO] 2026-08-31 20:09:37,117 [RapidOCR] base.py:23: Using engine_name: torch[0m
[32m[INFO] 2026-08-31 20:09:37,118 [RapidOCR] device_config.py:64: Using GPU device with ID: 0[0m
[32m[INFO] 2026-08-31 20:09:37,129 [RapidOCR] download_file.py:60: File exists and is valid: D:\Work\research\FileX\.venv-ai\Lib\site-packages\rapidocr\models\PP-OCRv6_det_small.pth[0m
[32m[INFO] 2026-08-31 20:09:37,130 [RapidOCR] main.py:50: Using D:\Work\research\FileX\.venv-ai\Lib\site-packages\rapidocr\models\PP-OCRv6_det_small.pth[0m
[32m[INFO] 2026-08-31 20:09:37,457 [RapidOCR] base.py:23: Using engine_name: torch[0m
[32m[INFO] 2026-08-31 20:09:37,457 [RapidOCR] device_config.py:64: Using GPU device with ID: 0[0m
[32m[INFO] 2026-08-31 20:09:37,459 [RapidOCR] download_file.py:60: File exists and is valid: D:\Work\research\FileX\.venv-ai\Lib\site-packages\rapidocr\models\ch_ptocr_mobile_v2.0_cls_mobile.pth[0m
[32m[INFO] 2026-08-31 20:09:37,459 [RapidOCR] main.py:50: Using D:\Work\research\FileX\.venv-ai\Lib\site-packages\rapidocr\models\ch_ptocr_mobile_v2.0_cls_mobile.pth[0m
[32m[INFO] 2026-08-31 20:09:37,643 [RapidOCR] base.py:23: Using engine_name: torch[0m
[32m[INFO] 2026-08-31 20:09:37,644 [RapidOCR] device_config.py:64: Using GPU device with ID: 0[0m
[32m[INFO] 2026-08-31 20:09:37,666 [RapidOCR] download_file.py:60: File exists and is valid: D:\Work\research\FileX\.venv-ai\Lib\site-packages\rapidocr\models\PP-OCRv6_rec_small.pth[0m
[32m[INFO] 2026-08-31 20:09:37,666 [RapidOCR] main.py:50: Using D:\Work\research\FileX\.venv-ai\Lib\site-packages\rapidocr\models\PP-OCRv6_rec_small.pth[0m
[32m[INFO] 2026-08-31 20:09:39,080 [RapidOCR] base.py:23: Using engine_name: torch[0m
[32m[INFO] 2026-08-31 20:09:39,080 [RapidOCR] device_config.py:64: Using GPU device with ID: 0[0m
[32m[INFO] 2026-08-31 20:09:39,090 [RapidOCR] download_file.py:60: File exists and is valid: D:\Work\research\FileX\.venv-ai\Lib\site-packages\rapidocr\models\PP-OCRv6_det_small.pth[0m
[32m[INFO] 2026-08-31 20:09:39,090 [RapidOCR] main.py:50: Using D:\Work\research\FileX\.venv-ai\Lib\site-packages\rapidocr\models\PP-OCRv6_det_small.pth[0m
[32m[INFO] 2026-08-31 20:09:39,394 [RapidOCR] base.py:23: Using engine_name: torch[0m
[32m[INFO] 2026-08-31 20:09:39,395 [RapidOCR] device_config.py:64: Using GPU device with ID: 0[0m
[32m[INFO] 2026-08-31 20:09:39,396 [RapidOCR] download_file.py:60: File exists and is valid: D:\Work\research\FileX\.venv-ai\Lib\site-packages\rapidocr\models\ch_ptocr_mobile_v2.0_cls_mobile.pth[0m
[32m[INFO] 2026-08-31 20:09:39,396 [RapidOCR] main.py:50: Using D:\Work\research\FileX\.venv-ai\Lib\site-packages\rapidocr\models\ch_ptocr_mobile_v2.0_cls_mobile.pth[0m
[32m[INFO] 2026-08-31 20:09:39,571 [RapidOCR] base.py:23: Using engine_name: torch[0m
[32m[INFO] 2026-08-31 20:09:39,572 [RapidOCR] device_config.py:64: Using GPU device with ID: 0[0m
[32m[INFO] 2026-08-31 20:09:39,591 [RapidOCR] download_file.py:60: File exists and is valid: D:\Work\research\FileX\.venv-ai\Lib\site-packages\rapidocr\models\PP-OCRv6_rec_small.pth[0m
[32m[INFO] 2026-08-31 20:09:39,591 [RapidOCR] main.py:50: Using D:\Work\research\FileX\.venv-ai\Lib\site-packages\rapidocr\models\PP-OCRv6_rec_small.pth[0m
{"config": "docling-r6", "doc": "escaneado_d5c", "ppp_nativo": 80, "ppp": 135, "factor": 1.688, "png": "ppp135__escaneado_d5c.png", "png_identify": "872x1195 53.140000000000000568,53.149999999999998579 PixelsPerCentimeter", "preflight": {"vram_libre_mib": 8481, "mpx_actual": 1.042, "mpx_pendiente_ordenada": 0}, "entrada": "PDF via Docling; scale explicita", "dispositivo": "GPU CUDA", "rc": [1, 1, 1, 1, 1, 1, 1, 1, 1], "error": ["FileNotFoundError: [WinError 3] El sistema no puede encontrar la ruta especificada: '\\\\\\\\?\\\\\\\\wsl.localhost\\\\Ubuntu\\\\'", "FileNotFoundError: [WinError 3] El sistema no puede encontrar la ruta especificada: '\\\\\\\\?\\\\\\\\wsl.localhost\\\\Ubuntu\\\\'", "FileNotFoundError: [WinError 3] El sistema no puede encontrar la ruta especificada: '\\\\\\\\?\\\\\\\\wsl.localhost\\\\Ubuntu\\\\'", "FileNotFoundError: [WinError 3] El sistema no puede encontrar la ruta especificada: '\\\\\\\\?\\\\\\\\wsl.localhost\\\\Ubuntu\\\\'", "FileNotFoundError: [WinError 3] El sistema no puede encontrar la ruta especificada: '\\\\\\\\?\\\\\\\\wsl.localhost\\\\Ubuntu\\\\'", "FileNotFoundError: [WinError 3] El sistema no puede encontrar la ruta especificada: '\\\\\\\\?\\\\\\\\wsl.localhost\\\\Ubuntu\\\\'", "FileNotFoundError: [WinError 3] El sistema no puede encontrar la ruta especificada: '\\\\\\\\?\\\\\\\\wsl.localhost\\\\Ubuntu\\\\'", "FileNotFoundError: [WinError 3] El sistema no puede encontrar la ruta especificada: '\\\\\\\\?\\\\\\\\wsl.localhost\\\\Ubuntu\\\\'", "FileNotFoundError: [WinError 3] El sistema no puede encontrar la ruta especificada: '\\\\\\\\?\\\\\\\\wsl.localhost\\\\Ubuntu\\\\'"], "n": 9, "ms_mediana": 1988.1, "determinista": true, "metrica": "acentos", "cer_pct": 100.0, "cer_acentos_pct": 100.0, "cer_ciego_pct": 100.0, "dist_acentos": 596, "texto": "docling-r6__ppp135__escaneado_d5c.txt"}
[32m[INFO] 2026-08-31 20:09:41,306 [RapidOCR] base.py:23: Using engine_name: torch[0m
[32m[INFO] 2026-08-31 20:09:41,307 [RapidOCR] device_config.py:64: Using GPU device with ID: 0[0m
[32m[INFO] 2026-08-31 20:09:41,317 [RapidOCR] download_file.py:60: File exists and is valid: D:\Work\research\FileX\.venv-ai\Lib\site-packages\rapidocr\models\PP-OCRv6_det_small.pth[0m
[32m[INFO] 2026-08-31 20:09:41,317 [RapidOCR] main.py:50: Using D:\Work\research\FileX\.venv-ai\Lib\site-packages\rapidocr\models\PP-OCRv6_det_small.pth[0m
[32m[INFO] 2026-08-31 20:09:41,670 [RapidOCR] base.py:23: Using engine_name: torch[0m
[32m[INFO] 2026-08-31 20:09:41,671 [RapidOCR] device_config.py:64: Using GPU device with ID: 0[0m
[32m[INFO] 2026-08-31 20:09:41,672 [RapidOCR] download_file.py:60: File exists and is valid: D:\Work\research\FileX\.venv-ai\Lib\site-packages\rapidocr\models\ch_ptocr_mobile_v2.0_cls_mobile.pth[0m
[32m[INFO] 2026-08-31 20:09:41,672 [RapidOCR] main.py:50: Using D:\Work\research\FileX\.venv-ai\Lib\site-packages\rapidocr\models\ch_ptocr_mobile_v2.0_cls_mobile.pth[0m
[32m[INFO] 2026-08-31 20:09:41,883 [RapidOCR] base.py:23: Using engine_name: torch[0m
[32m[INFO] 2026-08-31 20:09:41,884 [RapidOCR] device_config.py:64: Using GPU device with ID: 0[0m
[32m[INFO] 2026-08-31 20:09:41,905 [RapidOCR] download_file.py:60: File exists and is valid: D:\Work\research\FileX\.venv-ai\Lib\site-packages\rapidocr\models\PP-OCRv6_rec_small.pth[0m
[32m[INFO] 2026-08-31 20:09:41,905 [RapidOCR] main.py:50: Using D:\Work\research\FileX\.venv-ai\Lib\site-packages\rapidocr\models\PP-OCRv6_rec_small.pth[0m
[32m[INFO] 2026-08-31 20:09:43,099 [RapidOCR] base.py:23: Using engine_name: torch[0m
[32m[INFO] 2026-08-31 20:09:43,100 [RapidOCR] device_config.py:64: Using GPU device with ID: 0[0m
[32m[INFO] 2026-08-31 20:09:43,109 [RapidOCR] download_file.py:60: File exists and is valid: D:\Work\research\FileX\.venv-ai\Lib\site-packages\rapidocr\models\PP-OCRv6_det_small.pth[0m
[32m[INFO] 2026-08-31 20:09:43,109 [RapidOCR] main.py:50: Using D:\Work\research\FileX\.venv-ai\Lib\site-packages\rapidocr\models\PP-OCRv6_det_small.pth[0m
[32m[INFO] 2026-08-31 20:09:43,396 [RapidOCR] base.py:23: Using engine_name: torch[0m
[32m[INFO] 2026-08-31 20:09:43,397 [RapidOCR] device_config.py:64: Using GPU device with ID: 0[0m
[32m[INFO] 2026-08-31 20:09:43,398 [RapidOCR] download_file.py:60: File exists and is valid: D:\Work\research\FileX\.venv-ai\Lib\site-packages\rapidocr\models\ch_ptocr_mobile_v2.0_cls_mobile.pth[0m
[32m[INFO] 2026-08-31 20:09:43,398 [RapidOCR] main.py:50: Using D:\Work\research\FileX\.venv-ai\Lib\site-packages\rapidocr\models\ch_ptocr_mobile_v2.0_cls_mobile.pth[0m
[32m[INFO] 2026-08-31 20:09:43,571 [RapidOCR] base.py:23: Using engine_name: torch[0m
[32m[INFO] 2026-08-31 20:09:43,571 [RapidOCR] device_config.py:64: Using GPU device with ID: 0[0m
[32m[INFO] 2026-08-31 20:09:43,591 [RapidOCR] download_file.py:60: File exists and is valid: D:\Work\research\FileX\.venv-ai\Lib\site-packages\rapidocr\models\PP-OCRv6_rec_small.pth[0m
[32m[INFO] 2026-08-31 20:09:43,591 [RapidOCR] main.py:50: Using D:\Work\research\FileX\.venv-ai\Lib\site-packages\rapidocr\models\PP-OCRv6_rec_small.pth[0m
[32m[INFO] 2026-08-31 20:09:44,827 [RapidOCR] base.py:23: Using engine_name: torch[0m
[32m[INFO] 2026-08-31 20:09:44,828 [RapidOCR] device_config.py:64: Using GPU device with ID: 0[0m
[32m[INFO] 2026-08-31 20:09:44,839 [RapidOCR] download_file.py:60: File exists and is valid: D:\Work\research\FileX\.venv-ai\Lib\site-packages\rapidocr\models\PP-OCRv6_det_small.pth[0m
[32m[INFO] 2026-08-31 20:09:44,839 [RapidOCR] main.py:50: Using D:\Work\research\FileX\.venv-ai\Lib\site-packages\rapidocr\models\PP-OCRv6_det_small.pth[0m
[32m[INFO] 2026-08-31 20:09:45,164 [RapidOCR] base.py:23: Using engine_name: torch[0m
[32m[INFO] 2026-08-31 20:09:45,164 [RapidOCR] device_config.py:64: Using GPU device with ID: 0[0m
[32m[INFO] 2026-08-31 20:09:45,165 [RapidOCR] download_file.py:60: File exists and is valid: D:\Work\research\FileX\.venv-ai\Lib\site-packages\rapidocr\models\ch_ptocr_mobile_v2.0_cls_mobile.pth[0m
[32m[INFO] 2026-08-31 20:09:45,166 [RapidOCR] main.py:50: Using D:\Work\research\FileX\.venv-ai\Lib\site-packages\rapidocr\models\ch_ptocr_mobile_v2.0_cls_mobile.pth[0m
[32m[INFO] 2026-08-31 20:09:45,357 [RapidOCR] base.py:23: Using engine_name: torch[0m
[32m[INFO] 2026-08-31 20:09:45,358 [RapidOCR] device_config.py:64: Using GPU device with ID: 0[0m
[32m[INFO] 2026-08-31 20:09:45,379 [RapidOCR] download_file.py:60: File exists and is valid: D:\Work\research\FileX\.venv-ai\Lib\site-packages\rapidocr\models\PP-OCRv6_rec_small.pth[0m
[32m[INFO] 2026-08-31 20:09:45,380 [RapidOCR] main.py:50: Using D:\Work\research\FileX\.venv-ai\Lib\site-packages\rapidocr\models\PP-OCRv6_rec_small.pth[0m
[32m[INFO] 2026-08-31 20:09:46,673 [RapidOCR] base.py:23: Using engine_name: torch[0m
[32m[INFO] 2026-08-31 20:09:46,675 [RapidOCR] device_config.py:64: Using GPU device with ID: 0[0m
[32m[INFO] 2026-08-31 20:09:46,686 [RapidOCR] download_file.py:60: File exists and is valid: D:\Work\research\FileX\.venv-ai\Lib\site-packages\rapidocr\models\PP-OCRv6_det_small.pth[0m
[32m[INFO] 2026-08-31 20:09:46,687 [RapidOCR] main.py:50: Using D:\Work\research\FileX\.venv-ai\Lib\site-packages\rapidocr\models\PP-OCRv6_det_small.pth[0m
[32m[INFO] 2026-08-31 20:09:47,241 [RapidOCR] base.py:23: Using engine_name: torch[0m
[32m[INFO] 2026-08-31 20:09:47,241 [RapidOCR] device_config.py:64: Using GPU device with ID: 0[0m
[32m[INFO] 2026-08-31 20:09:47,243 [RapidOCR] download_file.py:60: File exists and is valid: D:\Work\research\FileX\.venv-ai\Lib\site-packages\rapidocr\models\ch_ptocr_mobile_v2.0_cls_mobile.pth[0m
[32m[INFO] 2026-08-31 20:09:47,243 [RapidOCR] main.py:50: Using D:\Work\research\FileX\.venv-ai\Lib\site-packages\rapidocr\models\ch_ptocr_mobile_v2.0_cls_mobile.pth[0m
[32m[INFO] 2026-08-31 20:09:47,428 [RapidOCR] base.py:23: Using engine_name: torch[0m
[32m[INFO] 2026-08-31 20:09:47,429 [RapidOCR] device_config.py:64: Using GPU device with ID: 0[0m
[32m[INFO] 2026-08-31 20:09:47,451 [RapidOCR] download_file.py:60: File exists and is valid: D:\Work\research\FileX\.venv-ai\Lib\site-packages\rapidocr\models\PP-OCRv6_rec_small.pth[0m
[32m[INFO] 2026-08-31 20:09:47,451 [RapidOCR] main.py:50: Using D:\Work\research\FileX\.venv-ai\Lib\site-packages\rapidocr\models\PP-OCRv6_rec_small.pth[0m
[32m[INFO] 2026-08-31 20:09:48,635 [RapidOCR] base.py:23: Using engine_name: torch[0m
[32m[INFO] 2026-08-31 20:09:48,635 [RapidOCR] device_config.py:64: Using GPU device with ID: 0[0m
[32m[INFO] 2026-08-31 20:09:48,646 [RapidOCR] download_file.py:60: File exists and is valid: D:\Work\research\FileX\.venv-ai\Lib\site-packages\rapidocr\models\PP-OCRv6_det_small.pth[0m
[32m[INFO] 2026-08-31 20:09:48,646 [RapidOCR] main.py:50: Using D:\Work\research\FileX\.venv-ai\Lib\site-packages\rapidocr\models\PP-OCRv6_det_small.pth[0m
[32m[INFO] 2026-08-31 20:09:48,984 [RapidOCR] base.py:23: Using engine_name: torch[0m
[32m[INFO] 2026-08-31 20:09:48,984 [RapidOCR] device_config.py:64: Using GPU device with ID: 0[0m
[32m[INFO] 2026-08-31 20:09:48,986 [RapidOCR] download_file.py:60: File exists and is valid: D:\Work\research\FileX\.venv-ai\Lib\site-packages\rapidocr\models\ch_ptocr_mobile_v2.0_cls_mobile.pth[0m
[32m[INFO] 2026-08-31 20:09:48,986 [RapidOCR] main.py:50: Using D:\Work\research\FileX\.venv-ai\Lib\site-packages\rapidocr\models\ch_ptocr_mobile_v2.0_cls_mobile.pth[0m
[32m[INFO] 2026-08-31 20:09:49,175 [RapidOCR] base.py:23: Using engine_name: torch[0m
[32m[INFO] 2026-08-31 20:09:49,176 [RapidOCR] device_config.py:64: Using GPU device with ID: 0[0m
[32m[INFO] 2026-08-31 20:09:49,199 [RapidOCR] download_file.py:60: File exists and is valid: D:\Work\research\FileX\.venv-ai\Lib\site-packages\rapidocr\models\PP-OCRv6_rec_small.pth[0m
[32m[INFO] 2026-08-31 20:09:49,199 [RapidOCR] main.py:50: Using D:\Work\research\FileX\.venv-ai\Lib\site-packages\rapidocr\models\PP-OCRv6_rec_small.pth[0m
[32m[INFO] 2026-08-31 20:09:50,594 [RapidOCR] base.py:23: Using engine_name: torch[0m
[32m[INFO] 2026-08-31 20:09:50,595 [RapidOCR] device_config.py:64: Using GPU device with ID: 0[0m
[32m[INFO] 2026-08-31 20:09:50,608 [RapidOCR] download_file.py:60: File exists and is valid: D:\Work\research\FileX\.venv-ai\Lib\site-packages\rapidocr\models\PP-OCRv6_det_small.pth[0m
[32m[INFO] 2026-08-31 20:09:50,608 [RapidOCR] main.py:50: Using D:\Work\research\FileX\.venv-ai\Lib\site-packages\rapidocr\models\PP-OCRv6_det_small.pth[0m
[32m[INFO] 2026-08-31 20:09:50,931 [RapidOCR] base.py:23: Using engine_name: torch[0m
[32m[INFO] 2026-08-31 20:09:50,932 [RapidOCR] device_config.py:64: Using GPU device with ID: 0[0m
[32m[INFO] 2026-08-31 20:09:50,933 [RapidOCR] download_file.py:60: File exists and is valid: D:\Work\research\FileX\.venv-ai\Lib\site-packages\rapidocr\models\ch_ptocr_mobile_v2.0_cls_mobile.pth[0m
[32m[INFO] 2026-08-31 20:09:50,933 [RapidOCR] main.py:50: Using D:\Work\research\FileX\.venv-ai\Lib\site-packages\rapidocr\models\ch_ptocr_mobile_v2.0_cls_mobile.pth[0m
[32m[INFO] 2026-08-31 20:09:51,123 [RapidOCR] base.py:23: Using engine_name: torch[0m
[32m[INFO] 2026-08-31 20:09:51,124 [RapidOCR] device_config.py:64: Using GPU device with ID: 0[0m
[32m[INFO] 2026-08-31 20:09:51,144 [RapidOCR] download_file.py:60: File exists and is valid: D:\Work\research\FileX\.venv-ai\Lib\site-packages\rapidocr\models\PP-OCRv6_rec_small.pth[0m
[32m[INFO] 2026-08-31 20:09:51,144 [RapidOCR] main.py:50: Using D:\Work\research\FileX\.venv-ai\Lib\site-packages\rapidocr\models\PP-OCRv6_rec_small.pth[0m
[32m[INFO] 2026-08-31 20:09:52,424 [RapidOCR] base.py:23: Using engine_name: torch[0m
[32m[INFO] 2026-08-31 20:09:52,424 [RapidOCR] device_config.py:64: Using GPU device with ID: 0[0m
[32m[INFO] 2026-08-31 20:09:52,434 [RapidOCR] download_file.py:60: File exists and is valid: D:\Work\research\FileX\.venv-ai\Lib\site-packages\rapidocr\models\PP-OCRv6_det_small.pth[0m
[32m[INFO] 2026-08-31 20:09:52,434 [RapidOCR] main.py:50: Using D:\Work\research\FileX\.venv-ai\Lib\site-packages\rapidocr\models\PP-OCRv6_det_small.pth[0m
[32m[INFO] 2026-08-31 20:09:52,917 [RapidOCR] base.py:23: Using engine_name: torch[0m
[32m[INFO] 2026-08-31 20:09:52,918 [RapidOCR] device_config.py:64: Using GPU device with ID: 0[0m
[32m[INFO] 2026-08-31 20:09:52,919 [RapidOCR] download_file.py:60: File exists and is valid: D:\Work\research\FileX\.venv-ai\Lib\site-packages\rapidocr\models\ch_ptocr_mobile_v2.0_cls_mobile.pth[0m
[32m[INFO] 2026-08-31 20:09:52,919 [RapidOCR] main.py:50: Using D:\Work\research\FileX\.venv-ai\Lib\site-packages\rapidocr\models\ch_ptocr_mobile_v2.0_cls_mobile.pth[0m
[32m[INFO] 2026-08-31 20:09:53,092 [RapidOCR] base.py:23: Using engine_name: torch[0m
[32m[INFO] 2026-08-31 20:09:53,092 [RapidOCR] device_config.py:64: Using GPU device with ID: 0[0m
[32m[INFO] 2026-08-31 20:09:53,112 [RapidOCR] download_file.py:60: File exists and is valid: D:\Work\research\FileX\.venv-ai\Lib\site-packages\rapidocr\models\PP-OCRv6_rec_small.pth[0m
[32m[INFO] 2026-08-31 20:09:53,112 [RapidOCR] main.py:50: Using D:\Work\research\FileX\.venv-ai\Lib\site-packages\rapidocr\models\PP-OCRv6_rec_small.pth[0m
[32m[INFO] 2026-08-31 20:09:54,599 [RapidOCR] base.py:23: Using engine_name: torch[0m
[32m[INFO] 2026-08-31 20:09:54,600 [RapidOCR] device_config.py:64: Using GPU device with ID: 0[0m
[32m[INFO] 2026-08-31 20:09:54,610 [RapidOCR] download_file.py:60: File exists and is valid: D:\Work\research\FileX\.venv-ai\Lib\site-packages\rapidocr\models\PP-OCRv6_det_small.pth[0m
[32m[INFO] 2026-08-31 20:09:54,610 [RapidOCR] main.py:50: Using D:\Work\research\FileX\.venv-ai\Lib\site-packages\rapidocr\models\PP-OCRv6_det_small.pth[0m
[32m[INFO] 2026-08-31 20:09:54,937 [RapidOCR] base.py:23: Using engine_name: torch[0m
[32m[INFO] 2026-08-31 20:09:54,937 [RapidOCR] device_config.py:64: Using GPU device with ID: 0[0m
[32m[INFO] 2026-08-31 20:09:54,939 [RapidOCR] download_file.py:60: File exists and is valid: D:\Work\research\FileX\.venv-ai\Lib\site-packages\rapidocr\models\ch_ptocr_mobile_v2.0_cls_mobile.pth[0m
[32m[INFO] 2026-08-31 20:09:54,939 [RapidOCR] main.py:50: Using D:\Work\research\FileX\.venv-ai\Lib\site-packages\rapidocr\models\ch_ptocr_mobile_v2.0_cls_mobile.pth[0m
[32m[INFO] 2026-08-31 20:09:55,167 [RapidOCR] base.py:23: Using engine_name: torch[0m
[32m[INFO] 2026-08-31 20:09:55,168 [RapidOCR] device_config.py:64: Using GPU device with ID: 0[0m
[32m[INFO] 2026-08-31 20:09:55,188 [RapidOCR] download_file.py:60: File exists and is valid: D:\Work\research\FileX\.venv-ai\Lib\site-packages\rapidocr\models\PP-OCRv6_rec_small.pth[0m
[32m[INFO] 2026-08-31 20:09:55,188 [RapidOCR] main.py:50: Using D:\Work\research\FileX\.venv-ai\Lib\site-packages\rapidocr\models\PP-OCRv6_rec_small.pth[0m
[32m[INFO] 2026-08-31 20:09:56,545 [RapidOCR] base.py:23: Using engine_name: torch[0m
[32m[INFO] 2026-08-31 20:09:56,546 [RapidOCR] device_config.py:64: Using GPU device with ID: 0[0m
[32m[INFO] 2026-08-31 20:09:56,558 [RapidOCR] download_file.py:60: File exists and is valid: D:\Work\research\FileX\.venv-ai\Lib\site-packages\rapidocr\models\PP-OCRv6_det_small.pth[0m
[32m[INFO] 2026-08-31 20:09:56,558 [RapidOCR] main.py:50: Using D:\Work\research\FileX\.venv-ai\Lib\site-packages\rapidocr\models\PP-OCRv6_det_small.pth[0m
[32m[INFO] 2026-08-31 20:09:56,881 [RapidOCR] base.py:23: Using engine_name: torch[0m
[32m[INFO] 2026-08-31 20:09:56,882 [RapidOCR] device_config.py:64: Using GPU device with ID: 0[0m
[32m[INFO] 2026-08-31 20:09:56,883 [RapidOCR] download_file.py:60: File exists and is valid: D:\Work\research\FileX\.venv-ai\Lib\site-packages\rapidocr\models\ch_ptocr_mobile_v2.0_cls_mobile.pth[0m
[32m[INFO] 2026-08-31 20:09:56,883 [RapidOCR] main.py:50: Using D:\Work\research\FileX\.venv-ai\Lib\site-packages\rapidocr\models\ch_ptocr_mobile_v2.0_cls_mobile.pth[0m
[32m[INFO] 2026-08-31 20:09:57,056 [RapidOCR] base.py:23: Using engine_name: torch[0m
[32m[INFO] 2026-08-31 20:09:57,057 [RapidOCR] device_config.py:64: Using GPU device with ID: 0[0m
[32m[INFO] 2026-08-31 20:09:57,079 [RapidOCR] download_file.py:60: File exists and is valid: D:\Work\research\FileX\.venv-ai\Lib\site-packages\rapidocr\models\PP-OCRv6_rec_small.pth[0m
[32m[INFO] 2026-08-31 20:09:57,079 [RapidOCR] main.py:50: Using D:\Work\research\FileX\.venv-ai\Lib\site-packages\rapidocr\models\PP-OCRv6_rec_small.pth[0m
[32m[INFO] 2026-08-31 20:09:58,341 [RapidOCR] base.py:23: Using engine_name: torch[0m
[32m[INFO] 2026-08-31 20:09:58,342 [RapidOCR] device_config.py:64: Using GPU device with ID: 0[0m
[32m[INFO] 2026-08-31 20:09:58,354 [RapidOCR] download_file.py:60: File exists and is valid: D:\Work\research\FileX\.venv-ai\Lib\site-packages\rapidocr\models\PP-OCRv6_det_small.pth[0m
[32m[INFO] 2026-08-31 20:09:58,355 [RapidOCR] main.py:50: Using D:\Work\research\FileX\.venv-ai\Lib\site-packages\rapidocr\models\PP-OCRv6_det_small.pth[0m
[32m[INFO] 2026-08-31 20:09:58,695 [RapidOCR] base.py:23: Using engine_name: torch[0m
[32m[INFO] 2026-08-31 20:09:58,695 [RapidOCR] device_config.py:64: Using GPU device with ID: 0[0m
[32m[INFO] 2026-08-31 20:09:58,698 [RapidOCR] download_file.py:60: File exists and is valid: D:\Work\research\FileX\.venv-ai\Lib\site-packages\rapidocr\models\ch_ptocr_mobile_v2.0_cls_mobile.pth[0m
[32m[INFO] 2026-08-31 20:09:58,698 [RapidOCR] main.py:50: Using D:\Work\research\FileX\.venv-ai\Lib\site-packages\rapidocr\models\ch_ptocr_mobile_v2.0_cls_mobile.pth[0m
[32m[INFO] 2026-08-31 20:09:59,106 [RapidOCR] base.py:23: Using engine_name: torch[0m
[32m[INFO] 2026-08-31 20:09:59,107 [RapidOCR] device_config.py:64: Using GPU device with ID: 0[0m
[32m[INFO] 2026-08-31 20:09:59,129 [RapidOCR] download_file.py:60: File exists and is valid: D:\Work\research\FileX\.venv-ai\Lib\site-packages\rapidocr\models\PP-OCRv6_rec_small.pth[0m
[32m[INFO] 2026-08-31 20:09:59,129 [RapidOCR] main.py:50: Using D:\Work\research\FileX\.venv-ai\Lib\site-packages\rapidocr\models\PP-OCRv6_rec_small.pth[0m
{"config": "docling-r6", "doc": "escaneado_d5c", "ppp_nativo": 80, "ppp": 140, "factor": 1.75, "png": "ppp140__escaneado_d5c.png", "png_identify": "905x1239 55.109999999999999432,55.119999999999997442 PixelsPerCentimeter", "preflight": {"vram_libre_mib": 8493, "mpx_actual": 1.121, "mpx_pendiente_ordenada": 0}, "entrada": "PDF via Docling; scale explicita", "dispositivo": "GPU CUDA", "rc": [1, 1, 1, 1, 1, 1, 1, 1, 1], "error": ["FileNotFoundError: [WinError 3] El sistema no puede encontrar la ruta especificada: '\\\\\\\\?\\\\\\\\wsl.localhost\\\\Ubuntu\\\\'", "FileNotFoundError: [WinError 3] El sistema no puede encontrar la ruta especificada: '\\\\\\\\?\\\\\\\\wsl.localhost\\\\Ubuntu\\\\'", "FileNotFoundError: [WinError 3] El sistema no puede encontrar la ruta especificada: '\\\\\\\\?\\\\\\\\wsl.localhost\\\\Ubuntu\\\\'", "FileNotFoundError: [WinError 3] El sistema no puede encontrar la ruta especificada: '\\\\\\\\?\\\\\\\\wsl.localhost\\\\Ubuntu\\\\'", "FileNotFoundError: [WinError 3] El sistema no puede encontrar la ruta especificada: '\\\\\\\\?\\\\\\\\wsl.localhost\\\\Ubuntu\\\\'", "FileNotFoundError: [WinError 3] El sistema no puede encontrar la ruta especificada: '\\\\\\\\?\\\\\\\\wsl.localhost\\\\Ubuntu\\\\'", "FileNotFoundError: [WinError 3] El sistema no puede encontrar la ruta especificada: '\\\\\\\\?\\\\\\\\wsl.localhost\\\\Ubuntu\\\\'", "FileNotFoundError: [WinError 3] El sistema no puede encontrar la ruta especificada: '\\\\\\\\?\\\\\\\\wsl.localhost\\\\Ubuntu\\\\'", "FileNotFoundError: [WinError 3] El sistema no puede encontrar la ruta especificada: '\\\\\\\\?\\\\\\\\wsl.localhost\\\\Ubuntu\\\\'"], "n": 9, "ms_mediana": 1916.0, "determinista": true, "metrica": "acentos", "cer_pct": 100.0, "cer_acentos_pct": 100.0, "cer_ciego_pct": 100.0, "dist_acentos": 596, "texto": "docling-r6__ppp140__escaneado_d5c.txt"}
[32m[INFO] 2026-08-31 20:10:00,683 [RapidOCR] base.py:23: Using engine_name: torch[0m
[32m[INFO] 2026-08-31 20:10:00,684 [RapidOCR] device_config.py:64: Using GPU device with ID: 0[0m
[32m[INFO] 2026-08-31 20:10:00,693 [RapidOCR] download_file.py:60: File exists and is valid: D:\Work\research\FileX\.venv-ai\Lib\site-packages\rapidocr\models\PP-OCRv6_det_small.pth[0m
[32m[INFO] 2026-08-31 20:10:00,693 [RapidOCR] main.py:50: Using D:\Work\research\FileX\.venv-ai\Lib\site-packages\rapidocr\models\PP-OCRv6_det_small.pth[0m
[32m[INFO] 2026-08-31 20:10:01,034 [RapidOCR] base.py:23: Using engine_name: torch[0m
[32m[INFO] 2026-08-31 20:10:01,035 [RapidOCR] device_config.py:64: Using GPU device with ID: 0[0m
[32m[INFO] 2026-08-31 20:10:01,036 [RapidOCR] download_file.py:60: File exists and is valid: D:\Work\research\FileX\.venv-ai\Lib\site-packages\rapidocr\models\ch_ptocr_mobile_v2.0_cls_mobile.pth[0m
[32m[INFO] 2026-08-31 20:10:01,037 [RapidOCR] main.py:50: Using D:\Work\research\FileX\.venv-ai\Lib\site-packages\rapidocr\models\ch_ptocr_mobile_v2.0_cls_mobile.pth[0m
[32m[INFO] 2026-08-31 20:10:01,238 [RapidOCR] base.py:23: Using engine_name: torch[0m
[32m[INFO] 2026-08-31 20:10:01,238 [RapidOCR] device_config.py:64: Using GPU device with ID: 0[0m
[32m[INFO] 2026-08-31 20:10:01,262 [RapidOCR] download_file.py:60: File exists and is valid: D:\Work\research\FileX\.venv-ai\Lib\site-packages\rapidocr\models\PP-OCRv6_rec_small.pth[0m
[32m[INFO] 2026-08-31 20:10:01,262 [RapidOCR] main.py:50: Using D:\Work\research\FileX\.venv-ai\Lib\site-packages\rapidocr\models\PP-OCRv6_rec_small.pth[0m
[32m[INFO] 2026-08-31 20:10:02,529 [RapidOCR] base.py:23: Using engine_name: torch[0m
[32m[INFO] 2026-08-31 20:10:02,530 [RapidOCR] device_config.py:64: Using GPU device with ID: 0[0m
[32m[INFO] 2026-08-31 20:10:02,542 [RapidOCR] download_file.py:60: File exists and is valid: D:\Work\research\FileX\.venv-ai\Lib\site-packages\rapidocr\models\PP-OCRv6_det_small.pth[0m
[32m[INFO] 2026-08-31 20:10:02,542 [RapidOCR] main.py:50: Using D:\Work\research\FileX\.venv-ai\Lib\site-packages\rapidocr\models\PP-OCRv6_det_small.pth[0m
[32m[INFO] 2026-08-31 20:10:02,874 [RapidOCR] base.py:23: Using engine_name: torch[0m
[32m[INFO] 2026-08-31 20:10:02,874 [RapidOCR] device_config.py:64: Using GPU device with ID: 0[0m
[32m[INFO] 2026-08-31 20:10:02,876 [RapidOCR] download_file.py:60: File exists and is valid: D:\Work\research\FileX\.venv-ai\Lib\site-packages\rapidocr\models\ch_ptocr_mobile_v2.0_cls_mobile.pth[0m
[32m[INFO] 2026-08-31 20:10:02,876 [RapidOCR] main.py:50: Using D:\Work\research\FileX\.venv-ai\Lib\site-packages\rapidocr\models\ch_ptocr_mobile_v2.0_cls_mobile.pth[0m
[32m[INFO] 2026-08-31 20:10:03,069 [RapidOCR] base.py:23: Using engine_name: torch[0m
[32m[INFO] 2026-08-31 20:10:03,069 [RapidOCR] device_config.py:64: Using GPU device with ID: 0[0m
[32m[INFO] 2026-08-31 20:10:03,090 [RapidOCR] download_file.py:60: File exists and is valid: D:\Work\research\FileX\.venv-ai\Lib\site-packages\rapidocr\models\PP-OCRv6_rec_small.pth[0m
[32m[INFO] 2026-08-31 20:10:03,090 [RapidOCR] main.py:50: Using D:\Work\research\FileX\.venv-ai\Lib\site-packages\rapidocr\models\PP-OCRv6_rec_small.pth[0m
[32m[INFO] 2026-08-31 20:10:04,487 [RapidOCR] base.py:23: Using engine_name: torch[0m
[32m[INFO] 2026-08-31 20:10:04,488 [RapidOCR] device_config.py:64: Using GPU device with ID: 0[0m
[32m[INFO] 2026-08-31 20:10:04,499 [RapidOCR] download_file.py:60: File exists and is valid: D:\Work\research\FileX\.venv-ai\Lib\site-packages\rapidocr\models\PP-OCRv6_det_small.pth[0m
[32m[INFO] 2026-08-31 20:10:04,499 [RapidOCR] main.py:50: Using D:\Work\research\FileX\.venv-ai\Lib\site-packages\rapidocr\models\PP-OCRv6_det_small.pth[0m
[32m[INFO] 2026-08-31 20:10:04,855 [RapidOCR] base.py:23: Using engine_name: torch[0m
[32m[INFO] 2026-08-31 20:10:04,856 [RapidOCR] device_config.py:64: Using GPU device with ID: 0[0m
[32m[INFO] 2026-08-31 20:10:04,857 [RapidOCR] download_file.py:60: File exists and is valid: D:\Work\research\FileX\.venv-ai\Lib\site-packages\rapidocr\models\ch_ptocr_mobile_v2.0_cls_mobile.pth[0m
[32m[INFO] 2026-08-31 20:10:04,857 [RapidOCR] main.py:50: Using D:\Work\research\FileX\.venv-ai\Lib\site-packages\rapidocr\models\ch_ptocr_mobile_v2.0_cls_mobile.pth[0m
[32m[INFO] 2026-08-31 20:10:05,050 [RapidOCR] base.py:23: Using engine_name: torch[0m
[32m[INFO] 2026-08-31 20:10:05,051 [RapidOCR] device_config.py:64: Using GPU device with ID: 0[0m
[32m[INFO] 2026-08-31 20:10:05,074 [RapidOCR] download_file.py:60: File exists and is valid: D:\Work\research\FileX\.venv-ai\Lib\site-packages\rapidocr\models\PP-OCRv6_rec_small.pth[0m
[32m[INFO] 2026-08-31 20:10:05,074 [RapidOCR] main.py:50: Using D:\Work\research\FileX\.venv-ai\Lib\site-packages\rapidocr\models\PP-OCRv6_rec_small.pth[0m
[32m[INFO] 2026-08-31 20:10:06,562 [RapidOCR] base.py:23: Using engine_name: torch[0m
[32m[INFO] 2026-08-31 20:10:06,563 [RapidOCR] device_config.py:64: Using GPU device with ID: 0[0m
[32m[INFO] 2026-08-31 20:10:06,573 [RapidOCR] download_file.py:60: File exists and is valid: D:\Work\research\FileX\.venv-ai\Lib\site-packages\rapidocr\models\PP-OCRv6_det_small.pth[0m
[32m[INFO] 2026-08-31 20:10:06,573 [RapidOCR] main.py:50: Using D:\Work\research\FileX\.venv-ai\Lib\site-packages\rapidocr\models\PP-OCRv6_det_small.pth[0m
[32m[INFO] 2026-08-31 20:10:06,869 [RapidOCR] base.py:23: Using engine_name: torch[0m
[32m[INFO] 2026-08-31 20:10:06,870 [RapidOCR] device_config.py:64: Using GPU device with ID: 0[0m
[32m[INFO] 2026-08-31 20:10:06,871 [RapidOCR] download_file.py:60: File exists and is valid: D:\Work\research\FileX\.venv-ai\Lib\site-packages\rapidocr\models\ch_ptocr_mobile_v2.0_cls_mobile.pth[0m
[32m[INFO] 2026-08-31 20:10:06,871 [RapidOCR] main.py:50: Using D:\Work\research\FileX\.venv-ai\Lib\site-packages\rapidocr\models\ch_ptocr_mobile_v2.0_cls_mobile.pth[0m
[32m[INFO] 2026-08-31 20:10:07,061 [RapidOCR] base.py:23: Using engine_name: torch[0m
[32m[INFO] 2026-08-31 20:10:07,062 [RapidOCR] device_config.py:64: Using GPU device with ID: 0[0m
[32m[INFO] 2026-08-31 20:10:07,084 [RapidOCR] download_file.py:60: File exists and is valid: D:\Work\research\FileX\.venv-ai\Lib\site-packages\rapidocr\models\PP-OCRv6_rec_small.pth[0m
[32m[INFO] 2026-08-31 20:10:07,084 [RapidOCR] main.py:50: Using D:\Work\research\FileX\.venv-ai\Lib\site-packages\rapidocr\models\PP-OCRv6_rec_small.pth[0m
[32m[INFO] 2026-08-31 20:10:08,388 [RapidOCR] base.py:23: Using engine_name: torch[0m
[32m[INFO] 2026-08-31 20:10:08,389 [RapidOCR] device_config.py:64: Using GPU device with ID: 0[0m
[32m[INFO] 2026-08-31 20:10:08,400 [RapidOCR] download_file.py:60: File exists and is valid: D:\Work\research\FileX\.venv-ai\Lib\site-packages\rapidocr\models\PP-OCRv6_det_small.pth[0m
[32m[INFO] 2026-08-31 20:10:08,401 [RapidOCR] main.py:50: Using D:\Work\research\FileX\.venv-ai\Lib\site-packages\rapidocr\models\PP-OCRv6_det_small.pth[0m
[32m[INFO] 2026-08-31 20:10:08,711 [RapidOCR] base.py:23: Using engine_name: torch[0m
[32m[INFO] 2026-08-31 20:10:08,712 [RapidOCR] device_config.py:64: Using GPU device with ID: 0[0m
[32m[INFO] 2026-08-31 20:10:08,713 [RapidOCR] download_file.py:60: File exists and is valid: D:\Work\research\FileX\.venv-ai\Lib\site-packages\rapidocr\models\ch_ptocr_mobile_v2.0_cls_mobile.pth[0m
[32m[INFO] 2026-08-31 20:10:08,713 [RapidOCR] main.py:50: Using D:\Work\research\FileX\.venv-ai\Lib\site-packages\rapidocr\models\ch_ptocr_mobile_v2.0_cls_mobile.pth[0m
[32m[INFO] 2026-08-31 20:10:08,893 [RapidOCR] base.py:23: Using engine_name: torch[0m
[32m[INFO] 2026-08-31 20:10:08,894 [RapidOCR] device_config.py:64: Using GPU device with ID: 0[0m
[32m[INFO] 2026-08-31 20:10:08,914 [RapidOCR] download_file.py:60: File exists and is valid: D:\Work\research\FileX\.venv-ai\Lib\site-packages\rapidocr\models\PP-OCRv6_rec_small.pth[0m
[32m[INFO] 2026-08-31 20:10:08,915 [RapidOCR] main.py:50: Using D:\Work\research\FileX\.venv-ai\Lib\site-packages\rapidocr\models\PP-OCRv6_rec_small.pth[0m
[32m[INFO] 2026-08-31 20:10:10,256 [RapidOCR] base.py:23: Using engine_name: torch[0m
[32m[INFO] 2026-08-31 20:10:10,257 [RapidOCR] device_config.py:64: Using GPU device with ID: 0[0m
[32m[INFO] 2026-08-31 20:10:10,266 [RapidOCR] download_file.py:60: File exists and is valid: D:\Work\research\FileX\.venv-ai\Lib\site-packages\rapidocr\models\PP-OCRv6_det_small.pth[0m
[32m[INFO] 2026-08-31 20:10:10,266 [RapidOCR] main.py:50: Using D:\Work\research\FileX\.venv-ai\Lib\site-packages\rapidocr\models\PP-OCRv6_det_small.pth[0m
[32m[INFO] 2026-08-31 20:10:10,580 [RapidOCR] base.py:23: Using engine_name: torch[0m
[32m[INFO] 2026-08-31 20:10:10,581 [RapidOCR] device_config.py:64: Using GPU device with ID: 0[0m
[32m[INFO] 2026-08-31 20:10:10,582 [RapidOCR] download_file.py:60: File exists and is valid: D:\Work\research\FileX\.venv-ai\Lib\site-packages\rapidocr\models\ch_ptocr_mobile_v2.0_cls_mobile.pth[0m
[32m[INFO] 2026-08-31 20:10:10,582 [RapidOCR] main.py:50: Using D:\Work\research\FileX\.venv-ai\Lib\site-packages\rapidocr\models\ch_ptocr_mobile_v2.0_cls_mobile.pth[0m
[32m[INFO] 2026-08-31 20:10:10,756 [RapidOCR] base.py:23: Using engine_name: torch[0m
[32m[INFO] 2026-08-31 20:10:10,756 [RapidOCR] device_config.py:64: Using GPU device with ID: 0[0m
[32m[INFO] 2026-08-31 20:10:10,777 [RapidOCR] download_file.py:60: File exists and is valid: D:\Work\research\FileX\.venv-ai\Lib\site-packages\rapidocr\models\PP-OCRv6_rec_small.pth[0m
[32m[INFO] 2026-08-31 20:10:10,777 [RapidOCR] main.py:50: Using D:\Work\research\FileX\.venv-ai\Lib\site-packages\rapidocr\models\PP-OCRv6_rec_small.pth[0m
[32m[INFO] 2026-08-31 20:10:12,357 [RapidOCR] base.py:23: Using engine_name: torch[0m
[32m[INFO] 2026-08-31 20:10:12,359 [RapidOCR] device_config.py:64: Using GPU device with ID: 0[0m
[32m[INFO] 2026-08-31 20:10:12,369 [RapidOCR] download_file.py:60: File exists and is valid: D:\Work\research\FileX\.venv-ai\Lib\site-packages\rapidocr\models\PP-OCRv6_det_small.pth[0m
[32m[INFO] 2026-08-31 20:10:12,369 [RapidOCR] main.py:50: Using D:\Work\research\FileX\.venv-ai\Lib\site-packages\rapidocr\models\PP-OCRv6_det_small.pth[0m
[32m[INFO] 2026-08-31 20:10:12,718 [RapidOCR] base.py:23: Using engine_name: torch[0m
[32m[INFO] 2026-08-31 20:10:12,719 [RapidOCR] device_config.py:64: Using GPU device with ID: 0[0m
[32m[INFO] 2026-08-31 20:10:12,719 [RapidOCR] download_file.py:60: File exists and is valid: D:\Work\research\FileX\.venv-ai\Lib\site-packages\rapidocr\models\ch_ptocr_mobile_v2.0_cls_mobile.pth[0m
[32m[INFO] 2026-08-31 20:10:12,719 [RapidOCR] main.py:50: Using D:\Work\research\FileX\.venv-ai\Lib\site-packages\rapidocr\models\ch_ptocr_mobile_v2.0_cls_mobile.pth[0m
[32m[INFO] 2026-08-31 20:10:12,914 [RapidOCR] base.py:23: Using engine_name: torch[0m
[32m[INFO] 2026-08-31 20:10:12,915 [RapidOCR] device_config.py:64: Using GPU device with ID: 0[0m
[32m[INFO] 2026-08-31 20:10:12,936 [RapidOCR] download_file.py:60: File exists and is valid: D:\Work\research\FileX\.venv-ai\Lib\site-packages\rapidocr\models\PP-OCRv6_rec_small.pth[0m
[32m[INFO] 2026-08-31 20:10:12,936 [RapidOCR] main.py:50: Using D:\Work\research\FileX\.venv-ai\Lib\site-packages\rapidocr\models\PP-OCRv6_rec_small.pth[0m
[32m[INFO] 2026-08-31 20:10:14,444 [RapidOCR] base.py:23: Using engine_name: torch[0m
[32m[INFO] 2026-08-31 20:10:14,445 [RapidOCR] device_config.py:64: Using GPU device with ID: 0[0m
[32m[INFO] 2026-08-31 20:10:14,455 [RapidOCR] download_file.py:60: File exists and is valid: D:\Work\research\FileX\.venv-ai\Lib\site-packages\rapidocr\models\PP-OCRv6_det_small.pth[0m
[32m[INFO] 2026-08-31 20:10:14,456 [RapidOCR] main.py:50: Using D:\Work\research\FileX\.venv-ai\Lib\site-packages\rapidocr\models\PP-OCRv6_det_small.pth[0m
[32m[INFO] 2026-08-31 20:10:14,861 [RapidOCR] base.py:23: Using engine_name: torch[0m
[32m[INFO] 2026-08-31 20:10:14,862 [RapidOCR] device_config.py:64: Using GPU device with ID: 0[0m
[32m[INFO] 2026-08-31 20:10:14,863 [RapidOCR] download_file.py:60: File exists and is valid: D:\Work\research\FileX\.venv-ai\Lib\site-packages\rapidocr\models\ch_ptocr_mobile_v2.0_cls_mobile.pth[0m
[32m[INFO] 2026-08-31 20:10:14,863 [RapidOCR] main.py:50: Using D:\Work\research\FileX\.venv-ai\Lib\site-packages\rapidocr\models\ch_ptocr_mobile_v2.0_cls_mobile.pth[0m
[32m[INFO] 2026-08-31 20:10:15,051 [RapidOCR] base.py:23: Using engine_name: torch[0m
[32m[INFO] 2026-08-31 20:10:15,052 [RapidOCR] device_config.py:64: Using GPU device with ID: 0[0m
[32m[INFO] 2026-08-31 20:10:15,073 [RapidOCR] download_file.py:60: File exists and is valid: D:\Work\research\FileX\.venv-ai\Lib\site-packages\rapidocr\models\PP-OCRv6_rec_small.pth[0m
[32m[INFO] 2026-08-31 20:10:15,073 [RapidOCR] main.py:50: Using D:\Work\research\FileX\.venv-ai\Lib\site-packages\rapidocr\models\PP-OCRv6_rec_small.pth[0m
[32m[INFO] 2026-08-31 20:10:16,414 [RapidOCR] base.py:23: Using engine_name: torch[0m
[32m[INFO] 2026-08-31 20:10:16,414 [RapidOCR] device_config.py:64: Using GPU device with ID: 0[0m
[32m[INFO] 2026-08-31 20:10:16,427 [RapidOCR] download_file.py:60: File exists and is valid: D:\Work\research\FileX\.venv-ai\Lib\site-packages\rapidocr\models\PP-OCRv6_det_small.pth[0m
[32m[INFO] 2026-08-31 20:10:16,428 [RapidOCR] main.py:50: Using D:\Work\research\FileX\.venv-ai\Lib\site-packages\rapidocr\models\PP-OCRv6_det_small.pth[0m
[32m[INFO] 2026-08-31 20:10:16,923 [RapidOCR] base.py:23: Using engine_name: torch[0m
[32m[INFO] 2026-08-31 20:10:16,923 [RapidOCR] device_config.py:64: Using GPU device with ID: 0[0m
[32m[INFO] 2026-08-31 20:10:16,925 [RapidOCR] download_file.py:60: File exists and is valid: D:\Work\research\FileX\.venv-ai\Lib\site-packages\rapidocr\models\ch_ptocr_mobile_v2.0_cls_mobile.pth[0m
[32m[INFO] 2026-08-31 20:10:16,925 [RapidOCR] main.py:50: Using D:\Work\research\FileX\.venv-ai\Lib\site-packages\rapidocr\models\ch_ptocr_mobile_v2.0_cls_mobile.pth[0m
[32m[INFO] 2026-08-31 20:10:17,192 [RapidOCR] base.py:23: Using engine_name: torch[0m
[32m[INFO] 2026-08-31 20:10:17,193 [RapidOCR] device_config.py:64: Using GPU device with ID: 0[0m
[32m[INFO] 2026-08-31 20:10:17,220 [RapidOCR] download_file.py:60: File exists and is valid: D:\Work\research\FileX\.venv-ai\Lib\site-packages\rapidocr\models\PP-OCRv6_rec_small.pth[0m
[32m[INFO] 2026-08-31 20:10:17,220 [RapidOCR] main.py:50: Using D:\Work\research\FileX\.venv-ai\Lib\site-packages\rapidocr\models\PP-OCRv6_rec_small.pth[0m
[32m[INFO] 2026-08-31 20:10:19,284 [RapidOCR] base.py:23: Using engine_name: torch[0m
[32m[INFO] 2026-08-31 20:10:19,285 [RapidOCR] device_config.py:64: Using GPU device with ID: 0[0m
[32m[INFO] 2026-08-31 20:10:19,304 [RapidOCR] download_file.py:60: File exists and is valid: D:\Work\research\FileX\.venv-ai\Lib\site-packages\rapidocr\models\PP-OCRv6_det_small.pth[0m
[32m[INFO] 2026-08-31 20:10:19,304 [RapidOCR] main.py:50: Using D:\Work\research\FileX\.venv-ai\Lib\site-packages\rapidocr\models\PP-OCRv6_det_small.pth[0m
[32m[INFO] 2026-08-31 20:10:20,059 [RapidOCR] base.py:23: Using engine_name: torch[0m
[32m[INFO] 2026-08-31 20:10:20,060 [RapidOCR] device_config.py:64: Using GPU device with ID: 0[0m
[32m[INFO] 2026-08-31 20:10:20,062 [RapidOCR] download_file.py:60: File exists and is valid: D:\Work\research\FileX\.venv-ai\Lib\site-packages\rapidocr\models\ch_ptocr_mobile_v2.0_cls_mobile.pth[0m
[32m[INFO] 2026-08-31 20:10:20,062 [RapidOCR] main.py:50: Using D:\Work\research\FileX\.venv-ai\Lib\site-packages\rapidocr\models\ch_ptocr_mobile_v2.0_cls_mobile.pth[0m
[32m[INFO] 2026-08-31 20:10:20,254 [RapidOCR] base.py:23: Using engine_name: torch[0m
[32m[INFO] 2026-08-31 20:10:20,254 [RapidOCR] device_config.py:64: Using GPU device with ID: 0[0m
[32m[INFO] 2026-08-31 20:10:20,276 [RapidOCR] download_file.py:60: File exists and is valid: D:\Work\research\FileX\.venv-ai\Lib\site-packages\rapidocr\models\PP-OCRv6_rec_small.pth[0m
[32m[INFO] 2026-08-31 20:10:20,276 [RapidOCR] main.py:50: Using D:\Work\research\FileX\.venv-ai\Lib\site-packages\rapidocr\models\PP-OCRv6_rec_small.pth[0m
{"config": "docling-r6", "doc": "escaneado_d5c", "ppp_nativo": 80, "ppp": 145, "factor": 1.812, "png": "ppp145__escaneado_d5c.png", "png_identify": "937x1283 57.079999999999998295,57.079999999999998295 PixelsPerCentimeter", "preflight": {"vram_libre_mib": 8502, "mpx_actual": 1.202, "mpx_pendiente_ordenada": 0}, "entrada": "PDF via Docling; scale explicita", "dispositivo": "GPU CUDA", "rc": [1, 1, 1, 1, 1, 1, 1, 1, 1], "error": ["FileNotFoundError: [WinError 3] El sistema no puede encontrar la ruta especificada: '\\\\\\\\?\\\\\\\\wsl.localhost\\\\Ubuntu\\\\'", "FileNotFoundError: [WinError 3] El sistema no puede encontrar la ruta especificada: '\\\\\\\\?\\\\\\\\wsl.localhost\\\\Ubuntu\\\\'", "FileNotFoundError: [WinError 3] El sistema no puede encontrar la ruta especificada: '\\\\\\\\?\\\\\\\\wsl.localhost\\\\Ubuntu\\\\'", "FileNotFoundError: [WinError 3] El sistema no puede encontrar la ruta especificada: '\\\\\\\\?\\\\\\\\wsl.localhost\\\\Ubuntu\\\\'", "FileNotFoundError: [WinError 3] El sistema no puede encontrar la ruta especificada: '\\\\\\\\?\\\\\\\\wsl.localhost\\\\Ubuntu\\\\'", "FileNotFoundError: [WinError 3] El sistema no puede encontrar la ruta especificada: '\\\\\\\\?\\\\\\\\wsl.localhost\\\\Ubuntu\\\\'", "FileNotFoundError: [WinError 3] El sistema no puede encontrar la ruta especificada: '\\\\\\\\?\\\\\\\\wsl.localhost\\\\Ubuntu\\\\'", "FileNotFoundError: [WinError 3] El sistema no puede encontrar la ruta especificada: '\\\\\\\\?\\\\\\\\wsl.localhost\\\\Ubuntu\\\\'", "FileNotFoundError: [WinError 3] El sistema no puede encontrar la ruta especificada: '\\\\\\\\?\\\\\\\\wsl.localhost\\\\Ubuntu\\\\'"], "n": 9, "ms_mediana": 2085.3, "determinista": true, "metrica": "acentos", "cer_pct": 100.0, "cer_acentos_pct": 100.0, "cer_ciego_pct": 100.0, "dist_acentos": 596, "texto": "docling-r6__ppp145__escaneado_d5c.txt"}
[32m[INFO] 2026-08-31 20:10:22,046 [RapidOCR] base.py:23: Using engine_name: torch[0m
[32m[INFO] 2026-08-31 20:10:22,047 [RapidOCR] device_config.py:64: Using GPU device with ID: 0[0m
[32m[INFO] 2026-08-31 20:10:22,057 [RapidOCR] download_file.py:60: File exists and is valid: D:\Work\research\FileX\.venv-ai\Lib\site-packages\rapidocr\models\PP-OCRv6_det_small.pth[0m
[32m[INFO] 2026-08-31 20:10:22,058 [RapidOCR] main.py:50: Using D:\Work\research\FileX\.venv-ai\Lib\site-packages\rapidocr\models\PP-OCRv6_det_small.pth[0m
[32m[INFO] 2026-08-31 20:10:22,395 [RapidOCR] base.py:23: Using engine_name: torch[0m
[32m[INFO] 2026-08-31 20:10:22,396 [RapidOCR] device_config.py:64: Using GPU device with ID: 0[0m
[32m[INFO] 2026-08-31 20:10:22,397 [RapidOCR] download_file.py:60: File exists and is valid: D:\Work\research\FileX\.venv-ai\Lib\site-packages\rapidocr\models\ch_ptocr_mobile_v2.0_cls_mobile.pth[0m
[32m[INFO] 2026-08-31 20:10:22,398 [RapidOCR] main.py:50: Using D:\Work\research\FileX\.venv-ai\Lib\site-packages\rapidocr\models\ch_ptocr_mobile_v2.0_cls_mobile.pth[0m
[32m[INFO] 2026-08-31 20:10:22,588 [RapidOCR] base.py:23: Using engine_name: torch[0m
[32m[INFO] 2026-08-31 20:10:22,589 [RapidOCR] device_config.py:64: Using GPU device with ID: 0[0m
[32m[INFO] 2026-08-31 20:10:22,611 [RapidOCR] download_file.py:60: File exists and is valid: D:\Work\research\FileX\.venv-ai\Lib\site-packages\rapidocr\models\PP-OCRv6_rec_small.pth[0m
[32m[INFO] 2026-08-31 20:10:22,611 [RapidOCR] main.py:50: Using D:\Work\research\FileX\.venv-ai\Lib\site-packages\rapidocr\models\PP-OCRv6_rec_small.pth[0m
[32m[INFO] 2026-08-31 20:10:24,172 [RapidOCR] base.py:23: Using engine_name: torch[0m
[32m[INFO] 2026-08-31 20:10:24,173 [RapidOCR] device_config.py:64: Using GPU device with ID: 0[0m
[32m[INFO] 2026-08-31 20:10:24,186 [RapidOCR] download_file.py:60: File exists and is valid: D:\Work\research\FileX\.venv-ai\Lib\site-packages\rapidocr\models\PP-OCRv6_det_small.pth[0m
[32m[INFO] 2026-08-31 20:10:24,186 [RapidOCR] main.py:50: Using D:\Work\research\FileX\.venv-ai\Lib\site-packages\rapidocr\models\PP-OCRv6_det_small.pth[0m
[32m[INFO] 2026-08-31 20:10:24,524 [RapidOCR] base.py:23: Using engine_name: torch[0m
[32m[INFO] 2026-08-31 20:10:24,524 [RapidOCR] device_config.py:64: Using GPU device with ID: 0[0m
[32m[INFO] 2026-08-31 20:10:24,525 [RapidOCR] download_file.py:60: File exists and is valid: D:\Work\research\FileX\.venv-ai\Lib\site-packages\rapidocr\models\ch_ptocr_mobile_v2.0_cls_mobile.pth[0m
[32m[INFO] 2026-08-31 20:10:24,526 [RapidOCR] main.py:50: Using D:\Work\research\FileX\.venv-ai\Lib\site-packages\rapidocr\models\ch_ptocr_mobile_v2.0_cls_mobile.pth[0m
[32m[INFO] 2026-08-31 20:10:24,712 [RapidOCR] base.py:23: Using engine_name: torch[0m
[32m[INFO] 2026-08-31 20:10:24,713 [RapidOCR] device_config.py:64: Using GPU device with ID: 0[0m
[32m[INFO] 2026-08-31 20:10:24,733 [RapidOCR] download_file.py:60: File exists and is valid: D:\Work\research\FileX\.venv-ai\Lib\site-packages\rapidocr\models\PP-OCRv6_rec_small.pth[0m
[32m[INFO] 2026-08-31 20:10:24,734 [RapidOCR] main.py:50: Using D:\Work\research\FileX\.venv-ai\Lib\site-packages\rapidocr\models\PP-OCRv6_rec_small.pth[0m
[32m[INFO] 2026-08-31 20:10:26,196 [RapidOCR] base.py:23: Using engine_name: torch[0m
[32m[INFO] 2026-08-31 20:10:26,197 [RapidOCR] device_config.py:64: Using GPU device with ID: 0[0m
[32m[INFO] 2026-08-31 20:10:26,207 [RapidOCR] download_file.py:60: File exists and is valid: D:\Work\research\FileX\.venv-ai\Lib\site-packages\rapidocr\models\PP-OCRv6_det_small.pth[0m
[32m[INFO] 2026-08-31 20:10:26,208 [RapidOCR] main.py:50: Using D:\Work\research\FileX\.venv-ai\Lib\site-packages\rapidocr\models\PP-OCRv6_det_small.pth[0m
[32m[INFO] 2026-08-31 20:10:26,722 [RapidOCR] base.py:23: Using engine_name: torch[0m
[32m[INFO] 2026-08-31 20:10:26,723 [RapidOCR] device_config.py:64: Using GPU device with ID: 0[0m
[32m[INFO] 2026-08-31 20:10:26,724 [RapidOCR] download_file.py:60: File exists and is valid: D:\Work\research\FileX\.venv-ai\Lib\site-packages\rapidocr\models\ch_ptocr_mobile_v2.0_cls_mobile.pth[0m
[32m[INFO] 2026-08-31 20:10:26,725 [RapidOCR] main.py:50: Using D:\Work\research\FileX\.venv-ai\Lib\site-packages\rapidocr\models\ch_ptocr_mobile_v2.0_cls_mobile.pth[0m
[32m[INFO] 2026-08-31 20:10:26,958 [RapidOCR] base.py:23: Using engine_name: torch[0m
[32m[INFO] 2026-08-31 20:10:26,958 [RapidOCR] device_config.py:64: Using GPU device with ID: 0[0m
[32m[INFO] 2026-08-31 20:10:26,979 [RapidOCR] download_file.py:60: File exists and is valid: D:\Work\research\FileX\.venv-ai\Lib\site-packages\rapidocr\models\PP-OCRv6_rec_small.pth[0m
[32m[INFO] 2026-08-31 20:10:26,979 [RapidOCR] main.py:50: Using D:\Work\research\FileX\.venv-ai\Lib\site-packages\rapidocr\models\PP-OCRv6_rec_small.pth[0m
[32m[INFO] 2026-08-31 20:10:28,475 [RapidOCR] base.py:23: Using engine_name: torch[0m
[32m[INFO] 2026-08-31 20:10:28,475 [RapidOCR] device_config.py:64: Using GPU device with ID: 0[0m
[32m[INFO] 2026-08-31 20:10:28,486 [RapidOCR] download_file.py:60: File exists and is valid: D:\Work\research\FileX\.venv-ai\Lib\site-packages\rapidocr\models\PP-OCRv6_det_small.pth[0m
[32m[INFO] 2026-08-31 20:10:28,486 [RapidOCR] main.py:50: Using D:\Work\research\FileX\.venv-ai\Lib\site-packages\rapidocr\models\PP-OCRv6_det_small.pth[0m
[32m[INFO] 2026-08-31 20:10:28,855 [RapidOCR] base.py:23: Using engine_name: torch[0m
[32m[INFO] 2026-08-31 20:10:28,856 [RapidOCR] device_config.py:64: Using GPU device with ID: 0[0m
[32m[INFO] 2026-08-31 20:10:28,857 [RapidOCR] download_file.py:60: File exists and is valid: D:\Work\research\FileX\.venv-ai\Lib\site-packages\rapidocr\models\ch_ptocr_mobile_v2.0_cls_mobile.pth[0m
[32m[INFO] 2026-08-31 20:10:28,857 [RapidOCR] main.py:50: Using D:\Work\research\FileX\.venv-ai\Lib\site-packages\rapidocr\models\ch_ptocr_mobile_v2.0_cls_mobile.pth[0m
[32m[INFO] 2026-08-31 20:10:29,092 [RapidOCR] base.py:23: Using engine_name: torch[0m
[32m[INFO] 2026-08-31 20:10:29,093 [RapidOCR] device_config.py:64: Using GPU device with ID: 0[0m
[32m[INFO] 2026-08-31 20:10:29,114 [RapidOCR] download_file.py:60: File exists and is valid: D:\Work\research\FileX\.venv-ai\Lib\site-packages\rapidocr\models\PP-OCRv6_rec_small.pth[0m
[32m[INFO] 2026-08-31 20:10:29,114 [RapidOCR] main.py:50: Using D:\Work\research\FileX\.venv-ai\Lib\site-packages\rapidocr\models\PP-OCRv6_rec_small.pth[0m
[32m[INFO] 2026-08-31 20:10:30,569 [RapidOCR] base.py:23: Using engine_name: torch[0m
[32m[INFO] 2026-08-31 20:10:30,571 [RapidOCR] device_config.py:64: Using GPU device with ID: 0[0m
[32m[INFO] 2026-08-31 20:10:30,585 [RapidOCR] download_file.py:60: File exists and is valid: D:\Work\research\FileX\.venv-ai\Lib\site-packages\rapidocr\models\PP-OCRv6_det_small.pth[0m
[32m[INFO] 2026-08-31 20:10:30,585 [RapidOCR] main.py:50: Using D:\Work\research\FileX\.venv-ai\Lib\site-packages\rapidocr\models\PP-OCRv6_det_small.pth[0m
[32m[INFO] 2026-08-31 20:10:31,015 [RapidOCR] base.py:23: Using engine_name: torch[0m
[32m[INFO] 2026-08-31 20:10:31,018 [RapidOCR] device_config.py:64: Using GPU device with ID: 0[0m
[32m[INFO] 2026-08-31 20:10:31,020 [RapidOCR] download_file.py:60: File exists and is valid: D:\Work\research\FileX\.venv-ai\Lib\site-packages\rapidocr\models\ch_ptocr_mobile_v2.0_cls_mobile.pth[0m
[32m[INFO] 2026-08-31 20:10:31,021 [RapidOCR] main.py:50: Using D:\Work\research\FileX\.venv-ai\Lib\site-packages\rapidocr\models\ch_ptocr_mobile_v2.0_cls_mobile.pth[0m
[32m[INFO] 2026-08-31 20:10:31,277 [RapidOCR] base.py:23: Using engine_name: torch[0m
[32m[INFO] 2026-08-31 20:10:31,278 [RapidOCR] device_config.py:64: Using GPU device with ID: 0[0m
[32m[INFO] 2026-08-31 20:10:31,308 [RapidOCR] download_file.py:60: File exists and is valid: D:\Work\research\FileX\.venv-ai\Lib\site-packages\rapidocr\models\PP-OCRv6_rec_small.pth[0m
[32m[INFO] 2026-08-31 20:10:31,309 [RapidOCR] main.py:50: Using D:\Work\research\FileX\.venv-ai\Lib\site-packages\rapidocr\models\PP-OCRv6_rec_small.pth[0m
[32m[INFO] 2026-08-31 20:10:33,037 [RapidOCR] base.py:23: Using engine_name: torch[0m
[32m[INFO] 2026-08-31 20:10:33,038 [RapidOCR] device_config.py:64: Using GPU device with ID: 0[0m
[32m[INFO] 2026-08-31 20:10:33,049 [RapidOCR] download_file.py:60: File exists and is valid: D:\Work\research\FileX\.venv-ai\Lib\site-packages\rapidocr\models\PP-OCRv6_det_small.pth[0m
[32m[INFO] 2026-08-31 20:10:33,050 [RapidOCR] main.py:50: Using D:\Work\research\FileX\.venv-ai\Lib\site-packages\rapidocr\models\PP-OCRv6_det_small.pth[0m
[32m[INFO] 2026-08-31 20:10:33,621 [RapidOCR] base.py:23: Using engine_name: torch[0m
[32m[INFO] 2026-08-31 20:10:33,622 [RapidOCR] device_config.py:64: Using GPU device with ID: 0[0m
[32m[INFO] 2026-08-31 20:10:33,623 [RapidOCR] download_file.py:60: File exists and is valid: D:\Work\research\FileX\.venv-ai\Lib\site-packages\rapidocr\models\ch_ptocr_mobile_v2.0_cls_mobile.pth[0m
[32m[INFO] 2026-08-31 20:10:33,623 [RapidOCR] main.py:50: Using D:\Work\research\FileX\.venv-ai\Lib\site-packages\rapidocr\models\ch_ptocr_mobile_v2.0_cls_mobile.pth[0m
[32m[INFO] 2026-08-31 20:10:33,863 [RapidOCR] base.py:23: Using engine_name: torch[0m
[32m[INFO] 2026-08-31 20:10:33,863 [RapidOCR] device_config.py:64: Using GPU device with ID: 0[0m
[32m[INFO] 2026-08-31 20:10:33,885 [RapidOCR] download_file.py:60: File exists and is valid: D:\Work\research\FileX\.venv-ai\Lib\site-packages\rapidocr\models\PP-OCRv6_rec_small.pth[0m
[32m[INFO] 2026-08-31 20:10:33,885 [RapidOCR] main.py:50: Using D:\Work\research\FileX\.venv-ai\Lib\site-packages\rapidocr\models\PP-OCRv6_rec_small.pth[0m
[32m[INFO] 2026-08-31 20:10:35,631 [RapidOCR] base.py:23: Using engine_name: torch[0m
[32m[INFO] 2026-08-31 20:10:35,632 [RapidOCR] device_config.py:64: Using GPU device with ID: 0[0m
[32m[INFO] 2026-08-31 20:10:35,643 [RapidOCR] download_file.py:60: File exists and is valid: D:\Work\research\FileX\.venv-ai\Lib\site-packages\rapidocr\models\PP-OCRv6_det_small.pth[0m
[32m[INFO] 2026-08-31 20:10:35,643 [RapidOCR] main.py:50: Using D:\Work\research\FileX\.venv-ai\Lib\site-packages\rapidocr\models\PP-OCRv6_det_small.pth[0m
[32m[INFO] 2026-08-31 20:10:36,043 [RapidOCR] base.py:23: Using engine_name: torch[0m
[32m[INFO] 2026-08-31 20:10:36,044 [RapidOCR] device_config.py:64: Using GPU device with ID: 0[0m
[32m[INFO] 2026-08-31 20:10:36,045 [RapidOCR] download_file.py:60: File exists and is valid: D:\Work\research\FileX\.venv-ai\Lib\site-packages\rapidocr\models\ch_ptocr_mobile_v2.0_cls_mobile.pth[0m
[32m[INFO] 2026-08-31 20:10:36,045 [RapidOCR] main.py:50: Using D:\Work\research\FileX\.venv-ai\Lib\site-packages\rapidocr\models\ch_ptocr_mobile_v2.0_cls_mobile.pth[0m
[32m[INFO] 2026-08-31 20:10:36,258 [RapidOCR] base.py:23: Using engine_name: torch[0m
[32m[INFO] 2026-08-31 20:10:36,258 [RapidOCR] device_config.py:64: Using GPU device with ID: 0[0m
[32m[INFO] 2026-08-31 20:10:36,281 [RapidOCR] download_file.py:60: File exists and is valid: D:\Work\research\FileX\.venv-ai\Lib\site-packages\rapidocr\models\PP-OCRv6_rec_small.pth[0m
[32m[INFO] 2026-08-31 20:10:36,281 [RapidOCR] main.py:50: Using D:\Work\research\FileX\.venv-ai\Lib\site-packages\rapidocr\models\PP-OCRv6_rec_small.pth[0m
[32m[INFO] 2026-08-31 20:10:37,761 [RapidOCR] base.py:23: Using engine_name: torch[0m
[32m[INFO] 2026-08-31 20:10:37,762 [RapidOCR] device_config.py:64: Using GPU device with ID: 0[0m
[32m[INFO] 2026-08-31 20:10:37,773 [RapidOCR] download_file.py:60: File exists and is valid: D:\Work\research\FileX\.venv-ai\Lib\site-packages\rapidocr\models\PP-OCRv6_det_small.pth[0m
[32m[INFO] 2026-08-31 20:10:37,773 [RapidOCR] main.py:50: Using D:\Work\research\FileX\.venv-ai\Lib\site-packages\rapidocr\models\PP-OCRv6_det_small.pth[0m
[32m[INFO] 2026-08-31 20:10:38,099 [RapidOCR] base.py:23: Using engine_name: torch[0m
[32m[INFO] 2026-08-31 20:10:38,099 [RapidOCR] device_config.py:64: Using GPU device with ID: 0[0m
[32m[INFO] 2026-08-31 20:10:38,101 [RapidOCR] download_file.py:60: File exists and is valid: D:\Work\research\FileX\.venv-ai\Lib\site-packages\rapidocr\models\ch_ptocr_mobile_v2.0_cls_mobile.pth[0m
[32m[INFO] 2026-08-31 20:10:38,101 [RapidOCR] main.py:50: Using D:\Work\research\FileX\.venv-ai\Lib\site-packages\rapidocr\models\ch_ptocr_mobile_v2.0_cls_mobile.pth[0m
[32m[INFO] 2026-08-31 20:10:38,306 [RapidOCR] base.py:23: Using engine_name: torch[0m
[32m[INFO] 2026-08-31 20:10:38,307 [RapidOCR] device_config.py:64: Using GPU device with ID: 0[0m
[32m[INFO] 2026-08-31 20:10:38,327 [RapidOCR] download_file.py:60: File exists and is valid: D:\Work\research\FileX\.venv-ai\Lib\site-packages\rapidocr\models\PP-OCRv6_rec_small.pth[0m
[32m[INFO] 2026-08-31 20:10:38,327 [RapidOCR] main.py:50: Using D:\Work\research\FileX\.venv-ai\Lib\site-packages\rapidocr\models\PP-OCRv6_rec_small.pth[0m
[32m[INFO] 2026-08-31 20:10:39,738 [RapidOCR] base.py:23: Using engine_name: torch[0m
[32m[INFO] 2026-08-31 20:10:39,739 [RapidOCR] device_config.py:64: Using GPU device with ID: 0[0m
[32m[INFO] 2026-08-31 20:10:39,755 [RapidOCR] download_file.py:60: File exists and is valid: D:\Work\research\FileX\.venv-ai\Lib\site-packages\rapidocr\models\PP-OCRv6_det_small.pth[0m
[32m[INFO] 2026-08-31 20:10:39,755 [RapidOCR] main.py:50: Using D:\Work\research\FileX\.venv-ai\Lib\site-packages\rapidocr\models\PP-OCRv6_det_small.pth[0m
[32m[INFO] 2026-08-31 20:10:40,127 [RapidOCR] base.py:23: Using engine_name: torch[0m
[32m[INFO] 2026-08-31 20:10:40,127 [RapidOCR] device_config.py:64: Using GPU device with ID: 0[0m
[32m[INFO] 2026-08-31 20:10:40,129 [RapidOCR] download_file.py:60: File exists and is valid: D:\Work\research\FileX\.venv-ai\Lib\site-packages\rapidocr\models\ch_ptocr_mobile_v2.0_cls_mobile.pth[0m
[32m[INFO] 2026-08-31 20:10:40,129 [RapidOCR] main.py:50: Using D:\Work\research\FileX\.venv-ai\Lib\site-packages\rapidocr\models\ch_ptocr_mobile_v2.0_cls_mobile.pth[0m
[32m[INFO] 2026-08-31 20:10:40,592 [RapidOCR] base.py:23: Using engine_name: torch[0m
[32m[INFO] 2026-08-31 20:10:40,592 [RapidOCR] device_config.py:64: Using GPU device with ID: 0[0m
[32m[INFO] 2026-08-31 20:10:40,614 [RapidOCR] download_file.py:60: File exists and is valid: D:\Work\research\FileX\.venv-ai\Lib\site-packages\rapidocr\models\PP-OCRv6_rec_small.pth[0m
[32m[INFO] 2026-08-31 20:10:40,614 [RapidOCR] main.py:50: Using D:\Work\research\FileX\.venv-ai\Lib\site-packages\rapidocr\models\PP-OCRv6_rec_small.pth[0m
[32m[INFO] 2026-08-31 20:10:42,122 [RapidOCR] base.py:23: Using engine_name: torch[0m
[32m[INFO] 2026-08-31 20:10:42,123 [RapidOCR] device_config.py:64: Using GPU device with ID: 0[0m
[32m[INFO] 2026-08-31 20:10:42,135 [RapidOCR] download_file.py:60: File exists and is valid: D:\Work\research\FileX\.venv-ai\Lib\site-packages\rapidocr\models\PP-OCRv6_det_small.pth[0m
[32m[INFO] 2026-08-31 20:10:42,135 [RapidOCR] main.py:50: Using D:\Work\research\FileX\.venv-ai\Lib\site-packages\rapidocr\models\PP-OCRv6_det_small.pth[0m
[32m[INFO] 2026-08-31 20:10:42,487 [RapidOCR] base.py:23: Using engine_name: torch[0m
[32m[INFO] 2026-08-31 20:10:42,488 [RapidOCR] device_config.py:64: Using GPU device with ID: 0[0m
[32m[INFO] 2026-08-31 20:10:42,489 [RapidOCR] download_file.py:60: File exists and is valid: D:\Work\research\FileX\.venv-ai\Lib\site-packages\rapidocr\models\ch_ptocr_mobile_v2.0_cls_mobile.pth[0m
[32m[INFO] 2026-08-31 20:10:42,490 [RapidOCR] main.py:50: Using D:\Work\research\FileX\.venv-ai\Lib\site-packages\rapidocr\models\ch_ptocr_mobile_v2.0_cls_mobile.pth[0m
[32m[INFO] 2026-08-31 20:10:42,692 [RapidOCR] base.py:23: Using engine_name: torch[0m
[32m[INFO] 2026-08-31 20:10:42,693 [RapidOCR] device_config.py:64: Using GPU device with ID: 0[0m
[32m[INFO] 2026-08-31 20:10:42,717 [RapidOCR] download_file.py:60: File exists and is valid: D:\Work\research\FileX\.venv-ai\Lib\site-packages\rapidocr\models\PP-OCRv6_rec_small.pth[0m
[32m[INFO] 2026-08-31 20:10:42,717 [RapidOCR] main.py:50: Using D:\Work\research\FileX\.venv-ai\Lib\site-packages\rapidocr\models\PP-OCRv6_rec_small.pth[0m
{"config": "docling-r6", "doc": "escaneado_d5c", "ppp_nativo": 80, "ppp": 150, "factor": 1.875, "png": "ppp150__escaneado_d5c.png", "png_identify": "969x1328 59.049999999999997158,59.049999999999997158 PixelsPerCentimeter", "preflight": {"vram_libre_mib": 8529, "mpx_actual": 1.287, "mpx_pendiente_ordenada": 0}, "entrada": "PDF via Docling; scale explicita", "dispositivo": "GPU CUDA", "rc": [1, 1, 1, 1, 1, 1, 1, 1, 1], "error": ["FileNotFoundError: [WinError 3] El sistema no puede encontrar la ruta especificada: '\\\\\\\\?\\\\\\\\wsl.localhost\\\\Ubuntu\\\\'", "FileNotFoundError: [WinError 3] El sistema no puede encontrar la ruta especificada: '\\\\\\\\?\\\\\\\\wsl.localhost\\\\Ubuntu\\\\'", "FileNotFoundError: [WinError 3] El sistema no puede encontrar la ruta especificada: '\\\\\\\\?\\\\\\\\wsl.localhost\\\\Ubuntu\\\\'", "FileNotFoundError: [WinError 3] El sistema no puede encontrar la ruta especificada: '\\\\\\\\?\\\\\\\\wsl.localhost\\\\Ubuntu\\\\'", "FileNotFoundError: [WinError 3] El sistema no puede encontrar la ruta especificada: '\\\\\\\\?\\\\\\\\wsl.localhost\\\\Ubuntu\\\\'", "FileNotFoundError: [WinError 3] El sistema no puede encontrar la ruta especificada: '\\\\\\\\?\\\\\\\\wsl.localhost\\\\Ubuntu\\\\'", "FileNotFoundError: [WinError 3] El sistema no puede encontrar la ruta especificada: '\\\\\\\\?\\\\\\\\wsl.localhost\\\\Ubuntu\\\\'", "FileNotFoundError: [WinError 3] El sistema no puede encontrar la ruta especificada: '\\\\\\\\?\\\\\\\\wsl.localhost\\\\Ubuntu\\\\'", "FileNotFoundError: [WinError 3] El sistema no puede encontrar la ruta especificada: '\\\\\\\\?\\\\\\\\wsl.localhost\\\\Ubuntu\\\\'"], "n": 9, "ms_mediana": 2199.6, "determinista": true, "metrica": "acentos", "cer_pct": 100.0, "cer_acentos_pct": 100.0, "cer_ciego_pct": 100.0, "dist_acentos": 596, "texto": "docling-r6__ppp150__escaneado_d5c.txt"}
[32m[INFO] 2026-08-31 20:10:45,028 [RapidOCR] base.py:23: Using engine_name: torch[0m
[32m[INFO] 2026-08-31 20:10:45,029 [RapidOCR] device_config.py:64: Using GPU device with ID: 0[0m
[32m[INFO] 2026-08-31 20:10:45,039 [RapidOCR] download_file.py:60: File exists and is valid: D:\Work\research\FileX\.venv-ai\Lib\site-packages\rapidocr\models\PP-OCRv6_det_small.pth[0m
[32m[INFO] 2026-08-31 20:10:45,040 [RapidOCR] main.py:50: Using D:\Work\research\FileX\.venv-ai\Lib\site-packages\rapidocr\models\PP-OCRv6_det_small.pth[0m
[32m[INFO] 2026-08-31 20:10:45,432 [RapidOCR] base.py:23: Using engine_name: torch[0m
[32m[INFO] 2026-08-31 20:10:45,432 [RapidOCR] device_config.py:64: Using GPU device with ID: 0[0m
[32m[INFO] 2026-08-31 20:10:45,434 [RapidOCR] download_file.py:60: File exists and is valid: D:\Work\research\FileX\.venv-ai\Lib\site-packages\rapidocr\models\ch_ptocr_mobile_v2.0_cls_mobile.pth[0m
[32m[INFO] 2026-08-31 20:10:45,434 [RapidOCR] main.py:50: Using D:\Work\research\FileX\.venv-ai\Lib\site-packages\rapidocr\models\ch_ptocr_mobile_v2.0_cls_mobile.pth[0m
[32m[INFO] 2026-08-31 20:10:45,655 [RapidOCR] base.py:23: Using engine_name: torch[0m
[32m[INFO] 2026-08-31 20:10:45,656 [RapidOCR] device_config.py:64: Using GPU device with ID: 0[0m
[32m[INFO] 2026-08-31 20:10:45,677 [RapidOCR] download_file.py:60: File exists and is valid: D:\Work\research\FileX\.venv-ai\Lib\site-packages\rapidocr\models\PP-OCRv6_rec_small.pth[0m
[32m[INFO] 2026-08-31 20:10:45,677 [RapidOCR] main.py:50: Using D:\Work\research\FileX\.venv-ai\Lib\site-packages\rapidocr\models\PP-OCRv6_rec_small.pth[0m
[32m[INFO] 2026-08-31 20:10:47,161 [RapidOCR] base.py:23: Using engine_name: torch[0m
[32m[INFO] 2026-08-31 20:10:47,161 [RapidOCR] device_config.py:64: Using GPU device with ID: 0[0m
[32m[INFO] 2026-08-31 20:10:47,174 [RapidOCR] download_file.py:60: File exists and is valid: D:\Work\research\FileX\.venv-ai\Lib\site-packages\rapidocr\models\PP-OCRv6_det_small.pth[0m
[32m[INFO] 2026-08-31 20:10:47,175 [RapidOCR] main.py:50: Using D:\Work\research\FileX\.venv-ai\Lib\site-packages\rapidocr\models\PP-OCRv6_det_small.pth[0m
[32m[INFO] 2026-08-31 20:10:47,554 [RapidOCR] base.py:23: Using engine_name: torch[0m
[32m[INFO] 2026-08-31 20:10:47,554 [RapidOCR] device_config.py:64: Using GPU device with ID: 0[0m
[32m[INFO] 2026-08-31 20:10:47,556 [RapidOCR] download_file.py:60: File exists and is valid: D:\Work\research\FileX\.venv-ai\Lib\site-packages\rapidocr\models\ch_ptocr_mobile_v2.0_cls_mobile.pth[0m
[32m[INFO] 2026-08-31 20:10:47,556 [RapidOCR] main.py:50: Using D:\Work\research\FileX\.venv-ai\Lib\site-packages\rapidocr\models\ch_ptocr_mobile_v2.0_cls_mobile.pth[0m
[32m[INFO] 2026-08-31 20:10:47,832 [RapidOCR] base.py:23: Using engine_name: torch[0m
[32m[INFO] 2026-08-31 20:10:47,833 [RapidOCR] device_config.py:64: Using GPU device with ID: 0[0m
[32m[INFO] 2026-08-31 20:10:47,857 [RapidOCR] download_file.py:60: File exists and is valid: D:\Work\research\FileX\.venv-ai\Lib\site-packages\rapidocr\models\PP-OCRv6_rec_small.pth[0m
[32m[INFO] 2026-08-31 20:10:47,858 [RapidOCR] main.py:50: Using D:\Work\research\FileX\.venv-ai\Lib\site-packages\rapidocr\models\PP-OCRv6_rec_small.pth[0m
[32m[INFO] 2026-08-31 20:10:50,452 [RapidOCR] base.py:23: Using engine_name: torch[0m
[32m[INFO] 2026-08-31 20:10:50,453 [RapidOCR] device_config.py:64: Using GPU device with ID: 0[0m
[32m[INFO] 2026-08-31 20:10:50,467 [RapidOCR] download_file.py:60: File exists and is valid: D:\Work\research\FileX\.venv-ai\Lib\site-packages\rapidocr\models\PP-OCRv6_det_small.pth[0m
[32m[INFO] 2026-08-31 20:10:50,468 [RapidOCR] main.py:50: Using D:\Work\research\FileX\.venv-ai\Lib\site-packages\rapidocr\models\PP-OCRv6_det_small.pth[0m
[32m[INFO] 2026-08-31 20:10:50,902 [RapidOCR] base.py:23: Using engine_name: torch[0m
[32m[INFO] 2026-08-31 20:10:50,903 [RapidOCR] device_config.py:64: Using GPU device with ID: 0[0m
[32m[INFO] 2026-08-31 20:10:50,906 [RapidOCR] download_file.py:60: File exists and is valid: D:\Work\research\FileX\.venv-ai\Lib\site-packages\rapidocr\models\ch_ptocr_mobile_v2.0_cls_mobile.pth[0m
[32m[INFO] 2026-08-31 20:10:50,907 [RapidOCR] main.py:50: Using D:\Work\research\FileX\.venv-ai\Lib\site-packages\rapidocr\models\ch_ptocr_mobile_v2.0_cls_mobile.pth[0m
[32m[INFO] 2026-08-31 20:10:51,239 [RapidOCR] base.py:23: Using engine_name: torch[0m
[32m[INFO] 2026-08-31 20:10:51,240 [RapidOCR] device_config.py:64: Using GPU device with ID: 0[0m
[32m[INFO] 2026-08-31 20:10:51,275 [RapidOCR] download_file.py:60: File exists and is valid: D:\Work\research\FileX\.venv-ai\Lib\site-packages\rapidocr\models\PP-OCRv6_rec_small.pth[0m
[32m[INFO] 2026-08-31 20:10:51,275 [RapidOCR] main.py:50: Using D:\Work\research\FileX\.venv-ai\Lib\site-packages\rapidocr\models\PP-OCRv6_rec_small.pth[0m
[32m[INFO] 2026-08-31 20:10:53,041 [RapidOCR] base.py:23: Using engine_name: torch[0m
[32m[INFO] 2026-08-31 20:10:53,042 [RapidOCR] device_config.py:64: Using GPU device with ID: 0[0m
[32m[INFO] 2026-08-31 20:10:53,064 [RapidOCR] download_file.py:60: File exists and is valid: D:\Work\research\FileX\.venv-ai\Lib\site-packages\rapidocr\models\PP-OCRv6_det_small.pth[0m
[32m[INFO] 2026-08-31 20:10:53,064 [RapidOCR] main.py:50: Using D:\Work\research\FileX\.venv-ai\Lib\site-packages\rapidocr\models\PP-OCRv6_det_small.pth[0m
[32m[INFO] 2026-08-31 20:10:53,773 [RapidOCR] base.py:23: Using engine_name: torch[0m
[32m[INFO] 2026-08-31 20:10:53,774 [RapidOCR] device_config.py:64: Using GPU device with ID: 0[0m
[32m[INFO] 2026-08-31 20:10:53,776 [RapidOCR] download_file.py:60: File exists and is valid: D:\Work\research\FileX\.venv-ai\Lib\site-packages\rapidocr\models\ch_ptocr_mobile_v2.0_cls_mobile.pth[0m
[32m[INFO] 2026-08-31 20:10:53,776 [RapidOCR] main.py:50: Using D:\Work\research\FileX\.venv-ai\Lib\site-packages\rapidocr\models\ch_ptocr_mobile_v2.0_cls_mobile.pth[0m
[32m[INFO] 2026-08-31 20:10:54,092 [RapidOCR] base.py:23: Using engine_name: torch[0m
[32m[INFO] 2026-08-31 20:10:54,093 [RapidOCR] device_config.py:64: Using GPU device with ID: 0[0m
[32m[INFO] 2026-08-31 20:10:54,131 [RapidOCR] download_file.py:60: File exists and is valid: D:\Work\research\FileX\.venv-ai\Lib\site-packages\rapidocr\models\PP-OCRv6_rec_small.pth[0m
[32m[INFO] 2026-08-31 20:10:54,131 [RapidOCR] main.py:50: Using D:\Work\research\FileX\.venv-ai\Lib\site-packages\rapidocr\models\PP-OCRv6_rec_small.pth[0m
[32m[INFO] 2026-08-31 20:10:56,095 [RapidOCR] base.py:23: Using engine_name: torch[0m
[32m[INFO] 2026-08-31 20:10:56,096 [RapidOCR] device_config.py:64: Using GPU device with ID: 0[0m
[32m[INFO] 2026-08-31 20:10:56,114 [RapidOCR] download_file.py:60: File exists and is valid: D:\Work\research\FileX\.venv-ai\Lib\site-packages\rapidocr\models\PP-OCRv6_det_small.pth[0m
[32m[INFO] 2026-08-31 20:10:56,114 [RapidOCR] main.py:50: Using D:\Work\research\FileX\.venv-ai\Lib\site-packages\rapidocr\models\PP-OCRv6_det_small.pth[0m
[32m[INFO] 2026-08-31 20:10:56,692 [RapidOCR] base.py:23: Using engine_name: torch[0m
[32m[INFO] 2026-08-31 20:10:56,693 [RapidOCR] device_config.py:64: Using GPU device with ID: 0[0m
[32m[INFO] 2026-08-31 20:10:56,694 [RapidOCR] download_file.py:60: File exists and is valid: D:\Work\research\FileX\.venv-ai\Lib\site-packages\rapidocr\models\ch_ptocr_mobile_v2.0_cls_mobile.pth[0m
[32m[INFO] 2026-08-31 20:10:56,695 [RapidOCR] main.py:50: Using D:\Work\research\FileX\.venv-ai\Lib\site-packages\rapidocr\models\ch_ptocr_mobile_v2.0_cls_mobile.pth[0m
[32m[INFO] 2026-08-31 20:10:56,936 [RapidOCR] base.py:23: Using engine_name: torch[0m
[32m[INFO] 2026-08-31 20:10:56,936 [RapidOCR] device_config.py:64: Using GPU device with ID: 0[0m
[32m[INFO] 2026-08-31 20:10:56,980 [RapidOCR] download_file.py:60: File exists and is valid: D:\Work\research\FileX\.venv-ai\Lib\site-packages\rapidocr\models\PP-OCRv6_rec_small.pth[0m
[32m[INFO] 2026-08-31 20:10:56,980 [RapidOCR] main.py:50: Using D:\Work\research\FileX\.venv-ai\Lib\site-packages\rapidocr\models\PP-OCRv6_rec_small.pth[0m
[32m[INFO] 2026-08-31 20:10:59,644 [RapidOCR] base.py:23: Using engine_name: torch[0m
[32m[INFO] 2026-08-31 20:10:59,645 [RapidOCR] device_config.py:64: Using GPU device with ID: 0[0m
[32m[INFO] 2026-08-31 20:10:59,658 [RapidOCR] download_file.py:60: File exists and is valid: D:\Work\research\FileX\.venv-ai\Lib\site-packages\rapidocr\models\PP-OCRv6_det_small.pth[0m
[32m[INFO] 2026-08-31 20:10:59,658 [RapidOCR] main.py:50: Using D:\Work\research\FileX\.venv-ai\Lib\site-packages\rapidocr\models\PP-OCRv6_det_small.pth[0m
[32m[INFO] 2026-08-31 20:11:00,222 [RapidOCR] base.py:23: Using engine_name: torch[0m
[32m[INFO] 2026-08-31 20:11:00,223 [RapidOCR] device_config.py:64: Using GPU device with ID: 0[0m
[32m[INFO] 2026-08-31 20:11:00,224 [RapidOCR] download_file.py:60: File exists and is valid: D:\Work\research\FileX\.venv-ai\Lib\site-packages\rapidocr\models\ch_ptocr_mobile_v2.0_cls_mobile.pth[0m
[32m[INFO] 2026-08-31 20:11:00,225 [RapidOCR] main.py:50: Using D:\Work\research\FileX\.venv-ai\Lib\site-packages\rapidocr\models\ch_ptocr_mobile_v2.0_cls_mobile.pth[0m
[32m[INFO] 2026-08-31 20:11:00,502 [RapidOCR] base.py:23: Using engine_name: torch[0m
[32m[INFO] 2026-08-31 20:11:00,503 [RapidOCR] device_config.py:64: Using GPU device with ID: 0[0m
[32m[INFO] 2026-08-31 20:11:00,527 [RapidOCR] download_file.py:60: File exists and is valid: D:\Work\research\FileX\.venv-ai\Lib\site-packages\rapidocr\models\PP-OCRv6_rec_small.pth[0m
[32m[INFO] 2026-08-31 20:11:00,528 [RapidOCR] main.py:50: Using D:\Work\research\FileX\.venv-ai\Lib\site-packages\rapidocr\models\PP-OCRv6_rec_small.pth[0m
[32m[INFO] 2026-08-31 20:11:02,649 [RapidOCR] base.py:23: Using engine_name: torch[0m
[32m[INFO] 2026-08-31 20:11:02,650 [RapidOCR] device_config.py:64: Using GPU device with ID: 0[0m
[32m[INFO] 2026-08-31 20:11:02,669 [RapidOCR] download_file.py:60: File exists and is valid: D:\Work\research\FileX\.venv-ai\Lib\site-packages\rapidocr\models\PP-OCRv6_det_small.pth[0m
[32m[INFO] 2026-08-31 20:11:02,670 [RapidOCR] main.py:50: Using D:\Work\research\FileX\.venv-ai\Lib\site-packages\rapidocr\models\PP-OCRv6_det_small.pth[0m
[32m[INFO] 2026-08-31 20:11:03,322 [RapidOCR] base.py:23: Using engine_name: torch[0m
[32m[INFO] 2026-08-31 20:11:03,323 [RapidOCR] device_config.py:64: Using GPU device with ID: 0[0m
[32m[INFO] 2026-08-31 20:11:03,325 [RapidOCR] download_file.py:60: File exists and is valid: D:\Work\research\FileX\.venv-ai\Lib\site-packages\rapidocr\models\ch_ptocr_mobile_v2.0_cls_mobile.pth[0m
[32m[INFO] 2026-08-31 20:11:03,325 [RapidOCR] main.py:50: Using D:\Work\research\FileX\.venv-ai\Lib\site-packages\rapidocr\models\ch_ptocr_mobile_v2.0_cls_mobile.pth[0m
[32m[INFO] 2026-08-31 20:11:03,623 [RapidOCR] base.py:23: Using engine_name: torch[0m
[32m[INFO] 2026-08-31 20:11:03,625 [RapidOCR] device_config.py:64: Using GPU device with ID: 0[0m
[32m[INFO] 2026-08-31 20:11:03,659 [RapidOCR] download_file.py:60: File exists and is valid: D:\Work\research\FileX\.venv-ai\Lib\site-packages\rapidocr\models\PP-OCRv6_rec_small.pth[0m
[32m[INFO] 2026-08-31 20:11:03,659 [RapidOCR] main.py:50: Using D:\Work\research\FileX\.venv-ai\Lib\site-packages\rapidocr\models\PP-OCRv6_rec_small.pth[0m
[32m[INFO] 2026-08-31 20:11:05,417 [RapidOCR] base.py:23: Using engine_name: torch[0m
[32m[INFO] 2026-08-31 20:11:05,418 [RapidOCR] device_config.py:64: Using GPU device with ID: 0[0m
[32m[INFO] 2026-08-31 20:11:05,428 [RapidOCR] download_file.py:60: File exists and is valid: D:\Work\research\FileX\.venv-ai\Lib\site-packages\rapidocr\models\PP-OCRv6_det_small.pth[0m
[32m[INFO] 2026-08-31 20:11:05,429 [RapidOCR] main.py:50: Using D:\Work\research\FileX\.venv-ai\Lib\site-packages\rapidocr\models\PP-OCRv6_det_small.pth[0m
[32m[INFO] 2026-08-31 20:11:05,775 [RapidOCR] base.py:23: Using engine_name: torch[0m
[32m[INFO] 2026-08-31 20:11:05,776 [RapidOCR] device_config.py:64: Using GPU device with ID: 0[0m
[32m[INFO] 2026-08-31 20:11:05,778 [RapidOCR] download_file.py:60: File exists and is valid: D:\Work\research\FileX\.venv-ai\Lib\site-packages\rapidocr\models\ch_ptocr_mobile_v2.0_cls_mobile.pth[0m
[32m[INFO] 2026-08-31 20:11:05,778 [RapidOCR] main.py:50: Using D:\Work\research\FileX\.venv-ai\Lib\site-packages\rapidocr\models\ch_ptocr_mobile_v2.0_cls_mobile.pth[0m
[32m[INFO] 2026-08-31 20:11:05,979 [RapidOCR] base.py:23: Using engine_name: torch[0m
[32m[INFO] 2026-08-31 20:11:05,980 [RapidOCR] device_config.py:64: Using GPU device with ID: 0[0m
[32m[INFO] 2026-08-31 20:11:06,005 [RapidOCR] download_file.py:60: File exists and is valid: D:\Work\research\FileX\.venv-ai\Lib\site-packages\rapidocr\models\PP-OCRv6_rec_small.pth[0m
[32m[INFO] 2026-08-31 20:11:06,005 [RapidOCR] main.py:50: Using D:\Work\research\FileX\.venv-ai\Lib\site-packages\rapidocr\models\PP-OCRv6_rec_small.pth[0m
[32m[INFO] 2026-08-31 20:11:07,788 [RapidOCR] base.py:23: Using engine_name: torch[0m
[32m[INFO] 2026-08-31 20:11:07,789 [RapidOCR] device_config.py:64: Using GPU device with ID: 0[0m
[32m[INFO] 2026-08-31 20:11:07,800 [RapidOCR] download_file.py:60: File exists and is valid: D:\Work\research\FileX\.venv-ai\Lib\site-packages\rapidocr\models\PP-OCRv6_det_small.pth[0m
[32m[INFO] 2026-08-31 20:11:07,801 [RapidOCR] main.py:50: Using D:\Work\research\FileX\.venv-ai\Lib\site-packages\rapidocr\models\PP-OCRv6_det_small.pth[0m
[32m[INFO] 2026-08-31 20:11:08,175 [RapidOCR] base.py:23: Using engine_name: torch[0m
[32m[INFO] 2026-08-31 20:11:08,176 [RapidOCR] device_config.py:64: Using GPU device with ID: 0[0m
[32m[INFO] 2026-08-31 20:11:08,178 [RapidOCR] download_file.py:60: File exists and is valid: D:\Work\research\FileX\.venv-ai\Lib\site-packages\rapidocr\models\ch_ptocr_mobile_v2.0_cls_mobile.pth[0m
[32m[INFO] 2026-08-31 20:11:08,178 [RapidOCR] main.py:50: Using D:\Work\research\FileX\.venv-ai\Lib\site-packages\rapidocr\models\ch_ptocr_mobile_v2.0_cls_mobile.pth[0m
[32m[INFO] 2026-08-31 20:11:08,430 [RapidOCR] base.py:23: Using engine_name: torch[0m
[32m[INFO] 2026-08-31 20:11:08,431 [RapidOCR] device_config.py:64: Using GPU device with ID: 0[0m
[32m[INFO] 2026-08-31 20:11:08,457 [RapidOCR] download_file.py:60: File exists and is valid: D:\Work\research\FileX\.venv-ai\Lib\site-packages\rapidocr\models\PP-OCRv6_rec_small.pth[0m
[32m[INFO] 2026-08-31 20:11:08,457 [RapidOCR] main.py:50: Using D:\Work\research\FileX\.venv-ai\Lib\site-packages\rapidocr\models\PP-OCRv6_rec_small.pth[0m
[32m[INFO] 2026-08-31 20:11:10,027 [RapidOCR] base.py:23: Using engine_name: torch[0m
[32m[INFO] 2026-08-31 20:11:10,029 [RapidOCR] device_config.py:64: Using GPU device with ID: 0[0m
[32m[INFO] 2026-08-31 20:11:10,040 [RapidOCR] download_file.py:60: File exists and is valid: D:\Work\research\FileX\.venv-ai\Lib\site-packages\rapidocr\models\PP-OCRv6_det_small.pth[0m
[32m[INFO] 2026-08-31 20:11:10,040 [RapidOCR] main.py:50: Using D:\Work\research\FileX\.venv-ai\Lib\site-packages\rapidocr\models\PP-OCRv6_det_small.pth[0m
[32m[INFO] 2026-08-31 20:11:10,409 [RapidOCR] base.py:23: Using engine_name: torch[0m
[32m[INFO] 2026-08-31 20:11:10,409 [RapidOCR] device_config.py:64: Using GPU device with ID: 0[0m
[32m[INFO] 2026-08-31 20:11:10,410 [RapidOCR] download_file.py:60: File exists and is valid: D:\Work\research\FileX\.venv-ai\Lib\site-packages\rapidocr\models\ch_ptocr_mobile_v2.0_cls_mobile.pth[0m
[32m[INFO] 2026-08-31 20:11:10,411 [RapidOCR] main.py:50: Using D:\Work\research\FileX\.venv-ai\Lib\site-packages\rapidocr\models\ch_ptocr_mobile_v2.0_cls_mobile.pth[0m
[32m[INFO] 2026-08-31 20:11:10,623 [RapidOCR] base.py:23: Using engine_name: torch[0m
[32m[INFO] 2026-08-31 20:11:10,623 [RapidOCR] device_config.py:64: Using GPU device with ID: 0[0m
[32m[INFO] 2026-08-31 20:11:10,659 [RapidOCR] download_file.py:60: File exists and is valid: D:\Work\research\FileX\.venv-ai\Lib\site-packages\rapidocr\models\PP-OCRv6_rec_small.pth[0m
[32m[INFO] 2026-08-31 20:11:10,659 [RapidOCR] main.py:50: Using D:\Work\research\FileX\.venv-ai\Lib\site-packages\rapidocr\models\PP-OCRv6_rec_small.pth[0m
{"config": "docling-r6", "doc": "escaneado_d5", "ppp_nativo": 72, "ppp": 72, "factor": 1.0, "png": "ppp072__escaneado_d5.png", "png_identify": "465x636 28.339999999999999858,28.339999999999999858 PixelsPerCentimeter", "preflight": {"vram_libre_mib": 8564, "mpx_actual": 0.296, "mpx_pendiente_ordenada": 0}, "entrada": "PDF via Docling; scale explicita", "dispositivo": "GPU CUDA", "rc": [1, 1, 1, 1, 1, 1, 1, 1, 1], "error": ["FileNotFoundError: [WinError 3] El sistema no puede encontrar la ruta especificada: '\\\\\\\\?\\\\\\\\wsl.localhost\\\\Ubuntu\\\\'", "FileNotFoundError: [WinError 3] El sistema no puede encontrar la ruta especificada: '\\\\\\\\?\\\\\\\\wsl.localhost\\\\Ubuntu\\\\'", "FileNotFoundError: [WinError 3] El sistema no puede encontrar la ruta especificada: '\\\\\\\\?\\\\\\\\wsl.localhost\\\\Ubuntu\\\\'", "FileNotFoundError: [WinError 3] El sistema no puede encontrar la ruta especificada: '\\\\\\\\?\\\\\\\\wsl.localhost\\\\Ubuntu\\\\'", "FileNotFoundError: [WinError 3] El sistema no puede encontrar la ruta especificada: '\\\\\\\\?\\\\\\\\wsl.localhost\\\\Ubuntu\\\\'", "FileNotFoundError: [WinError 3] El sistema no puede encontrar la ruta especificada: '\\\\\\\\?\\\\\\\\wsl.localhost\\\\Ubuntu\\\\'", "FileNotFoundError: [WinError 3] El sistema no puede encontrar la ruta especificada: '\\\\\\\\?\\\\\\\\wsl.localhost\\\\Ubuntu\\\\'", "FileNotFoundError: [WinError 3] El sistema no puede encontrar la ruta especificada: '\\\\\\\\?\\\\\\\\wsl.localhost\\\\Ubuntu\\\\'", "FileNotFoundError: [WinError 3] El sistema no puede encontrar la ruta especificada: '\\\\\\\\?\\\\\\\\wsl.localhost\\\\Ubuntu\\\\'"], "n": 9, "ms_mediana": 2832.0, "determinista": true, "metrica": "acentos", "cer_pct": 100.0, "cer_acentos_pct": 100.0, "cer_ciego_pct": 100.0, "dist_acentos": 596, "texto": "docling-r6__ppp072__escaneado_d5.txt"}
[32m[INFO] 2026-08-31 20:11:12,221 [RapidOCR] base.py:23: Using engine_name: torch[0m
[32m[INFO] 2026-08-31 20:11:12,221 [RapidOCR] device_config.py:64: Using GPU device with ID: 0[0m
[32m[INFO] 2026-08-31 20:11:12,232 [RapidOCR] download_file.py:60: File exists and is valid: D:\Work\research\FileX\.venv-ai\Lib\site-packages\rapidocr\models\PP-OCRv6_det_small.pth[0m
[32m[INFO] 2026-08-31 20:11:12,233 [RapidOCR] main.py:50: Using D:\Work\research\FileX\.venv-ai\Lib\site-packages\rapidocr\models\PP-OCRv6_det_small.pth[0m
[32m[INFO] 2026-08-31 20:11:12,591 [RapidOCR] base.py:23: Using engine_name: torch[0m
[32m[INFO] 2026-08-31 20:11:12,592 [RapidOCR] device_config.py:64: Using GPU device with ID: 0[0m
[32m[INFO] 2026-08-31 20:11:12,592 [RapidOCR] download_file.py:60: File exists and is valid: D:\Work\research\FileX\.venv-ai\Lib\site-packages\rapidocr\models\ch_ptocr_mobile_v2.0_cls_mobile.pth[0m
[32m[INFO] 2026-08-31 20:11:12,592 [RapidOCR] main.py:50: Using D:\Work\research\FileX\.venv-ai\Lib\site-packages\rapidocr\models\ch_ptocr_mobile_v2.0_cls_mobile.pth[0m
[32m[INFO] 2026-08-31 20:11:12,810 [RapidOCR] base.py:23: Using engine_name: torch[0m
[32m[INFO] 2026-08-31 20:11:12,811 [RapidOCR] device_config.py:64: Using GPU device with ID: 0[0m
[32m[INFO] 2026-08-31 20:11:12,835 [RapidOCR] download_file.py:60: File exists and is valid: D:\Work\research\FileX\.venv-ai\Lib\site-packages\rapidocr\models\PP-OCRv6_rec_small.pth[0m
[32m[INFO] 2026-08-31 20:11:12,835 [RapidOCR] main.py:50: Using D:\Work\research\FileX\.venv-ai\Lib\site-packages\rapidocr\models\PP-OCRv6_rec_small.pth[0m
[32m[INFO] 2026-08-31 20:11:14,186 [RapidOCR] base.py:23: Using engine_name: torch[0m
[32m[INFO] 2026-08-31 20:11:14,187 [RapidOCR] device_config.py:64: Using GPU device with ID: 0[0m
[32m[INFO] 2026-08-31 20:11:14,197 [RapidOCR] download_file.py:60: File exists and is valid: D:\Work\research\FileX\.venv-ai\Lib\site-packages\rapidocr\models\PP-OCRv6_det_small.pth[0m
[32m[INFO] 2026-08-31 20:11:14,198 [RapidOCR] main.py:50: Using D:\Work\research\FileX\.venv-ai\Lib\site-packages\rapidocr\models\PP-OCRv6_det_small.pth[0m
[32m[INFO] 2026-08-31 20:11:14,787 [RapidOCR] base.py:23: Using engine_name: torch[0m
[32m[INFO] 2026-08-31 20:11:14,788 [RapidOCR] device_config.py:64: Using GPU device with ID: 0[0m
[32m[INFO] 2026-08-31 20:11:14,789 [RapidOCR] download_file.py:60: File exists and is valid: D:\Work\research\FileX\.venv-ai\Lib\site-packages\rapidocr\models\ch_ptocr_mobile_v2.0_cls_mobile.pth[0m
[32m[INFO] 2026-08-31 20:11:14,789 [RapidOCR] main.py:50: Using D:\Work\research\FileX\.venv-ai\Lib\site-packages\rapidocr\models\ch_ptocr_mobile_v2.0_cls_mobile.pth[0m
[32m[INFO] 2026-08-31 20:11:15,047 [RapidOCR] base.py:23: Using engine_name: torch[0m
[32m[INFO] 2026-08-31 20:11:15,048 [RapidOCR] device_config.py:64: Using GPU device with ID: 0[0m
[32m[INFO] 2026-08-31 20:11:15,076 [RapidOCR] download_file.py:60: File exists and is valid: D:\Work\research\FileX\.venv-ai\Lib\site-packages\rapidocr\models\PP-OCRv6_rec_small.pth[0m
[32m[INFO] 2026-08-31 20:11:15,077 [RapidOCR] main.py:50: Using D:\Work\research\FileX\.venv-ai\Lib\site-packages\rapidocr\models\PP-OCRv6_rec_small.pth[0m
[32m[INFO] 2026-08-31 20:11:16,439 [RapidOCR] base.py:23: Using engine_name: torch[0m
[32m[INFO] 2026-08-31 20:11:16,440 [RapidOCR] device_config.py:64: Using GPU device with ID: 0[0m
[32m[INFO] 2026-08-31 20:11:16,451 [RapidOCR] download_file.py:60: File exists and is valid: D:\Work\research\FileX\.venv-ai\Lib\site-packages\rapidocr\models\PP-OCRv6_det_small.pth[0m
[32m[INFO] 2026-08-31 20:11:16,451 [RapidOCR] main.py:50: Using D:\Work\research\FileX\.venv-ai\Lib\site-packages\rapidocr\models\PP-OCRv6_det_small.pth[0m
[32m[INFO] 2026-08-31 20:11:16,805 [RapidOCR] base.py:23: Using engine_name: torch[0m
[32m[INFO] 2026-08-31 20:11:16,805 [RapidOCR] device_config.py:64: Using GPU device with ID: 0[0m
[32m[INFO] 2026-08-31 20:11:16,807 [RapidOCR] download_file.py:60: File exists and is valid: D:\Work\research\FileX\.venv-ai\Lib\site-packages\rapidocr\models\ch_ptocr_mobile_v2.0_cls_mobile.pth[0m
[32m[INFO] 2026-08-31 20:11:16,807 [RapidOCR] main.py:50: Using D:\Work\research\FileX\.venv-ai\Lib\site-packages\rapidocr\models\ch_ptocr_mobile_v2.0_cls_mobile.pth[0m
[32m[INFO] 2026-08-31 20:11:17,029 [RapidOCR] base.py:23: Using engine_name: torch[0m
[32m[INFO] 2026-08-31 20:11:17,030 [RapidOCR] device_config.py:64: Using GPU device with ID: 0[0m
[32m[INFO] 2026-08-31 20:11:17,050 [RapidOCR] download_file.py:60: File exists and is valid: D:\Work\research\FileX\.venv-ai\Lib\site-packages\rapidocr\models\PP-OCRv6_rec_small.pth[0m
[32m[INFO] 2026-08-31 20:11:17,051 [RapidOCR] main.py:50: Using D:\Work\research\FileX\.venv-ai\Lib\site-packages\rapidocr\models\PP-OCRv6_rec_small.pth[0m
[32m[INFO] 2026-08-31 20:11:18,573 [RapidOCR] base.py:23: Using engine_name: torch[0m
[32m[INFO] 2026-08-31 20:11:18,574 [RapidOCR] device_config.py:64: Using GPU device with ID: 0[0m
[32m[INFO] 2026-08-31 20:11:18,584 [RapidOCR] download_file.py:60: File exists and is valid: D:\Work\research\FileX\.venv-ai\Lib\site-packages\rapidocr\models\PP-OCRv6_det_small.pth[0m
[32m[INFO] 2026-08-31 20:11:18,584 [RapidOCR] main.py:50: Using D:\Work\research\FileX\.venv-ai\Lib\site-packages\rapidocr\models\PP-OCRv6_det_small.pth[0m
[32m[INFO] 2026-08-31 20:11:18,954 [RapidOCR] base.py:23: Using engine_name: torch[0m
[32m[INFO] 2026-08-31 20:11:18,955 [RapidOCR] device_config.py:64: Using GPU device with ID: 0[0m
[32m[INFO] 2026-08-31 20:11:18,956 [RapidOCR] download_file.py:60: File exists and is valid: D:\Work\research\FileX\.venv-ai\Lib\site-packages\rapidocr\models\ch_ptocr_mobile_v2.0_cls_mobile.pth[0m
[32m[INFO] 2026-08-31 20:11:18,957 [RapidOCR] main.py:50: Using D:\Work\research\FileX\.venv-ai\Lib\site-packages\rapidocr\models\ch_ptocr_mobile_v2.0_cls_mobile.pth[0m
[32m[INFO] 2026-08-31 20:11:19,228 [RapidOCR] base.py:23: Using engine_name: torch[0m
[32m[INFO] 2026-08-31 20:11:19,229 [RapidOCR] device_config.py:64: Using GPU device with ID: 0[0m
[32m[INFO] 2026-08-31 20:11:19,254 [RapidOCR] download_file.py:60: File exists and is valid: D:\Work\research\FileX\.venv-ai\Lib\site-packages\rapidocr\models\PP-OCRv6_rec_small.pth[0m
[32m[INFO] 2026-08-31 20:11:19,254 [RapidOCR] main.py:50: Using D:\Work\research\FileX\.venv-ai\Lib\site-packages\rapidocr\models\PP-OCRv6_rec_small.pth[0m
[32m[INFO] 2026-08-31 20:11:20,788 [RapidOCR] base.py:23: Using engine_name: torch[0m
[32m[INFO] 2026-08-31 20:11:20,788 [RapidOCR] device_config.py:64: Using GPU device with ID: 0[0m
[32m[INFO] 2026-08-31 20:11:20,799 [RapidOCR] download_file.py:60: File exists and is valid: D:\Work\research\FileX\.venv-ai\Lib\site-packages\rapidocr\models\PP-OCRv6_det_small.pth[0m
[32m[INFO] 2026-08-31 20:11:20,799 [RapidOCR] main.py:50: Using D:\Work\research\FileX\.venv-ai\Lib\site-packages\rapidocr\models\PP-OCRv6_det_small.pth[0m
[32m[INFO] 2026-08-31 20:11:21,428 [RapidOCR] base.py:23: Using engine_name: torch[0m
[32m[INFO] 2026-08-31 20:11:21,429 [RapidOCR] device_config.py:64: Using GPU device with ID: 0[0m
[32m[INFO] 2026-08-31 20:11:21,430 [RapidOCR] download_file.py:60: File exists and is valid: D:\Work\research\FileX\.venv-ai\Lib\site-packages\rapidocr\models\ch_ptocr_mobile_v2.0_cls_mobile.pth[0m
[32m[INFO] 2026-08-31 20:11:21,431 [RapidOCR] main.py:50: Using D:\Work\research\FileX\.venv-ai\Lib\site-packages\rapidocr\models\ch_ptocr_mobile_v2.0_cls_mobile.pth[0m
[32m[INFO] 2026-08-31 20:11:21,656 [RapidOCR] base.py:23: Using engine_name: torch[0m
[32m[INFO] 2026-08-31 20:11:21,657 [RapidOCR] device_config.py:64: Using GPU device with ID: 0[0m
[32m[INFO] 2026-08-31 20:11:21,681 [RapidOCR] download_file.py:60: File exists and is valid: D:\Work\research\FileX\.venv-ai\Lib\site-packages\rapidocr\models\PP-OCRv6_rec_small.pth[0m
[32m[INFO] 2026-08-31 20:11:21,681 [RapidOCR] main.py:50: Using D:\Work\research\FileX\.venv-ai\Lib\site-packages\rapidocr\models\PP-OCRv6_rec_small.pth[0m
[32m[INFO] 2026-08-31 20:11:23,094 [RapidOCR] base.py:23: Using engine_name: torch[0m
[32m[INFO] 2026-08-31 20:11:23,095 [RapidOCR] device_config.py:64: Using GPU device with ID: 0[0m
[32m[INFO] 2026-08-31 20:11:23,104 [RapidOCR] download_file.py:60: File exists and is valid: D:\Work\research\FileX\.venv-ai\Lib\site-packages\rapidocr\models\PP-OCRv6_det_small.pth[0m
[32m[INFO] 2026-08-31 20:11:23,104 [RapidOCR] main.py:50: Using D:\Work\research\FileX\.venv-ai\Lib\site-packages\rapidocr\models\PP-OCRv6_det_small.pth[0m
[32m[INFO] 2026-08-31 20:11:23,449 [RapidOCR] base.py:23: Using engine_name: torch[0m
[32m[INFO] 2026-08-31 20:11:23,449 [RapidOCR] device_config.py:64: Using GPU device with ID: 0[0m
[32m[INFO] 2026-08-31 20:11:23,451 [RapidOCR] download_file.py:60: File exists and is valid: D:\Work\research\FileX\.venv-ai\Lib\site-packages\rapidocr\models\ch_ptocr_mobile_v2.0_cls_mobile.pth[0m
[32m[INFO] 2026-08-31 20:11:23,451 [RapidOCR] main.py:50: Using D:\Work\research\FileX\.venv-ai\Lib\site-packages\rapidocr\models\ch_ptocr_mobile_v2.0_cls_mobile.pth[0m
[32m[INFO] 2026-08-31 20:11:23,678 [RapidOCR] base.py:23: Using engine_name: torch[0m
[32m[INFO] 2026-08-31 20:11:23,679 [RapidOCR] device_config.py:64: Using GPU device with ID: 0[0m
[32m[INFO] 2026-08-31 20:11:23,702 [RapidOCR] download_file.py:60: File exists and is valid: D:\Work\research\FileX\.venv-ai\Lib\site-packages\rapidocr\models\PP-OCRv6_rec_small.pth[0m
[32m[INFO] 2026-08-31 20:11:23,702 [RapidOCR] main.py:50: Using D:\Work\research\FileX\.venv-ai\Lib\site-packages\rapidocr\models\PP-OCRv6_rec_small.pth[0m
[32m[INFO] 2026-08-31 20:11:25,071 [RapidOCR] base.py:23: Using engine_name: torch[0m
[32m[INFO] 2026-08-31 20:11:25,071 [RapidOCR] device_config.py:64: Using GPU device with ID: 0[0m
[32m[INFO] 2026-08-31 20:11:25,083 [RapidOCR] download_file.py:60: File exists and is valid: D:\Work\research\FileX\.venv-ai\Lib\site-packages\rapidocr\models\PP-OCRv6_det_small.pth[0m
[32m[INFO] 2026-08-31 20:11:25,083 [RapidOCR] main.py:50: Using D:\Work\research\FileX\.venv-ai\Lib\site-packages\rapidocr\models\PP-OCRv6_det_small.pth[0m
[32m[INFO] 2026-08-31 20:11:25,442 [RapidOCR] base.py:23: Using engine_name: torch[0m
[32m[INFO] 2026-08-31 20:11:25,443 [RapidOCR] device_config.py:64: Using GPU device with ID: 0[0m
[32m[INFO] 2026-08-31 20:11:25,444 [RapidOCR] download_file.py:60: File exists and is valid: D:\Work\research\FileX\.venv-ai\Lib\site-packages\rapidocr\models\ch_ptocr_mobile_v2.0_cls_mobile.pth[0m
[32m[INFO] 2026-08-31 20:11:25,444 [RapidOCR] main.py:50: Using D:\Work\research\FileX\.venv-ai\Lib\site-packages\rapidocr\models\ch_ptocr_mobile_v2.0_cls_mobile.pth[0m
[32m[INFO] 2026-08-31 20:11:25,649 [RapidOCR] base.py:23: Using engine_name: torch[0m
[32m[INFO] 2026-08-31 20:11:25,650 [RapidOCR] device_config.py:64: Using GPU device with ID: 0[0m
[32m[INFO] 2026-08-31 20:11:25,671 [RapidOCR] download_file.py:60: File exists and is valid: D:\Work\research\FileX\.venv-ai\Lib\site-packages\rapidocr\models\PP-OCRv6_rec_small.pth[0m
[32m[INFO] 2026-08-31 20:11:25,672 [RapidOCR] main.py:50: Using D:\Work\research\FileX\.venv-ai\Lib\site-packages\rapidocr\models\PP-OCRv6_rec_small.pth[0m
[32m[INFO] 2026-08-31 20:11:27,019 [RapidOCR] base.py:23: Using engine_name: torch[0m
[32m[INFO] 2026-08-31 20:11:27,019 [RapidOCR] device_config.py:64: Using GPU device with ID: 0[0m
[32m[INFO] 2026-08-31 20:11:27,029 [RapidOCR] download_file.py:60: File exists and is valid: D:\Work\research\FileX\.venv-ai\Lib\site-packages\rapidocr\models\PP-OCRv6_det_small.pth[0m
[32m[INFO] 2026-08-31 20:11:27,029 [RapidOCR] main.py:50: Using D:\Work\research\FileX\.venv-ai\Lib\site-packages\rapidocr\models\PP-OCRv6_det_small.pth[0m
[32m[INFO] 2026-08-31 20:11:27,376 [RapidOCR] base.py:23: Using engine_name: torch[0m
[32m[INFO] 2026-08-31 20:11:27,377 [RapidOCR] device_config.py:64: Using GPU device with ID: 0[0m
[32m[INFO] 2026-08-31 20:11:27,377 [RapidOCR] download_file.py:60: File exists and is valid: D:\Work\research\FileX\.venv-ai\Lib\site-packages\rapidocr\models\ch_ptocr_mobile_v2.0_cls_mobile.pth[0m
[32m[INFO] 2026-08-31 20:11:27,378 [RapidOCR] main.py:50: Using D:\Work\research\FileX\.venv-ai\Lib\site-packages\rapidocr\models\ch_ptocr_mobile_v2.0_cls_mobile.pth[0m
[32m[INFO] 2026-08-31 20:11:27,811 [RapidOCR] base.py:23: Using engine_name: torch[0m
[32m[INFO] 2026-08-31 20:11:27,813 [RapidOCR] device_config.py:64: Using GPU device with ID: 0[0m
[32m[INFO] 2026-08-31 20:11:27,833 [RapidOCR] download_file.py:60: File exists and is valid: D:\Work\research\FileX\.venv-ai\Lib\site-packages\rapidocr\models\PP-OCRv6_rec_small.pth[0m
[32m[INFO] 2026-08-31 20:11:27,833 [RapidOCR] main.py:50: Using D:\Work\research\FileX\.venv-ai\Lib\site-packages\rapidocr\models\PP-OCRv6_rec_small.pth[0m
[32m[INFO] 2026-08-31 20:11:29,159 [RapidOCR] base.py:23: Using engine_name: torch[0m
[32m[INFO] 2026-08-31 20:11:29,160 [RapidOCR] device_config.py:64: Using GPU device with ID: 0[0m
[32m[INFO] 2026-08-31 20:11:29,170 [RapidOCR] download_file.py:60: File exists and is valid: D:\Work\research\FileX\.venv-ai\Lib\site-packages\rapidocr\models\PP-OCRv6_det_small.pth[0m
[32m[INFO] 2026-08-31 20:11:29,170 [RapidOCR] main.py:50: Using D:\Work\research\FileX\.venv-ai\Lib\site-packages\rapidocr\models\PP-OCRv6_det_small.pth[0m
[32m[INFO] 2026-08-31 20:11:29,532 [RapidOCR] base.py:23: Using engine_name: torch[0m
[32m[INFO] 2026-08-31 20:11:29,533 [RapidOCR] device_config.py:64: Using GPU device with ID: 0[0m
[32m[INFO] 2026-08-31 20:11:29,534 [RapidOCR] download_file.py:60: File exists and is valid: D:\Work\research\FileX\.venv-ai\Lib\site-packages\rapidocr\models\ch_ptocr_mobile_v2.0_cls_mobile.pth[0m
[32m[INFO] 2026-08-31 20:11:29,534 [RapidOCR] main.py:50: Using D:\Work\research\FileX\.venv-ai\Lib\site-packages\rapidocr\models\ch_ptocr_mobile_v2.0_cls_mobile.pth[0m
[32m[INFO] 2026-08-31 20:11:29,761 [RapidOCR] base.py:23: Using engine_name: torch[0m
[32m[INFO] 2026-08-31 20:11:29,762 [RapidOCR] device_config.py:64: Using GPU device with ID: 0[0m
[32m[INFO] 2026-08-31 20:11:29,785 [RapidOCR] download_file.py:60: File exists and is valid: D:\Work\research\FileX\.venv-ai\Lib\site-packages\rapidocr\models\PP-OCRv6_rec_small.pth[0m
[32m[INFO] 2026-08-31 20:11:29,785 [RapidOCR] main.py:50: Using D:\Work\research\FileX\.venv-ai\Lib\site-packages\rapidocr\models\PP-OCRv6_rec_small.pth[0m
[32m[INFO] 2026-08-31 20:11:31,133 [RapidOCR] base.py:23: Using engine_name: torch[0m
[32m[INFO] 2026-08-31 20:11:31,134 [RapidOCR] device_config.py:64: Using GPU device with ID: 0[0m
[32m[INFO] 2026-08-31 20:11:31,145 [RapidOCR] download_file.py:60: File exists and is valid: D:\Work\research\FileX\.venv-ai\Lib\site-packages\rapidocr\models\PP-OCRv6_det_small.pth[0m
[32m[INFO] 2026-08-31 20:11:31,145 [RapidOCR] main.py:50: Using D:\Work\research\FileX\.venv-ai\Lib\site-packages\rapidocr\models\PP-OCRv6_det_small.pth[0m
[32m[INFO] 2026-08-31 20:11:31,513 [RapidOCR] base.py:23: Using engine_name: torch[0m
[32m[INFO] 2026-08-31 20:11:31,514 [RapidOCR] device_config.py:64: Using GPU device with ID: 0[0m
[32m[INFO] 2026-08-31 20:11:31,515 [RapidOCR] download_file.py:60: File exists and is valid: D:\Work\research\FileX\.venv-ai\Lib\site-packages\rapidocr\models\ch_ptocr_mobile_v2.0_cls_mobile.pth[0m
[32m[INFO] 2026-08-31 20:11:31,515 [RapidOCR] main.py:50: Using D:\Work\research\FileX\.venv-ai\Lib\site-packages\rapidocr\models\ch_ptocr_mobile_v2.0_cls_mobile.pth[0m
[32m[INFO] 2026-08-31 20:11:31,712 [RapidOCR] base.py:23: Using engine_name: torch[0m
[32m[INFO] 2026-08-31 20:11:31,713 [RapidOCR] device_config.py:64: Using GPU device with ID: 0[0m
[32m[INFO] 2026-08-31 20:11:31,734 [RapidOCR] download_file.py:60: File exists and is valid: D:\Work\research\FileX\.venv-ai\Lib\site-packages\rapidocr\models\PP-OCRv6_rec_small.pth[0m
[32m[INFO] 2026-08-31 20:11:31,734 [RapidOCR] main.py:50: Using D:\Work\research\FileX\.venv-ai\Lib\site-packages\rapidocr\models\PP-OCRv6_rec_small.pth[0m
{"config": "docling-r6", "doc": "escaneado_d5", "ppp_nativo": 72, "ppp": 100, "factor": 1.389, "png": "ppp100__escaneado_d5.png", "png_identify": "646x883 39.369999999999997442,39.369999999999997442 PixelsPerCentimeter", "preflight": {"vram_libre_mib": 8520, "mpx_actual": 0.57, "mpx_pendiente_ordenada": 0}, "entrada": "PDF via Docling; scale explicita", "dispositivo": "GPU CUDA", "rc": [1, 1, 1, 1, 1, 1, 1, 1, 1], "error": ["FileNotFoundError: [WinError 3] El sistema no puede encontrar la ruta especificada: '\\\\\\\\?\\\\\\\\wsl.localhost\\\\Ubuntu\\\\'", "FileNotFoundError: [WinError 3] El sistema no puede encontrar la ruta especificada: '\\\\\\\\?\\\\\\\\wsl.localhost\\\\Ubuntu\\\\'", "FileNotFoundError: [WinError 3] El sistema no puede encontrar la ruta especificada: '\\\\\\\\?\\\\\\\\wsl.localhost\\\\Ubuntu\\\\'", "FileNotFoundError: [WinError 3] El sistema no puede encontrar la ruta especificada: '\\\\\\\\?\\\\\\\\wsl.localhost\\\\Ubuntu\\\\'", "FileNotFoundError: [WinError 3] El sistema no puede encontrar la ruta especificada: '\\\\\\\\?\\\\\\\\wsl.localhost\\\\Ubuntu\\\\'", "FileNotFoundError: [WinError 3] El sistema no puede encontrar la ruta especificada: '\\\\\\\\?\\\\\\\\wsl.localhost\\\\Ubuntu\\\\'", "FileNotFoundError: [WinError 3] El sistema no puede encontrar la ruta especificada: '\\\\\\\\?\\\\\\\\wsl.localhost\\\\Ubuntu\\\\'", "FileNotFoundError: [WinError 3] El sistema no puede encontrar la ruta especificada: '\\\\\\\\?\\\\\\\\wsl.localhost\\\\Ubuntu\\\\'", "FileNotFoundError: [WinError 3] El sistema no puede encontrar la ruta especificada: '\\\\\\\\?\\\\\\\\wsl.localhost\\\\Ubuntu\\\\'"], "n": 9, "ms_mediana": 2147.0, "determinista": true, "metrica": "acentos", "cer_pct": 100.0, "cer_acentos_pct": 100.0, "cer_ciego_pct": 100.0, "dist_acentos": 596, "texto": "docling-r6__ppp100__escaneado_d5.txt"}
[32m[INFO] 2026-08-31 20:11:33,228 [RapidOCR] base.py:23: Using engine_name: torch[0m
[32m[INFO] 2026-08-31 20:11:33,228 [RapidOCR] device_config.py:64: Using GPU device with ID: 0[0m
[32m[INFO] 2026-08-31 20:11:33,240 [RapidOCR] download_file.py:60: File exists and is valid: D:\Work\research\FileX\.venv-ai\Lib\site-packages\rapidocr\models\PP-OCRv6_det_small.pth[0m
[32m[INFO] 2026-08-31 20:11:33,240 [RapidOCR] main.py:50: Using D:\Work\research\FileX\.venv-ai\Lib\site-packages\rapidocr\models\PP-OCRv6_det_small.pth[0m
[32m[INFO] 2026-08-31 20:11:33,564 [RapidOCR] base.py:23: Using engine_name: torch[0m
[32m[INFO] 2026-08-31 20:11:33,564 [RapidOCR] device_config.py:64: Using GPU device with ID: 0[0m
[32m[INFO] 2026-08-31 20:11:33,565 [RapidOCR] download_file.py:60: File exists and is valid: D:\Work\research\FileX\.venv-ai\Lib\site-packages\rapidocr\models\ch_ptocr_mobile_v2.0_cls_mobile.pth[0m
[32m[INFO] 2026-08-31 20:11:33,566 [RapidOCR] main.py:50: Using D:\Work\research\FileX\.venv-ai\Lib\site-packages\rapidocr\models\ch_ptocr_mobile_v2.0_cls_mobile.pth[0m
[32m[INFO] 2026-08-31 20:11:33,781 [RapidOCR] base.py:23: Using engine_name: torch[0m
[32m[INFO] 2026-08-31 20:11:33,781 [RapidOCR] device_config.py:64: Using GPU device with ID: 0[0m
[32m[INFO] 2026-08-31 20:11:33,803 [RapidOCR] download_file.py:60: File exists and is valid: D:\Work\research\FileX\.venv-ai\Lib\site-packages\rapidocr\models\PP-OCRv6_rec_small.pth[0m
[32m[INFO] 2026-08-31 20:11:33,803 [RapidOCR] main.py:50: Using D:\Work\research\FileX\.venv-ai\Lib\site-packages\rapidocr\models\PP-OCRv6_rec_small.pth[0m
[32m[INFO] 2026-08-31 20:11:35,520 [RapidOCR] base.py:23: Using engine_name: torch[0m
[32m[INFO] 2026-08-31 20:11:35,520 [RapidOCR] device_config.py:64: Using GPU device with ID: 0[0m
[32m[INFO] 2026-08-31 20:11:35,531 [RapidOCR] download_file.py:60: File exists and is valid: D:\Work\research\FileX\.venv-ai\Lib\site-packages\rapidocr\models\PP-OCRv6_det_small.pth[0m
[32m[INFO] 2026-08-31 20:11:35,531 [RapidOCR] main.py:50: Using D:\Work\research\FileX\.venv-ai\Lib\site-packages\rapidocr\models\PP-OCRv6_det_small.pth[0m
[32m[INFO] 2026-08-31 20:11:35,906 [RapidOCR] base.py:23: Using engine_name: torch[0m
[32m[INFO] 2026-08-31 20:11:35,906 [RapidOCR] device_config.py:64: Using GPU device with ID: 0[0m
[32m[INFO] 2026-08-31 20:11:35,908 [RapidOCR] download_file.py:60: File exists and is valid: D:\Work\research\FileX\.venv-ai\Lib\site-packages\rapidocr\models\ch_ptocr_mobile_v2.0_cls_mobile.pth[0m
[32m[INFO] 2026-08-31 20:11:35,908 [RapidOCR] main.py:50: Using D:\Work\research\FileX\.venv-ai\Lib\site-packages\rapidocr\models\ch_ptocr_mobile_v2.0_cls_mobile.pth[0m
[32m[INFO] 2026-08-31 20:11:36,107 [RapidOCR] base.py:23: Using engine_name: torch[0m
[32m[INFO] 2026-08-31 20:11:36,108 [RapidOCR] device_config.py:64: Using GPU device with ID: 0[0m
[32m[INFO] 2026-08-31 20:11:36,129 [RapidOCR] download_file.py:60: File exists and is valid: D:\Work\research\FileX\.venv-ai\Lib\site-packages\rapidocr\models\PP-OCRv6_rec_small.pth[0m
[32m[INFO] 2026-08-31 20:11:36,129 [RapidOCR] main.py:50: Using D:\Work\research\FileX\.venv-ai\Lib\site-packages\rapidocr\models\PP-OCRv6_rec_small.pth[0m
[32m[INFO] 2026-08-31 20:11:37,335 [RapidOCR] base.py:23: Using engine_name: torch[0m
[32m[INFO] 2026-08-31 20:11:37,336 [RapidOCR] device_config.py:64: Using GPU device with ID: 0[0m
[32m[INFO] 2026-08-31 20:11:37,349 [RapidOCR] download_file.py:60: File exists and is valid: D:\Work\research\FileX\.venv-ai\Lib\site-packages\rapidocr\models\PP-OCRv6_det_small.pth[0m
[32m[INFO] 2026-08-31 20:11:37,349 [RapidOCR] main.py:50: Using D:\Work\research\FileX\.venv-ai\Lib\site-packages\rapidocr\models\PP-OCRv6_det_small.pth[0m
[32m[INFO] 2026-08-31 20:11:37,755 [RapidOCR] base.py:23: Using engine_name: torch[0m
[32m[INFO] 2026-08-31 20:11:37,756 [RapidOCR] device_config.py:64: Using GPU device with ID: 0[0m
[32m[INFO] 2026-08-31 20:11:37,758 [RapidOCR] download_file.py:60: File exists and is valid: D:\Work\research\FileX\.venv-ai\Lib\site-packages\rapidocr\models\ch_ptocr_mobile_v2.0_cls_mobile.pth[0m
[32m[INFO] 2026-08-31 20:11:37,758 [RapidOCR] main.py:50: Using D:\Work\research\FileX\.venv-ai\Lib\site-packages\rapidocr\models\ch_ptocr_mobile_v2.0_cls_mobile.pth[0m
[32m[INFO] 2026-08-31 20:11:37,979 [RapidOCR] base.py:23: Using engine_name: torch[0m
[32m[INFO] 2026-08-31 20:11:37,980 [RapidOCR] device_config.py:64: Using GPU device with ID: 0[0m
[32m[INFO] 2026-08-31 20:11:38,000 [RapidOCR] download_file.py:60: File exists and is valid: D:\Work\research\FileX\.venv-ai\Lib\site-packages\rapidocr\models\PP-OCRv6_rec_small.pth[0m
[32m[INFO] 2026-08-31 20:11:38,000 [RapidOCR] main.py:50: Using D:\Work\research\FileX\.venv-ai\Lib\site-packages\rapidocr\models\PP-OCRv6_rec_small.pth[0m
[32m[INFO] 2026-08-31 20:11:39,331 [RapidOCR] base.py:23: Using engine_name: torch[0m
[32m[INFO] 2026-08-31 20:11:39,331 [RapidOCR] device_config.py:64: Using GPU device with ID: 0[0m
[32m[INFO] 2026-08-31 20:11:39,346 [RapidOCR] download_file.py:60: File exists and is valid: D:\Work\research\FileX\.venv-ai\Lib\site-packages\rapidocr\models\PP-OCRv6_det_small.pth[0m
[32m[INFO] 2026-08-31 20:11:39,347 [RapidOCR] main.py:50: Using D:\Work\research\FileX\.venv-ai\Lib\site-packages\rapidocr\models\PP-OCRv6_det_small.pth[0m
[32m[INFO] 2026-08-31 20:11:39,687 [RapidOCR] base.py:23: Using engine_name: torch[0m
[32m[INFO] 2026-08-31 20:11:39,687 [RapidOCR] device_config.py:64: Using GPU device with ID: 0[0m
[32m[INFO] 2026-08-31 20:11:39,689 [RapidOCR] download_file.py:60: File exists and is valid: D:\Work\research\FileX\.venv-ai\Lib\site-packages\rapidocr\models\ch_ptocr_mobile_v2.0_cls_mobile.pth[0m
[32m[INFO] 2026-08-31 20:11:39,689 [RapidOCR] main.py:50: Using D:\Work\research\FileX\.venv-ai\Lib\site-packages\rapidocr\models\ch_ptocr_mobile_v2.0_cls_mobile.pth[0m
[32m[INFO] 2026-08-31 20:11:39,894 [RapidOCR] base.py:23: Using engine_name: torch[0m
[32m[INFO] 2026-08-31 20:11:39,895 [RapidOCR] device_config.py:64: Using GPU device with ID: 0[0m
[32m[INFO] 2026-08-31 20:11:39,917 [RapidOCR] download_file.py:60: File exists and is valid: D:\Work\research\FileX\.venv-ai\Lib\site-packages\rapidocr\models\PP-OCRv6_rec_small.pth[0m
[32m[INFO] 2026-08-31 20:11:39,917 [RapidOCR] main.py:50: Using D:\Work\research\FileX\.venv-ai\Lib\site-packages\rapidocr\models\PP-OCRv6_rec_small.pth[0m
[32m[INFO] 2026-08-31 20:11:41,356 [RapidOCR] base.py:23: Using engine_name: torch[0m
[32m[INFO] 2026-08-31 20:11:41,356 [RapidOCR] device_config.py:64: Using GPU device with ID: 0[0m
[32m[INFO] 2026-08-31 20:11:41,366 [RapidOCR] download_file.py:60: File exists and is valid: D:\Work\research\FileX\.venv-ai\Lib\site-packages\rapidocr\models\PP-OCRv6_det_small.pth[0m
[32m[INFO] 2026-08-31 20:11:41,366 [RapidOCR] main.py:50: Using D:\Work\research\FileX\.venv-ai\Lib\site-packages\rapidocr\models\PP-OCRv6_det_small.pth[0m
[32m[INFO] 2026-08-31 20:11:41,706 [RapidOCR] base.py:23: Using engine_name: torch[0m
[32m[INFO] 2026-08-31 20:11:41,707 [RapidOCR] device_config.py:64: Using GPU device with ID: 0[0m
[32m[INFO] 2026-08-31 20:11:41,708 [RapidOCR] download_file.py:60: File exists and is valid: D:\Work\research\FileX\.venv-ai\Lib\site-packages\rapidocr\models\ch_ptocr_mobile_v2.0_cls_mobile.pth[0m
[32m[INFO] 2026-08-31 20:11:41,709 [RapidOCR] main.py:50: Using D:\Work\research\FileX\.venv-ai\Lib\site-packages\rapidocr\models\ch_ptocr_mobile_v2.0_cls_mobile.pth[0m
[32m[INFO] 2026-08-31 20:11:41,942 [RapidOCR] base.py:23: Using engine_name: torch[0m
[32m[INFO] 2026-08-31 20:11:41,943 [RapidOCR] device_config.py:64: Using GPU device with ID: 0[0m
[32m[INFO] 2026-08-31 20:11:41,971 [RapidOCR] download_file.py:60: File exists and is valid: D:\Work\research\FileX\.venv-ai\Lib\site-packages\rapidocr\models\PP-OCRv6_rec_small.pth[0m
[32m[INFO] 2026-08-31 20:11:41,971 [RapidOCR] main.py:50: Using D:\Work\research\FileX\.venv-ai\Lib\site-packages\rapidocr\models\PP-OCRv6_rec_small.pth[0m
[32m[INFO] 2026-08-31 20:11:43,593 [RapidOCR] base.py:23: Using engine_name: torch[0m
[32m[INFO] 2026-08-31 20:11:43,594 [RapidOCR] device_config.py:64: Using GPU device with ID: 0[0m
[32m[INFO] 2026-08-31 20:11:43,607 [RapidOCR] download_file.py:60: File exists and is valid: D:\Work\research\FileX\.venv-ai\Lib\site-packages\rapidocr\models\PP-OCRv6_det_small.pth[0m
[32m[INFO] 2026-08-31 20:11:43,608 [RapidOCR] main.py:50: Using D:\Work\research\FileX\.venv-ai\Lib\site-packages\rapidocr\models\PP-OCRv6_det_small.pth[0m
[32m[INFO] 2026-08-31 20:11:43,955 [RapidOCR] base.py:23: Using engine_name: torch[0m
[32m[INFO] 2026-08-31 20:11:43,956 [RapidOCR] device_config.py:64: Using GPU device with ID: 0[0m
[32m[INFO] 2026-08-31 20:11:43,958 [RapidOCR] download_file.py:60: File exists and is valid: D:\Work\research\FileX\.venv-ai\Lib\site-packages\rapidocr\models\ch_ptocr_mobile_v2.0_cls_mobile.pth[0m
[32m[INFO] 2026-08-31 20:11:43,958 [RapidOCR] main.py:50: Using D:\Work\research\FileX\.venv-ai\Lib\site-packages\rapidocr\models\ch_ptocr_mobile_v2.0_cls_mobile.pth[0m
[32m[INFO] 2026-08-31 20:11:44,159 [RapidOCR] base.py:23: Using engine_name: torch[0m
[32m[INFO] 2026-08-31 20:11:44,159 [RapidOCR] device_config.py:64: Using GPU device with ID: 0[0m
[32m[INFO] 2026-08-31 20:11:44,185 [RapidOCR] download_file.py:60: File exists and is valid: D:\Work\research\FileX\.venv-ai\Lib\site-packages\rapidocr\models\PP-OCRv6_rec_small.pth[0m
[32m[INFO] 2026-08-31 20:11:44,185 [RapidOCR] main.py:50: Using D:\Work\research\FileX\.venv-ai\Lib\site-packages\rapidocr\models\PP-OCRv6_rec_small.pth[0m
[32m[INFO] 2026-08-31 20:11:45,620 [RapidOCR] base.py:23: Using engine_name: torch[0m
[32m[INFO] 2026-08-31 20:11:45,621 [RapidOCR] device_config.py:64: Using GPU device with ID: 0[0m
[32m[INFO] 2026-08-31 20:11:45,632 [RapidOCR] download_file.py:60: File exists and is valid: D:\Work\research\FileX\.venv-ai\Lib\site-packages\rapidocr\models\PP-OCRv6_det_small.pth[0m
[32m[INFO] 2026-08-31 20:11:45,632 [RapidOCR] main.py:50: Using D:\Work\research\FileX\.venv-ai\Lib\site-packages\rapidocr\models\PP-OCRv6_det_small.pth[0m
[32m[INFO] 2026-08-31 20:11:45,892 [RapidOCR] base.py:23: Using engine_name: torch[0m
[32m[INFO] 2026-08-31 20:11:45,892 [RapidOCR] device_config.py:64: Using GPU device with ID: 0[0m
[32m[INFO] 2026-08-31 20:11:45,893 [RapidOCR] download_file.py:60: File exists and is valid: D:\Work\research\FileX\.venv-ai\Lib\site-packages\rapidocr\models\ch_ptocr_mobile_v2.0_cls_mobile.pth[0m
[32m[INFO] 2026-08-31 20:11:45,893 [RapidOCR] main.py:50: Using D:\Work\research\FileX\.venv-ai\Lib\site-packages\rapidocr\models\ch_ptocr_mobile_v2.0_cls_mobile.pth[0m
[32m[INFO] 2026-08-31 20:11:46,070 [RapidOCR] base.py:23: Using engine_name: torch[0m
[32m[INFO] 2026-08-31 20:11:46,070 [RapidOCR] device_config.py:64: Using GPU device with ID: 0[0m
[32m[INFO] 2026-08-31 20:11:46,091 [RapidOCR] download_file.py:60: File exists and is valid: D:\Work\research\FileX\.venv-ai\Lib\site-packages\rapidocr\models\PP-OCRv6_rec_small.pth[0m
[32m[INFO] 2026-08-31 20:11:46,091 [RapidOCR] main.py:50: Using D:\Work\research\FileX\.venv-ai\Lib\site-packages\rapidocr\models\PP-OCRv6_rec_small.pth[0m
[32m[INFO] 2026-08-31 20:11:47,564 [RapidOCR] base.py:23: Using engine_name: torch[0m
[32m[INFO] 2026-08-31 20:11:47,565 [RapidOCR] device_config.py:64: Using GPU device with ID: 0[0m
[32m[INFO] 2026-08-31 20:11:47,574 [RapidOCR] download_file.py:60: File exists and is valid: D:\Work\research\FileX\.venv-ai\Lib\site-packages\rapidocr\models\PP-OCRv6_det_small.pth[0m
[32m[INFO] 2026-08-31 20:11:47,575 [RapidOCR] main.py:50: Using D:\Work\research\FileX\.venv-ai\Lib\site-packages\rapidocr\models\PP-OCRv6_det_small.pth[0m
[32m[INFO] 2026-08-31 20:11:47,869 [RapidOCR] base.py:23: Using engine_name: torch[0m
[32m[INFO] 2026-08-31 20:11:47,869 [RapidOCR] device_config.py:64: Using GPU device with ID: 0[0m
[32m[INFO] 2026-08-31 20:11:47,870 [RapidOCR] download_file.py:60: File exists and is valid: D:\Work\research\FileX\.venv-ai\Lib\site-packages\rapidocr\models\ch_ptocr_mobile_v2.0_cls_mobile.pth[0m
[32m[INFO] 2026-08-31 20:11:47,871 [RapidOCR] main.py:50: Using D:\Work\research\FileX\.venv-ai\Lib\site-packages\rapidocr\models\ch_ptocr_mobile_v2.0_cls_mobile.pth[0m
[32m[INFO] 2026-08-31 20:11:48,046 [RapidOCR] base.py:23: Using engine_name: torch[0m
[32m[INFO] 2026-08-31 20:11:48,047 [RapidOCR] device_config.py:64: Using GPU device with ID: 0[0m
[32m[INFO] 2026-08-31 20:11:48,069 [RapidOCR] download_file.py:60: File exists and is valid: D:\Work\research\FileX\.venv-ai\Lib\site-packages\rapidocr\models\PP-OCRv6_rec_small.pth[0m
[32m[INFO] 2026-08-31 20:11:48,069 [RapidOCR] main.py:50: Using D:\Work\research\FileX\.venv-ai\Lib\site-packages\rapidocr\models\PP-OCRv6_rec_small.pth[0m
[32m[INFO] 2026-08-31 20:11:49,369 [RapidOCR] base.py:23: Using engine_name: torch[0m
[32m[INFO] 2026-08-31 20:11:49,369 [RapidOCR] device_config.py:64: Using GPU device with ID: 0[0m
[32m[INFO] 2026-08-31 20:11:49,380 [RapidOCR] download_file.py:60: File exists and is valid: D:\Work\research\FileX\.venv-ai\Lib\site-packages\rapidocr\models\PP-OCRv6_det_small.pth[0m
[32m[INFO] 2026-08-31 20:11:49,380 [RapidOCR] main.py:50: Using D:\Work\research\FileX\.venv-ai\Lib\site-packages\rapidocr\models\PP-OCRv6_det_small.pth[0m
[32m[INFO] 2026-08-31 20:11:49,654 [RapidOCR] base.py:23: Using engine_name: torch[0m
[32m[INFO] 2026-08-31 20:11:49,655 [RapidOCR] device_config.py:64: Using GPU device with ID: 0[0m
[32m[INFO] 2026-08-31 20:11:49,657 [RapidOCR] download_file.py:60: File exists and is valid: D:\Work\research\FileX\.venv-ai\Lib\site-packages\rapidocr\models\ch_ptocr_mobile_v2.0_cls_mobile.pth[0m
[32m[INFO] 2026-08-31 20:11:49,657 [RapidOCR] main.py:50: Using D:\Work\research\FileX\.venv-ai\Lib\site-packages\rapidocr\models\ch_ptocr_mobile_v2.0_cls_mobile.pth[0m
[32m[INFO] 2026-08-31 20:11:49,824 [RapidOCR] base.py:23: Using engine_name: torch[0m
[32m[INFO] 2026-08-31 20:11:49,825 [RapidOCR] device_config.py:64: Using GPU device with ID: 0[0m
[32m[INFO] 2026-08-31 20:11:49,844 [RapidOCR] download_file.py:60: File exists and is valid: D:\Work\research\FileX\.venv-ai\Lib\site-packages\rapidocr\models\PP-OCRv6_rec_small.pth[0m
[32m[INFO] 2026-08-31 20:11:49,844 [RapidOCR] main.py:50: Using D:\Work\research\FileX\.venv-ai\Lib\site-packages\rapidocr\models\PP-OCRv6_rec_small.pth[0m
[32m[INFO] 2026-08-31 20:11:51,036 [RapidOCR] base.py:23: Using engine_name: torch[0m
[32m[INFO] 2026-08-31 20:11:51,036 [RapidOCR] device_config.py:64: Using GPU device with ID: 0[0m
[32m[INFO] 2026-08-31 20:11:51,047 [RapidOCR] download_file.py:60: File exists and is valid: D:\Work\research\FileX\.venv-ai\Lib\site-packages\rapidocr\models\PP-OCRv6_det_small.pth[0m
[32m[INFO] 2026-08-31 20:11:51,047 [RapidOCR] main.py:50: Using D:\Work\research\FileX\.venv-ai\Lib\site-packages\rapidocr\models\PP-OCRv6_det_small.pth[0m
[32m[INFO] 2026-08-31 20:11:51,361 [RapidOCR] base.py:23: Using engine_name: torch[0m
[32m[INFO] 2026-08-31 20:11:51,362 [RapidOCR] device_config.py:64: Using GPU device with ID: 0[0m
[32m[INFO] 2026-08-31 20:11:51,363 [RapidOCR] download_file.py:60: File exists and is valid: D:\Work\research\FileX\.venv-ai\Lib\site-packages\rapidocr\models\ch_ptocr_mobile_v2.0_cls_mobile.pth[0m
[32m[INFO] 2026-08-31 20:11:51,363 [RapidOCR] main.py:50: Using D:\Work\research\FileX\.venv-ai\Lib\site-packages\rapidocr\models\ch_ptocr_mobile_v2.0_cls_mobile.pth[0m
[32m[INFO] 2026-08-31 20:11:51,538 [RapidOCR] base.py:23: Using engine_name: torch[0m
[32m[INFO] 2026-08-31 20:11:51,538 [RapidOCR] device_config.py:64: Using GPU device with ID: 0[0m
[32m[INFO] 2026-08-31 20:11:51,559 [RapidOCR] download_file.py:60: File exists and is valid: D:\Work\research\FileX\.venv-ai\Lib\site-packages\rapidocr\models\PP-OCRv6_rec_small.pth[0m
[32m[INFO] 2026-08-31 20:11:51,560 [RapidOCR] main.py:50: Using D:\Work\research\FileX\.venv-ai\Lib\site-packages\rapidocr\models\PP-OCRv6_rec_small.pth[0m
{"config": "docling-r6", "doc": "escaneado_d5", "ppp_nativo": 72, "ppp": 105, "factor": 1.458, "png": "ppp105__escaneado_d5.png", "png_identify": "678x928 41.329999999999998295,41.340000000000003411 PixelsPerCentimeter", "preflight": {"vram_libre_mib": 8525, "mpx_actual": 0.629, "mpx_pendiente_ordenada": 0}, "entrada": "PDF via Docling; scale explicita", "dispositivo": "GPU CUDA", "rc": [1, 1, 1, 1, 1, 1, 1, 1, 1], "error": ["FileNotFoundError: [WinError 3] El sistema no puede encontrar la ruta especificada: '\\\\\\\\?\\\\\\\\wsl.localhost\\\\Ubuntu\\\\'", "FileNotFoundError: [WinError 3] El sistema no puede encontrar la ruta especificada: '\\\\\\\\?\\\\\\\\wsl.localhost\\\\Ubuntu\\\\'", "FileNotFoundError: [WinError 3] El sistema no puede encontrar la ruta especificada: '\\\\\\\\?\\\\\\\\wsl.localhost\\\\Ubuntu\\\\'", "FileNotFoundError: [WinError 3] El sistema no puede encontrar la ruta especificada: '\\\\\\\\?\\\\\\\\wsl.localhost\\\\Ubuntu\\\\'", "FileNotFoundError: [WinError 3] El sistema no puede encontrar la ruta especificada: '\\\\\\\\?\\\\\\\\wsl.localhost\\\\Ubuntu\\\\'", "FileNotFoundError: [WinError 3] El sistema no puede encontrar la ruta especificada: '\\\\\\\\?\\\\\\\\wsl.localhost\\\\Ubuntu\\\\'", "FileNotFoundError: [WinError 3] El sistema no puede encontrar la ruta especificada: '\\\\\\\\?\\\\\\\\wsl.localhost\\\\Ubuntu\\\\'", "FileNotFoundError: [WinError 3] El sistema no puede encontrar la ruta especificada: '\\\\\\\\?\\\\\\\\wsl.localhost\\\\Ubuntu\\\\'", "FileNotFoundError: [WinError 3] El sistema no puede encontrar la ruta especificada: '\\\\\\\\?\\\\\\\\wsl.localhost\\\\Ubuntu\\\\'"], "n": 9, "ms_mediana": 1980.9, "determinista": true, "metrica": "acentos", "cer_pct": 100.0, "cer_acentos_pct": 100.0, "cer_ciego_pct": 100.0, "dist_acentos": 596, "texto": "docling-r6__ppp105__escaneado_d5.txt"}
[32m[INFO] 2026-08-31 20:11:52,971 [RapidOCR] base.py:23: Using engine_name: torch[0m
[32m[INFO] 2026-08-31 20:11:52,971 [RapidOCR] device_config.py:64: Using GPU device with ID: 0[0m
[32m[INFO] 2026-08-31 20:11:52,982 [RapidOCR] download_file.py:60: File exists and is valid: D:\Work\research\FileX\.venv-ai\Lib\site-packages\rapidocr\models\PP-OCRv6_det_small.pth[0m
[32m[INFO] 2026-08-31 20:11:52,982 [RapidOCR] main.py:50: Using D:\Work\research\FileX\.venv-ai\Lib\site-packages\rapidocr\models\PP-OCRv6_det_small.pth[0m
[32m[INFO] 2026-08-31 20:11:53,520 [RapidOCR] base.py:23: Using engine_name: torch[0m
[32m[INFO] 2026-08-31 20:11:53,521 [RapidOCR] device_config.py:64: Using GPU device with ID: 0[0m
[32m[INFO] 2026-08-31 20:11:53,522 [RapidOCR] download_file.py:60: File exists and is valid: D:\Work\research\FileX\.venv-ai\Lib\site-packages\rapidocr\models\ch_ptocr_mobile_v2.0_cls_mobile.pth[0m
[32m[INFO] 2026-08-31 20:11:53,522 [RapidOCR] main.py:50: Using D:\Work\research\FileX\.venv-ai\Lib\site-packages\rapidocr\models\ch_ptocr_mobile_v2.0_cls_mobile.pth[0m
[32m[INFO] 2026-08-31 20:11:53,724 [RapidOCR] base.py:23: Using engine_name: torch[0m
[32m[INFO] 2026-08-31 20:11:53,725 [RapidOCR] device_config.py:64: Using GPU device with ID: 0[0m
[32m[INFO] 2026-08-31 20:11:53,746 [RapidOCR] download_file.py:60: File exists and is valid: D:\Work\research\FileX\.venv-ai\Lib\site-packages\rapidocr\models\PP-OCRv6_rec_small.pth[0m
[32m[INFO] 2026-08-31 20:11:53,746 [RapidOCR] main.py:50: Using D:\Work\research\FileX\.venv-ai\Lib\site-packages\rapidocr\models\PP-OCRv6_rec_small.pth[0m
[32m[INFO] 2026-08-31 20:11:54,912 [RapidOCR] base.py:23: Using engine_name: torch[0m
[32m[INFO] 2026-08-31 20:11:54,913 [RapidOCR] device_config.py:64: Using GPU device with ID: 0[0m
[32m[INFO] 2026-08-31 20:11:54,922 [RapidOCR] download_file.py:60: File exists and is valid: D:\Work\research\FileX\.venv-ai\Lib\site-packages\rapidocr\models\PP-OCRv6_det_small.pth[0m
[32m[INFO] 2026-08-31 20:11:54,922 [RapidOCR] main.py:50: Using D:\Work\research\FileX\.venv-ai\Lib\site-packages\rapidocr\models\PP-OCRv6_det_small.pth[0m
[32m[INFO] 2026-08-31 20:11:55,237 [RapidOCR] base.py:23: Using engine_name: torch[0m
[32m[INFO] 2026-08-31 20:11:55,238 [RapidOCR] device_config.py:64: Using GPU device with ID: 0[0m
[32m[INFO] 2026-08-31 20:11:55,239 [RapidOCR] download_file.py:60: File exists and is valid: D:\Work\research\FileX\.venv-ai\Lib\site-packages\rapidocr\models\ch_ptocr_mobile_v2.0_cls_mobile.pth[0m
[32m[INFO] 2026-08-31 20:11:55,239 [RapidOCR] main.py:50: Using D:\Work\research\FileX\.venv-ai\Lib\site-packages\rapidocr\models\ch_ptocr_mobile_v2.0_cls_mobile.pth[0m
[32m[INFO] 2026-08-31 20:11:55,422 [RapidOCR] base.py:23: Using engine_name: torch[0m
[32m[INFO] 2026-08-31 20:11:55,422 [RapidOCR] device_config.py:64: Using GPU device with ID: 0[0m
[32m[INFO] 2026-08-31 20:11:55,441 [RapidOCR] download_file.py:60: File exists and is valid: D:\Work\research\FileX\.venv-ai\Lib\site-packages\rapidocr\models\PP-OCRv6_rec_small.pth[0m
[32m[INFO] 2026-08-31 20:11:55,441 [RapidOCR] main.py:50: Using D:\Work\research\FileX\.venv-ai\Lib\site-packages\rapidocr\models\PP-OCRv6_rec_small.pth[0m
[32m[INFO] 2026-08-31 20:11:56,669 [RapidOCR] base.py:23: Using engine_name: torch[0m
[32m[INFO] 2026-08-31 20:11:56,669 [RapidOCR] device_config.py:64: Using GPU device with ID: 0[0m
[32m[INFO] 2026-08-31 20:11:56,680 [RapidOCR] download_file.py:60: File exists and is valid: D:\Work\research\FileX\.venv-ai\Lib\site-packages\rapidocr\models\PP-OCRv6_det_small.pth[0m
[32m[INFO] 2026-08-31 20:11:56,680 [RapidOCR] main.py:50: Using D:\Work\research\FileX\.venv-ai\Lib\site-packages\rapidocr\models\PP-OCRv6_det_small.pth[0m
[32m[INFO] 2026-08-31 20:11:56,994 [RapidOCR] base.py:23: Using engine_name: torch[0m
[32m[INFO] 2026-08-31 20:11:56,995 [RapidOCR] device_config.py:64: Using GPU device with ID: 0[0m
[32m[INFO] 2026-08-31 20:11:56,996 [RapidOCR] download_file.py:60: File exists and is valid: D:\Work\research\FileX\.venv-ai\Lib\site-packages\rapidocr\models\ch_ptocr_mobile_v2.0_cls_mobile.pth[0m
[32m[INFO] 2026-08-31 20:11:56,996 [RapidOCR] main.py:50: Using D:\Work\research\FileX\.venv-ai\Lib\site-packages\rapidocr\models\ch_ptocr_mobile_v2.0_cls_mobile.pth[0m
[32m[INFO] 2026-08-31 20:11:57,192 [RapidOCR] base.py:23: Using engine_name: torch[0m
[32m[INFO] 2026-08-31 20:11:57,193 [RapidOCR] device_config.py:64: Using GPU device with ID: 0[0m
[32m[INFO] 2026-08-31 20:11:57,213 [RapidOCR] download_file.py:60: File exists and is valid: D:\Work\research\FileX\.venv-ai\Lib\site-packages\rapidocr\models\PP-OCRv6_rec_small.pth[0m
[32m[INFO] 2026-08-31 20:11:57,213 [RapidOCR] main.py:50: Using D:\Work\research\FileX\.venv-ai\Lib\site-packages\rapidocr\models\PP-OCRv6_rec_small.pth[0m
[32m[INFO] 2026-08-31 20:11:58,431 [RapidOCR] base.py:23: Using engine_name: torch[0m
[32m[INFO] 2026-08-31 20:11:58,431 [RapidOCR] device_config.py:64: Using GPU device with ID: 0[0m
[32m[INFO] 2026-08-31 20:11:58,441 [RapidOCR] download_file.py:60: File exists and is valid: D:\Work\research\FileX\.venv-ai\Lib\site-packages\rapidocr\models\PP-OCRv6_det_small.pth[0m
[32m[INFO] 2026-08-31 20:11:58,441 [RapidOCR] main.py:50: Using D:\Work\research\FileX\.venv-ai\Lib\site-packages\rapidocr\models\PP-OCRv6_det_small.pth[0m
[32m[INFO] 2026-08-31 20:11:58,947 [RapidOCR] base.py:23: Using engine_name: torch[0m
[32m[INFO] 2026-08-31 20:11:58,947 [RapidOCR] device_config.py:64: Using GPU device with ID: 0[0m
[32m[INFO] 2026-08-31 20:11:58,949 [RapidOCR] download_file.py:60: File exists and is valid: D:\Work\research\FileX\.venv-ai\Lib\site-packages\rapidocr\models\ch_ptocr_mobile_v2.0_cls_mobile.pth[0m
[32m[INFO] 2026-08-31 20:11:58,949 [RapidOCR] main.py:50: Using D:\Work\research\FileX\.venv-ai\Lib\site-packages\rapidocr\models\ch_ptocr_mobile_v2.0_cls_mobile.pth[0m
[32m[INFO] 2026-08-31 20:11:59,140 [RapidOCR] base.py:23: Using engine_name: torch[0m
[32m[INFO] 2026-08-31 20:11:59,140 [RapidOCR] device_config.py:64: Using GPU device with ID: 0[0m
[32m[INFO] 2026-08-31 20:11:59,160 [RapidOCR] download_file.py:60: File exists and is valid: D:\Work\research\FileX\.venv-ai\Lib\site-packages\rapidocr\models\PP-OCRv6_rec_small.pth[0m
[32m[INFO] 2026-08-31 20:11:59,160 [RapidOCR] main.py:50: Using D:\Work\research\FileX\.venv-ai\Lib\site-packages\rapidocr\models\PP-OCRv6_rec_small.pth[0m
[32m[INFO] 2026-08-31 20:12:00,484 [RapidOCR] base.py:23: Using engine_name: torch[0m
[32m[INFO] 2026-08-31 20:12:00,485 [RapidOCR] device_config.py:64: Using GPU device with ID: 0[0m
[32m[INFO] 2026-08-31 20:12:00,495 [RapidOCR] download_file.py:60: File exists and is valid: D:\Work\research\FileX\.venv-ai\Lib\site-packages\rapidocr\models\PP-OCRv6_det_small.pth[0m
[32m[INFO] 2026-08-31 20:12:00,495 [RapidOCR] main.py:50: Using D:\Work\research\FileX\.venv-ai\Lib\site-packages\rapidocr\models\PP-OCRv6_det_small.pth[0m
[32m[INFO] 2026-08-31 20:12:00,851 [RapidOCR] base.py:23: Using engine_name: torch[0m
[32m[INFO] 2026-08-31 20:12:00,851 [RapidOCR] device_config.py:64: Using GPU device with ID: 0[0m
[32m[INFO] 2026-08-31 20:12:00,852 [RapidOCR] download_file.py:60: File exists and is valid: D:\Work\research\FileX\.venv-ai\Lib\site-packages\rapidocr\models\ch_ptocr_mobile_v2.0_cls_mobile.pth[0m
[32m[INFO] 2026-08-31 20:12:00,853 [RapidOCR] main.py:50: Using D:\Work\research\FileX\.venv-ai\Lib\site-packages\rapidocr\models\ch_ptocr_mobile_v2.0_cls_mobile.pth[0m
[32m[INFO] 2026-08-31 20:12:01,060 [RapidOCR] base.py:23: Using engine_name: torch[0m
[32m[INFO] 2026-08-31 20:12:01,060 [RapidOCR] device_config.py:64: Using GPU device with ID: 0[0m
[32m[INFO] 2026-08-31 20:12:01,084 [RapidOCR] download_file.py:60: File exists and is valid: D:\Work\research\FileX\.venv-ai\Lib\site-packages\rapidocr\models\PP-OCRv6_rec_small.pth[0m
[32m[INFO] 2026-08-31 20:12:01,085 [RapidOCR] main.py:50: Using D:\Work\research\FileX\.venv-ai\Lib\site-packages\rapidocr\models\PP-OCRv6_rec_small.pth[0m
[32m[INFO] 2026-08-31 20:12:02,349 [RapidOCR] base.py:23: Using engine_name: torch[0m
[32m[INFO] 2026-08-31 20:12:02,350 [RapidOCR] device_config.py:64: Using GPU device with ID: 0[0m
[32m[INFO] 2026-08-31 20:12:02,360 [RapidOCR] download_file.py:60: File exists and is valid: D:\Work\research\FileX\.venv-ai\Lib\site-packages\rapidocr\models\PP-OCRv6_det_small.pth[0m
[32m[INFO] 2026-08-31 20:12:02,361 [RapidOCR] main.py:50: Using D:\Work\research\FileX\.venv-ai\Lib\site-packages\rapidocr\models\PP-OCRv6_det_small.pth[0m
[32m[INFO] 2026-08-31 20:12:02,691 [RapidOCR] base.py:23: Using engine_name: torch[0m
[32m[INFO] 2026-08-31 20:12:02,692 [RapidOCR] device_config.py:64: Using GPU device with ID: 0[0m
[32m[INFO] 2026-08-31 20:12:02,693 [RapidOCR] download_file.py:60: File exists and is valid: D:\Work\research\FileX\.venv-ai\Lib\site-packages\rapidocr\models\ch_ptocr_mobile_v2.0_cls_mobile.pth[0m
[32m[INFO] 2026-08-31 20:12:02,693 [RapidOCR] main.py:50: Using D:\Work\research\FileX\.venv-ai\Lib\site-packages\rapidocr\models\ch_ptocr_mobile_v2.0_cls_mobile.pth[0m
[32m[INFO] 2026-08-31 20:12:02,903 [RapidOCR] base.py:23: Using engine_name: torch[0m
[32m[INFO] 2026-08-31 20:12:02,904 [RapidOCR] device_config.py:64: Using GPU device with ID: 0[0m
[32m[INFO] 2026-08-31 20:12:02,925 [RapidOCR] download_file.py:60: File exists and is valid: D:\Work\research\FileX\.venv-ai\Lib\site-packages\rapidocr\models\PP-OCRv6_rec_small.pth[0m
[32m[INFO] 2026-08-31 20:12:02,926 [RapidOCR] main.py:50: Using D:\Work\research\FileX\.venv-ai\Lib\site-packages\rapidocr\models\PP-OCRv6_rec_small.pth[0m
[32m[INFO] 2026-08-31 20:12:04,204 [RapidOCR] base.py:23: Using engine_name: torch[0m
[32m[INFO] 2026-08-31 20:12:04,205 [RapidOCR] device_config.py:64: Using GPU device with ID: 0[0m
[32m[INFO] 2026-08-31 20:12:04,216 [RapidOCR] download_file.py:60: File exists and is valid: D:\Work\research\FileX\.venv-ai\Lib\site-packages\rapidocr\models\PP-OCRv6_det_small.pth[0m
[32m[INFO] 2026-08-31 20:12:04,216 [RapidOCR] main.py:50: Using D:\Work\research\FileX\.venv-ai\Lib\site-packages\rapidocr\models\PP-OCRv6_det_small.pth[0m
[32m[INFO] 2026-08-31 20:12:04,532 [RapidOCR] base.py:23: Using engine_name: torch[0m
[32m[INFO] 2026-08-31 20:12:04,532 [RapidOCR] device_config.py:64: Using GPU device with ID: 0[0m
[32m[INFO] 2026-08-31 20:12:04,534 [RapidOCR] download_file.py:60: File exists and is valid: D:\Work\research\FileX\.venv-ai\Lib\site-packages\rapidocr\models\ch_ptocr_mobile_v2.0_cls_mobile.pth[0m
[32m[INFO] 2026-08-31 20:12:04,534 [RapidOCR] main.py:50: Using D:\Work\research\FileX\.venv-ai\Lib\site-packages\rapidocr\models\ch_ptocr_mobile_v2.0_cls_mobile.pth[0m
[32m[INFO] 2026-08-31 20:12:04,933 [RapidOCR] base.py:23: Using engine_name: torch[0m
[32m[INFO] 2026-08-31 20:12:04,934 [RapidOCR] device_config.py:64: Using GPU device with ID: 0[0m
[32m[INFO] 2026-08-31 20:12:04,953 [RapidOCR] download_file.py:60: File exists and is valid: D:\Work\research\FileX\.venv-ai\Lib\site-packages\rapidocr\models\PP-OCRv6_rec_small.pth[0m
[32m[INFO] 2026-08-31 20:12:04,953 [RapidOCR] main.py:50: Using D:\Work\research\FileX\.venv-ai\Lib\site-packages\rapidocr\models\PP-OCRv6_rec_small.pth[0m
[32m[INFO] 2026-08-31 20:12:06,236 [RapidOCR] base.py:23: Using engine_name: torch[0m
[32m[INFO] 2026-08-31 20:12:06,237 [RapidOCR] device_config.py:64: Using GPU device with ID: 0[0m
[32m[INFO] 2026-08-31 20:12:06,248 [RapidOCR] download_file.py:60: File exists and is valid: D:\Work\research\FileX\.venv-ai\Lib\site-packages\rapidocr\models\PP-OCRv6_det_small.pth[0m
[32m[INFO] 2026-08-31 20:12:06,248 [RapidOCR] main.py:50: Using D:\Work\research\FileX\.venv-ai\Lib\site-packages\rapidocr\models\PP-OCRv6_det_small.pth[0m
[32m[INFO] 2026-08-31 20:12:06,569 [RapidOCR] base.py:23: Using engine_name: torch[0m
[32m[INFO] 2026-08-31 20:12:06,570 [RapidOCR] device_config.py:64: Using GPU device with ID: 0[0m
[32m[INFO] 2026-08-31 20:12:06,571 [RapidOCR] download_file.py:60: File exists and is valid: D:\Work\research\FileX\.venv-ai\Lib\site-packages\rapidocr\models\ch_ptocr_mobile_v2.0_cls_mobile.pth[0m
[32m[INFO] 2026-08-31 20:12:06,571 [RapidOCR] main.py:50: Using D:\Work\research\FileX\.venv-ai\Lib\site-packages\rapidocr\models\ch_ptocr_mobile_v2.0_cls_mobile.pth[0m
[32m[INFO] 2026-08-31 20:12:06,765 [RapidOCR] base.py:23: Using engine_name: torch[0m
[32m[INFO] 2026-08-31 20:12:06,765 [RapidOCR] device_config.py:64: Using GPU device with ID: 0[0m
[32m[INFO] 2026-08-31 20:12:06,785 [RapidOCR] download_file.py:60: File exists and is valid: D:\Work\research\FileX\.venv-ai\Lib\site-packages\rapidocr\models\PP-OCRv6_rec_small.pth[0m
[32m[INFO] 2026-08-31 20:12:06,785 [RapidOCR] main.py:50: Using D:\Work\research\FileX\.venv-ai\Lib\site-packages\rapidocr\models\PP-OCRv6_rec_small.pth[0m
[32m[INFO] 2026-08-31 20:12:07,985 [RapidOCR] base.py:23: Using engine_name: torch[0m
[32m[INFO] 2026-08-31 20:12:07,985 [RapidOCR] device_config.py:64: Using GPU device with ID: 0[0m
[32m[INFO] 2026-08-31 20:12:07,995 [RapidOCR] download_file.py:60: File exists and is valid: D:\Work\research\FileX\.venv-ai\Lib\site-packages\rapidocr\models\PP-OCRv6_det_small.pth[0m
[32m[INFO] 2026-08-31 20:12:07,995 [RapidOCR] main.py:50: Using D:\Work\research\FileX\.venv-ai\Lib\site-packages\rapidocr\models\PP-OCRv6_det_small.pth[0m
[32m[INFO] 2026-08-31 20:12:08,282 [RapidOCR] base.py:23: Using engine_name: torch[0m
[32m[INFO] 2026-08-31 20:12:08,283 [RapidOCR] device_config.py:64: Using GPU device with ID: 0[0m
[32m[INFO] 2026-08-31 20:12:08,284 [RapidOCR] download_file.py:60: File exists and is valid: D:\Work\research\FileX\.venv-ai\Lib\site-packages\rapidocr\models\ch_ptocr_mobile_v2.0_cls_mobile.pth[0m
[32m[INFO] 2026-08-31 20:12:08,285 [RapidOCR] main.py:50: Using D:\Work\research\FileX\.venv-ai\Lib\site-packages\rapidocr\models\ch_ptocr_mobile_v2.0_cls_mobile.pth[0m
[32m[INFO] 2026-08-31 20:12:08,478 [RapidOCR] base.py:23: Using engine_name: torch[0m
[32m[INFO] 2026-08-31 20:12:08,478 [RapidOCR] device_config.py:64: Using GPU device with ID: 0[0m
[32m[INFO] 2026-08-31 20:12:08,500 [RapidOCR] download_file.py:60: File exists and is valid: D:\Work\research\FileX\.venv-ai\Lib\site-packages\rapidocr\models\PP-OCRv6_rec_small.pth[0m
[32m[INFO] 2026-08-31 20:12:08,500 [RapidOCR] main.py:50: Using D:\Work\research\FileX\.venv-ai\Lib\site-packages\rapidocr\models\PP-OCRv6_rec_small.pth[0m
[32m[INFO] 2026-08-31 20:12:09,811 [RapidOCR] base.py:23: Using engine_name: torch[0m
[32m[INFO] 2026-08-31 20:12:09,812 [RapidOCR] device_config.py:64: Using GPU device with ID: 0[0m
[32m[INFO] 2026-08-31 20:12:09,822 [RapidOCR] download_file.py:60: File exists and is valid: D:\Work\research\FileX\.venv-ai\Lib\site-packages\rapidocr\models\PP-OCRv6_det_small.pth[0m
[32m[INFO] 2026-08-31 20:12:09,822 [RapidOCR] main.py:50: Using D:\Work\research\FileX\.venv-ai\Lib\site-packages\rapidocr\models\PP-OCRv6_det_small.pth[0m
[32m[INFO] 2026-08-31 20:12:10,185 [RapidOCR] base.py:23: Using engine_name: torch[0m
[32m[INFO] 2026-08-31 20:12:10,186 [RapidOCR] device_config.py:64: Using GPU device with ID: 0[0m
[32m[INFO] 2026-08-31 20:12:10,187 [RapidOCR] download_file.py:60: File exists and is valid: D:\Work\research\FileX\.venv-ai\Lib\site-packages\rapidocr\models\ch_ptocr_mobile_v2.0_cls_mobile.pth[0m
[32m[INFO] 2026-08-31 20:12:10,187 [RapidOCR] main.py:50: Using D:\Work\research\FileX\.venv-ai\Lib\site-packages\rapidocr\models\ch_ptocr_mobile_v2.0_cls_mobile.pth[0m
[32m[INFO] 2026-08-31 20:12:10,382 [RapidOCR] base.py:23: Using engine_name: torch[0m
[32m[INFO] 2026-08-31 20:12:10,382 [RapidOCR] device_config.py:64: Using GPU device with ID: 0[0m
[32m[INFO] 2026-08-31 20:12:10,404 [RapidOCR] download_file.py:60: File exists and is valid: D:\Work\research\FileX\.venv-ai\Lib\site-packages\rapidocr\models\PP-OCRv6_rec_small.pth[0m
[32m[INFO] 2026-08-31 20:12:10,404 [RapidOCR] main.py:50: Using D:\Work\research\FileX\.venv-ai\Lib\site-packages\rapidocr\models\PP-OCRv6_rec_small.pth[0m
{"config": "docling-r6", "doc": "escaneado_d5", "ppp_nativo": 72, "ppp": 110, "factor": 1.528, "png": "ppp110__escaneado_d5.png", "png_identify": "710x972 43.299999999999997158,43.299999999999997158 PixelsPerCentimeter", "preflight": {"vram_libre_mib": 8500, "mpx_actual": 0.69, "mpx_pendiente_ordenada": 0}, "entrada": "PDF via Docling; scale explicita", "dispositivo": "GPU CUDA", "rc": [1, 1, 1, 1, 1, 1, 1, 1, 1], "error": ["FileNotFoundError: [WinError 3] El sistema no puede encontrar la ruta especificada: '\\\\\\\\?\\\\\\\\wsl.localhost\\\\Ubuntu\\\\'", "FileNotFoundError: [WinError 3] El sistema no puede encontrar la ruta especificada: '\\\\\\\\?\\\\\\\\wsl.localhost\\\\Ubuntu\\\\'", "FileNotFoundError: [WinError 3] El sistema no puede encontrar la ruta especificada: '\\\\\\\\?\\\\\\\\wsl.localhost\\\\Ubuntu\\\\'", "FileNotFoundError: [WinError 3] El sistema no puede encontrar la ruta especificada: '\\\\\\\\?\\\\\\\\wsl.localhost\\\\Ubuntu\\\\'", "FileNotFoundError: [WinError 3] El sistema no puede encontrar la ruta especificada: '\\\\\\\\?\\\\\\\\wsl.localhost\\\\Ubuntu\\\\'", "FileNotFoundError: [WinError 3] El sistema no puede encontrar la ruta especificada: '\\\\\\\\?\\\\\\\\wsl.localhost\\\\Ubuntu\\\\'", "FileNotFoundError: [WinError 3] El sistema no puede encontrar la ruta especificada: '\\\\\\\\?\\\\\\\\wsl.localhost\\\\Ubuntu\\\\'", "FileNotFoundError: [WinError 3] El sistema no puede encontrar la ruta especificada: '\\\\\\\\?\\\\\\\\wsl.localhost\\\\Ubuntu\\\\'", "FileNotFoundError: [WinError 3] El sistema no puede encontrar la ruta especificada: '\\\\\\\\?\\\\\\\\wsl.localhost\\\\Ubuntu\\\\'"], "n": 9, "ms_mediana": 1852.3, "determinista": true, "metrica": "acentos", "cer_pct": 100.0, "cer_acentos_pct": 100.0, "cer_ciego_pct": 100.0, "dist_acentos": 596, "texto": "docling-r6__ppp110__escaneado_d5.txt"}
[32m[INFO] 2026-08-31 20:12:12,074 [RapidOCR] base.py:23: Using engine_name: torch[0m
[32m[INFO] 2026-08-31 20:12:12,075 [RapidOCR] device_config.py:64: Using GPU device with ID: 0[0m
[32m[INFO] 2026-08-31 20:12:12,086 [RapidOCR] download_file.py:60: File exists and is valid: D:\Work\research\FileX\.venv-ai\Lib\site-packages\rapidocr\models\PP-OCRv6_det_small.pth[0m
[32m[INFO] 2026-08-31 20:12:12,086 [RapidOCR] main.py:50: Using D:\Work\research\FileX\.venv-ai\Lib\site-packages\rapidocr\models\PP-OCRv6_det_small.pth[0m
[32m[INFO] 2026-08-31 20:12:12,398 [RapidOCR] base.py:23: Using engine_name: torch[0m
[32m[INFO] 2026-08-31 20:12:12,399 [RapidOCR] device_config.py:64: Using GPU device with ID: 0[0m
[32m[INFO] 2026-08-31 20:12:12,400 [RapidOCR] download_file.py:60: File exists and is valid: D:\Work\research\FileX\.venv-ai\Lib\site-packages\rapidocr\models\ch_ptocr_mobile_v2.0_cls_mobile.pth[0m
[32m[INFO] 2026-08-31 20:12:12,400 [RapidOCR] main.py:50: Using D:\Work\research\FileX\.venv-ai\Lib\site-packages\rapidocr\models\ch_ptocr_mobile_v2.0_cls_mobile.pth[0m
[32m[INFO] 2026-08-31 20:12:12,575 [RapidOCR] base.py:23: Using engine_name: torch[0m
[32m[INFO] 2026-08-31 20:12:12,576 [RapidOCR] device_config.py:64: Using GPU device with ID: 0[0m
[32m[INFO] 2026-08-31 20:12:12,594 [RapidOCR] download_file.py:60: File exists and is valid: D:\Work\research\FileX\.venv-ai\Lib\site-packages\rapidocr\models\PP-OCRv6_rec_small.pth[0m
[32m[INFO] 2026-08-31 20:12:12,595 [RapidOCR] main.py:50: Using D:\Work\research\FileX\.venv-ai\Lib\site-packages\rapidocr\models\PP-OCRv6_rec_small.pth[0m
[32m[INFO] 2026-08-31 20:12:13,839 [RapidOCR] base.py:23: Using engine_name: torch[0m
[32m[INFO] 2026-08-31 20:12:13,839 [RapidOCR] device_config.py:64: Using GPU device with ID: 0[0m
[32m[INFO] 2026-08-31 20:12:13,851 [RapidOCR] download_file.py:60: File exists and is valid: D:\Work\research\FileX\.venv-ai\Lib\site-packages\rapidocr\models\PP-OCRv6_det_small.pth[0m
[32m[INFO] 2026-08-31 20:12:13,851 [RapidOCR] main.py:50: Using D:\Work\research\FileX\.venv-ai\Lib\site-packages\rapidocr\models\PP-OCRv6_det_small.pth[0m
[32m[INFO] 2026-08-31 20:12:14,191 [RapidOCR] base.py:23: Using engine_name: torch[0m
[32m[INFO] 2026-08-31 20:12:14,192 [RapidOCR] device_config.py:64: Using GPU device with ID: 0[0m
[32m[INFO] 2026-08-31 20:12:14,193 [RapidOCR] download_file.py:60: File exists and is valid: D:\Work\research\FileX\.venv-ai\Lib\site-packages\rapidocr\models\ch_ptocr_mobile_v2.0_cls_mobile.pth[0m
[32m[INFO] 2026-08-31 20:12:14,194 [RapidOCR] main.py:50: Using D:\Work\research\FileX\.venv-ai\Lib\site-packages\rapidocr\models\ch_ptocr_mobile_v2.0_cls_mobile.pth[0m
[32m[INFO] 2026-08-31 20:12:14,391 [RapidOCR] base.py:23: Using engine_name: torch[0m
[32m[INFO] 2026-08-31 20:12:14,392 [RapidOCR] device_config.py:64: Using GPU device with ID: 0[0m
[32m[INFO] 2026-08-31 20:12:14,412 [RapidOCR] download_file.py:60: File exists and is valid: D:\Work\research\FileX\.venv-ai\Lib\site-packages\rapidocr\models\PP-OCRv6_rec_small.pth[0m
[32m[INFO] 2026-08-31 20:12:14,412 [RapidOCR] main.py:50: Using D:\Work\research\FileX\.venv-ai\Lib\site-packages\rapidocr\models\PP-OCRv6_rec_small.pth[0m
[32m[INFO] 2026-08-31 20:12:15,728 [RapidOCR] base.py:23: Using engine_name: torch[0m
[32m[INFO] 2026-08-31 20:12:15,728 [RapidOCR] device_config.py:64: Using GPU device with ID: 0[0m
[32m[INFO] 2026-08-31 20:12:15,739 [RapidOCR] download_file.py:60: File exists and is valid: D:\Work\research\FileX\.venv-ai\Lib\site-packages\rapidocr\models\PP-OCRv6_det_small.pth[0m
[32m[INFO] 2026-08-31 20:12:15,739 [RapidOCR] main.py:50: Using D:\Work\research\FileX\.venv-ai\Lib\site-packages\rapidocr\models\PP-OCRv6_det_small.pth[0m
[32m[INFO] 2026-08-31 20:12:16,067 [RapidOCR] base.py:23: Using engine_name: torch[0m
[32m[INFO] 2026-08-31 20:12:16,067 [RapidOCR] device_config.py:64: Using GPU device with ID: 0[0m
[32m[INFO] 2026-08-31 20:12:16,069 [RapidOCR] download_file.py:60: File exists and is valid: D:\Work\research\FileX\.venv-ai\Lib\site-packages\rapidocr\models\ch_ptocr_mobile_v2.0_cls_mobile.pth[0m
[32m[INFO] 2026-08-31 20:12:16,069 [RapidOCR] main.py:50: Using D:\Work\research\FileX\.venv-ai\Lib\site-packages\rapidocr\models\ch_ptocr_mobile_v2.0_cls_mobile.pth[0m
[32m[INFO] 2026-08-31 20:12:16,254 [RapidOCR] base.py:23: Using engine_name: torch[0m
[32m[INFO] 2026-08-31 20:12:16,255 [RapidOCR] device_config.py:64: Using GPU device with ID: 0[0m
[32m[INFO] 2026-08-31 20:12:16,275 [RapidOCR] download_file.py:60: File exists and is valid: D:\Work\research\FileX\.venv-ai\Lib\site-packages\rapidocr\models\PP-OCRv6_rec_small.pth[0m
[32m[INFO] 2026-08-31 20:12:16,275 [RapidOCR] main.py:50: Using D:\Work\research\FileX\.venv-ai\Lib\site-packages\rapidocr\models\PP-OCRv6_rec_small.pth[0m
[32m[INFO] 2026-08-31 20:12:17,671 [RapidOCR] base.py:23: Using engine_name: torch[0m
[32m[INFO] 2026-08-31 20:12:17,672 [RapidOCR] device_config.py:64: Using GPU device with ID: 0[0m
[32m[INFO] 2026-08-31 20:12:17,683 [RapidOCR] download_file.py:60: File exists and is valid: D:\Work\research\FileX\.venv-ai\Lib\site-packages\rapidocr\models\PP-OCRv6_det_small.pth[0m
[32m[INFO] 2026-08-31 20:12:17,683 [RapidOCR] main.py:50: Using D:\Work\research\FileX\.venv-ai\Lib\site-packages\rapidocr\models\PP-OCRv6_det_small.pth[0m
[32m[INFO] 2026-08-31 20:12:18,008 [RapidOCR] base.py:23: Using engine_name: torch[0m
[32m[INFO] 2026-08-31 20:12:18,009 [RapidOCR] device_config.py:64: Using GPU device with ID: 0[0m
[32m[INFO] 2026-08-31 20:12:18,012 [RapidOCR] download_file.py:60: File exists and is valid: D:\Work\research\FileX\.venv-ai\Lib\site-packages\rapidocr\models\ch_ptocr_mobile_v2.0_cls_mobile.pth[0m
[32m[INFO] 2026-08-31 20:12:18,012 [RapidOCR] main.py:50: Using D:\Work\research\FileX\.venv-ai\Lib\site-packages\rapidocr\models\ch_ptocr_mobile_v2.0_cls_mobile.pth[0m
[32m[INFO] 2026-08-31 20:12:18,193 [RapidOCR] base.py:23: Using engine_name: torch[0m
[32m[INFO] 2026-08-31 20:12:18,194 [RapidOCR] device_config.py:64: Using GPU device with ID: 0[0m
[32m[INFO] 2026-08-31 20:12:18,214 [RapidOCR] download_file.py:60: File exists and is valid: D:\Work\research\FileX\.venv-ai\Lib\site-packages\rapidocr\models\PP-OCRv6_rec_small.pth[0m
[32m[INFO] 2026-08-31 20:12:18,214 [RapidOCR] main.py:50: Using D:\Work\research\FileX\.venv-ai\Lib\site-packages\rapidocr\models\PP-OCRv6_rec_small.pth[0m
[32m[INFO] 2026-08-31 20:12:19,516 [RapidOCR] base.py:23: Using engine_name: torch[0m
[32m[INFO] 2026-08-31 20:12:19,517 [RapidOCR] device_config.py:64: Using GPU device with ID: 0[0m
[32m[INFO] 2026-08-31 20:12:19,529 [RapidOCR] download_file.py:60: File exists and is valid: D:\Work\research\FileX\.venv-ai\Lib\site-packages\rapidocr\models\PP-OCRv6_det_small.pth[0m
[32m[INFO] 2026-08-31 20:12:19,529 [RapidOCR] main.py:50: Using D:\Work\research\FileX\.venv-ai\Lib\site-packages\rapidocr\models\PP-OCRv6_det_small.pth[0m
[32m[INFO] 2026-08-31 20:12:19,862 [RapidOCR] base.py:23: Using engine_name: torch[0m
[32m[INFO] 2026-08-31 20:12:19,863 [RapidOCR] device_config.py:64: Using GPU device with ID: 0[0m
[32m[INFO] 2026-08-31 20:12:19,864 [RapidOCR] download_file.py:60: File exists and is valid: D:\Work\research\FileX\.venv-ai\Lib\site-packages\rapidocr\models\ch_ptocr_mobile_v2.0_cls_mobile.pth[0m
[32m[INFO] 2026-08-31 20:12:19,864 [RapidOCR] main.py:50: Using D:\Work\research\FileX\.venv-ai\Lib\site-packages\rapidocr\models\ch_ptocr_mobile_v2.0_cls_mobile.pth[0m
[32m[INFO] 2026-08-31 20:12:20,043 [RapidOCR] base.py:23: Using engine_name: torch[0m
[32m[INFO] 2026-08-31 20:12:20,044 [RapidOCR] device_config.py:64: Using GPU device with ID: 0[0m
[32m[INFO] 2026-08-31 20:12:20,065 [RapidOCR] download_file.py:60: File exists and is valid: D:\Work\research\FileX\.venv-ai\Lib\site-packages\rapidocr\models\PP-OCRv6_rec_small.pth[0m
[32m[INFO] 2026-08-31 20:12:20,065 [RapidOCR] main.py:50: Using D:\Work\research\FileX\.venv-ai\Lib\site-packages\rapidocr\models\PP-OCRv6_rec_small.pth[0m
[32m[INFO] 2026-08-31 20:12:21,300 [RapidOCR] base.py:23: Using engine_name: torch[0m
[32m[INFO] 2026-08-31 20:12:21,301 [RapidOCR] device_config.py:64: Using GPU device with ID: 0[0m
[32m[INFO] 2026-08-31 20:12:21,311 [RapidOCR] download_file.py:60: File exists and is valid: D:\Work\research\FileX\.venv-ai\Lib\site-packages\rapidocr\models\PP-OCRv6_det_small.pth[0m
[32m[INFO] 2026-08-31 20:12:21,311 [RapidOCR] main.py:50: Using D:\Work\research\FileX\.venv-ai\Lib\site-packages\rapidocr\models\PP-OCRv6_det_small.pth[0m
[32m[INFO] 2026-08-31 20:12:21,627 [RapidOCR] base.py:23: Using engine_name: torch[0m
[32m[INFO] 2026-08-31 20:12:21,628 [RapidOCR] device_config.py:64: Using GPU device with ID: 0[0m
[32m[INFO] 2026-08-31 20:12:21,629 [RapidOCR] download_file.py:60: File exists and is valid: D:\Work\research\FileX\.venv-ai\Lib\site-packages\rapidocr\models\ch_ptocr_mobile_v2.0_cls_mobile.pth[0m
[32m[INFO] 2026-08-31 20:12:21,629 [RapidOCR] main.py:50: Using D:\Work\research\FileX\.venv-ai\Lib\site-packages\rapidocr\models\ch_ptocr_mobile_v2.0_cls_mobile.pth[0m
[32m[INFO] 2026-08-31 20:12:21,805 [RapidOCR] base.py:23: Using engine_name: torch[0m
[32m[INFO] 2026-08-31 20:12:21,806 [RapidOCR] device_config.py:64: Using GPU device with ID: 0[0m
[32m[INFO] 2026-08-31 20:12:21,827 [RapidOCR] download_file.py:60: File exists and is valid: D:\Work\research\FileX\.venv-ai\Lib\site-packages\rapidocr\models\PP-OCRv6_rec_small.pth[0m
[32m[INFO] 2026-08-31 20:12:21,827 [RapidOCR] main.py:50: Using D:\Work\research\FileX\.venv-ai\Lib\site-packages\rapidocr\models\PP-OCRv6_rec_small.pth[0m
[32m[INFO] 2026-08-31 20:12:23,374 [RapidOCR] base.py:23: Using engine_name: torch[0m
[32m[INFO] 2026-08-31 20:12:23,375 [RapidOCR] device_config.py:64: Using GPU device with ID: 0[0m
[32m[INFO] 2026-08-31 20:12:23,387 [RapidOCR] download_file.py:60: File exists and is valid: D:\Work\research\FileX\.venv-ai\Lib\site-packages\rapidocr\models\PP-OCRv6_det_small.pth[0m
[32m[INFO] 2026-08-31 20:12:23,387 [RapidOCR] main.py:50: Using D:\Work\research\FileX\.venv-ai\Lib\site-packages\rapidocr\models\PP-OCRv6_det_small.pth[0m
[32m[INFO] 2026-08-31 20:12:23,724 [RapidOCR] base.py:23: Using engine_name: torch[0m
[32m[INFO] 2026-08-31 20:12:23,724 [RapidOCR] device_config.py:64: Using GPU device with ID: 0[0m
[32m[INFO] 2026-08-31 20:12:23,725 [RapidOCR] download_file.py:60: File exists and is valid: D:\Work\research\FileX\.venv-ai\Lib\site-packages\rapidocr\models\ch_ptocr_mobile_v2.0_cls_mobile.pth[0m
[32m[INFO] 2026-08-31 20:12:23,725 [RapidOCR] main.py:50: Using D:\Work\research\FileX\.venv-ai\Lib\site-packages\rapidocr\models\ch_ptocr_mobile_v2.0_cls_mobile.pth[0m
[32m[INFO] 2026-08-31 20:12:23,920 [RapidOCR] base.py:23: Using engine_name: torch[0m
[32m[INFO] 2026-08-31 20:12:23,921 [RapidOCR] device_config.py:64: Using GPU device with ID: 0[0m
[32m[INFO] 2026-08-31 20:12:23,940 [RapidOCR] download_file.py:60: File exists and is valid: D:\Work\research\FileX\.venv-ai\Lib\site-packages\rapidocr\models\PP-OCRv6_rec_small.pth[0m
[32m[INFO] 2026-08-31 20:12:23,941 [RapidOCR] main.py:50: Using D:\Work\research\FileX\.venv-ai\Lib\site-packages\rapidocr\models\PP-OCRv6_rec_small.pth[0m
[32m[INFO] 2026-08-31 20:12:25,310 [RapidOCR] base.py:23: Using engine_name: torch[0m
[32m[INFO] 2026-08-31 20:12:25,310 [RapidOCR] device_config.py:64: Using GPU device with ID: 0[0m
[32m[INFO] 2026-08-31 20:12:25,320 [RapidOCR] download_file.py:60: File exists and is valid: D:\Work\research\FileX\.venv-ai\Lib\site-packages\rapidocr\models\PP-OCRv6_det_small.pth[0m
[32m[INFO] 2026-08-31 20:12:25,321 [RapidOCR] main.py:50: Using D:\Work\research\FileX\.venv-ai\Lib\site-packages\rapidocr\models\PP-OCRv6_det_small.pth[0m
[32m[INFO] 2026-08-31 20:12:25,658 [RapidOCR] base.py:23: Using engine_name: torch[0m
[32m[INFO] 2026-08-31 20:12:25,659 [RapidOCR] device_config.py:64: Using GPU device with ID: 0[0m
[32m[INFO] 2026-08-31 20:12:25,660 [RapidOCR] download_file.py:60: File exists and is valid: D:\Work\research\FileX\.venv-ai\Lib\site-packages\rapidocr\models\ch_ptocr_mobile_v2.0_cls_mobile.pth[0m
[32m[INFO] 2026-08-31 20:12:25,660 [RapidOCR] main.py:50: Using D:\Work\research\FileX\.venv-ai\Lib\site-packages\rapidocr\models\ch_ptocr_mobile_v2.0_cls_mobile.pth[0m
[32m[INFO] 2026-08-31 20:12:25,874 [RapidOCR] base.py:23: Using engine_name: torch[0m
[32m[INFO] 2026-08-31 20:12:25,875 [RapidOCR] device_config.py:64: Using GPU device with ID: 0[0m
[32m[INFO] 2026-08-31 20:12:25,896 [RapidOCR] download_file.py:60: File exists and is valid: D:\Work\research\FileX\.venv-ai\Lib\site-packages\rapidocr\models\PP-OCRv6_rec_small.pth[0m
[32m[INFO] 2026-08-31 20:12:25,896 [RapidOCR] main.py:50: Using D:\Work\research\FileX\.venv-ai\Lib\site-packages\rapidocr\models\PP-OCRv6_rec_small.pth[0m
[32m[INFO] 2026-08-31 20:12:27,203 [RapidOCR] base.py:23: Using engine_name: torch[0m
[32m[INFO] 2026-08-31 20:12:27,204 [RapidOCR] device_config.py:64: Using GPU device with ID: 0[0m
[32m[INFO] 2026-08-31 20:12:27,216 [RapidOCR] download_file.py:60: File exists and is valid: D:\Work\research\FileX\.venv-ai\Lib\site-packages\rapidocr\models\PP-OCRv6_det_small.pth[0m
[32m[INFO] 2026-08-31 20:12:27,217 [RapidOCR] main.py:50: Using D:\Work\research\FileX\.venv-ai\Lib\site-packages\rapidocr\models\PP-OCRv6_det_small.pth[0m
[32m[INFO] 2026-08-31 20:12:27,614 [RapidOCR] base.py:23: Using engine_name: torch[0m
[32m[INFO] 2026-08-31 20:12:27,615 [RapidOCR] device_config.py:64: Using GPU device with ID: 0[0m
[32m[INFO] 2026-08-31 20:12:27,617 [RapidOCR] download_file.py:60: File exists and is valid: D:\Work\research\FileX\.venv-ai\Lib\site-packages\rapidocr\models\ch_ptocr_mobile_v2.0_cls_mobile.pth[0m
[32m[INFO] 2026-08-31 20:12:27,617 [RapidOCR] main.py:50: Using D:\Work\research\FileX\.venv-ai\Lib\site-packages\rapidocr\models\ch_ptocr_mobile_v2.0_cls_mobile.pth[0m
[32m[INFO] 2026-08-31 20:12:27,811 [RapidOCR] base.py:23: Using engine_name: torch[0m
[32m[INFO] 2026-08-31 20:12:27,812 [RapidOCR] device_config.py:64: Using GPU device with ID: 0[0m
[32m[INFO] 2026-08-31 20:12:27,833 [RapidOCR] download_file.py:60: File exists and is valid: D:\Work\research\FileX\.venv-ai\Lib\site-packages\rapidocr\models\PP-OCRv6_rec_small.pth[0m
[32m[INFO] 2026-08-31 20:12:27,833 [RapidOCR] main.py:50: Using D:\Work\research\FileX\.venv-ai\Lib\site-packages\rapidocr\models\PP-OCRv6_rec_small.pth[0m
[32m[INFO] 2026-08-31 20:12:29,324 [RapidOCR] base.py:23: Using engine_name: torch[0m
[32m[INFO] 2026-08-31 20:12:29,325 [RapidOCR] device_config.py:64: Using GPU device with ID: 0[0m
[32m[INFO] 2026-08-31 20:12:29,335 [RapidOCR] download_file.py:60: File exists and is valid: D:\Work\research\FileX\.venv-ai\Lib\site-packages\rapidocr\models\PP-OCRv6_det_small.pth[0m
[32m[INFO] 2026-08-31 20:12:29,335 [RapidOCR] main.py:50: Using D:\Work\research\FileX\.venv-ai\Lib\site-packages\rapidocr\models\PP-OCRv6_det_small.pth[0m
[32m[INFO] 2026-08-31 20:12:29,943 [RapidOCR] base.py:23: Using engine_name: torch[0m
[32m[INFO] 2026-08-31 20:12:29,944 [RapidOCR] device_config.py:64: Using GPU device with ID: 0[0m
[32m[INFO] 2026-08-31 20:12:29,945 [RapidOCR] download_file.py:60: File exists and is valid: D:\Work\research\FileX\.venv-ai\Lib\site-packages\rapidocr\models\ch_ptocr_mobile_v2.0_cls_mobile.pth[0m
[32m[INFO] 2026-08-31 20:12:29,945 [RapidOCR] main.py:50: Using D:\Work\research\FileX\.venv-ai\Lib\site-packages\rapidocr\models\ch_ptocr_mobile_v2.0_cls_mobile.pth[0m
[32m[INFO] 2026-08-31 20:12:30,147 [RapidOCR] base.py:23: Using engine_name: torch[0m
[32m[INFO] 2026-08-31 20:12:30,148 [RapidOCR] device_config.py:64: Using GPU device with ID: 0[0m
[32m[INFO] 2026-08-31 20:12:30,168 [RapidOCR] download_file.py:60: File exists and is valid: D:\Work\research\FileX\.venv-ai\Lib\site-packages\rapidocr\models\PP-OCRv6_rec_small.pth[0m
[32m[INFO] 2026-08-31 20:12:30,169 [RapidOCR] main.py:50: Using D:\Work\research\FileX\.venv-ai\Lib\site-packages\rapidocr\models\PP-OCRv6_rec_small.pth[0m
{"config": "docling-r6", "doc": "escaneado_d5", "ppp_nativo": 72, "ppp": 115, "factor": 1.597, "png": "ppp115__escaneado_d5.png", "png_identify": "743x1016 45.270000000000003126,45.270000000000003126 PixelsPerCentimeter", "preflight": {"vram_libre_mib": 8505, "mpx_actual": 0.755, "mpx_pendiente_ordenada": 0}, "entrada": "PDF via Docling; scale explicita", "dispositivo": "GPU CUDA", "rc": [1, 1, 1, 1, 1, 1, 1, 1, 1], "error": ["FileNotFoundError: [WinError 3] El sistema no puede encontrar la ruta especificada: '\\\\\\\\?\\\\\\\\wsl.localhost\\\\Ubuntu\\\\'", "FileNotFoundError: [WinError 3] El sistema no puede encontrar la ruta especificada: '\\\\\\\\?\\\\\\\\wsl.localhost\\\\Ubuntu\\\\'", "FileNotFoundError: [WinError 3] El sistema no puede encontrar la ruta especificada: '\\\\\\\\?\\\\\\\\wsl.localhost\\\\Ubuntu\\\\'", "FileNotFoundError: [WinError 3] El sistema no puede encontrar la ruta especificada: '\\\\\\\\?\\\\\\\\wsl.localhost\\\\Ubuntu\\\\'", "FileNotFoundError: [WinError 3] El sistema no puede encontrar la ruta especificada: '\\\\\\\\?\\\\\\\\wsl.localhost\\\\Ubuntu\\\\'", "FileNotFoundError: [WinError 3] El sistema no puede encontrar la ruta especificada: '\\\\\\\\?\\\\\\\\wsl.localhost\\\\Ubuntu\\\\'", "FileNotFoundError: [WinError 3] El sistema no puede encontrar la ruta especificada: '\\\\\\\\?\\\\\\\\wsl.localhost\\\\Ubuntu\\\\'", "FileNotFoundError: [WinError 3] El sistema no puede encontrar la ruta especificada: '\\\\\\\\?\\\\\\\\wsl.localhost\\\\Ubuntu\\\\'", "FileNotFoundError: [WinError 3] El sistema no puede encontrar la ruta especificada: '\\\\\\\\?\\\\\\\\wsl.localhost\\\\Ubuntu\\\\'"], "n": 9, "ms_mediana": 1867.9, "determinista": true, "metrica": "acentos", "cer_pct": 100.0, "cer_acentos_pct": 100.0, "cer_ciego_pct": 100.0, "dist_acentos": 596, "texto": "docling-r6__ppp115__escaneado_d5.txt"}
[32m[INFO] 2026-08-31 20:12:31,544 [RapidOCR] base.py:23: Using engine_name: torch[0m
[32m[INFO] 2026-08-31 20:12:31,545 [RapidOCR] device_config.py:64: Using GPU device with ID: 0[0m
[32m[INFO] 2026-08-31 20:12:31,556 [RapidOCR] download_file.py:60: File exists and is valid: D:\Work\research\FileX\.venv-ai\Lib\site-packages\rapidocr\models\PP-OCRv6_det_small.pth[0m
[32m[INFO] 2026-08-31 20:12:31,557 [RapidOCR] main.py:50: Using D:\Work\research\FileX\.venv-ai\Lib\site-packages\rapidocr\models\PP-OCRv6_det_small.pth[0m
[32m[INFO] 2026-08-31 20:12:31,957 [RapidOCR] base.py:23: Using engine_name: torch[0m
[32m[INFO] 2026-08-31 20:12:31,958 [RapidOCR] device_config.py:64: Using GPU device with ID: 0[0m
[32m[INFO] 2026-08-31 20:12:31,959 [RapidOCR] download_file.py:60: File exists and is valid: D:\Work\research\FileX\.venv-ai\Lib\site-packages\rapidocr\models\ch_ptocr_mobile_v2.0_cls_mobile.pth[0m
[32m[INFO] 2026-08-31 20:12:31,959 [RapidOCR] main.py:50: Using D:\Work\research\FileX\.venv-ai\Lib\site-packages\rapidocr\models\ch_ptocr_mobile_v2.0_cls_mobile.pth[0m
[32m[INFO] 2026-08-31 20:12:32,378 [RapidOCR] base.py:23: Using engine_name: torch[0m
[32m[INFO] 2026-08-31 20:12:32,379 [RapidOCR] device_config.py:64: Using GPU device with ID: 0[0m
[32m[INFO] 2026-08-31 20:12:32,403 [RapidOCR] download_file.py:60: File exists and is valid: D:\Work\research\FileX\.venv-ai\Lib\site-packages\rapidocr\models\PP-OCRv6_rec_small.pth[0m
[32m[INFO] 2026-08-31 20:12:32,403 [RapidOCR] main.py:50: Using D:\Work\research\FileX\.venv-ai\Lib\site-packages\rapidocr\models\PP-OCRv6_rec_small.pth[0m
[32m[INFO] 2026-08-31 20:12:33,819 [RapidOCR] base.py:23: Using engine_name: torch[0m
[32m[INFO] 2026-08-31 20:12:33,820 [RapidOCR] device_config.py:64: Using GPU device with ID: 0[0m
[32m[INFO] 2026-08-31 20:12:33,832 [RapidOCR] download_file.py:60: File exists and is valid: D:\Work\research\FileX\.venv-ai\Lib\site-packages\rapidocr\models\PP-OCRv6_det_small.pth[0m
[32m[INFO] 2026-08-31 20:12:33,833 [RapidOCR] main.py:50: Using D:\Work\research\FileX\.venv-ai\Lib\site-packages\rapidocr\models\PP-OCRv6_det_small.pth[0m
[32m[INFO] 2026-08-31 20:12:34,217 [RapidOCR] base.py:23: Using engine_name: torch[0m
[32m[INFO] 2026-08-31 20:12:34,218 [RapidOCR] device_config.py:64: Using GPU device with ID: 0[0m
[32m[INFO] 2026-08-31 20:12:34,219 [RapidOCR] download_file.py:60: File exists and is valid: D:\Work\research\FileX\.venv-ai\Lib\site-packages\rapidocr\models\ch_ptocr_mobile_v2.0_cls_mobile.pth[0m
[32m[INFO] 2026-08-31 20:12:34,219 [RapidOCR] main.py:50: Using D:\Work\research\FileX\.venv-ai\Lib\site-packages\rapidocr\models\ch_ptocr_mobile_v2.0_cls_mobile.pth[0m
[32m[INFO] 2026-08-31 20:12:34,506 [RapidOCR] base.py:23: Using engine_name: torch[0m
[32m[INFO] 2026-08-31 20:12:34,508 [RapidOCR] device_config.py:64: Using GPU device with ID: 0[0m
[32m[INFO] 2026-08-31 20:12:34,542 [RapidOCR] download_file.py:60: File exists and is valid: D:\Work\research\FileX\.venv-ai\Lib\site-packages\rapidocr\models\PP-OCRv6_rec_small.pth[0m
[32m[INFO] 2026-08-31 20:12:34,542 [RapidOCR] main.py:50: Using D:\Work\research\FileX\.venv-ai\Lib\site-packages\rapidocr\models\PP-OCRv6_rec_small.pth[0m
[32m[INFO] 2026-08-31 20:12:36,267 [RapidOCR] base.py:23: Using engine_name: torch[0m
[32m[INFO] 2026-08-31 20:12:36,268 [RapidOCR] device_config.py:64: Using GPU device with ID: 0[0m
[32m[INFO] 2026-08-31 20:12:36,289 [RapidOCR] download_file.py:60: File exists and is valid: D:\Work\research\FileX\.venv-ai\Lib\site-packages\rapidocr\models\PP-OCRv6_det_small.pth[0m
[32m[INFO] 2026-08-31 20:12:36,290 [RapidOCR] main.py:50: Using D:\Work\research\FileX\.venv-ai\Lib\site-packages\rapidocr\models\PP-OCRv6_det_small.pth[0m
[32m[INFO] 2026-08-31 20:12:37,038 [RapidOCR] base.py:23: Using engine_name: torch[0m
[32m[INFO] 2026-08-31 20:12:37,039 [RapidOCR] device_config.py:64: Using GPU device with ID: 0[0m
[32m[INFO] 2026-08-31 20:12:37,040 [RapidOCR] download_file.py:60: File exists and is valid: D:\Work\research\FileX\.venv-ai\Lib\site-packages\rapidocr\models\ch_ptocr_mobile_v2.0_cls_mobile.pth[0m
[32m[INFO] 2026-08-31 20:12:37,040 [RapidOCR] main.py:50: Using D:\Work\research\FileX\.venv-ai\Lib\site-packages\rapidocr\models\ch_ptocr_mobile_v2.0_cls_mobile.pth[0m
[32m[INFO] 2026-08-31 20:12:37,254 [RapidOCR] base.py:23: Using engine_name: torch[0m
[32m[INFO] 2026-08-31 20:12:37,255 [RapidOCR] device_config.py:64: Using GPU device with ID: 0[0m
[32m[INFO] 2026-08-31 20:12:37,284 [RapidOCR] download_file.py:60: File exists and is valid: D:\Work\research\FileX\.venv-ai\Lib\site-packages\rapidocr\models\PP-OCRv6_rec_small.pth[0m
[32m[INFO] 2026-08-31 20:12:37,284 [RapidOCR] main.py:50: Using D:\Work\research\FileX\.venv-ai\Lib\site-packages\rapidocr\models\PP-OCRv6_rec_small.pth[0m
[32m[INFO] 2026-08-31 20:12:39,222 [RapidOCR] base.py:23: Using engine_name: torch[0m
[32m[INFO] 2026-08-31 20:12:39,223 [RapidOCR] device_config.py:64: Using GPU device with ID: 0[0m
[32m[INFO] 2026-08-31 20:12:39,237 [RapidOCR] download_file.py:60: File exists and is valid: D:\Work\research\FileX\.venv-ai\Lib\site-packages\rapidocr\models\PP-OCRv6_det_small.pth[0m
[32m[INFO] 2026-08-31 20:12:39,238 [RapidOCR] main.py:50: Using D:\Work\research\FileX\.venv-ai\Lib\site-packages\rapidocr\models\PP-OCRv6_det_small.pth[0m
[32m[INFO] 2026-08-31 20:12:39,695 [RapidOCR] base.py:23: Using engine_name: torch[0m
[32m[INFO] 2026-08-31 20:12:39,696 [RapidOCR] device_config.py:64: Using GPU device with ID: 0[0m
[32m[INFO] 2026-08-31 20:12:39,697 [RapidOCR] download_file.py:60: File exists and is valid: D:\Work\research\FileX\.venv-ai\Lib\site-packages\rapidocr\models\ch_ptocr_mobile_v2.0_cls_mobile.pth[0m
[32m[INFO] 2026-08-31 20:12:39,697 [RapidOCR] main.py:50: Using D:\Work\research\FileX\.venv-ai\Lib\site-packages\rapidocr\models\ch_ptocr_mobile_v2.0_cls_mobile.pth[0m
[32m[INFO] 2026-08-31 20:12:39,944 [RapidOCR] base.py:23: Using engine_name: torch[0m
[32m[INFO] 2026-08-31 20:12:39,945 [RapidOCR] device_config.py:64: Using GPU device with ID: 0[0m
[32m[INFO] 2026-08-31 20:12:39,969 [RapidOCR] download_file.py:60: File exists and is valid: D:\Work\research\FileX\.venv-ai\Lib\site-packages\rapidocr\models\PP-OCRv6_rec_small.pth[0m
[32m[INFO] 2026-08-31 20:12:39,969 [RapidOCR] main.py:50: Using D:\Work\research\FileX\.venv-ai\Lib\site-packages\rapidocr\models\PP-OCRv6_rec_small.pth[0m
[32m[INFO] 2026-08-31 20:12:41,436 [RapidOCR] base.py:23: Using engine_name: torch[0m
[32m[INFO] 2026-08-31 20:12:41,438 [RapidOCR] device_config.py:64: Using GPU device with ID: 0[0m
[32m[INFO] 2026-08-31 20:12:41,450 [RapidOCR] download_file.py:60: File exists and is valid: D:\Work\research\FileX\.venv-ai\Lib\site-packages\rapidocr\models\PP-OCRv6_det_small.pth[0m
[32m[INFO] 2026-08-31 20:12:41,450 [RapidOCR] main.py:50: Using D:\Work\research\FileX\.venv-ai\Lib\site-packages\rapidocr\models\PP-OCRv6_det_small.pth[0m
[32m[INFO] 2026-08-31 20:12:41,788 [RapidOCR] base.py:23: Using engine_name: torch[0m
[32m[INFO] 2026-08-31 20:12:41,790 [RapidOCR] device_config.py:64: Using GPU device with ID: 0[0m
[32m[INFO] 2026-08-31 20:12:41,791 [RapidOCR] download_file.py:60: File exists and is valid: D:\Work\research\FileX\.venv-ai\Lib\site-packages\rapidocr\models\ch_ptocr_mobile_v2.0_cls_mobile.pth[0m
[32m[INFO] 2026-08-31 20:12:41,792 [RapidOCR] main.py:50: Using D:\Work\research\FileX\.venv-ai\Lib\site-packages\rapidocr\models\ch_ptocr_mobile_v2.0_cls_mobile.pth[0m
[32m[INFO] 2026-08-31 20:12:42,054 [RapidOCR] base.py:23: Using engine_name: torch[0m
[32m[INFO] 2026-08-31 20:12:42,055 [RapidOCR] device_config.py:64: Using GPU device with ID: 0[0m
[32m[INFO] 2026-08-31 20:12:42,077 [RapidOCR] download_file.py:60: File exists and is valid: D:\Work\research\FileX\.venv-ai\Lib\site-packages\rapidocr\models\PP-OCRv6_rec_small.pth[0m
[32m[INFO] 2026-08-31 20:12:42,077 [RapidOCR] main.py:50: Using D:\Work\research\FileX\.venv-ai\Lib\site-packages\rapidocr\models\PP-OCRv6_rec_small.pth[0m
[32m[INFO] 2026-08-31 20:12:43,555 [RapidOCR] base.py:23: Using engine_name: torch[0m
[32m[INFO] 2026-08-31 20:12:43,556 [RapidOCR] device_config.py:64: Using GPU device with ID: 0[0m
[32m[INFO] 2026-08-31 20:12:43,567 [RapidOCR] download_file.py:60: File exists and is valid: D:\Work\research\FileX\.venv-ai\Lib\site-packages\rapidocr\models\PP-OCRv6_det_small.pth[0m
[32m[INFO] 2026-08-31 20:12:43,567 [RapidOCR] main.py:50: Using D:\Work\research\FileX\.venv-ai\Lib\site-packages\rapidocr\models\PP-OCRv6_det_small.pth[0m
[32m[INFO] 2026-08-31 20:12:43,938 [RapidOCR] base.py:23: Using engine_name: torch[0m
[32m[INFO] 2026-08-31 20:12:43,938 [RapidOCR] device_config.py:64: Using GPU device with ID: 0[0m
[32m[INFO] 2026-08-31 20:12:43,940 [RapidOCR] download_file.py:60: File exists and is valid: D:\Work\research\FileX\.venv-ai\Lib\site-packages\rapidocr\models\ch_ptocr_mobile_v2.0_cls_mobile.pth[0m
[32m[INFO] 2026-08-31 20:12:43,940 [RapidOCR] main.py:50: Using D:\Work\research\FileX\.venv-ai\Lib\site-packages\rapidocr\models\ch_ptocr_mobile_v2.0_cls_mobile.pth[0m
[32m[INFO] 2026-08-31 20:12:44,450 [RapidOCR] base.py:23: Using engine_name: torch[0m
[32m[INFO] 2026-08-31 20:12:44,451 [RapidOCR] device_config.py:64: Using GPU device with ID: 0[0m
[32m[INFO] 2026-08-31 20:12:44,477 [RapidOCR] download_file.py:60: File exists and is valid: D:\Work\research\FileX\.venv-ai\Lib\site-packages\rapidocr\models\PP-OCRv6_rec_small.pth[0m
[32m[INFO] 2026-08-31 20:12:44,477 [RapidOCR] main.py:50: Using D:\Work\research\FileX\.venv-ai\Lib\site-packages\rapidocr\models\PP-OCRv6_rec_small.pth[0m
[32m[INFO] 2026-08-31 20:12:46,174 [RapidOCR] base.py:23: Using engine_name: torch[0m
[32m[INFO] 2026-08-31 20:12:46,175 [RapidOCR] device_config.py:64: Using GPU device with ID: 0[0m
[32m[INFO] 2026-08-31 20:12:46,189 [RapidOCR] download_file.py:60: File exists and is valid: D:\Work\research\FileX\.venv-ai\Lib\site-packages\rapidocr\models\PP-OCRv6_det_small.pth[0m
[32m[INFO] 2026-08-31 20:12:46,189 [RapidOCR] main.py:50: Using D:\Work\research\FileX\.venv-ai\Lib\site-packages\rapidocr\models\PP-OCRv6_det_small.pth[0m
[32m[INFO] 2026-08-31 20:12:46,704 [RapidOCR] base.py:23: Using engine_name: torch[0m
[32m[INFO] 2026-08-31 20:12:46,705 [RapidOCR] device_config.py:64: Using GPU device with ID: 0[0m
[32m[INFO] 2026-08-31 20:12:46,707 [RapidOCR] download_file.py:60: File exists and is valid: D:\Work\research\FileX\.venv-ai\Lib\site-packages\rapidocr\models\ch_ptocr_mobile_v2.0_cls_mobile.pth[0m
[32m[INFO] 2026-08-31 20:12:46,707 [RapidOCR] main.py:50: Using D:\Work\research\FileX\.venv-ai\Lib\site-packages\rapidocr\models\ch_ptocr_mobile_v2.0_cls_mobile.pth[0m
[32m[INFO] 2026-08-31 20:12:46,908 [RapidOCR] base.py:23: Using engine_name: torch[0m
[32m[INFO] 2026-08-31 20:12:46,909 [RapidOCR] device_config.py:64: Using GPU device with ID: 0[0m
[32m[INFO] 2026-08-31 20:12:46,931 [RapidOCR] download_file.py:60: File exists and is valid: D:\Work\research\FileX\.venv-ai\Lib\site-packages\rapidocr\models\PP-OCRv6_rec_small.pth[0m
[32m[INFO] 2026-08-31 20:12:46,932 [RapidOCR] main.py:50: Using D:\Work\research\FileX\.venv-ai\Lib\site-packages\rapidocr\models\PP-OCRv6_rec_small.pth[0m
[32m[INFO] 2026-08-31 20:12:48,418 [RapidOCR] base.py:23: Using engine_name: torch[0m
[32m[INFO] 2026-08-31 20:12:48,419 [RapidOCR] device_config.py:64: Using GPU device with ID: 0[0m
[32m[INFO] 2026-08-31 20:12:48,430 [RapidOCR] download_file.py:60: File exists and is valid: D:\Work\research\FileX\.venv-ai\Lib\site-packages\rapidocr\models\PP-OCRv6_det_small.pth[0m
[32m[INFO] 2026-08-31 20:12:48,430 [RapidOCR] main.py:50: Using D:\Work\research\FileX\.venv-ai\Lib\site-packages\rapidocr\models\PP-OCRv6_det_small.pth[0m
[32m[INFO] 2026-08-31 20:12:48,813 [RapidOCR] base.py:23: Using engine_name: torch[0m
[32m[INFO] 2026-08-31 20:12:48,814 [RapidOCR] device_config.py:64: Using GPU device with ID: 0[0m
[32m[INFO] 2026-08-31 20:12:48,815 [RapidOCR] download_file.py:60: File exists and is valid: D:\Work\research\FileX\.venv-ai\Lib\site-packages\rapidocr\models\ch_ptocr_mobile_v2.0_cls_mobile.pth[0m
[32m[INFO] 2026-08-31 20:12:48,815 [RapidOCR] main.py:50: Using D:\Work\research\FileX\.venv-ai\Lib\site-packages\rapidocr\models\ch_ptocr_mobile_v2.0_cls_mobile.pth[0m
[32m[INFO] 2026-08-31 20:12:49,025 [RapidOCR] base.py:23: Using engine_name: torch[0m
[32m[INFO] 2026-08-31 20:12:49,026 [RapidOCR] device_config.py:64: Using GPU device with ID: 0[0m
[32m[INFO] 2026-08-31 20:12:49,048 [RapidOCR] download_file.py:60: File exists and is valid: D:\Work\research\FileX\.venv-ai\Lib\site-packages\rapidocr\models\PP-OCRv6_rec_small.pth[0m
[32m[INFO] 2026-08-31 20:12:49,049 [RapidOCR] main.py:50: Using D:\Work\research\FileX\.venv-ai\Lib\site-packages\rapidocr\models\PP-OCRv6_rec_small.pth[0m
[32m[INFO] 2026-08-31 20:12:50,967 [RapidOCR] base.py:23: Using engine_name: torch[0m
[32m[INFO] 2026-08-31 20:12:50,968 [RapidOCR] device_config.py:64: Using GPU device with ID: 0[0m
[32m[INFO] 2026-08-31 20:12:50,980 [RapidOCR] download_file.py:60: File exists and is valid: D:\Work\research\FileX\.venv-ai\Lib\site-packages\rapidocr\models\PP-OCRv6_det_small.pth[0m
[32m[INFO] 2026-08-31 20:12:50,981 [RapidOCR] main.py:50: Using D:\Work\research\FileX\.venv-ai\Lib\site-packages\rapidocr\models\PP-OCRv6_det_small.pth[0m
[32m[INFO] 2026-08-31 20:12:51,332 [RapidOCR] base.py:23: Using engine_name: torch[0m
[32m[INFO] 2026-08-31 20:12:51,333 [RapidOCR] device_config.py:64: Using GPU device with ID: 0[0m
[32m[INFO] 2026-08-31 20:12:51,334 [RapidOCR] download_file.py:60: File exists and is valid: D:\Work\research\FileX\.venv-ai\Lib\site-packages\rapidocr\models\ch_ptocr_mobile_v2.0_cls_mobile.pth[0m
[32m[INFO] 2026-08-31 20:12:51,334 [RapidOCR] main.py:50: Using D:\Work\research\FileX\.venv-ai\Lib\site-packages\rapidocr\models\ch_ptocr_mobile_v2.0_cls_mobile.pth[0m
[32m[INFO] 2026-08-31 20:12:51,530 [RapidOCR] base.py:23: Using engine_name: torch[0m
[32m[INFO] 2026-08-31 20:12:51,531 [RapidOCR] device_config.py:64: Using GPU device with ID: 0[0m
[32m[INFO] 2026-08-31 20:12:51,559 [RapidOCR] download_file.py:60: File exists and is valid: D:\Work\research\FileX\.venv-ai\Lib\site-packages\rapidocr\models\PP-OCRv6_rec_small.pth[0m
[32m[INFO] 2026-08-31 20:12:51,559 [RapidOCR] main.py:50: Using D:\Work\research\FileX\.venv-ai\Lib\site-packages\rapidocr\models\PP-OCRv6_rec_small.pth[0m
[32m[INFO] 2026-08-31 20:12:53,387 [RapidOCR] base.py:23: Using engine_name: torch[0m
[32m[INFO] 2026-08-31 20:12:53,388 [RapidOCR] device_config.py:64: Using GPU device with ID: 0[0m
[32m[INFO] 2026-08-31 20:12:53,401 [RapidOCR] download_file.py:60: File exists and is valid: D:\Work\research\FileX\.venv-ai\Lib\site-packages\rapidocr\models\PP-OCRv6_det_small.pth[0m
[32m[INFO] 2026-08-31 20:12:53,401 [RapidOCR] main.py:50: Using D:\Work\research\FileX\.venv-ai\Lib\site-packages\rapidocr\models\PP-OCRv6_det_small.pth[0m
[32m[INFO] 2026-08-31 20:12:53,830 [RapidOCR] base.py:23: Using engine_name: torch[0m
[32m[INFO] 2026-08-31 20:12:53,830 [RapidOCR] device_config.py:64: Using GPU device with ID: 0[0m
[32m[INFO] 2026-08-31 20:12:53,832 [RapidOCR] download_file.py:60: File exists and is valid: D:\Work\research\FileX\.venv-ai\Lib\site-packages\rapidocr\models\ch_ptocr_mobile_v2.0_cls_mobile.pth[0m
[32m[INFO] 2026-08-31 20:12:53,832 [RapidOCR] main.py:50: Using D:\Work\research\FileX\.venv-ai\Lib\site-packages\rapidocr\models\ch_ptocr_mobile_v2.0_cls_mobile.pth[0m
[32m[INFO] 2026-08-31 20:12:54,149 [RapidOCR] base.py:23: Using engine_name: torch[0m
[32m[INFO] 2026-08-31 20:12:54,151 [RapidOCR] device_config.py:64: Using GPU device with ID: 0[0m
[32m[INFO] 2026-08-31 20:12:54,195 [RapidOCR] download_file.py:60: File exists and is valid: D:\Work\research\FileX\.venv-ai\Lib\site-packages\rapidocr\models\PP-OCRv6_rec_small.pth[0m
[32m[INFO] 2026-08-31 20:12:54,196 [RapidOCR] main.py:50: Using D:\Work\research\FileX\.venv-ai\Lib\site-packages\rapidocr\models\PP-OCRv6_rec_small.pth[0m
{"config": "docling-r6", "doc": "escaneado_d5", "ppp_nativo": 72, "ppp": 120, "factor": 1.667, "png": "ppp120__escaneado_d5.png", "png_identify": "775x1060 47.24000000000000199,47.24000000000000199 PixelsPerCentimeter", "preflight": {"vram_libre_mib": 8495, "mpx_actual": 0.822, "mpx_pendiente_ordenada": 0}, "entrada": "PDF via Docling; scale explicita", "dispositivo": "GPU CUDA", "rc": [1, 1, 1, 1, 1, 1, 1, 1, 1], "error": ["FileNotFoundError: [WinError 3] El sistema no puede encontrar la ruta especificada: '\\\\\\\\?\\\\\\\\wsl.localhost\\\\Ubuntu\\\\'", "FileNotFoundError: [WinError 3] El sistema no puede encontrar la ruta especificada: '\\\\\\\\?\\\\\\\\wsl.localhost\\\\Ubuntu\\\\'", "FileNotFoundError: [WinError 3] El sistema no puede encontrar la ruta especificada: '\\\\\\\\?\\\\\\\\wsl.localhost\\\\Ubuntu\\\\'", "FileNotFoundError: [WinError 3] El sistema no puede encontrar la ruta especificada: '\\\\\\\\?\\\\\\\\wsl.localhost\\\\Ubuntu\\\\'", "FileNotFoundError: [WinError 3] El sistema no puede encontrar la ruta especificada: '\\\\\\\\?\\\\\\\\wsl.localhost\\\\Ubuntu\\\\'", "FileNotFoundError: [WinError 3] El sistema no puede encontrar la ruta especificada: '\\\\\\\\?\\\\\\\\wsl.localhost\\\\Ubuntu\\\\'", "FileNotFoundError: [WinError 3] El sistema no puede encontrar la ruta especificada: '\\\\\\\\?\\\\\\\\wsl.localhost\\\\Ubuntu\\\\'", "FileNotFoundError: [WinError 3] El sistema no puede encontrar la ruta especificada: '\\\\\\\\?\\\\\\\\wsl.localhost\\\\Ubuntu\\\\'", "FileNotFoundError: [WinError 3] El sistema no puede encontrar la ruta especificada: '\\\\\\\\?\\\\\\\\wsl.localhost\\\\Ubuntu\\\\'"], "n": 9, "ms_mediana": 2451.2, "determinista": true, "metrica": "acentos", "cer_pct": 100.0, "cer_acentos_pct": 100.0, "cer_ciego_pct": 100.0, "dist_acentos": 596, "texto": "docling-r6__ppp120__escaneado_d5.txt"}
[32m[INFO] 2026-08-31 20:12:56,449 [RapidOCR] base.py:23: Using engine_name: torch[0m
[32m[INFO] 2026-08-31 20:12:56,451 [RapidOCR] device_config.py:64: Using GPU device with ID: 0[0m
[32m[INFO] 2026-08-31 20:12:56,466 [RapidOCR] download_file.py:60: File exists and is valid: D:\Work\research\FileX\.venv-ai\Lib\site-packages\rapidocr\models\PP-OCRv6_det_small.pth[0m
[32m[INFO] 2026-08-31 20:12:56,466 [RapidOCR] main.py:50: Using D:\Work\research\FileX\.venv-ai\Lib\site-packages\rapidocr\models\PP-OCRv6_det_small.pth[0m
[32m[INFO] 2026-08-31 20:12:56,867 [RapidOCR] base.py:23: Using engine_name: torch[0m
[32m[INFO] 2026-08-31 20:12:56,868 [RapidOCR] device_config.py:64: Using GPU device with ID: 0[0m
[32m[INFO] 2026-08-31 20:12:56,869 [RapidOCR] download_file.py:60: File exists and is valid: D:\Work\research\FileX\.venv-ai\Lib\site-packages\rapidocr\models\ch_ptocr_mobile_v2.0_cls_mobile.pth[0m
[32m[INFO] 2026-08-31 20:12:56,869 [RapidOCR] main.py:50: Using D:\Work\research\FileX\.venv-ai\Lib\site-packages\rapidocr\models\ch_ptocr_mobile_v2.0_cls_mobile.pth[0m
[32m[INFO] 2026-08-31 20:12:57,092 [RapidOCR] base.py:23: Using engine_name: torch[0m
[32m[INFO] 2026-08-31 20:12:57,093 [RapidOCR] device_config.py:64: Using GPU device with ID: 0[0m
[32m[INFO] 2026-08-31 20:12:57,123 [RapidOCR] download_file.py:60: File exists and is valid: D:\Work\research\FileX\.venv-ai\Lib\site-packages\rapidocr\models\PP-OCRv6_rec_small.pth[0m
[32m[INFO] 2026-08-31 20:12:57,123 [RapidOCR] main.py:50: Using D:\Work\research\FileX\.venv-ai\Lib\site-packages\rapidocr\models\PP-OCRv6_rec_small.pth[0m
[32m[INFO] 2026-08-31 20:12:58,682 [RapidOCR] base.py:23: Using engine_name: torch[0m
[32m[INFO] 2026-08-31 20:12:58,684 [RapidOCR] device_config.py:64: Using GPU device with ID: 0[0m
[32m[INFO] 2026-08-31 20:12:58,693 [RapidOCR] download_file.py:60: File exists and is valid: D:\Work\research\FileX\.venv-ai\Lib\site-packages\rapidocr\models\PP-OCRv6_det_small.pth[0m
[32m[INFO] 2026-08-31 20:12:58,694 [RapidOCR] main.py:50: Using D:\Work\research\FileX\.venv-ai\Lib\site-packages\rapidocr\models\PP-OCRv6_det_small.pth[0m
[32m[INFO] 2026-08-31 20:12:59,074 [RapidOCR] base.py:23: Using engine_name: torch[0m
[32m[INFO] 2026-08-31 20:12:59,074 [RapidOCR] device_config.py:64: Using GPU device with ID: 0[0m
[32m[INFO] 2026-08-31 20:12:59,078 [RapidOCR] download_file.py:60: File exists and is valid: D:\Work\research\FileX\.venv-ai\Lib\site-packages\rapidocr\models\ch_ptocr_mobile_v2.0_cls_mobile.pth[0m
[32m[INFO] 2026-08-31 20:12:59,079 [RapidOCR] main.py:50: Using D:\Work\research\FileX\.venv-ai\Lib\site-packages\rapidocr\models\ch_ptocr_mobile_v2.0_cls_mobile.pth[0m
[32m[INFO] 2026-08-31 20:12:59,316 [RapidOCR] base.py:23: Using engine_name: torch[0m
[32m[INFO] 2026-08-31 20:12:59,317 [RapidOCR] device_config.py:64: Using GPU device with ID: 0[0m
[32m[INFO] 2026-08-31 20:12:59,339 [RapidOCR] download_file.py:60: File exists and is valid: D:\Work\research\FileX\.venv-ai\Lib\site-packages\rapidocr\models\PP-OCRv6_rec_small.pth[0m
[32m[INFO] 2026-08-31 20:12:59,339 [RapidOCR] main.py:50: Using D:\Work\research\FileX\.venv-ai\Lib\site-packages\rapidocr\models\PP-OCRv6_rec_small.pth[0m
[32m[INFO] 2026-08-31 20:13:00,934 [RapidOCR] base.py:23: Using engine_name: torch[0m
[32m[INFO] 2026-08-31 20:13:00,934 [RapidOCR] device_config.py:64: Using GPU device with ID: 0[0m
[32m[INFO] 2026-08-31 20:13:00,946 [RapidOCR] download_file.py:60: File exists and is valid: D:\Work\research\FileX\.venv-ai\Lib\site-packages\rapidocr\models\PP-OCRv6_det_small.pth[0m
[32m[INFO] 2026-08-31 20:13:00,947 [RapidOCR] main.py:50: Using D:\Work\research\FileX\.venv-ai\Lib\site-packages\rapidocr\models\PP-OCRv6_det_small.pth[0m
[32m[INFO] 2026-08-31 20:13:01,285 [RapidOCR] base.py:23: Using engine_name: torch[0m
[32m[INFO] 2026-08-31 20:13:01,286 [RapidOCR] device_config.py:64: Using GPU device with ID: 0[0m
[32m[INFO] 2026-08-31 20:13:01,288 [RapidOCR] download_file.py:60: File exists and is valid: D:\Work\research\FileX\.venv-ai\Lib\site-packages\rapidocr\models\ch_ptocr_mobile_v2.0_cls_mobile.pth[0m
[32m[INFO] 2026-08-31 20:13:01,288 [RapidOCR] main.py:50: Using D:\Work\research\FileX\.venv-ai\Lib\site-packages\rapidocr\models\ch_ptocr_mobile_v2.0_cls_mobile.pth[0m
[32m[INFO] 2026-08-31 20:13:01,492 [RapidOCR] base.py:23: Using engine_name: torch[0m
[32m[INFO] 2026-08-31 20:13:01,492 [RapidOCR] device_config.py:64: Using GPU device with ID: 0[0m
[32m[INFO] 2026-08-31 20:13:01,513 [RapidOCR] download_file.py:60: File exists and is valid: D:\Work\research\FileX\.venv-ai\Lib\site-packages\rapidocr\models\PP-OCRv6_rec_small.pth[0m
[32m[INFO] 2026-08-31 20:13:01,514 [RapidOCR] main.py:50: Using D:\Work\research\FileX\.venv-ai\Lib\site-packages\rapidocr\models\PP-OCRv6_rec_small.pth[0m
[32m[INFO] 2026-08-31 20:13:02,852 [RapidOCR] base.py:23: Using engine_name: torch[0m
[32m[INFO] 2026-08-31 20:13:02,853 [RapidOCR] device_config.py:64: Using GPU device with ID: 0[0m
[32m[INFO] 2026-08-31 20:13:02,864 [RapidOCR] download_file.py:60: File exists and is valid: D:\Work\research\FileX\.venv-ai\Lib\site-packages\rapidocr\models\PP-OCRv6_det_small.pth[0m
[32m[INFO] 2026-08-31 20:13:02,864 [RapidOCR] main.py:50: Using D:\Work\research\FileX\.venv-ai\Lib\site-packages\rapidocr\models\PP-OCRv6_det_small.pth[0m
[32m[INFO] 2026-08-31 20:13:03,185 [RapidOCR] base.py:23: Using engine_name: torch[0m
[32m[INFO] 2026-08-31 20:13:03,186 [RapidOCR] device_config.py:64: Using GPU device with ID: 0[0m
[32m[INFO] 2026-08-31 20:13:03,189 [RapidOCR] download_file.py:60: File exists and is valid: D:\Work\research\FileX\.venv-ai\Lib\site-packages\rapidocr\models\ch_ptocr_mobile_v2.0_cls_mobile.pth[0m
[32m[INFO] 2026-08-31 20:13:03,189 [RapidOCR] main.py:50: Using D:\Work\research\FileX\.venv-ai\Lib\site-packages\rapidocr\models\ch_ptocr_mobile_v2.0_cls_mobile.pth[0m
[32m[INFO] 2026-08-31 20:13:03,393 [RapidOCR] base.py:23: Using engine_name: torch[0m
[32m[INFO] 2026-08-31 20:13:03,394 [RapidOCR] device_config.py:64: Using GPU device with ID: 0[0m
[32m[INFO] 2026-08-31 20:13:03,421 [RapidOCR] download_file.py:60: File exists and is valid: D:\Work\research\FileX\.venv-ai\Lib\site-packages\rapidocr\models\PP-OCRv6_rec_small.pth[0m
[32m[INFO] 2026-08-31 20:13:03,421 [RapidOCR] main.py:50: Using D:\Work\research\FileX\.venv-ai\Lib\site-packages\rapidocr\models\PP-OCRv6_rec_small.pth[0m
[32m[INFO] 2026-08-31 20:13:04,817 [RapidOCR] base.py:23: Using engine_name: torch[0m
[32m[INFO] 2026-08-31 20:13:04,817 [RapidOCR] device_config.py:64: Using GPU device with ID: 0[0m
[32m[INFO] 2026-08-31 20:13:04,827 [RapidOCR] download_file.py:60: File exists and is valid: D:\Work\research\FileX\.venv-ai\Lib\site-packages\rapidocr\models\PP-OCRv6_det_small.pth[0m
[32m[INFO] 2026-08-31 20:13:04,828 [RapidOCR] main.py:50: Using D:\Work\research\FileX\.venv-ai\Lib\site-packages\rapidocr\models\PP-OCRv6_det_small.pth[0m
[32m[INFO] 2026-08-31 20:13:05,121 [RapidOCR] base.py:23: Using engine_name: torch[0m
[32m[INFO] 2026-08-31 20:13:05,122 [RapidOCR] device_config.py:64: Using GPU device with ID: 0[0m
[32m[INFO] 2026-08-31 20:13:05,123 [RapidOCR] download_file.py:60: File exists and is valid: D:\Work\research\FileX\.venv-ai\Lib\site-packages\rapidocr\models\ch_ptocr_mobile_v2.0_cls_mobile.pth[0m
[32m[INFO] 2026-08-31 20:13:05,124 [RapidOCR] main.py:50: Using D:\Work\research\FileX\.venv-ai\Lib\site-packages\rapidocr\models\ch_ptocr_mobile_v2.0_cls_mobile.pth[0m
[32m[INFO] 2026-08-31 20:13:05,289 [RapidOCR] base.py:23: Using engine_name: torch[0m
[32m[INFO] 2026-08-31 20:13:05,290 [RapidOCR] device_config.py:64: Using GPU device with ID: 0[0m
[32m[INFO] 2026-08-31 20:13:05,315 [RapidOCR] download_file.py:60: File exists and is valid: D:\Work\research\FileX\.venv-ai\Lib\site-packages\rapidocr\models\PP-OCRv6_rec_small.pth[0m
[32m[INFO] 2026-08-31 20:13:05,315 [RapidOCR] main.py:50: Using D:\Work\research\FileX\.venv-ai\Lib\site-packages\rapidocr\models\PP-OCRv6_rec_small.pth[0m
[32m[INFO] 2026-08-31 20:13:06,517 [RapidOCR] base.py:23: Using engine_name: torch[0m
[32m[INFO] 2026-08-31 20:13:06,517 [RapidOCR] device_config.py:64: Using GPU device with ID: 0[0m
[32m[INFO] 2026-08-31 20:13:06,526 [RapidOCR] download_file.py:60: File exists and is valid: D:\Work\research\FileX\.venv-ai\Lib\site-packages\rapidocr\models\PP-OCRv6_det_small.pth[0m
[32m[INFO] 2026-08-31 20:13:06,526 [RapidOCR] main.py:50: Using D:\Work\research\FileX\.venv-ai\Lib\site-packages\rapidocr\models\PP-OCRv6_det_small.pth[0m
[32m[INFO] 2026-08-31 20:13:07,041 [RapidOCR] base.py:23: Using engine_name: torch[0m
[32m[INFO] 2026-08-31 20:13:07,041 [RapidOCR] device_config.py:64: Using GPU device with ID: 0[0m
[32m[INFO] 2026-08-31 20:13:07,042 [RapidOCR] download_file.py:60: File exists and is valid: D:\Work\research\FileX\.venv-ai\Lib\site-packages\rapidocr\models\ch_ptocr_mobile_v2.0_cls_mobile.pth[0m
[32m[INFO] 2026-08-31 20:13:07,042 [RapidOCR] main.py:50: Using D:\Work\research\FileX\.venv-ai\Lib\site-packages\rapidocr\models\ch_ptocr_mobile_v2.0_cls_mobile.pth[0m
[32m[INFO] 2026-08-31 20:13:07,213 [RapidOCR] base.py:23: Using engine_name: torch[0m
[32m[INFO] 2026-08-31 20:13:07,213 [RapidOCR] device_config.py:64: Using GPU device with ID: 0[0m
[32m[INFO] 2026-08-31 20:13:07,235 [RapidOCR] download_file.py:60: File exists and is valid: D:\Work\research\FileX\.venv-ai\Lib\site-packages\rapidocr\models\PP-OCRv6_rec_small.pth[0m
[32m[INFO] 2026-08-31 20:13:07,236 [RapidOCR] main.py:50: Using D:\Work\research\FileX\.venv-ai\Lib\site-packages\rapidocr\models\PP-OCRv6_rec_small.pth[0m
[32m[INFO] 2026-08-31 20:13:08,551 [RapidOCR] base.py:23: Using engine_name: torch[0m
[32m[INFO] 2026-08-31 20:13:08,552 [RapidOCR] device_config.py:64: Using GPU device with ID: 0[0m
[32m[INFO] 2026-08-31 20:13:08,562 [RapidOCR] download_file.py:60: File exists and is valid: D:\Work\research\FileX\.venv-ai\Lib\site-packages\rapidocr\models\PP-OCRv6_det_small.pth[0m
[32m[INFO] 2026-08-31 20:13:08,562 [RapidOCR] main.py:50: Using D:\Work\research\FileX\.venv-ai\Lib\site-packages\rapidocr\models\PP-OCRv6_det_small.pth[0m
[32m[INFO] 2026-08-31 20:13:08,910 [RapidOCR] base.py:23: Using engine_name: torch[0m
[32m[INFO] 2026-08-31 20:13:08,911 [RapidOCR] device_config.py:64: Using GPU device with ID: 0[0m
[32m[INFO] 2026-08-31 20:13:08,912 [RapidOCR] download_file.py:60: File exists and is valid: D:\Work\research\FileX\.venv-ai\Lib\site-packages\rapidocr\models\ch_ptocr_mobile_v2.0_cls_mobile.pth[0m
[32m[INFO] 2026-08-31 20:13:08,912 [RapidOCR] main.py:50: Using D:\Work\research\FileX\.venv-ai\Lib\site-packages\rapidocr\models\ch_ptocr_mobile_v2.0_cls_mobile.pth[0m
[32m[INFO] 2026-08-31 20:13:09,113 [RapidOCR] base.py:23: Using engine_name: torch[0m
[32m[INFO] 2026-08-31 20:13:09,114 [RapidOCR] device_config.py:64: Using GPU device with ID: 0[0m
[32m[INFO] 2026-08-31 20:13:09,134 [RapidOCR] download_file.py:60: File exists and is valid: D:\Work\research\FileX\.venv-ai\Lib\site-packages\rapidocr\models\PP-OCRv6_rec_small.pth[0m
[32m[INFO] 2026-08-31 20:13:09,134 [RapidOCR] main.py:50: Using D:\Work\research\FileX\.venv-ai\Lib\site-packages\rapidocr\models\PP-OCRv6_rec_small.pth[0m
[32m[INFO] 2026-08-31 20:13:10,414 [RapidOCR] base.py:23: Using engine_name: torch[0m
[32m[INFO] 2026-08-31 20:13:10,415 [RapidOCR] device_config.py:64: Using GPU device with ID: 0[0m
[32m[INFO] 2026-08-31 20:13:10,425 [RapidOCR] download_file.py:60: File exists and is valid: D:\Work\research\FileX\.venv-ai\Lib\site-packages\rapidocr\models\PP-OCRv6_det_small.pth[0m
[32m[INFO] 2026-08-31 20:13:10,426 [RapidOCR] main.py:50: Using D:\Work\research\FileX\.venv-ai\Lib\site-packages\rapidocr\models\PP-OCRv6_det_small.pth[0m
[32m[INFO] 2026-08-31 20:13:10,772 [RapidOCR] base.py:23: Using engine_name: torch[0m
[32m[INFO] 2026-08-31 20:13:10,773 [RapidOCR] device_config.py:64: Using GPU device with ID: 0[0m
[32m[INFO] 2026-08-31 20:13:10,775 [RapidOCR] download_file.py:60: File exists and is valid: D:\Work\research\FileX\.venv-ai\Lib\site-packages\rapidocr\models\ch_ptocr_mobile_v2.0_cls_mobile.pth[0m
[32m[INFO] 2026-08-31 20:13:10,775 [RapidOCR] main.py:50: Using D:\Work\research\FileX\.venv-ai\Lib\site-packages\rapidocr\models\ch_ptocr_mobile_v2.0_cls_mobile.pth[0m
[32m[INFO] 2026-08-31 20:13:10,964 [RapidOCR] base.py:23: Using engine_name: torch[0m
[32m[INFO] 2026-08-31 20:13:10,965 [RapidOCR] device_config.py:64: Using GPU device with ID: 0[0m
[32m[INFO] 2026-08-31 20:13:10,985 [RapidOCR] download_file.py:60: File exists and is valid: D:\Work\research\FileX\.venv-ai\Lib\site-packages\rapidocr\models\PP-OCRv6_rec_small.pth[0m
[32m[INFO] 2026-08-31 20:13:10,985 [RapidOCR] main.py:50: Using D:\Work\research\FileX\.venv-ai\Lib\site-packages\rapidocr\models\PP-OCRv6_rec_small.pth[0m
[32m[INFO] 2026-08-31 20:13:12,335 [RapidOCR] base.py:23: Using engine_name: torch[0m
[32m[INFO] 2026-08-31 20:13:12,339 [RapidOCR] device_config.py:64: Using GPU device with ID: 0[0m
[32m[INFO] 2026-08-31 20:13:12,352 [RapidOCR] download_file.py:60: File exists and is valid: D:\Work\research\FileX\.venv-ai\Lib\site-packages\rapidocr\models\PP-OCRv6_det_small.pth[0m
[32m[INFO] 2026-08-31 20:13:12,353 [RapidOCR] main.py:50: Using D:\Work\research\FileX\.venv-ai\Lib\site-packages\rapidocr\models\PP-OCRv6_det_small.pth[0m
[32m[INFO] 2026-08-31 20:13:12,933 [RapidOCR] base.py:23: Using engine_name: torch[0m
[32m[INFO] 2026-08-31 20:13:12,933 [RapidOCR] device_config.py:64: Using GPU device with ID: 0[0m
[32m[INFO] 2026-08-31 20:13:12,935 [RapidOCR] download_file.py:60: File exists and is valid: D:\Work\research\FileX\.venv-ai\Lib\site-packages\rapidocr\models\ch_ptocr_mobile_v2.0_cls_mobile.pth[0m
[32m[INFO] 2026-08-31 20:13:12,935 [RapidOCR] main.py:50: Using D:\Work\research\FileX\.venv-ai\Lib\site-packages\rapidocr\models\ch_ptocr_mobile_v2.0_cls_mobile.pth[0m
[32m[INFO] 2026-08-31 20:13:13,171 [RapidOCR] base.py:23: Using engine_name: torch[0m
[32m[INFO] 2026-08-31 20:13:13,171 [RapidOCR] device_config.py:64: Using GPU device with ID: 0[0m
[32m[INFO] 2026-08-31 20:13:13,195 [RapidOCR] download_file.py:60: File exists and is valid: D:\Work\research\FileX\.venv-ai\Lib\site-packages\rapidocr\models\PP-OCRv6_rec_small.pth[0m
[32m[INFO] 2026-08-31 20:13:13,195 [RapidOCR] main.py:50: Using D:\Work\research\FileX\.venv-ai\Lib\site-packages\rapidocr\models\PP-OCRv6_rec_small.pth[0m
[32m[INFO] 2026-08-31 20:13:14,500 [RapidOCR] base.py:23: Using engine_name: torch[0m
[32m[INFO] 2026-08-31 20:13:14,500 [RapidOCR] device_config.py:64: Using GPU device with ID: 0[0m
[32m[INFO] 2026-08-31 20:13:14,510 [RapidOCR] download_file.py:60: File exists and is valid: D:\Work\research\FileX\.venv-ai\Lib\site-packages\rapidocr\models\PP-OCRv6_det_small.pth[0m
[32m[INFO] 2026-08-31 20:13:14,511 [RapidOCR] main.py:50: Using D:\Work\research\FileX\.venv-ai\Lib\site-packages\rapidocr\models\PP-OCRv6_det_small.pth[0m
[32m[INFO] 2026-08-31 20:13:14,829 [RapidOCR] base.py:23: Using engine_name: torch[0m
[32m[INFO] 2026-08-31 20:13:14,830 [RapidOCR] device_config.py:64: Using GPU device with ID: 0[0m
[32m[INFO] 2026-08-31 20:13:14,831 [RapidOCR] download_file.py:60: File exists and is valid: D:\Work\research\FileX\.venv-ai\Lib\site-packages\rapidocr\models\ch_ptocr_mobile_v2.0_cls_mobile.pth[0m
[32m[INFO] 2026-08-31 20:13:14,831 [RapidOCR] main.py:50: Using D:\Work\research\FileX\.venv-ai\Lib\site-packages\rapidocr\models\ch_ptocr_mobile_v2.0_cls_mobile.pth[0m
[32m[INFO] 2026-08-31 20:13:15,009 [RapidOCR] base.py:23: Using engine_name: torch[0m
[32m[INFO] 2026-08-31 20:13:15,010 [RapidOCR] device_config.py:64: Using GPU device with ID: 0[0m
[32m[INFO] 2026-08-31 20:13:15,034 [RapidOCR] download_file.py:60: File exists and is valid: D:\Work\research\FileX\.venv-ai\Lib\site-packages\rapidocr\models\PP-OCRv6_rec_small.pth[0m
[32m[INFO] 2026-08-31 20:13:15,034 [RapidOCR] main.py:50: Using D:\Work\research\FileX\.venv-ai\Lib\site-packages\rapidocr\models\PP-OCRv6_rec_small.pth[0m
{"config": "docling-r6", "doc": "escaneado_d5", "ppp_nativo": 72, "ppp": 125, "factor": 1.736, "png": "ppp125__escaneado_d5.png", "png_identify": "807x1104 49.210000000000000853,49.210000000000000853 PixelsPerCentimeter", "preflight": {"vram_libre_mib": 8448, "mpx_actual": 0.891, "mpx_pendiente_ordenada": 0}, "entrada": "PDF via Docling; scale explicita", "dispositivo": "GPU CUDA", "rc": [1, 1, 1, 1, 1, 1, 1, 1, 1], "error": ["FileNotFoundError: [WinError 3] El sistema no puede encontrar la ruta especificada: '\\\\\\\\?\\\\\\\\wsl.localhost\\\\Ubuntu\\\\'", "FileNotFoundError: [WinError 3] El sistema no puede encontrar la ruta especificada: '\\\\\\\\?\\\\\\\\wsl.localhost\\\\Ubuntu\\\\'", "FileNotFoundError: [WinError 3] El sistema no puede encontrar la ruta especificada: '\\\\\\\\?\\\\\\\\wsl.localhost\\\\Ubuntu\\\\'", "FileNotFoundError: [WinError 3] El sistema no puede encontrar la ruta especificada: '\\\\\\\\?\\\\\\\\wsl.localhost\\\\Ubuntu\\\\'", "FileNotFoundError: [WinError 3] El sistema no puede encontrar la ruta especificada: '\\\\\\\\?\\\\\\\\wsl.localhost\\\\Ubuntu\\\\'", "FileNotFoundError: [WinError 3] El sistema no puede encontrar la ruta especificada: '\\\\\\\\?\\\\\\\\wsl.localhost\\\\Ubuntu\\\\'", "FileNotFoundError: [WinError 3] El sistema no puede encontrar la ruta especificada: '\\\\\\\\?\\\\\\\\wsl.localhost\\\\Ubuntu\\\\'", "FileNotFoundError: [WinError 3] El sistema no puede encontrar la ruta especificada: '\\\\\\\\?\\\\\\\\wsl.localhost\\\\Ubuntu\\\\'", "FileNotFoundError: [WinError 3] El sistema no puede encontrar la ruta especificada: '\\\\\\\\?\\\\\\\\wsl.localhost\\\\Ubuntu\\\\'"], "n": 9, "ms_mediana": 1930.6, "determinista": true, "metrica": "acentos", "cer_pct": 100.0, "cer_acentos_pct": 100.0, "cer_ciego_pct": 100.0, "dist_acentos": 596, "texto": "docling-r6__ppp125__escaneado_d5.txt"}
[32m[INFO] 2026-08-31 20:13:16,458 [RapidOCR] base.py:23: Using engine_name: torch[0m
[32m[INFO] 2026-08-31 20:13:16,459 [RapidOCR] device_config.py:64: Using GPU device with ID: 0[0m
[32m[INFO] 2026-08-31 20:13:16,470 [RapidOCR] download_file.py:60: File exists and is valid: D:\Work\research\FileX\.venv-ai\Lib\site-packages\rapidocr\models\PP-OCRv6_det_small.pth[0m
[32m[INFO] 2026-08-31 20:13:16,470 [RapidOCR] main.py:50: Using D:\Work\research\FileX\.venv-ai\Lib\site-packages\rapidocr\models\PP-OCRv6_det_small.pth[0m
[32m[INFO] 2026-08-31 20:13:16,828 [RapidOCR] base.py:23: Using engine_name: torch[0m
[32m[INFO] 2026-08-31 20:13:16,829 [RapidOCR] device_config.py:64: Using GPU device with ID: 0[0m
[32m[INFO] 2026-08-31 20:13:16,831 [RapidOCR] download_file.py:60: File exists and is valid: D:\Work\research\FileX\.venv-ai\Lib\site-packages\rapidocr\models\ch_ptocr_mobile_v2.0_cls_mobile.pth[0m
[32m[INFO] 2026-08-31 20:13:16,831 [RapidOCR] main.py:50: Using D:\Work\research\FileX\.venv-ai\Lib\site-packages\rapidocr\models\ch_ptocr_mobile_v2.0_cls_mobile.pth[0m
[32m[INFO] 2026-08-31 20:13:17,014 [RapidOCR] base.py:23: Using engine_name: torch[0m
[32m[INFO] 2026-08-31 20:13:17,015 [RapidOCR] device_config.py:64: Using GPU device with ID: 0[0m
[32m[INFO] 2026-08-31 20:13:17,038 [RapidOCR] download_file.py:60: File exists and is valid: D:\Work\research\FileX\.venv-ai\Lib\site-packages\rapidocr\models\PP-OCRv6_rec_small.pth[0m
[32m[INFO] 2026-08-31 20:13:17,038 [RapidOCR] main.py:50: Using D:\Work\research\FileX\.venv-ai\Lib\site-packages\rapidocr\models\PP-OCRv6_rec_small.pth[0m
[32m[INFO] 2026-08-31 20:13:18,398 [RapidOCR] base.py:23: Using engine_name: torch[0m
[32m[INFO] 2026-08-31 20:13:18,398 [RapidOCR] device_config.py:64: Using GPU device with ID: 0[0m
[32m[INFO] 2026-08-31 20:13:18,411 [RapidOCR] download_file.py:60: File exists and is valid: D:\Work\research\FileX\.venv-ai\Lib\site-packages\rapidocr\models\PP-OCRv6_det_small.pth[0m
[32m[INFO] 2026-08-31 20:13:18,412 [RapidOCR] main.py:50: Using D:\Work\research\FileX\.venv-ai\Lib\site-packages\rapidocr\models\PP-OCRv6_det_small.pth[0m
[32m[INFO] 2026-08-31 20:13:18,980 [RapidOCR] base.py:23: Using engine_name: torch[0m
[32m[INFO] 2026-08-31 20:13:18,980 [RapidOCR] device_config.py:64: Using GPU device with ID: 0[0m
[32m[INFO] 2026-08-31 20:13:18,982 [RapidOCR] download_file.py:60: File exists and is valid: D:\Work\research\FileX\.venv-ai\Lib\site-packages\rapidocr\models\ch_ptocr_mobile_v2.0_cls_mobile.pth[0m
[32m[INFO] 2026-08-31 20:13:18,982 [RapidOCR] main.py:50: Using D:\Work\research\FileX\.venv-ai\Lib\site-packages\rapidocr\models\ch_ptocr_mobile_v2.0_cls_mobile.pth[0m
[32m[INFO] 2026-08-31 20:13:19,189 [RapidOCR] base.py:23: Using engine_name: torch[0m
[32m[INFO] 2026-08-31 20:13:19,190 [RapidOCR] device_config.py:64: Using GPU device with ID: 0[0m
[32m[INFO] 2026-08-31 20:13:19,212 [RapidOCR] download_file.py:60: File exists and is valid: D:\Work\research\FileX\.venv-ai\Lib\site-packages\rapidocr\models\PP-OCRv6_rec_small.pth[0m
[32m[INFO] 2026-08-31 20:13:19,212 [RapidOCR] main.py:50: Using D:\Work\research\FileX\.venv-ai\Lib\site-packages\rapidocr\models\PP-OCRv6_rec_small.pth[0m
[32m[INFO] 2026-08-31 20:13:20,415 [RapidOCR] base.py:23: Using engine_name: torch[0m
[32m[INFO] 2026-08-31 20:13:20,416 [RapidOCR] device_config.py:64: Using GPU device with ID: 0[0m
[32m[INFO] 2026-08-31 20:13:20,427 [RapidOCR] download_file.py:60: File exists and is valid: D:\Work\research\FileX\.venv-ai\Lib\site-packages\rapidocr\models\PP-OCRv6_det_small.pth[0m
[32m[INFO] 2026-08-31 20:13:20,428 [RapidOCR] main.py:50: Using D:\Work\research\FileX\.venv-ai\Lib\site-packages\rapidocr\models\PP-OCRv6_det_small.pth[0m
[32m[INFO] 2026-08-31 20:13:20,716 [RapidOCR] base.py:23: Using engine_name: torch[0m
[32m[INFO] 2026-08-31 20:13:20,716 [RapidOCR] device_config.py:64: Using GPU device with ID: 0[0m
[32m[INFO] 2026-08-31 20:13:20,717 [RapidOCR] download_file.py:60: File exists and is valid: D:\Work\research\FileX\.venv-ai\Lib\site-packages\rapidocr\models\ch_ptocr_mobile_v2.0_cls_mobile.pth[0m
[32m[INFO] 2026-08-31 20:13:20,717 [RapidOCR] main.py:50: Using D:\Work\research\FileX\.venv-ai\Lib\site-packages\rapidocr\models\ch_ptocr_mobile_v2.0_cls_mobile.pth[0m
[32m[INFO] 2026-08-31 20:13:20,893 [RapidOCR] base.py:23: Using engine_name: torch[0m
[32m[INFO] 2026-08-31 20:13:20,894 [RapidOCR] device_config.py:64: Using GPU device with ID: 0[0m
[32m[INFO] 2026-08-31 20:13:20,915 [RapidOCR] download_file.py:60: File exists and is valid: D:\Work\research\FileX\.venv-ai\Lib\site-packages\rapidocr\models\PP-OCRv6_rec_small.pth[0m
[32m[INFO] 2026-08-31 20:13:20,915 [RapidOCR] main.py:50: Using D:\Work\research\FileX\.venv-ai\Lib\site-packages\rapidocr\models\PP-OCRv6_rec_small.pth[0m
[32m[INFO] 2026-08-31 20:13:22,148 [RapidOCR] base.py:23: Using engine_name: torch[0m
[32m[INFO] 2026-08-31 20:13:22,148 [RapidOCR] device_config.py:64: Using GPU device with ID: 0[0m
[32m[INFO] 2026-08-31 20:13:22,159 [RapidOCR] download_file.py:60: File exists and is valid: D:\Work\research\FileX\.venv-ai\Lib\site-packages\rapidocr\models\PP-OCRv6_det_small.pth[0m
[32m[INFO] 2026-08-31 20:13:22,159 [RapidOCR] main.py:50: Using D:\Work\research\FileX\.venv-ai\Lib\site-packages\rapidocr\models\PP-OCRv6_det_small.pth[0m
[32m[INFO] 2026-08-31 20:13:22,459 [RapidOCR] base.py:23: Using engine_name: torch[0m
[32m[INFO] 2026-08-31 20:13:22,460 [RapidOCR] device_config.py:64: Using GPU device with ID: 0[0m
[32m[INFO] 2026-08-31 20:13:22,461 [RapidOCR] download_file.py:60: File exists and is valid: D:\Work\research\FileX\.venv-ai\Lib\site-packages\rapidocr\models\ch_ptocr_mobile_v2.0_cls_mobile.pth[0m
[32m[INFO] 2026-08-31 20:13:22,461 [RapidOCR] main.py:50: Using D:\Work\research\FileX\.venv-ai\Lib\site-packages\rapidocr\models\ch_ptocr_mobile_v2.0_cls_mobile.pth[0m
[32m[INFO] 2026-08-31 20:13:22,645 [RapidOCR] base.py:23: Using engine_name: torch[0m
[32m[INFO] 2026-08-31 20:13:22,645 [RapidOCR] device_config.py:64: Using GPU device with ID: 0[0m
[32m[INFO] 2026-08-31 20:13:22,666 [RapidOCR] download_file.py:60: File exists and is valid: D:\Work\research\FileX\.venv-ai\Lib\site-packages\rapidocr\models\PP-OCRv6_rec_small.pth[0m
[32m[INFO] 2026-08-31 20:13:22,666 [RapidOCR] main.py:50: Using D:\Work\research\FileX\.venv-ai\Lib\site-packages\rapidocr\models\PP-OCRv6_rec_small.pth[0m
[32m[INFO] 2026-08-31 20:13:23,990 [RapidOCR] base.py:23: Using engine_name: torch[0m
[32m[INFO] 2026-08-31 20:13:23,990 [RapidOCR] device_config.py:64: Using GPU device with ID: 0[0m
[32m[INFO] 2026-08-31 20:13:24,001 [RapidOCR] download_file.py:60: File exists and is valid: D:\Work\research\FileX\.venv-ai\Lib\site-packages\rapidocr\models\PP-OCRv6_det_small.pth[0m
[32m[INFO] 2026-08-31 20:13:24,001 [RapidOCR] main.py:50: Using D:\Work\research\FileX\.venv-ai\Lib\site-packages\rapidocr\models\PP-OCRv6_det_small.pth[0m
[32m[INFO] 2026-08-31 20:13:24,307 [RapidOCR] base.py:23: Using engine_name: torch[0m
[32m[INFO] 2026-08-31 20:13:24,308 [RapidOCR] device_config.py:64: Using GPU device with ID: 0[0m
[32m[INFO] 2026-08-31 20:13:24,309 [RapidOCR] download_file.py:60: File exists and is valid: D:\Work\research\FileX\.venv-ai\Lib\site-packages\rapidocr\models\ch_ptocr_mobile_v2.0_cls_mobile.pth[0m
[32m[INFO] 2026-08-31 20:13:24,309 [RapidOCR] main.py:50: Using D:\Work\research\FileX\.venv-ai\Lib\site-packages\rapidocr\models\ch_ptocr_mobile_v2.0_cls_mobile.pth[0m
[32m[INFO] 2026-08-31 20:13:24,810 [RapidOCR] base.py:23: Using engine_name: torch[0m
[32m[INFO] 2026-08-31 20:13:24,811 [RapidOCR] device_config.py:64: Using GPU device with ID: 0[0m
[32m[INFO] 2026-08-31 20:13:24,834 [RapidOCR] download_file.py:60: File exists and is valid: D:\Work\research\FileX\.venv-ai\Lib\site-packages\rapidocr\models\PP-OCRv6_rec_small.pth[0m
[32m[INFO] 2026-08-31 20:13:24,835 [RapidOCR] main.py:50: Using D:\Work\research\FileX\.venv-ai\Lib\site-packages\rapidocr\models\PP-OCRv6_rec_small.pth[0m
[32m[INFO] 2026-08-31 20:13:26,082 [RapidOCR] base.py:23: Using engine_name: torch[0m
[32m[INFO] 2026-08-31 20:13:26,082 [RapidOCR] device_config.py:64: Using GPU device with ID: 0[0m
[32m[INFO] 2026-08-31 20:13:26,093 [RapidOCR] download_file.py:60: File exists and is valid: D:\Work\research\FileX\.venv-ai\Lib\site-packages\rapidocr\models\PP-OCRv6_det_small.pth[0m
[32m[INFO] 2026-08-31 20:13:26,093 [RapidOCR] main.py:50: Using D:\Work\research\FileX\.venv-ai\Lib\site-packages\rapidocr\models\PP-OCRv6_det_small.pth[0m
[32m[INFO] 2026-08-31 20:13:26,455 [RapidOCR] base.py:23: Using engine_name: torch[0m
[32m[INFO] 2026-08-31 20:13:26,455 [RapidOCR] device_config.py:64: Using GPU device with ID: 0[0m
[32m[INFO] 2026-08-31 20:13:26,457 [RapidOCR] download_file.py:60: File exists and is valid: D:\Work\research\FileX\.venv-ai\Lib\site-packages\rapidocr\models\ch_ptocr_mobile_v2.0_cls_mobile.pth[0m
[32m[INFO] 2026-08-31 20:13:26,458 [RapidOCR] main.py:50: Using D:\Work\research\FileX\.venv-ai\Lib\site-packages\rapidocr\models\ch_ptocr_mobile_v2.0_cls_mobile.pth[0m
[32m[INFO] 2026-08-31 20:13:26,645 [RapidOCR] base.py:23: Using engine_name: torch[0m
[32m[INFO] 2026-08-31 20:13:26,645 [RapidOCR] device_config.py:64: Using GPU device with ID: 0[0m
[32m[INFO] 2026-08-31 20:13:26,668 [RapidOCR] download_file.py:60: File exists and is valid: D:\Work\research\FileX\.venv-ai\Lib\site-packages\rapidocr\models\PP-OCRv6_rec_small.pth[0m
[32m[INFO] 2026-08-31 20:13:26,668 [RapidOCR] main.py:50: Using D:\Work\research\FileX\.venv-ai\Lib\site-packages\rapidocr\models\PP-OCRv6_rec_small.pth[0m
[32m[INFO] 2026-08-31 20:13:28,022 [RapidOCR] base.py:23: Using engine_name: torch[0m
[32m[INFO] 2026-08-31 20:13:28,023 [RapidOCR] device_config.py:64: Using GPU device with ID: 0[0m
[32m[INFO] 2026-08-31 20:13:28,032 [RapidOCR] download_file.py:60: File exists and is valid: D:\Work\research\FileX\.venv-ai\Lib\site-packages\rapidocr\models\PP-OCRv6_det_small.pth[0m
[32m[INFO] 2026-08-31 20:13:28,032 [RapidOCR] main.py:50: Using D:\Work\research\FileX\.venv-ai\Lib\site-packages\rapidocr\models\PP-OCRv6_det_small.pth[0m
[32m[INFO] 2026-08-31 20:13:28,310 [RapidOCR] base.py:23: Using engine_name: torch[0m
[32m[INFO] 2026-08-31 20:13:28,311 [RapidOCR] device_config.py:64: Using GPU device with ID: 0[0m
[32m[INFO] 2026-08-31 20:13:28,312 [RapidOCR] download_file.py:60: File exists and is valid: D:\Work\research\FileX\.venv-ai\Lib\site-packages\rapidocr\models\ch_ptocr_mobile_v2.0_cls_mobile.pth[0m
[32m[INFO] 2026-08-31 20:13:28,313 [RapidOCR] main.py:50: Using D:\Work\research\FileX\.venv-ai\Lib\site-packages\rapidocr\models\ch_ptocr_mobile_v2.0_cls_mobile.pth[0m
[32m[INFO] 2026-08-31 20:13:28,486 [RapidOCR] base.py:23: Using engine_name: torch[0m
[32m[INFO] 2026-08-31 20:13:28,487 [RapidOCR] device_config.py:64: Using GPU device with ID: 0[0m
[32m[INFO] 2026-08-31 20:13:28,508 [RapidOCR] download_file.py:60: File exists and is valid: D:\Work\research\FileX\.venv-ai\Lib\site-packages\rapidocr\models\PP-OCRv6_rec_small.pth[0m
[32m[INFO] 2026-08-31 20:13:28,508 [RapidOCR] main.py:50: Using D:\Work\research\FileX\.venv-ai\Lib\site-packages\rapidocr\models\PP-OCRv6_rec_small.pth[0m
[32m[INFO] 2026-08-31 20:13:29,840 [RapidOCR] base.py:23: Using engine_name: torch[0m
[32m[INFO] 2026-08-31 20:13:29,841 [RapidOCR] device_config.py:64: Using GPU device with ID: 0[0m
[32m[INFO] 2026-08-31 20:13:29,852 [RapidOCR] download_file.py:60: File exists and is valid: D:\Work\research\FileX\.venv-ai\Lib\site-packages\rapidocr\models\PP-OCRv6_det_small.pth[0m
[32m[INFO] 2026-08-31 20:13:29,852 [RapidOCR] main.py:50: Using D:\Work\research\FileX\.venv-ai\Lib\site-packages\rapidocr\models\PP-OCRv6_det_small.pth[0m
[32m[INFO] 2026-08-31 20:13:30,187 [RapidOCR] base.py:23: Using engine_name: torch[0m
[32m[INFO] 2026-08-31 20:13:30,188 [RapidOCR] device_config.py:64: Using GPU device with ID: 0[0m
[32m[INFO] 2026-08-31 20:13:30,189 [RapidOCR] download_file.py:60: File exists and is valid: D:\Work\research\FileX\.venv-ai\Lib\site-packages\rapidocr\models\ch_ptocr_mobile_v2.0_cls_mobile.pth[0m
[32m[INFO] 2026-08-31 20:13:30,189 [RapidOCR] main.py:50: Using D:\Work\research\FileX\.venv-ai\Lib\site-packages\rapidocr\models\ch_ptocr_mobile_v2.0_cls_mobile.pth[0m
[32m[INFO] 2026-08-31 20:13:30,379 [RapidOCR] base.py:23: Using engine_name: torch[0m
[32m[INFO] 2026-08-31 20:13:30,379 [RapidOCR] device_config.py:64: Using GPU device with ID: 0[0m
[32m[INFO] 2026-08-31 20:13:30,403 [RapidOCR] download_file.py:60: File exists and is valid: D:\Work\research\FileX\.venv-ai\Lib\site-packages\rapidocr\models\PP-OCRv6_rec_small.pth[0m
[32m[INFO] 2026-08-31 20:13:30,404 [RapidOCR] main.py:50: Using D:\Work\research\FileX\.venv-ai\Lib\site-packages\rapidocr\models\PP-OCRv6_rec_small.pth[0m
[32m[INFO] 2026-08-31 20:13:32,008 [RapidOCR] base.py:23: Using engine_name: torch[0m
[32m[INFO] 2026-08-31 20:13:32,009 [RapidOCR] device_config.py:64: Using GPU device with ID: 0[0m
[32m[INFO] 2026-08-31 20:13:32,022 [RapidOCR] download_file.py:60: File exists and is valid: D:\Work\research\FileX\.venv-ai\Lib\site-packages\rapidocr\models\PP-OCRv6_det_small.pth[0m
[32m[INFO] 2026-08-31 20:13:32,022 [RapidOCR] main.py:50: Using D:\Work\research\FileX\.venv-ai\Lib\site-packages\rapidocr\models\PP-OCRv6_det_small.pth[0m
[32m[INFO] 2026-08-31 20:13:32,335 [RapidOCR] base.py:23: Using engine_name: torch[0m
[32m[INFO] 2026-08-31 20:13:32,336 [RapidOCR] device_config.py:64: Using GPU device with ID: 0[0m
[32m[INFO] 2026-08-31 20:13:32,341 [RapidOCR] download_file.py:60: File exists and is valid: D:\Work\research\FileX\.venv-ai\Lib\site-packages\rapidocr\models\ch_ptocr_mobile_v2.0_cls_mobile.pth[0m
[32m[INFO] 2026-08-31 20:13:32,341 [RapidOCR] main.py:50: Using D:\Work\research\FileX\.venv-ai\Lib\site-packages\rapidocr\models\ch_ptocr_mobile_v2.0_cls_mobile.pth[0m
[32m[INFO] 2026-08-31 20:13:32,557 [RapidOCR] base.py:23: Using engine_name: torch[0m
[32m[INFO] 2026-08-31 20:13:32,558 [RapidOCR] device_config.py:64: Using GPU device with ID: 0[0m
[32m[INFO] 2026-08-31 20:13:32,579 [RapidOCR] download_file.py:60: File exists and is valid: D:\Work\research\FileX\.venv-ai\Lib\site-packages\rapidocr\models\PP-OCRv6_rec_small.pth[0m
[32m[INFO] 2026-08-31 20:13:32,579 [RapidOCR] main.py:50: Using D:\Work\research\FileX\.venv-ai\Lib\site-packages\rapidocr\models\PP-OCRv6_rec_small.pth[0m
[32m[INFO] 2026-08-31 20:13:33,875 [RapidOCR] base.py:23: Using engine_name: torch[0m
[32m[INFO] 2026-08-31 20:13:33,875 [RapidOCR] device_config.py:64: Using GPU device with ID: 0[0m
[32m[INFO] 2026-08-31 20:13:33,885 [RapidOCR] download_file.py:60: File exists and is valid: D:\Work\research\FileX\.venv-ai\Lib\site-packages\rapidocr\models\PP-OCRv6_det_small.pth[0m
[32m[INFO] 2026-08-31 20:13:33,885 [RapidOCR] main.py:50: Using D:\Work\research\FileX\.venv-ai\Lib\site-packages\rapidocr\models\PP-OCRv6_det_small.pth[0m
[32m[INFO] 2026-08-31 20:13:34,192 [RapidOCR] base.py:23: Using engine_name: torch[0m
[32m[INFO] 2026-08-31 20:13:34,192 [RapidOCR] device_config.py:64: Using GPU device with ID: 0[0m
[32m[INFO] 2026-08-31 20:13:34,194 [RapidOCR] download_file.py:60: File exists and is valid: D:\Work\research\FileX\.venv-ai\Lib\site-packages\rapidocr\models\ch_ptocr_mobile_v2.0_cls_mobile.pth[0m
[32m[INFO] 2026-08-31 20:13:34,194 [RapidOCR] main.py:50: Using D:\Work\research\FileX\.venv-ai\Lib\site-packages\rapidocr\models\ch_ptocr_mobile_v2.0_cls_mobile.pth[0m
[32m[INFO] 2026-08-31 20:13:34,426 [RapidOCR] base.py:23: Using engine_name: torch[0m
[32m[INFO] 2026-08-31 20:13:34,426 [RapidOCR] device_config.py:64: Using GPU device with ID: 0[0m
[32m[INFO] 2026-08-31 20:13:34,447 [RapidOCR] download_file.py:60: File exists and is valid: D:\Work\research\FileX\.venv-ai\Lib\site-packages\rapidocr\models\PP-OCRv6_rec_small.pth[0m
[32m[INFO] 2026-08-31 20:13:34,447 [RapidOCR] main.py:50: Using D:\Work\research\FileX\.venv-ai\Lib\site-packages\rapidocr\models\PP-OCRv6_rec_small.pth[0m
{"config": "docling-r6", "doc": "escaneado_d5", "ppp_nativo": 72, "ppp": 130, "factor": 1.806, "png": "ppp130__escaneado_d5.png", "png_identify": "840x1148 51.179999999999999716,51.179999999999999716 PixelsPerCentimeter", "preflight": {"vram_libre_mib": 8485, "mpx_actual": 0.964, "mpx_pendiente_ordenada": 0}, "entrada": "PDF via Docling; scale explicita", "dispositivo": "GPU CUDA", "rc": [1, 1, 1, 1, 1, 1, 1, 1, 1], "error": ["FileNotFoundError: [WinError 3] El sistema no puede encontrar la ruta especificada: '\\\\\\\\?\\\\\\\\wsl.localhost\\\\Ubuntu\\\\'", "FileNotFoundError: [WinError 3] El sistema no puede encontrar la ruta especificada: '\\\\\\\\?\\\\\\\\wsl.localhost\\\\Ubuntu\\\\'", "FileNotFoundError: [WinError 3] El sistema no puede encontrar la ruta especificada: '\\\\\\\\?\\\\\\\\wsl.localhost\\\\Ubuntu\\\\'", "FileNotFoundError: [WinError 3] El sistema no puede encontrar la ruta especificada: '\\\\\\\\?\\\\\\\\wsl.localhost\\\\Ubuntu\\\\'", "FileNotFoundError: [WinError 3] El sistema no puede encontrar la ruta especificada: '\\\\\\\\?\\\\\\\\wsl.localhost\\\\Ubuntu\\\\'", "FileNotFoundError: [WinError 3] El sistema no puede encontrar la ruta especificada: '\\\\\\\\?\\\\\\\\wsl.localhost\\\\Ubuntu\\\\'", "FileNotFoundError: [WinError 3] El sistema no puede encontrar la ruta especificada: '\\\\\\\\?\\\\\\\\wsl.localhost\\\\Ubuntu\\\\'", "FileNotFoundError: [WinError 3] El sistema no puede encontrar la ruta especificada: '\\\\\\\\?\\\\\\\\wsl.localhost\\\\Ubuntu\\\\'", "FileNotFoundError: [WinError 3] El sistema no puede encontrar la ruta especificada: '\\\\\\\\?\\\\\\\\wsl.localhost\\\\Ubuntu\\\\'"], "n": 9, "ms_mediana": 1908.5, "determinista": true, "metrica": "acentos", "cer_pct": 100.0, "cer_acentos_pct": 100.0, "cer_ciego_pct": 100.0, "dist_acentos": 596, "texto": "docling-r6__ppp130__escaneado_d5.txt"}
[32m[INFO] 2026-08-31 20:13:35,868 [RapidOCR] base.py:23: Using engine_name: torch[0m
[32m[INFO] 2026-08-31 20:13:35,868 [RapidOCR] device_config.py:64: Using GPU device with ID: 0[0m
[32m[INFO] 2026-08-31 20:13:35,880 [RapidOCR] download_file.py:60: File exists and is valid: D:\Work\research\FileX\.venv-ai\Lib\site-packages\rapidocr\models\PP-OCRv6_det_small.pth[0m
[32m[INFO] 2026-08-31 20:13:35,880 [RapidOCR] main.py:50: Using D:\Work\research\FileX\.venv-ai\Lib\site-packages\rapidocr\models\PP-OCRv6_det_small.pth[0m
[32m[INFO] 2026-08-31 20:13:36,280 [RapidOCR] base.py:23: Using engine_name: torch[0m
[32m[INFO] 2026-08-31 20:13:36,280 [RapidOCR] device_config.py:64: Using GPU device with ID: 0[0m
[32m[INFO] 2026-08-31 20:13:36,282 [RapidOCR] download_file.py:60: File exists and is valid: D:\Work\research\FileX\.venv-ai\Lib\site-packages\rapidocr\models\ch_ptocr_mobile_v2.0_cls_mobile.pth[0m
[32m[INFO] 2026-08-31 20:13:36,282 [RapidOCR] main.py:50: Using D:\Work\research\FileX\.venv-ai\Lib\site-packages\rapidocr\models\ch_ptocr_mobile_v2.0_cls_mobile.pth[0m
[32m[INFO] 2026-08-31 20:13:36,484 [RapidOCR] base.py:23: Using engine_name: torch[0m
[32m[INFO] 2026-08-31 20:13:36,484 [RapidOCR] device_config.py:64: Using GPU device with ID: 0[0m
[32m[INFO] 2026-08-31 20:13:36,505 [RapidOCR] download_file.py:60: File exists and is valid: D:\Work\research\FileX\.venv-ai\Lib\site-packages\rapidocr\models\PP-OCRv6_rec_small.pth[0m
[32m[INFO] 2026-08-31 20:13:36,505 [RapidOCR] main.py:50: Using D:\Work\research\FileX\.venv-ai\Lib\site-packages\rapidocr\models\PP-OCRv6_rec_small.pth[0m
[32m[INFO] 2026-08-31 20:13:38,109 [RapidOCR] base.py:23: Using engine_name: torch[0m
[32m[INFO] 2026-08-31 20:13:38,110 [RapidOCR] device_config.py:64: Using GPU device with ID: 0[0m
[32m[INFO] 2026-08-31 20:13:38,119 [RapidOCR] download_file.py:60: File exists and is valid: D:\Work\research\FileX\.venv-ai\Lib\site-packages\rapidocr\models\PP-OCRv6_det_small.pth[0m
[32m[INFO] 2026-08-31 20:13:38,119 [RapidOCR] main.py:50: Using D:\Work\research\FileX\.venv-ai\Lib\site-packages\rapidocr\models\PP-OCRv6_det_small.pth[0m
[32m[INFO] 2026-08-31 20:13:38,428 [RapidOCR] base.py:23: Using engine_name: torch[0m
[32m[INFO] 2026-08-31 20:13:38,429 [RapidOCR] device_config.py:64: Using GPU device with ID: 0[0m
[32m[INFO] 2026-08-31 20:13:38,430 [RapidOCR] download_file.py:60: File exists and is valid: D:\Work\research\FileX\.venv-ai\Lib\site-packages\rapidocr\models\ch_ptocr_mobile_v2.0_cls_mobile.pth[0m
[32m[INFO] 2026-08-31 20:13:38,430 [RapidOCR] main.py:50: Using D:\Work\research\FileX\.venv-ai\Lib\site-packages\rapidocr\models\ch_ptocr_mobile_v2.0_cls_mobile.pth[0m
[32m[INFO] 2026-08-31 20:13:38,599 [RapidOCR] base.py:23: Using engine_name: torch[0m
[32m[INFO] 2026-08-31 20:13:38,599 [RapidOCR] device_config.py:64: Using GPU device with ID: 0[0m
[32m[INFO] 2026-08-31 20:13:38,619 [RapidOCR] download_file.py:60: File exists and is valid: D:\Work\research\FileX\.venv-ai\Lib\site-packages\rapidocr\models\PP-OCRv6_rec_small.pth[0m
[32m[INFO] 2026-08-31 20:13:38,619 [RapidOCR] main.py:50: Using D:\Work\research\FileX\.venv-ai\Lib\site-packages\rapidocr\models\PP-OCRv6_rec_small.pth[0m
[32m[INFO] 2026-08-31 20:13:40,013 [RapidOCR] base.py:23: Using engine_name: torch[0m
[32m[INFO] 2026-08-31 20:13:40,014 [RapidOCR] device_config.py:64: Using GPU device with ID: 0[0m
[32m[INFO] 2026-08-31 20:13:40,027 [RapidOCR] download_file.py:60: File exists and is valid: D:\Work\research\FileX\.venv-ai\Lib\site-packages\rapidocr\models\PP-OCRv6_det_small.pth[0m
[32m[INFO] 2026-08-31 20:13:40,027 [RapidOCR] main.py:50: Using D:\Work\research\FileX\.venv-ai\Lib\site-packages\rapidocr\models\PP-OCRv6_det_small.pth[0m
[32m[INFO] 2026-08-31 20:13:40,388 [RapidOCR] base.py:23: Using engine_name: torch[0m
[32m[INFO] 2026-08-31 20:13:40,389 [RapidOCR] device_config.py:64: Using GPU device with ID: 0[0m
[32m[INFO] 2026-08-31 20:13:40,390 [RapidOCR] download_file.py:60: File exists and is valid: D:\Work\research\FileX\.venv-ai\Lib\site-packages\rapidocr\models\ch_ptocr_mobile_v2.0_cls_mobile.pth[0m
[32m[INFO] 2026-08-31 20:13:40,391 [RapidOCR] main.py:50: Using D:\Work\research\FileX\.venv-ai\Lib\site-packages\rapidocr\models\ch_ptocr_mobile_v2.0_cls_mobile.pth[0m
[32m[INFO] 2026-08-31 20:13:40,564 [RapidOCR] base.py:23: Using engine_name: torch[0m
[32m[INFO] 2026-08-31 20:13:40,565 [RapidOCR] device_config.py:64: Using GPU device with ID: 0[0m
[32m[INFO] 2026-08-31 20:13:40,586 [RapidOCR] download_file.py:60: File exists and is valid: D:\Work\research\FileX\.venv-ai\Lib\site-packages\rapidocr\models\PP-OCRv6_rec_small.pth[0m
[32m[INFO] 2026-08-31 20:13:40,586 [RapidOCR] main.py:50: Using D:\Work\research\FileX\.venv-ai\Lib\site-packages\rapidocr\models\PP-OCRv6_rec_small.pth[0m
[32m[INFO] 2026-08-31 20:13:41,877 [RapidOCR] base.py:23: Using engine_name: torch[0m
[32m[INFO] 2026-08-31 20:13:41,877 [RapidOCR] device_config.py:64: Using GPU device with ID: 0[0m
[32m[INFO] 2026-08-31 20:13:41,889 [RapidOCR] download_file.py:60: File exists and is valid: D:\Work\research\FileX\.venv-ai\Lib\site-packages\rapidocr\models\PP-OCRv6_det_small.pth[0m
[32m[INFO] 2026-08-31 20:13:41,889 [RapidOCR] main.py:50: Using D:\Work\research\FileX\.venv-ai\Lib\site-packages\rapidocr\models\PP-OCRv6_det_small.pth[0m
[32m[INFO] 2026-08-31 20:13:42,197 [RapidOCR] base.py:23: Using engine_name: torch[0m
[32m[INFO] 2026-08-31 20:13:42,198 [RapidOCR] device_config.py:64: Using GPU device with ID: 0[0m
[32m[INFO] 2026-08-31 20:13:42,199 [RapidOCR] download_file.py:60: File exists and is valid: D:\Work\research\FileX\.venv-ai\Lib\site-packages\rapidocr\models\ch_ptocr_mobile_v2.0_cls_mobile.pth[0m
[32m[INFO] 2026-08-31 20:13:42,199 [RapidOCR] main.py:50: Using D:\Work\research\FileX\.venv-ai\Lib\site-packages\rapidocr\models\ch_ptocr_mobile_v2.0_cls_mobile.pth[0m
[32m[INFO] 2026-08-31 20:13:42,369 [RapidOCR] base.py:23: Using engine_name: torch[0m
[32m[INFO] 2026-08-31 20:13:42,369 [RapidOCR] device_config.py:64: Using GPU device with ID: 0[0m
[32m[INFO] 2026-08-31 20:13:42,388 [RapidOCR] download_file.py:60: File exists and is valid: D:\Work\research\FileX\.venv-ai\Lib\site-packages\rapidocr\models\PP-OCRv6_rec_small.pth[0m
[32m[INFO] 2026-08-31 20:13:42,388 [RapidOCR] main.py:50: Using D:\Work\research\FileX\.venv-ai\Lib\site-packages\rapidocr\models\PP-OCRv6_rec_small.pth[0m
[32m[INFO] 2026-08-31 20:13:43,508 [RapidOCR] base.py:23: Using engine_name: torch[0m
[32m[INFO] 2026-08-31 20:13:43,508 [RapidOCR] device_config.py:64: Using GPU device with ID: 0[0m
[32m[INFO] 2026-08-31 20:13:43,517 [RapidOCR] download_file.py:60: File exists and is valid: D:\Work\research\FileX\.venv-ai\Lib\site-packages\rapidocr\models\PP-OCRv6_det_small.pth[0m
[32m[INFO] 2026-08-31 20:13:43,517 [RapidOCR] main.py:50: Using D:\Work\research\FileX\.venv-ai\Lib\site-packages\rapidocr\models\PP-OCRv6_det_small.pth[0m
[32m[INFO] 2026-08-31 20:13:44,105 [RapidOCR] base.py:23: Using engine_name: torch[0m
[32m[INFO] 2026-08-31 20:13:44,106 [RapidOCR] device_config.py:64: Using GPU device with ID: 0[0m
[32m[INFO] 2026-08-31 20:13:44,107 [RapidOCR] download_file.py:60: File exists and is valid: D:\Work\research\FileX\.venv-ai\Lib\site-packages\rapidocr\models\ch_ptocr_mobile_v2.0_cls_mobile.pth[0m
[32m[INFO] 2026-08-31 20:13:44,108 [RapidOCR] main.py:50: Using D:\Work\research\FileX\.venv-ai\Lib\site-packages\rapidocr\models\ch_ptocr_mobile_v2.0_cls_mobile.pth[0m
[32m[INFO] 2026-08-31 20:13:44,382 [RapidOCR] base.py:23: Using engine_name: torch[0m
[32m[INFO] 2026-08-31 20:13:44,383 [RapidOCR] device_config.py:64: Using GPU device with ID: 0[0m
[32m[INFO] 2026-08-31 20:13:44,403 [RapidOCR] download_file.py:60: File exists and is valid: D:\Work\research\FileX\.venv-ai\Lib\site-packages\rapidocr\models\PP-OCRv6_rec_small.pth[0m
[32m[INFO] 2026-08-31 20:13:44,403 [RapidOCR] main.py:50: Using D:\Work\research\FileX\.venv-ai\Lib\site-packages\rapidocr\models\PP-OCRv6_rec_small.pth[0m
[32m[INFO] 2026-08-31 20:13:45,590 [RapidOCR] base.py:23: Using engine_name: torch[0m
[32m[INFO] 2026-08-31 20:13:45,591 [RapidOCR] device_config.py:64: Using GPU device with ID: 0[0m
[32m[INFO] 2026-08-31 20:13:45,600 [RapidOCR] download_file.py:60: File exists and is valid: D:\Work\research\FileX\.venv-ai\Lib\site-packages\rapidocr\models\PP-OCRv6_det_small.pth[0m
[32m[INFO] 2026-08-31 20:13:45,600 [RapidOCR] main.py:50: Using D:\Work\research\FileX\.venv-ai\Lib\site-packages\rapidocr\models\PP-OCRv6_det_small.pth[0m
[32m[INFO] 2026-08-31 20:13:45,913 [RapidOCR] base.py:23: Using engine_name: torch[0m
[32m[INFO] 2026-08-31 20:13:45,914 [RapidOCR] device_config.py:64: Using GPU device with ID: 0[0m
[32m[INFO] 2026-08-31 20:13:45,916 [RapidOCR] download_file.py:60: File exists and is valid: D:\Work\research\FileX\.venv-ai\Lib\site-packages\rapidocr\models\ch_ptocr_mobile_v2.0_cls_mobile.pth[0m
[32m[INFO] 2026-08-31 20:13:45,916 [RapidOCR] main.py:50: Using D:\Work\research\FileX\.venv-ai\Lib\site-packages\rapidocr\models\ch_ptocr_mobile_v2.0_cls_mobile.pth[0m
[32m[INFO] 2026-08-31 20:13:46,133 [RapidOCR] base.py:23: Using engine_name: torch[0m
[32m[INFO] 2026-08-31 20:13:46,134 [RapidOCR] device_config.py:64: Using GPU device with ID: 0[0m
[32m[INFO] 2026-08-31 20:13:46,153 [RapidOCR] download_file.py:60: File exists and is valid: D:\Work\research\FileX\.venv-ai\Lib\site-packages\rapidocr\models\PP-OCRv6_rec_small.pth[0m
[32m[INFO] 2026-08-31 20:13:46,154 [RapidOCR] main.py:50: Using D:\Work\research\FileX\.venv-ai\Lib\site-packages\rapidocr\models\PP-OCRv6_rec_small.pth[0m
[32m[INFO] 2026-08-31 20:13:47,490 [RapidOCR] base.py:23: Using engine_name: torch[0m
[32m[INFO] 2026-08-31 20:13:47,491 [RapidOCR] device_config.py:64: Using GPU device with ID: 0[0m
[32m[INFO] 2026-08-31 20:13:47,500 [RapidOCR] download_file.py:60: File exists and is valid: D:\Work\research\FileX\.venv-ai\Lib\site-packages\rapidocr\models\PP-OCRv6_det_small.pth[0m
[32m[INFO] 2026-08-31 20:13:47,500 [RapidOCR] main.py:50: Using D:\Work\research\FileX\.venv-ai\Lib\site-packages\rapidocr\models\PP-OCRv6_det_small.pth[0m
[32m[INFO] 2026-08-31 20:13:47,746 [RapidOCR] base.py:23: Using engine_name: torch[0m
[32m[INFO] 2026-08-31 20:13:47,747 [RapidOCR] device_config.py:64: Using GPU device with ID: 0[0m
[32m[INFO] 2026-08-31 20:13:47,748 [RapidOCR] download_file.py:60: File exists and is valid: D:\Work\research\FileX\.venv-ai\Lib\site-packages\rapidocr\models\ch_ptocr_mobile_v2.0_cls_mobile.pth[0m
[32m[INFO] 2026-08-31 20:13:47,748 [RapidOCR] main.py:50: Using D:\Work\research\FileX\.venv-ai\Lib\site-packages\rapidocr\models\ch_ptocr_mobile_v2.0_cls_mobile.pth[0m
[32m[INFO] 2026-08-31 20:13:47,933 [RapidOCR] base.py:23: Using engine_name: torch[0m
[32m[INFO] 2026-08-31 20:13:47,934 [RapidOCR] device_config.py:64: Using GPU device with ID: 0[0m
[32m[INFO] 2026-08-31 20:13:47,954 [RapidOCR] download_file.py:60: File exists and is valid: D:\Work\research\FileX\.venv-ai\Lib\site-packages\rapidocr\models\PP-OCRv6_rec_small.pth[0m
[32m[INFO] 2026-08-31 20:13:47,954 [RapidOCR] main.py:50: Using D:\Work\research\FileX\.venv-ai\Lib\site-packages\rapidocr\models\PP-OCRv6_rec_small.pth[0m
[32m[INFO] 2026-08-31 20:13:49,139 [RapidOCR] base.py:23: Using engine_name: torch[0m
[32m[INFO] 2026-08-31 20:13:49,139 [RapidOCR] device_config.py:64: Using GPU device with ID: 0[0m
[32m[INFO] 2026-08-31 20:13:49,149 [RapidOCR] download_file.py:60: File exists and is valid: D:\Work\research\FileX\.venv-ai\Lib\site-packages\rapidocr\models\PP-OCRv6_det_small.pth[0m
[32m[INFO] 2026-08-31 20:13:49,149 [RapidOCR] main.py:50: Using D:\Work\research\FileX\.venv-ai\Lib\site-packages\rapidocr\models\PP-OCRv6_det_small.pth[0m
[32m[INFO] 2026-08-31 20:13:49,581 [RapidOCR] base.py:23: Using engine_name: torch[0m
[32m[INFO] 2026-08-31 20:13:49,582 [RapidOCR] device_config.py:64: Using GPU device with ID: 0[0m
[32m[INFO] 2026-08-31 20:13:49,584 [RapidOCR] download_file.py:60: File exists and is valid: D:\Work\research\FileX\.venv-ai\Lib\site-packages\rapidocr\models\ch_ptocr_mobile_v2.0_cls_mobile.pth[0m
[32m[INFO] 2026-08-31 20:13:49,584 [RapidOCR] main.py:50: Using D:\Work\research\FileX\.venv-ai\Lib\site-packages\rapidocr\models\ch_ptocr_mobile_v2.0_cls_mobile.pth[0m
[32m[INFO] 2026-08-31 20:13:49,775 [RapidOCR] base.py:23: Using engine_name: torch[0m
[32m[INFO] 2026-08-31 20:13:49,776 [RapidOCR] device_config.py:64: Using GPU device with ID: 0[0m
[32m[INFO] 2026-08-31 20:13:49,796 [RapidOCR] download_file.py:60: File exists and is valid: D:\Work\research\FileX\.venv-ai\Lib\site-packages\rapidocr\models\PP-OCRv6_rec_small.pth[0m
[32m[INFO] 2026-08-31 20:13:49,796 [RapidOCR] main.py:50: Using D:\Work\research\FileX\.venv-ai\Lib\site-packages\rapidocr\models\PP-OCRv6_rec_small.pth[0m
[32m[INFO] 2026-08-31 20:13:50,857 [RapidOCR] base.py:23: Using engine_name: torch[0m
[32m[INFO] 2026-08-31 20:13:50,858 [RapidOCR] device_config.py:64: Using GPU device with ID: 0[0m
[32m[INFO] 2026-08-31 20:13:50,866 [RapidOCR] download_file.py:60: File exists and is valid: D:\Work\research\FileX\.venv-ai\Lib\site-packages\rapidocr\models\PP-OCRv6_det_small.pth[0m
[32m[INFO] 2026-08-31 20:13:50,866 [RapidOCR] main.py:50: Using D:\Work\research\FileX\.venv-ai\Lib\site-packages\rapidocr\models\PP-OCRv6_det_small.pth[0m
[32m[INFO] 2026-08-31 20:13:51,061 [RapidOCR] base.py:23: Using engine_name: torch[0m
[32m[INFO] 2026-08-31 20:13:51,062 [RapidOCR] device_config.py:64: Using GPU device with ID: 0[0m
[32m[INFO] 2026-08-31 20:13:51,063 [RapidOCR] download_file.py:60: File exists and is valid: D:\Work\research\FileX\.venv-ai\Lib\site-packages\rapidocr\models\ch_ptocr_mobile_v2.0_cls_mobile.pth[0m
[32m[INFO] 2026-08-31 20:13:51,063 [RapidOCR] main.py:50: Using D:\Work\research\FileX\.venv-ai\Lib\site-packages\rapidocr\models\ch_ptocr_mobile_v2.0_cls_mobile.pth[0m
[32m[INFO] 2026-08-31 20:13:51,202 [RapidOCR] base.py:23: Using engine_name: torch[0m
[32m[INFO] 2026-08-31 20:13:51,203 [RapidOCR] device_config.py:64: Using GPU device with ID: 0[0m
[32m[INFO] 2026-08-31 20:13:51,221 [RapidOCR] download_file.py:60: File exists and is valid: D:\Work\research\FileX\.venv-ai\Lib\site-packages\rapidocr\models\PP-OCRv6_rec_small.pth[0m
[32m[INFO] 2026-08-31 20:13:51,221 [RapidOCR] main.py:50: Using D:\Work\research\FileX\.venv-ai\Lib\site-packages\rapidocr\models\PP-OCRv6_rec_small.pth[0m
[32m[INFO] 2026-08-31 20:13:52,183 [RapidOCR] base.py:23: Using engine_name: torch[0m
[32m[INFO] 2026-08-31 20:13:52,184 [RapidOCR] device_config.py:64: Using GPU device with ID: 0[0m
[32m[INFO] 2026-08-31 20:13:52,194 [RapidOCR] download_file.py:60: File exists and is valid: D:\Work\research\FileX\.venv-ai\Lib\site-packages\rapidocr\models\PP-OCRv6_det_small.pth[0m
[32m[INFO] 2026-08-31 20:13:52,194 [RapidOCR] main.py:50: Using D:\Work\research\FileX\.venv-ai\Lib\site-packages\rapidocr\models\PP-OCRv6_det_small.pth[0m
[32m[INFO] 2026-08-31 20:13:52,449 [RapidOCR] base.py:23: Using engine_name: torch[0m
[32m[INFO] 2026-08-31 20:13:52,450 [RapidOCR] device_config.py:64: Using GPU device with ID: 0[0m
[32m[INFO] 2026-08-31 20:13:52,451 [RapidOCR] download_file.py:60: File exists and is valid: D:\Work\research\FileX\.venv-ai\Lib\site-packages\rapidocr\models\ch_ptocr_mobile_v2.0_cls_mobile.pth[0m
[32m[INFO] 2026-08-31 20:13:52,451 [RapidOCR] main.py:50: Using D:\Work\research\FileX\.venv-ai\Lib\site-packages\rapidocr\models\ch_ptocr_mobile_v2.0_cls_mobile.pth[0m
[32m[INFO] 2026-08-31 20:13:52,622 [RapidOCR] base.py:23: Using engine_name: torch[0m
[32m[INFO] 2026-08-31 20:13:52,622 [RapidOCR] device_config.py:64: Using GPU device with ID: 0[0m
[32m[INFO] 2026-08-31 20:13:52,640 [RapidOCR] download_file.py:60: File exists and is valid: D:\Work\research\FileX\.venv-ai\Lib\site-packages\rapidocr\models\PP-OCRv6_rec_small.pth[0m
[32m[INFO] 2026-08-31 20:13:52,640 [RapidOCR] main.py:50: Using D:\Work\research\FileX\.venv-ai\Lib\site-packages\rapidocr\models\PP-OCRv6_rec_small.pth[0m
{"config": "docling-r6", "doc": "escaneado_d5", "ppp_nativo": 72, "ppp": 135, "factor": 1.875, "png": "ppp135__escaneado_d5.png", "png_identify": "872x1193 53.140000000000000568,53.149999999999998579 PixelsPerCentimeter", "preflight": {"vram_libre_mib": 8488, "mpx_actual": 1.04, "mpx_pendiente_ordenada": 0}, "entrada": "PDF via Docling; scale explicita", "dispositivo": "GPU CUDA", "rc": [1, 1, 1, 1, 1, 1, 1, 1, 1], "error": ["FileNotFoundError: [WinError 3] El sistema no puede encontrar la ruta especificada: '\\\\\\\\?\\\\\\\\wsl.localhost\\\\Ubuntu\\\\'", "FileNotFoundError: [WinError 3] El sistema no puede encontrar la ruta especificada: '\\\\\\\\?\\\\\\\\wsl.localhost\\\\Ubuntu\\\\'", "FileNotFoundError: [WinError 3] El sistema no puede encontrar la ruta especificada: '\\\\\\\\?\\\\\\\\wsl.localhost\\\\Ubuntu\\\\'", "FileNotFoundError: [WinError 3] El sistema no puede encontrar la ruta especificada: '\\\\\\\\?\\\\\\\\wsl.localhost\\\\Ubuntu\\\\'", "FileNotFoundError: [WinError 3] El sistema no puede encontrar la ruta especificada: '\\\\\\\\?\\\\\\\\wsl.localhost\\\\Ubuntu\\\\'", "FileNotFoundError: [WinError 3] El sistema no puede encontrar la ruta especificada: '\\\\\\\\?\\\\\\\\wsl.localhost\\\\Ubuntu\\\\'", "FileNotFoundError: [WinError 3] El sistema no puede encontrar la ruta especificada: '\\\\\\\\?\\\\\\\\wsl.localhost\\\\Ubuntu\\\\'", "FileNotFoundError: [WinError 3] El sistema no puede encontrar la ruta especificada: '\\\\\\\\?\\\\\\\\wsl.localhost\\\\Ubuntu\\\\'", "FileNotFoundError: [WinError 3] El sistema no puede encontrar la ruta especificada: '\\\\\\\\?\\\\\\\\wsl.localhost\\\\Ubuntu\\\\'"], "n": 9, "ms_mediana": 1779.5, "determinista": true, "metrica": "acentos", "cer_pct": 100.0, "cer_acentos_pct": 100.0, "cer_ciego_pct": 100.0, "dist_acentos": 596, "texto": "docling-r6__ppp135__escaneado_d5.txt"}
[32m[INFO] 2026-08-31 20:13:53,923 [RapidOCR] base.py:23: Using engine_name: torch[0m
[32m[INFO] 2026-08-31 20:13:53,923 [RapidOCR] device_config.py:64: Using GPU device with ID: 0[0m
[32m[INFO] 2026-08-31 20:13:53,934 [RapidOCR] download_file.py:60: File exists and is valid: D:\Work\research\FileX\.venv-ai\Lib\site-packages\rapidocr\models\PP-OCRv6_det_small.pth[0m
[32m[INFO] 2026-08-31 20:13:53,935 [RapidOCR] main.py:50: Using D:\Work\research\FileX\.venv-ai\Lib\site-packages\rapidocr\models\PP-OCRv6_det_small.pth[0m
[32m[INFO] 2026-08-31 20:13:54,464 [RapidOCR] base.py:23: Using engine_name: torch[0m
[32m[INFO] 2026-08-31 20:13:54,464 [RapidOCR] device_config.py:64: Using GPU device with ID: 0[0m
[32m[INFO] 2026-08-31 20:13:54,465 [RapidOCR] download_file.py:60: File exists and is valid: D:\Work\research\FileX\.venv-ai\Lib\site-packages\rapidocr\models\ch_ptocr_mobile_v2.0_cls_mobile.pth[0m
[32m[INFO] 2026-08-31 20:13:54,466 [RapidOCR] main.py:50: Using D:\Work\research\FileX\.venv-ai\Lib\site-packages\rapidocr\models\ch_ptocr_mobile_v2.0_cls_mobile.pth[0m
[32m[INFO] 2026-08-31 20:13:54,630 [RapidOCR] base.py:23: Using engine_name: torch[0m
[32m[INFO] 2026-08-31 20:13:54,631 [RapidOCR] device_config.py:64: Using GPU device with ID: 0[0m
[32m[INFO] 2026-08-31 20:13:54,649 [RapidOCR] download_file.py:60: File exists and is valid: D:\Work\research\FileX\.venv-ai\Lib\site-packages\rapidocr\models\PP-OCRv6_rec_small.pth[0m
[32m[INFO] 2026-08-31 20:13:54,649 [RapidOCR] main.py:50: Using D:\Work\research\FileX\.venv-ai\Lib\site-packages\rapidocr\models\PP-OCRv6_rec_small.pth[0m
[32m[INFO] 2026-08-31 20:13:55,798 [RapidOCR] base.py:23: Using engine_name: torch[0m
[32m[INFO] 2026-08-31 20:13:55,798 [RapidOCR] device_config.py:64: Using GPU device with ID: 0[0m
[32m[INFO] 2026-08-31 20:13:55,807 [RapidOCR] download_file.py:60: File exists and is valid: D:\Work\research\FileX\.venv-ai\Lib\site-packages\rapidocr\models\PP-OCRv6_det_small.pth[0m
[32m[INFO] 2026-08-31 20:13:55,807 [RapidOCR] main.py:50: Using D:\Work\research\FileX\.venv-ai\Lib\site-packages\rapidocr\models\PP-OCRv6_det_small.pth[0m
[32m[INFO] 2026-08-31 20:13:56,077 [RapidOCR] base.py:23: Using engine_name: torch[0m
[32m[INFO] 2026-08-31 20:13:56,077 [RapidOCR] device_config.py:64: Using GPU device with ID: 0[0m
[32m[INFO] 2026-08-31 20:13:56,079 [RapidOCR] download_file.py:60: File exists and is valid: D:\Work\research\FileX\.venv-ai\Lib\site-packages\rapidocr\models\ch_ptocr_mobile_v2.0_cls_mobile.pth[0m
[32m[INFO] 2026-08-31 20:13:56,079 [RapidOCR] main.py:50: Using D:\Work\research\FileX\.venv-ai\Lib\site-packages\rapidocr\models\ch_ptocr_mobile_v2.0_cls_mobile.pth[0m
[32m[INFO] 2026-08-31 20:13:56,269 [RapidOCR] base.py:23: Using engine_name: torch[0m
[32m[INFO] 2026-08-31 20:13:56,269 [RapidOCR] device_config.py:64: Using GPU device with ID: 0[0m
[32m[INFO] 2026-08-31 20:13:56,294 [RapidOCR] download_file.py:60: File exists and is valid: D:\Work\research\FileX\.venv-ai\Lib\site-packages\rapidocr\models\PP-OCRv6_rec_small.pth[0m
[32m[INFO] 2026-08-31 20:13:56,294 [RapidOCR] main.py:50: Using D:\Work\research\FileX\.venv-ai\Lib\site-packages\rapidocr\models\PP-OCRv6_rec_small.pth[0m
[32m[INFO] 2026-08-31 20:13:57,504 [RapidOCR] base.py:23: Using engine_name: torch[0m
[32m[INFO] 2026-08-31 20:13:57,505 [RapidOCR] device_config.py:64: Using GPU device with ID: 0[0m
[32m[INFO] 2026-08-31 20:13:57,514 [RapidOCR] download_file.py:60: File exists and is valid: D:\Work\research\FileX\.venv-ai\Lib\site-packages\rapidocr\models\PP-OCRv6_det_small.pth[0m
[32m[INFO] 2026-08-31 20:13:57,514 [RapidOCR] main.py:50: Using D:\Work\research\FileX\.venv-ai\Lib\site-packages\rapidocr\models\PP-OCRv6_det_small.pth[0m
[32m[INFO] 2026-08-31 20:13:57,769 [RapidOCR] base.py:23: Using engine_name: torch[0m
[32m[INFO] 2026-08-31 20:13:57,770 [RapidOCR] device_config.py:64: Using GPU device with ID: 0[0m
[32m[INFO] 2026-08-31 20:13:57,771 [RapidOCR] download_file.py:60: File exists and is valid: D:\Work\research\FileX\.venv-ai\Lib\site-packages\rapidocr\models\ch_ptocr_mobile_v2.0_cls_mobile.pth[0m
[32m[INFO] 2026-08-31 20:13:57,771 [RapidOCR] main.py:50: Using D:\Work\research\FileX\.venv-ai\Lib\site-packages\rapidocr\models\ch_ptocr_mobile_v2.0_cls_mobile.pth[0m
[32m[INFO] 2026-08-31 20:13:57,967 [RapidOCR] base.py:23: Using engine_name: torch[0m
[32m[INFO] 2026-08-31 20:13:57,967 [RapidOCR] device_config.py:64: Using GPU device with ID: 0[0m
[32m[INFO] 2026-08-31 20:13:57,990 [RapidOCR] download_file.py:60: File exists and is valid: D:\Work\research\FileX\.venv-ai\Lib\site-packages\rapidocr\models\PP-OCRv6_rec_small.pth[0m
[32m[INFO] 2026-08-31 20:13:57,990 [RapidOCR] main.py:50: Using D:\Work\research\FileX\.venv-ai\Lib\site-packages\rapidocr\models\PP-OCRv6_rec_small.pth[0m
[32m[INFO] 2026-08-31 20:13:59,159 [RapidOCR] base.py:23: Using engine_name: torch[0m
[32m[INFO] 2026-08-31 20:13:59,159 [RapidOCR] device_config.py:64: Using GPU device with ID: 0[0m
[32m[INFO] 2026-08-31 20:13:59,168 [RapidOCR] download_file.py:60: File exists and is valid: D:\Work\research\FileX\.venv-ai\Lib\site-packages\rapidocr\models\PP-OCRv6_det_small.pth[0m
[32m[INFO] 2026-08-31 20:13:59,168 [RapidOCR] main.py:50: Using D:\Work\research\FileX\.venv-ai\Lib\site-packages\rapidocr\models\PP-OCRv6_det_small.pth[0m
[32m[INFO] 2026-08-31 20:13:59,429 [RapidOCR] base.py:23: Using engine_name: torch[0m
[32m[INFO] 2026-08-31 20:13:59,430 [RapidOCR] device_config.py:64: Using GPU device with ID: 0[0m
[32m[INFO] 2026-08-31 20:13:59,431 [RapidOCR] download_file.py:60: File exists and is valid: D:\Work\research\FileX\.venv-ai\Lib\site-packages\rapidocr\models\ch_ptocr_mobile_v2.0_cls_mobile.pth[0m
[32m[INFO] 2026-08-31 20:13:59,431 [RapidOCR] main.py:50: Using D:\Work\research\FileX\.venv-ai\Lib\site-packages\rapidocr\models\ch_ptocr_mobile_v2.0_cls_mobile.pth[0m
[32m[INFO] 2026-08-31 20:13:59,779 [RapidOCR] base.py:23: Using engine_name: torch[0m
[32m[INFO] 2026-08-31 20:13:59,779 [RapidOCR] device_config.py:64: Using GPU device with ID: 0[0m
[32m[INFO] 2026-08-31 20:13:59,797 [RapidOCR] download_file.py:60: File exists and is valid: D:\Work\research\FileX\.venv-ai\Lib\site-packages\rapidocr\models\PP-OCRv6_rec_small.pth[0m
[32m[INFO] 2026-08-31 20:13:59,797 [RapidOCR] main.py:50: Using D:\Work\research\FileX\.venv-ai\Lib\site-packages\rapidocr\models\PP-OCRv6_rec_small.pth[0m
[32m[INFO] 2026-08-31 20:14:00,842 [RapidOCR] base.py:23: Using engine_name: torch[0m
[32m[INFO] 2026-08-31 20:14:00,843 [RapidOCR] device_config.py:64: Using GPU device with ID: 0[0m
[32m[INFO] 2026-08-31 20:14:00,851 [RapidOCR] download_file.py:60: File exists and is valid: D:\Work\research\FileX\.venv-ai\Lib\site-packages\rapidocr\models\PP-OCRv6_det_small.pth[0m
[32m[INFO] 2026-08-31 20:14:00,851 [RapidOCR] main.py:50: Using D:\Work\research\FileX\.venv-ai\Lib\site-packages\rapidocr\models\PP-OCRv6_det_small.pth[0m
[32m[INFO] 2026-08-31 20:14:01,150 [RapidOCR] base.py:23: Using engine_name: torch[0m
[32m[INFO] 2026-08-31 20:14:01,151 [RapidOCR] device_config.py:64: Using GPU device with ID: 0[0m
[32m[INFO] 2026-08-31 20:14:01,152 [RapidOCR] download_file.py:60: File exists and is valid: D:\Work\research\FileX\.venv-ai\Lib\site-packages\rapidocr\models\ch_ptocr_mobile_v2.0_cls_mobile.pth[0m
[32m[INFO] 2026-08-31 20:14:01,152 [RapidOCR] main.py:50: Using D:\Work\research\FileX\.venv-ai\Lib\site-packages\rapidocr\models\ch_ptocr_mobile_v2.0_cls_mobile.pth[0m
[32m[INFO] 2026-08-31 20:14:01,307 [RapidOCR] base.py:23: Using engine_name: torch[0m
[32m[INFO] 2026-08-31 20:14:01,307 [RapidOCR] device_config.py:64: Using GPU device with ID: 0[0m
[32m[INFO] 2026-08-31 20:14:01,325 [RapidOCR] download_file.py:60: File exists and is valid: D:\Work\research\FileX\.venv-ai\Lib\site-packages\rapidocr\models\PP-OCRv6_rec_small.pth[0m
[32m[INFO] 2026-08-31 20:14:01,326 [RapidOCR] main.py:50: Using D:\Work\research\FileX\.venv-ai\Lib\site-packages\rapidocr\models\PP-OCRv6_rec_small.pth[0m
[32m[INFO] 2026-08-31 20:14:02,433 [RapidOCR] base.py:23: Using engine_name: torch[0m
[32m[INFO] 2026-08-31 20:14:02,434 [RapidOCR] device_config.py:64: Using GPU device with ID: 0[0m
[32m[INFO] 2026-08-31 20:14:02,443 [RapidOCR] download_file.py:60: File exists and is valid: D:\Work\research\FileX\.venv-ai\Lib\site-packages\rapidocr\models\PP-OCRv6_det_small.pth[0m
[32m[INFO] 2026-08-31 20:14:02,443 [RapidOCR] main.py:50: Using D:\Work\research\FileX\.venv-ai\Lib\site-packages\rapidocr\models\PP-OCRv6_det_small.pth[0m
[32m[INFO] 2026-08-31 20:14:02,751 [RapidOCR] base.py:23: Using engine_name: torch[0m
[32m[INFO] 2026-08-31 20:14:02,751 [RapidOCR] device_config.py:64: Using GPU device with ID: 0[0m
[32m[INFO] 2026-08-31 20:14:02,753 [RapidOCR] download_file.py:60: File exists and is valid: D:\Work\research\FileX\.venv-ai\Lib\site-packages\rapidocr\models\ch_ptocr_mobile_v2.0_cls_mobile.pth[0m
[32m[INFO] 2026-08-31 20:14:02,753 [RapidOCR] main.py:50: Using D:\Work\research\FileX\.venv-ai\Lib\site-packages\rapidocr\models\ch_ptocr_mobile_v2.0_cls_mobile.pth[0m
[32m[INFO] 2026-08-31 20:14:02,933 [RapidOCR] base.py:23: Using engine_name: torch[0m
[32m[INFO] 2026-08-31 20:14:02,933 [RapidOCR] device_config.py:64: Using GPU device with ID: 0[0m
[32m[INFO] 2026-08-31 20:14:02,952 [RapidOCR] download_file.py:60: File exists and is valid: D:\Work\research\FileX\.venv-ai\Lib\site-packages\rapidocr\models\PP-OCRv6_rec_small.pth[0m
[32m[INFO] 2026-08-31 20:14:02,952 [RapidOCR] main.py:50: Using D:\Work\research\FileX\.venv-ai\Lib\site-packages\rapidocr\models\PP-OCRv6_rec_small.pth[0m
[32m[INFO] 2026-08-31 20:14:04,194 [RapidOCR] base.py:23: Using engine_name: torch[0m
[32m[INFO] 2026-08-31 20:14:04,195 [RapidOCR] device_config.py:64: Using GPU device with ID: 0[0m
[32m[INFO] 2026-08-31 20:14:04,205 [RapidOCR] download_file.py:60: File exists and is valid: D:\Work\research\FileX\.venv-ai\Lib\site-packages\rapidocr\models\PP-OCRv6_det_small.pth[0m
[32m[INFO] 2026-08-31 20:14:04,205 [RapidOCR] main.py:50: Using D:\Work\research\FileX\.venv-ai\Lib\site-packages\rapidocr\models\PP-OCRv6_det_small.pth[0m
[32m[INFO] 2026-08-31 20:14:04,487 [RapidOCR] base.py:23: Using engine_name: torch[0m
[32m[INFO] 2026-08-31 20:14:04,488 [RapidOCR] device_config.py:64: Using GPU device with ID: 0[0m
[32m[INFO] 2026-08-31 20:14:04,489 [RapidOCR] download_file.py:60: File exists and is valid: D:\Work\research\FileX\.venv-ai\Lib\site-packages\rapidocr\models\ch_ptocr_mobile_v2.0_cls_mobile.pth[0m
[32m[INFO] 2026-08-31 20:14:04,490 [RapidOCR] main.py:50: Using D:\Work\research\FileX\.venv-ai\Lib\site-packages\rapidocr\models\ch_ptocr_mobile_v2.0_cls_mobile.pth[0m
[32m[INFO] 2026-08-31 20:14:04,636 [RapidOCR] base.py:23: Using engine_name: torch[0m
[32m[INFO] 2026-08-31 20:14:04,637 [RapidOCR] device_config.py:64: Using GPU device with ID: 0[0m
[32m[INFO] 2026-08-31 20:14:04,654 [RapidOCR] download_file.py:60: File exists and is valid: D:\Work\research\FileX\.venv-ai\Lib\site-packages\rapidocr\models\PP-OCRv6_rec_small.pth[0m
[32m[INFO] 2026-08-31 20:14:04,654 [RapidOCR] main.py:50: Using D:\Work\research\FileX\.venv-ai\Lib\site-packages\rapidocr\models\PP-OCRv6_rec_small.pth[0m
[32m[INFO] 2026-08-31 20:14:05,881 [RapidOCR] base.py:23: Using engine_name: torch[0m
[32m[INFO] 2026-08-31 20:14:05,882 [RapidOCR] device_config.py:64: Using GPU device with ID: 0[0m
[32m[INFO] 2026-08-31 20:14:05,890 [RapidOCR] download_file.py:60: File exists and is valid: D:\Work\research\FileX\.venv-ai\Lib\site-packages\rapidocr\models\PP-OCRv6_det_small.pth[0m
[32m[INFO] 2026-08-31 20:14:05,890 [RapidOCR] main.py:50: Using D:\Work\research\FileX\.venv-ai\Lib\site-packages\rapidocr\models\PP-OCRv6_det_small.pth[0m
[32m[INFO] 2026-08-31 20:14:06,106 [RapidOCR] base.py:23: Using engine_name: torch[0m
[32m[INFO] 2026-08-31 20:14:06,107 [RapidOCR] device_config.py:64: Using GPU device with ID: 0[0m
[32m[INFO] 2026-08-31 20:14:06,108 [RapidOCR] download_file.py:60: File exists and is valid: D:\Work\research\FileX\.venv-ai\Lib\site-packages\rapidocr\models\ch_ptocr_mobile_v2.0_cls_mobile.pth[0m
[32m[INFO] 2026-08-31 20:14:06,108 [RapidOCR] main.py:50: Using D:\Work\research\FileX\.venv-ai\Lib\site-packages\rapidocr\models\ch_ptocr_mobile_v2.0_cls_mobile.pth[0m
[32m[INFO] 2026-08-31 20:14:06,266 [RapidOCR] base.py:23: Using engine_name: torch[0m
[32m[INFO] 2026-08-31 20:14:06,267 [RapidOCR] device_config.py:64: Using GPU device with ID: 0[0m
[32m[INFO] 2026-08-31 20:14:06,285 [RapidOCR] download_file.py:60: File exists and is valid: D:\Work\research\FileX\.venv-ai\Lib\site-packages\rapidocr\models\PP-OCRv6_rec_small.pth[0m
[32m[INFO] 2026-08-31 20:14:06,285 [RapidOCR] main.py:50: Using D:\Work\research\FileX\.venv-ai\Lib\site-packages\rapidocr\models\PP-OCRv6_rec_small.pth[0m
[32m[INFO] 2026-08-31 20:14:07,391 [RapidOCR] base.py:23: Using engine_name: torch[0m
[32m[INFO] 2026-08-31 20:14:07,392 [RapidOCR] device_config.py:64: Using GPU device with ID: 0[0m
[32m[INFO] 2026-08-31 20:14:07,401 [RapidOCR] download_file.py:60: File exists and is valid: D:\Work\research\FileX\.venv-ai\Lib\site-packages\rapidocr\models\PP-OCRv6_det_small.pth[0m
[32m[INFO] 2026-08-31 20:14:07,401 [RapidOCR] main.py:50: Using D:\Work\research\FileX\.venv-ai\Lib\site-packages\rapidocr\models\PP-OCRv6_det_small.pth[0m
[32m[INFO] 2026-08-31 20:14:07,611 [RapidOCR] base.py:23: Using engine_name: torch[0m
[32m[INFO] 2026-08-31 20:14:07,612 [RapidOCR] device_config.py:64: Using GPU device with ID: 0[0m
[32m[INFO] 2026-08-31 20:14:07,613 [RapidOCR] download_file.py:60: File exists and is valid: D:\Work\research\FileX\.venv-ai\Lib\site-packages\rapidocr\models\ch_ptocr_mobile_v2.0_cls_mobile.pth[0m
[32m[INFO] 2026-08-31 20:14:07,613 [RapidOCR] main.py:50: Using D:\Work\research\FileX\.venv-ai\Lib\site-packages\rapidocr\models\ch_ptocr_mobile_v2.0_cls_mobile.pth[0m
[32m[INFO] 2026-08-31 20:14:07,766 [RapidOCR] base.py:23: Using engine_name: torch[0m
[32m[INFO] 2026-08-31 20:14:07,766 [RapidOCR] device_config.py:64: Using GPU device with ID: 0[0m
[32m[INFO] 2026-08-31 20:14:07,783 [RapidOCR] download_file.py:60: File exists and is valid: D:\Work\research\FileX\.venv-ai\Lib\site-packages\rapidocr\models\PP-OCRv6_rec_small.pth[0m
[32m[INFO] 2026-08-31 20:14:07,783 [RapidOCR] main.py:50: Using D:\Work\research\FileX\.venv-ai\Lib\site-packages\rapidocr\models\PP-OCRv6_rec_small.pth[0m
[32m[INFO] 2026-08-31 20:14:08,819 [RapidOCR] base.py:23: Using engine_name: torch[0m
[32m[INFO] 2026-08-31 20:14:08,820 [RapidOCR] device_config.py:64: Using GPU device with ID: 0[0m
[32m[INFO] 2026-08-31 20:14:08,829 [RapidOCR] download_file.py:60: File exists and is valid: D:\Work\research\FileX\.venv-ai\Lib\site-packages\rapidocr\models\PP-OCRv6_det_small.pth[0m
[32m[INFO] 2026-08-31 20:14:08,829 [RapidOCR] main.py:50: Using D:\Work\research\FileX\.venv-ai\Lib\site-packages\rapidocr\models\PP-OCRv6_det_small.pth[0m
[32m[INFO] 2026-08-31 20:14:09,061 [RapidOCR] base.py:23: Using engine_name: torch[0m
[32m[INFO] 2026-08-31 20:14:09,062 [RapidOCR] device_config.py:64: Using GPU device with ID: 0[0m
[32m[INFO] 2026-08-31 20:14:09,063 [RapidOCR] download_file.py:60: File exists and is valid: D:\Work\research\FileX\.venv-ai\Lib\site-packages\rapidocr\models\ch_ptocr_mobile_v2.0_cls_mobile.pth[0m
[32m[INFO] 2026-08-31 20:14:09,063 [RapidOCR] main.py:50: Using D:\Work\research\FileX\.venv-ai\Lib\site-packages\rapidocr\models\ch_ptocr_mobile_v2.0_cls_mobile.pth[0m
[32m[INFO] 2026-08-31 20:14:09,219 [RapidOCR] base.py:23: Using engine_name: torch[0m
[32m[INFO] 2026-08-31 20:14:09,220 [RapidOCR] device_config.py:64: Using GPU device with ID: 0[0m
[32m[INFO] 2026-08-31 20:14:09,237 [RapidOCR] download_file.py:60: File exists and is valid: D:\Work\research\FileX\.venv-ai\Lib\site-packages\rapidocr\models\PP-OCRv6_rec_small.pth[0m
[32m[INFO] 2026-08-31 20:14:09,237 [RapidOCR] main.py:50: Using D:\Work\research\FileX\.venv-ai\Lib\site-packages\rapidocr\models\PP-OCRv6_rec_small.pth[0m
{"config": "docling-r6", "doc": "escaneado_d5", "ppp_nativo": 72, "ppp": 140, "factor": 1.944, "png": "ppp140__escaneado_d5.png", "png_identify": "904x1237 55.109999999999999432,55.119999999999997442 PixelsPerCentimeter", "preflight": {"vram_libre_mib": 8497, "mpx_actual": 1.118, "mpx_pendiente_ordenada": 0}, "entrada": "PDF via Docling; scale explicita", "dispositivo": "GPU CUDA", "rc": [1, 1, 1, 1, 1, 1, 1, 1, 1], "error": ["FileNotFoundError: [WinError 3] El sistema no puede encontrar la ruta especificada: '\\\\\\\\?\\\\\\\\wsl.localhost\\\\Ubuntu\\\\'", "FileNotFoundError: [WinError 3] El sistema no puede encontrar la ruta especificada: '\\\\\\\\?\\\\\\\\wsl.localhost\\\\Ubuntu\\\\'", "FileNotFoundError: [WinError 3] El sistema no puede encontrar la ruta especificada: '\\\\\\\\?\\\\\\\\wsl.localhost\\\\Ubuntu\\\\'", "FileNotFoundError: [WinError 3] El sistema no puede encontrar la ruta especificada: '\\\\\\\\?\\\\\\\\wsl.localhost\\\\Ubuntu\\\\'", "FileNotFoundError: [WinError 3] El sistema no puede encontrar la ruta especificada: '\\\\\\\\?\\\\\\\\wsl.localhost\\\\Ubuntu\\\\'", "FileNotFoundError: [WinError 3] El sistema no puede encontrar la ruta especificada: '\\\\\\\\?\\\\\\\\wsl.localhost\\\\Ubuntu\\\\'", "FileNotFoundError: [WinError 3] El sistema no puede encontrar la ruta especificada: '\\\\\\\\?\\\\\\\\wsl.localhost\\\\Ubuntu\\\\'", "FileNotFoundError: [WinError 3] El sistema no puede encontrar la ruta especificada: '\\\\\\\\?\\\\\\\\wsl.localhost\\\\Ubuntu\\\\'", "FileNotFoundError: [WinError 3] El sistema no puede encontrar la ruta especificada: '\\\\\\\\?\\\\\\\\wsl.localhost\\\\Ubuntu\\\\'"], "n": 9, "ms_mediana": 1624.5, "determinista": true, "metrica": "acentos", "cer_pct": 100.0, "cer_acentos_pct": 100.0, "cer_ciego_pct": 100.0, "dist_acentos": 596, "texto": "docling-r6__ppp140__escaneado_d5.txt"}
[32m[INFO] 2026-08-31 20:14:10,486 [RapidOCR] base.py:23: Using engine_name: torch[0m
[32m[INFO] 2026-08-31 20:14:10,487 [RapidOCR] device_config.py:64: Using GPU device with ID: 0[0m
[32m[INFO] 2026-08-31 20:14:10,495 [RapidOCR] download_file.py:60: File exists and is valid: D:\Work\research\FileX\.venv-ai\Lib\site-packages\rapidocr\models\PP-OCRv6_det_small.pth[0m
[32m[INFO] 2026-08-31 20:14:10,495 [RapidOCR] main.py:50: Using D:\Work\research\FileX\.venv-ai\Lib\site-packages\rapidocr\models\PP-OCRv6_det_small.pth[0m
[32m[INFO] 2026-08-31 20:14:10,714 [RapidOCR] base.py:23: Using engine_name: torch[0m
[32m[INFO] 2026-08-31 20:14:10,715 [RapidOCR] device_config.py:64: Using GPU device with ID: 0[0m
[32m[INFO] 2026-08-31 20:14:10,716 [RapidOCR] download_file.py:60: File exists and is valid: D:\Work\research\FileX\.venv-ai\Lib\site-packages\rapidocr\models\ch_ptocr_mobile_v2.0_cls_mobile.pth[0m
[32m[INFO] 2026-08-31 20:14:10,717 [RapidOCR] main.py:50: Using D:\Work\research\FileX\.venv-ai\Lib\site-packages\rapidocr\models\ch_ptocr_mobile_v2.0_cls_mobile.pth[0m
[32m[INFO] 2026-08-31 20:14:10,885 [RapidOCR] base.py:23: Using engine_name: torch[0m
[32m[INFO] 2026-08-31 20:14:10,885 [RapidOCR] device_config.py:64: Using GPU device with ID: 0[0m
[32m[INFO] 2026-08-31 20:14:10,905 [RapidOCR] download_file.py:60: File exists and is valid: D:\Work\research\FileX\.venv-ai\Lib\site-packages\rapidocr\models\PP-OCRv6_rec_small.pth[0m
[32m[INFO] 2026-08-31 20:14:10,905 [RapidOCR] main.py:50: Using D:\Work\research\FileX\.venv-ai\Lib\site-packages\rapidocr\models\PP-OCRv6_rec_small.pth[0m
[32m[INFO] 2026-08-31 20:14:11,970 [RapidOCR] base.py:23: Using engine_name: torch[0m
[32m[INFO] 2026-08-31 20:14:11,971 [RapidOCR] device_config.py:64: Using GPU device with ID: 0[0m
[32m[INFO] 2026-08-31 20:14:11,981 [RapidOCR] download_file.py:60: File exists and is valid: D:\Work\research\FileX\.venv-ai\Lib\site-packages\rapidocr\models\PP-OCRv6_det_small.pth[0m
[32m[INFO] 2026-08-31 20:14:11,981 [RapidOCR] main.py:50: Using D:\Work\research\FileX\.venv-ai\Lib\site-packages\rapidocr\models\PP-OCRv6_det_small.pth[0m
[32m[INFO] 2026-08-31 20:14:12,228 [RapidOCR] base.py:23: Using engine_name: torch[0m
[32m[INFO] 2026-08-31 20:14:12,229 [RapidOCR] device_config.py:64: Using GPU device with ID: 0[0m
[32m[INFO] 2026-08-31 20:14:12,230 [RapidOCR] download_file.py:60: File exists and is valid: D:\Work\research\FileX\.venv-ai\Lib\site-packages\rapidocr\models\ch_ptocr_mobile_v2.0_cls_mobile.pth[0m
[32m[INFO] 2026-08-31 20:14:12,230 [RapidOCR] main.py:50: Using D:\Work\research\FileX\.venv-ai\Lib\site-packages\rapidocr\models\ch_ptocr_mobile_v2.0_cls_mobile.pth[0m
[32m[INFO] 2026-08-31 20:14:12,429 [RapidOCR] base.py:23: Using engine_name: torch[0m
[32m[INFO] 2026-08-31 20:14:12,430 [RapidOCR] device_config.py:64: Using GPU device with ID: 0[0m
[32m[INFO] 2026-08-31 20:14:12,448 [RapidOCR] download_file.py:60: File exists and is valid: D:\Work\research\FileX\.venv-ai\Lib\site-packages\rapidocr\models\PP-OCRv6_rec_small.pth[0m
[32m[INFO] 2026-08-31 20:14:12,448 [RapidOCR] main.py:50: Using D:\Work\research\FileX\.venv-ai\Lib\site-packages\rapidocr\models\PP-OCRv6_rec_small.pth[0m
[32m[INFO] 2026-08-31 20:14:13,490 [RapidOCR] base.py:23: Using engine_name: torch[0m
[32m[INFO] 2026-08-31 20:14:13,490 [RapidOCR] device_config.py:64: Using GPU device with ID: 0[0m
[32m[INFO] 2026-08-31 20:14:13,499 [RapidOCR] download_file.py:60: File exists and is valid: D:\Work\research\FileX\.venv-ai\Lib\site-packages\rapidocr\models\PP-OCRv6_det_small.pth[0m
[32m[INFO] 2026-08-31 20:14:13,499 [RapidOCR] main.py:50: Using D:\Work\research\FileX\.venv-ai\Lib\site-packages\rapidocr\models\PP-OCRv6_det_small.pth[0m
[32m[INFO] 2026-08-31 20:14:13,729 [RapidOCR] base.py:23: Using engine_name: torch[0m
[32m[INFO] 2026-08-31 20:14:13,729 [RapidOCR] device_config.py:64: Using GPU device with ID: 0[0m
[32m[INFO] 2026-08-31 20:14:13,730 [RapidOCR] download_file.py:60: File exists and is valid: D:\Work\research\FileX\.venv-ai\Lib\site-packages\rapidocr\models\ch_ptocr_mobile_v2.0_cls_mobile.pth[0m
[32m[INFO] 2026-08-31 20:14:13,731 [RapidOCR] main.py:50: Using D:\Work\research\FileX\.venv-ai\Lib\site-packages\rapidocr\models\ch_ptocr_mobile_v2.0_cls_mobile.pth[0m
[32m[INFO] 2026-08-31 20:14:13,899 [RapidOCR] base.py:23: Using engine_name: torch[0m
[32m[INFO] 2026-08-31 20:14:13,900 [RapidOCR] device_config.py:64: Using GPU device with ID: 0[0m
[32m[INFO] 2026-08-31 20:14:13,922 [RapidOCR] download_file.py:60: File exists and is valid: D:\Work\research\FileX\.venv-ai\Lib\site-packages\rapidocr\models\PP-OCRv6_rec_small.pth[0m
[32m[INFO] 2026-08-31 20:14:13,923 [RapidOCR] main.py:50: Using D:\Work\research\FileX\.venv-ai\Lib\site-packages\rapidocr\models\PP-OCRv6_rec_small.pth[0m
[32m[INFO] 2026-08-31 20:14:15,164 [RapidOCR] base.py:23: Using engine_name: torch[0m
[32m[INFO] 2026-08-31 20:14:15,165 [RapidOCR] device_config.py:64: Using GPU device with ID: 0[0m
[32m[INFO] 2026-08-31 20:14:15,174 [RapidOCR] download_file.py:60: File exists and is valid: D:\Work\research\FileX\.venv-ai\Lib\site-packages\rapidocr\models\PP-OCRv6_det_small.pth[0m
[32m[INFO] 2026-08-31 20:14:15,174 [RapidOCR] main.py:50: Using D:\Work\research\FileX\.venv-ai\Lib\site-packages\rapidocr\models\PP-OCRv6_det_small.pth[0m
[32m[INFO] 2026-08-31 20:14:15,441 [RapidOCR] base.py:23: Using engine_name: torch[0m
[32m[INFO] 2026-08-31 20:14:15,442 [RapidOCR] device_config.py:64: Using GPU device with ID: 0[0m
[32m[INFO] 2026-08-31 20:14:15,443 [RapidOCR] download_file.py:60: File exists and is valid: D:\Work\research\FileX\.venv-ai\Lib\site-packages\rapidocr\models\ch_ptocr_mobile_v2.0_cls_mobile.pth[0m
[32m[INFO] 2026-08-31 20:14:15,443 [RapidOCR] main.py:50: Using D:\Work\research\FileX\.venv-ai\Lib\site-packages\rapidocr\models\ch_ptocr_mobile_v2.0_cls_mobile.pth[0m
[32m[INFO] 2026-08-31 20:14:15,620 [RapidOCR] base.py:23: Using engine_name: torch[0m
[32m[INFO] 2026-08-31 20:14:15,620 [RapidOCR] device_config.py:64: Using GPU device with ID: 0[0m
[32m[INFO] 2026-08-31 20:14:15,639 [RapidOCR] download_file.py:60: File exists and is valid: D:\Work\research\FileX\.venv-ai\Lib\site-packages\rapidocr\models\PP-OCRv6_rec_small.pth[0m
[32m[INFO] 2026-08-31 20:14:15,639 [RapidOCR] main.py:50: Using D:\Work\research\FileX\.venv-ai\Lib\site-packages\rapidocr\models\PP-OCRv6_rec_small.pth[0m
[32m[INFO] 2026-08-31 20:14:16,938 [RapidOCR] base.py:23: Using engine_name: torch[0m
[32m[INFO] 2026-08-31 20:14:16,939 [RapidOCR] device_config.py:64: Using GPU device with ID: 0[0m
[32m[INFO] 2026-08-31 20:14:16,948 [RapidOCR] download_file.py:60: File exists and is valid: D:\Work\research\FileX\.venv-ai\Lib\site-packages\rapidocr\models\PP-OCRv6_det_small.pth[0m
[32m[INFO] 2026-08-31 20:14:16,948 [RapidOCR] main.py:50: Using D:\Work\research\FileX\.venv-ai\Lib\site-packages\rapidocr\models\PP-OCRv6_det_small.pth[0m
[32m[INFO] 2026-08-31 20:14:17,207 [RapidOCR] base.py:23: Using engine_name: torch[0m
[32m[INFO] 2026-08-31 20:14:17,208 [RapidOCR] device_config.py:64: Using GPU device with ID: 0[0m
[32m[INFO] 2026-08-31 20:14:17,210 [RapidOCR] download_file.py:60: File exists and is valid: D:\Work\research\FileX\.venv-ai\Lib\site-packages\rapidocr\models\ch_ptocr_mobile_v2.0_cls_mobile.pth[0m
[32m[INFO] 2026-08-31 20:14:17,210 [RapidOCR] main.py:50: Using D:\Work\research\FileX\.venv-ai\Lib\site-packages\rapidocr\models\ch_ptocr_mobile_v2.0_cls_mobile.pth[0m
[32m[INFO] 2026-08-31 20:14:17,380 [RapidOCR] base.py:23: Using engine_name: torch[0m
[32m[INFO] 2026-08-31 20:14:17,380 [RapidOCR] device_config.py:64: Using GPU device with ID: 0[0m
[32m[INFO] 2026-08-31 20:14:17,398 [RapidOCR] download_file.py:60: File exists and is valid: D:\Work\research\FileX\.venv-ai\Lib\site-packages\rapidocr\models\PP-OCRv6_rec_small.pth[0m
[32m[INFO] 2026-08-31 20:14:17,398 [RapidOCR] main.py:50: Using D:\Work\research\FileX\.venv-ai\Lib\site-packages\rapidocr\models\PP-OCRv6_rec_small.pth[0m
[32m[INFO] 2026-08-31 20:14:18,331 [RapidOCR] base.py:23: Using engine_name: torch[0m
[32m[INFO] 2026-08-31 20:14:18,332 [RapidOCR] device_config.py:64: Using GPU device with ID: 0[0m
[32m[INFO] 2026-08-31 20:14:18,341 [RapidOCR] download_file.py:60: File exists and is valid: D:\Work\research\FileX\.venv-ai\Lib\site-packages\rapidocr\models\PP-OCRv6_det_small.pth[0m
[32m[INFO] 2026-08-31 20:14:18,341 [RapidOCR] main.py:50: Using D:\Work\research\FileX\.venv-ai\Lib\site-packages\rapidocr\models\PP-OCRv6_det_small.pth[0m
[32m[INFO] 2026-08-31 20:14:18,566 [RapidOCR] base.py:23: Using engine_name: torch[0m
[32m[INFO] 2026-08-31 20:14:18,567 [RapidOCR] device_config.py:64: Using GPU device with ID: 0[0m
[32m[INFO] 2026-08-31 20:14:18,568 [RapidOCR] download_file.py:60: File exists and is valid: D:\Work\research\FileX\.venv-ai\Lib\site-packages\rapidocr\models\ch_ptocr_mobile_v2.0_cls_mobile.pth[0m
[32m[INFO] 2026-08-31 20:14:18,568 [RapidOCR] main.py:50: Using D:\Work\research\FileX\.venv-ai\Lib\site-packages\rapidocr\models\ch_ptocr_mobile_v2.0_cls_mobile.pth[0m
[32m[INFO] 2026-08-31 20:14:18,733 [RapidOCR] base.py:23: Using engine_name: torch[0m
[32m[INFO] 2026-08-31 20:14:18,733 [RapidOCR] device_config.py:64: Using GPU device with ID: 0[0m
[32m[INFO] 2026-08-31 20:14:18,751 [RapidOCR] download_file.py:60: File exists and is valid: D:\Work\research\FileX\.venv-ai\Lib\site-packages\rapidocr\models\PP-OCRv6_rec_small.pth[0m
[32m[INFO] 2026-08-31 20:14:18,751 [RapidOCR] main.py:50: Using D:\Work\research\FileX\.venv-ai\Lib\site-packages\rapidocr\models\PP-OCRv6_rec_small.pth[0m
[32m[INFO] 2026-08-31 20:14:19,816 [RapidOCR] base.py:23: Using engine_name: torch[0m
[32m[INFO] 2026-08-31 20:14:19,817 [RapidOCR] device_config.py:64: Using GPU device with ID: 0[0m
[32m[INFO] 2026-08-31 20:14:19,826 [RapidOCR] download_file.py:60: File exists and is valid: D:\Work\research\FileX\.venv-ai\Lib\site-packages\rapidocr\models\PP-OCRv6_det_small.pth[0m
[32m[INFO] 2026-08-31 20:14:19,826 [RapidOCR] main.py:50: Using D:\Work\research\FileX\.venv-ai\Lib\site-packages\rapidocr\models\PP-OCRv6_det_small.pth[0m
[32m[INFO] 2026-08-31 20:14:20,280 [RapidOCR] base.py:23: Using engine_name: torch[0m
[32m[INFO] 2026-08-31 20:14:20,281 [RapidOCR] device_config.py:64: Using GPU device with ID: 0[0m
[32m[INFO] 2026-08-31 20:14:20,282 [RapidOCR] download_file.py:60: File exists and is valid: D:\Work\research\FileX\.venv-ai\Lib\site-packages\rapidocr\models\ch_ptocr_mobile_v2.0_cls_mobile.pth[0m
[32m[INFO] 2026-08-31 20:14:20,282 [RapidOCR] main.py:50: Using D:\Work\research\FileX\.venv-ai\Lib\site-packages\rapidocr\models\ch_ptocr_mobile_v2.0_cls_mobile.pth[0m
[32m[INFO] 2026-08-31 20:14:20,432 [RapidOCR] base.py:23: Using engine_name: torch[0m
[32m[INFO] 2026-08-31 20:14:20,434 [RapidOCR] device_config.py:64: Using GPU device with ID: 0[0m
[32m[INFO] 2026-08-31 20:14:20,450 [RapidOCR] download_file.py:60: File exists and is valid: D:\Work\research\FileX\.venv-ai\Lib\site-packages\rapidocr\models\PP-OCRv6_rec_small.pth[0m
[32m[INFO] 2026-08-31 20:14:20,450 [RapidOCR] main.py:50: Using D:\Work\research\FileX\.venv-ai\Lib\site-packages\rapidocr\models\PP-OCRv6_rec_small.pth[0m
[32m[INFO] 2026-08-31 20:14:21,477 [RapidOCR] base.py:23: Using engine_name: torch[0m
[32m[INFO] 2026-08-31 20:14:21,478 [RapidOCR] device_config.py:64: Using GPU device with ID: 0[0m
[32m[INFO] 2026-08-31 20:14:21,486 [RapidOCR] download_file.py:60: File exists and is valid: D:\Work\research\FileX\.venv-ai\Lib\site-packages\rapidocr\models\PP-OCRv6_det_small.pth[0m
[32m[INFO] 2026-08-31 20:14:21,486 [RapidOCR] main.py:50: Using D:\Work\research\FileX\.venv-ai\Lib\site-packages\rapidocr\models\PP-OCRv6_det_small.pth[0m
[32m[INFO] 2026-08-31 20:14:21,726 [RapidOCR] base.py:23: Using engine_name: torch[0m
[32m[INFO] 2026-08-31 20:14:21,727 [RapidOCR] device_config.py:64: Using GPU device with ID: 0[0m
[32m[INFO] 2026-08-31 20:14:21,728 [RapidOCR] download_file.py:60: File exists and is valid: D:\Work\research\FileX\.venv-ai\Lib\site-packages\rapidocr\models\ch_ptocr_mobile_v2.0_cls_mobile.pth[0m
[32m[INFO] 2026-08-31 20:14:21,728 [RapidOCR] main.py:50: Using D:\Work\research\FileX\.venv-ai\Lib\site-packages\rapidocr\models\ch_ptocr_mobile_v2.0_cls_mobile.pth[0m
[32m[INFO] 2026-08-31 20:14:21,876 [RapidOCR] base.py:23: Using engine_name: torch[0m
[32m[INFO] 2026-08-31 20:14:21,876 [RapidOCR] device_config.py:64: Using GPU device with ID: 0[0m
[32m[INFO] 2026-08-31 20:14:21,893 [RapidOCR] download_file.py:60: File exists and is valid: D:\Work\research\FileX\.venv-ai\Lib\site-packages\rapidocr\models\PP-OCRv6_rec_small.pth[0m
[32m[INFO] 2026-08-31 20:14:21,893 [RapidOCR] main.py:50: Using D:\Work\research\FileX\.venv-ai\Lib\site-packages\rapidocr\models\PP-OCRv6_rec_small.pth[0m
[32m[INFO] 2026-08-31 20:14:22,838 [RapidOCR] base.py:23: Using engine_name: torch[0m
[32m[INFO] 2026-08-31 20:14:22,839 [RapidOCR] device_config.py:64: Using GPU device with ID: 0[0m
[32m[INFO] 2026-08-31 20:14:22,847 [RapidOCR] download_file.py:60: File exists and is valid: D:\Work\research\FileX\.venv-ai\Lib\site-packages\rapidocr\models\PP-OCRv6_det_small.pth[0m
[32m[INFO] 2026-08-31 20:14:22,847 [RapidOCR] main.py:50: Using D:\Work\research\FileX\.venv-ai\Lib\site-packages\rapidocr\models\PP-OCRv6_det_small.pth[0m
[32m[INFO] 2026-08-31 20:14:23,063 [RapidOCR] base.py:23: Using engine_name: torch[0m
[32m[INFO] 2026-08-31 20:14:23,064 [RapidOCR] device_config.py:64: Using GPU device with ID: 0[0m
[32m[INFO] 2026-08-31 20:14:23,065 [RapidOCR] download_file.py:60: File exists and is valid: D:\Work\research\FileX\.venv-ai\Lib\site-packages\rapidocr\models\ch_ptocr_mobile_v2.0_cls_mobile.pth[0m
[32m[INFO] 2026-08-31 20:14:23,065 [RapidOCR] main.py:50: Using D:\Work\research\FileX\.venv-ai\Lib\site-packages\rapidocr\models\ch_ptocr_mobile_v2.0_cls_mobile.pth[0m
[32m[INFO] 2026-08-31 20:14:23,209 [RapidOCR] base.py:23: Using engine_name: torch[0m
[32m[INFO] 2026-08-31 20:14:23,209 [RapidOCR] device_config.py:64: Using GPU device with ID: 0[0m
[32m[INFO] 2026-08-31 20:14:23,226 [RapidOCR] download_file.py:60: File exists and is valid: D:\Work\research\FileX\.venv-ai\Lib\site-packages\rapidocr\models\PP-OCRv6_rec_small.pth[0m
[32m[INFO] 2026-08-31 20:14:23,226 [RapidOCR] main.py:50: Using D:\Work\research\FileX\.venv-ai\Lib\site-packages\rapidocr\models\PP-OCRv6_rec_small.pth[0m
[32m[INFO] 2026-08-31 20:14:24,289 [RapidOCR] base.py:23: Using engine_name: torch[0m
[32m[INFO] 2026-08-31 20:14:24,290 [RapidOCR] device_config.py:64: Using GPU device with ID: 0[0m
[32m[INFO] 2026-08-31 20:14:24,299 [RapidOCR] download_file.py:60: File exists and is valid: D:\Work\research\FileX\.venv-ai\Lib\site-packages\rapidocr\models\PP-OCRv6_det_small.pth[0m
[32m[INFO] 2026-08-31 20:14:24,299 [RapidOCR] main.py:50: Using D:\Work\research\FileX\.venv-ai\Lib\site-packages\rapidocr\models\PP-OCRv6_det_small.pth[0m
[32m[INFO] 2026-08-31 20:14:24,688 [RapidOCR] base.py:23: Using engine_name: torch[0m
[32m[INFO] 2026-08-31 20:14:24,689 [RapidOCR] device_config.py:64: Using GPU device with ID: 0[0m
[32m[INFO] 2026-08-31 20:14:24,690 [RapidOCR] download_file.py:60: File exists and is valid: D:\Work\research\FileX\.venv-ai\Lib\site-packages\rapidocr\models\ch_ptocr_mobile_v2.0_cls_mobile.pth[0m
[32m[INFO] 2026-08-31 20:14:24,690 [RapidOCR] main.py:50: Using D:\Work\research\FileX\.venv-ai\Lib\site-packages\rapidocr\models\ch_ptocr_mobile_v2.0_cls_mobile.pth[0m
[32m[INFO] 2026-08-31 20:14:24,862 [RapidOCR] base.py:23: Using engine_name: torch[0m
[32m[INFO] 2026-08-31 20:14:24,862 [RapidOCR] device_config.py:64: Using GPU device with ID: 0[0m
[32m[INFO] 2026-08-31 20:14:24,880 [RapidOCR] download_file.py:60: File exists and is valid: D:\Work\research\FileX\.venv-ai\Lib\site-packages\rapidocr\models\PP-OCRv6_rec_small.pth[0m
[32m[INFO] 2026-08-31 20:14:24,880 [RapidOCR] main.py:50: Using D:\Work\research\FileX\.venv-ai\Lib\site-packages\rapidocr\models\PP-OCRv6_rec_small.pth[0m
{"config": "docling-r6", "doc": "escaneado_d5", "ppp_nativo": 72, "ppp": 145, "factor": 2.014, "png": "ppp145__escaneado_d5.png", "png_identify": "936x1281 57.079999999999998295,57.079999999999998295 PixelsPerCentimeter", "preflight": {"vram_libre_mib": 8561, "mpx_actual": 1.199, "mpx_pendiente_ordenada": 0}, "entrada": "PDF via Docling; scale explicita", "dispositivo": "GPU CUDA", "rc": [1, 1, 1, 1, 1, 1, 1, 1, 1], "error": ["FileNotFoundError: [WinError 3] El sistema no puede encontrar la ruta especificada: '\\\\\\\\?\\\\\\\\wsl.localhost\\\\Ubuntu\\\\'", "FileNotFoundError: [WinError 3] El sistema no puede encontrar la ruta especificada: '\\\\\\\\?\\\\\\\\wsl.localhost\\\\Ubuntu\\\\'", "FileNotFoundError: [WinError 3] El sistema no puede encontrar la ruta especificada: '\\\\\\\\?\\\\\\\\wsl.localhost\\\\Ubuntu\\\\'", "FileNotFoundError: [WinError 3] El sistema no puede encontrar la ruta especificada: '\\\\\\\\?\\\\\\\\wsl.localhost\\\\Ubuntu\\\\'", "FileNotFoundError: [WinError 3] El sistema no puede encontrar la ruta especificada: '\\\\\\\\?\\\\\\\\wsl.localhost\\\\Ubuntu\\\\'", "FileNotFoundError: [WinError 3] El sistema no puede encontrar la ruta especificada: '\\\\\\\\?\\\\\\\\wsl.localhost\\\\Ubuntu\\\\'", "FileNotFoundError: [WinError 3] El sistema no puede encontrar la ruta especificada: '\\\\\\\\?\\\\\\\\wsl.localhost\\\\Ubuntu\\\\'", "FileNotFoundError: [WinError 3] El sistema no puede encontrar la ruta especificada: '\\\\\\\\?\\\\\\\\wsl.localhost\\\\Ubuntu\\\\'", "FileNotFoundError: [WinError 3] El sistema no puede encontrar la ruta especificada: '\\\\\\\\?\\\\\\\\wsl.localhost\\\\Ubuntu\\\\'"], "n": 9, "ms_mediana": 1473.7, "determinista": true, "metrica": "acentos", "cer_pct": 100.0, "cer_acentos_pct": 100.0, "cer_ciego_pct": 100.0, "dist_acentos": 596, "texto": "docling-r6__ppp145__escaneado_d5.txt"}
[32m[INFO] 2026-08-31 20:14:26,014 [RapidOCR] base.py:23: Using engine_name: torch[0m
[32m[INFO] 2026-08-31 20:14:26,015 [RapidOCR] device_config.py:64: Using GPU device with ID: 0[0m
[32m[INFO] 2026-08-31 20:14:26,024 [RapidOCR] download_file.py:60: File exists and is valid: D:\Work\research\FileX\.venv-ai\Lib\site-packages\rapidocr\models\PP-OCRv6_det_small.pth[0m
[32m[INFO] 2026-08-31 20:14:26,024 [RapidOCR] main.py:50: Using D:\Work\research\FileX\.venv-ai\Lib\site-packages\rapidocr\models\PP-OCRv6_det_small.pth[0m
[32m[INFO] 2026-08-31 20:14:26,261 [RapidOCR] base.py:23: Using engine_name: torch[0m
[32m[INFO] 2026-08-31 20:14:26,262 [RapidOCR] device_config.py:64: Using GPU device with ID: 0[0m
[32m[INFO] 2026-08-31 20:14:26,263 [RapidOCR] download_file.py:60: File exists and is valid: D:\Work\research\FileX\.venv-ai\Lib\site-packages\rapidocr\models\ch_ptocr_mobile_v2.0_cls_mobile.pth[0m
[32m[INFO] 2026-08-31 20:14:26,263 [RapidOCR] main.py:50: Using D:\Work\research\FileX\.venv-ai\Lib\site-packages\rapidocr\models\ch_ptocr_mobile_v2.0_cls_mobile.pth[0m
[32m[INFO] 2026-08-31 20:14:26,433 [RapidOCR] base.py:23: Using engine_name: torch[0m
[32m[INFO] 2026-08-31 20:14:26,433 [RapidOCR] device_config.py:64: Using GPU device with ID: 0[0m
[32m[INFO] 2026-08-31 20:14:26,451 [RapidOCR] download_file.py:60: File exists and is valid: D:\Work\research\FileX\.venv-ai\Lib\site-packages\rapidocr\models\PP-OCRv6_rec_small.pth[0m
[32m[INFO] 2026-08-31 20:14:26,451 [RapidOCR] main.py:50: Using D:\Work\research\FileX\.venv-ai\Lib\site-packages\rapidocr\models\PP-OCRv6_rec_small.pth[0m
[32m[INFO] 2026-08-31 20:14:27,397 [RapidOCR] base.py:23: Using engine_name: torch[0m
[32m[INFO] 2026-08-31 20:14:27,397 [RapidOCR] device_config.py:64: Using GPU device with ID: 0[0m
[32m[INFO] 2026-08-31 20:14:27,405 [RapidOCR] download_file.py:60: File exists and is valid: D:\Work\research\FileX\.venv-ai\Lib\site-packages\rapidocr\models\PP-OCRv6_det_small.pth[0m
[32m[INFO] 2026-08-31 20:14:27,405 [RapidOCR] main.py:50: Using D:\Work\research\FileX\.venv-ai\Lib\site-packages\rapidocr\models\PP-OCRv6_det_small.pth[0m
[32m[INFO] 2026-08-31 20:14:27,616 [RapidOCR] base.py:23: Using engine_name: torch[0m
[32m[INFO] 2026-08-31 20:14:27,617 [RapidOCR] device_config.py:64: Using GPU device with ID: 0[0m
[32m[INFO] 2026-08-31 20:14:27,618 [RapidOCR] download_file.py:60: File exists and is valid: D:\Work\research\FileX\.venv-ai\Lib\site-packages\rapidocr\models\ch_ptocr_mobile_v2.0_cls_mobile.pth[0m
[32m[INFO] 2026-08-31 20:14:27,618 [RapidOCR] main.py:50: Using D:\Work\research\FileX\.venv-ai\Lib\site-packages\rapidocr\models\ch_ptocr_mobile_v2.0_cls_mobile.pth[0m
[32m[INFO] 2026-08-31 20:14:27,764 [RapidOCR] base.py:23: Using engine_name: torch[0m
[32m[INFO] 2026-08-31 20:14:27,764 [RapidOCR] device_config.py:64: Using GPU device with ID: 0[0m
[32m[INFO] 2026-08-31 20:14:27,780 [RapidOCR] download_file.py:60: File exists and is valid: D:\Work\research\FileX\.venv-ai\Lib\site-packages\rapidocr\models\PP-OCRv6_rec_small.pth[0m
[32m[INFO] 2026-08-31 20:14:27,781 [RapidOCR] main.py:50: Using D:\Work\research\FileX\.venv-ai\Lib\site-packages\rapidocr\models\PP-OCRv6_rec_small.pth[0m
[32m[INFO] 2026-08-31 20:14:28,855 [RapidOCR] base.py:23: Using engine_name: torch[0m
[32m[INFO] 2026-08-31 20:14:28,855 [RapidOCR] device_config.py:64: Using GPU device with ID: 0[0m
[32m[INFO] 2026-08-31 20:14:28,866 [RapidOCR] download_file.py:60: File exists and is valid: D:\Work\research\FileX\.venv-ai\Lib\site-packages\rapidocr\models\PP-OCRv6_det_small.pth[0m
[32m[INFO] 2026-08-31 20:14:28,866 [RapidOCR] main.py:50: Using D:\Work\research\FileX\.venv-ai\Lib\site-packages\rapidocr\models\PP-OCRv6_det_small.pth[0m
[32m[INFO] 2026-08-31 20:14:29,174 [RapidOCR] base.py:23: Using engine_name: torch[0m
[32m[INFO] 2026-08-31 20:14:29,175 [RapidOCR] device_config.py:64: Using GPU device with ID: 0[0m
[32m[INFO] 2026-08-31 20:14:29,176 [RapidOCR] download_file.py:60: File exists and is valid: D:\Work\research\FileX\.venv-ai\Lib\site-packages\rapidocr\models\ch_ptocr_mobile_v2.0_cls_mobile.pth[0m
[32m[INFO] 2026-08-31 20:14:29,176 [RapidOCR] main.py:50: Using D:\Work\research\FileX\.venv-ai\Lib\site-packages\rapidocr\models\ch_ptocr_mobile_v2.0_cls_mobile.pth[0m
[32m[INFO] 2026-08-31 20:14:29,554 [RapidOCR] base.py:23: Using engine_name: torch[0m
[32m[INFO] 2026-08-31 20:14:29,555 [RapidOCR] device_config.py:64: Using GPU device with ID: 0[0m
[32m[INFO] 2026-08-31 20:14:29,577 [RapidOCR] download_file.py:60: File exists and is valid: D:\Work\research\FileX\.venv-ai\Lib\site-packages\rapidocr\models\PP-OCRv6_rec_small.pth[0m
[32m[INFO] 2026-08-31 20:14:29,577 [RapidOCR] main.py:50: Using D:\Work\research\FileX\.venv-ai\Lib\site-packages\rapidocr\models\PP-OCRv6_rec_small.pth[0m
[32m[INFO] 2026-08-31 20:14:30,796 [RapidOCR] base.py:23: Using engine_name: torch[0m
[32m[INFO] 2026-08-31 20:14:30,797 [RapidOCR] device_config.py:64: Using GPU device with ID: 0[0m
[32m[INFO] 2026-08-31 20:14:30,806 [RapidOCR] download_file.py:60: File exists and is valid: D:\Work\research\FileX\.venv-ai\Lib\site-packages\rapidocr\models\PP-OCRv6_det_small.pth[0m
[32m[INFO] 2026-08-31 20:14:30,806 [RapidOCR] main.py:50: Using D:\Work\research\FileX\.venv-ai\Lib\site-packages\rapidocr\models\PP-OCRv6_det_small.pth[0m
[32m[INFO] 2026-08-31 20:14:31,073 [RapidOCR] base.py:23: Using engine_name: torch[0m
[32m[INFO] 2026-08-31 20:14:31,074 [RapidOCR] device_config.py:64: Using GPU device with ID: 0[0m
[32m[INFO] 2026-08-31 20:14:31,075 [RapidOCR] download_file.py:60: File exists and is valid: D:\Work\research\FileX\.venv-ai\Lib\site-packages\rapidocr\models\ch_ptocr_mobile_v2.0_cls_mobile.pth[0m
[32m[INFO] 2026-08-31 20:14:31,075 [RapidOCR] main.py:50: Using D:\Work\research\FileX\.venv-ai\Lib\site-packages\rapidocr\models\ch_ptocr_mobile_v2.0_cls_mobile.pth[0m
[32m[INFO] 2026-08-31 20:14:31,254 [RapidOCR] base.py:23: Using engine_name: torch[0m
[32m[INFO] 2026-08-31 20:14:31,254 [RapidOCR] device_config.py:64: Using GPU device with ID: 0[0m
[32m[INFO] 2026-08-31 20:14:31,273 [RapidOCR] download_file.py:60: File exists and is valid: D:\Work\research\FileX\.venv-ai\Lib\site-packages\rapidocr\models\PP-OCRv6_rec_small.pth[0m
[32m[INFO] 2026-08-31 20:14:31,273 [RapidOCR] main.py:50: Using D:\Work\research\FileX\.venv-ai\Lib\site-packages\rapidocr\models\PP-OCRv6_rec_small.pth[0m
[32m[INFO] 2026-08-31 20:14:32,388 [RapidOCR] base.py:23: Using engine_name: torch[0m
[32m[INFO] 2026-08-31 20:14:32,389 [RapidOCR] device_config.py:64: Using GPU device with ID: 0[0m
[32m[INFO] 2026-08-31 20:14:32,399 [RapidOCR] download_file.py:60: File exists and is valid: D:\Work\research\FileX\.venv-ai\Lib\site-packages\rapidocr\models\PP-OCRv6_det_small.pth[0m
[32m[INFO] 2026-08-31 20:14:32,399 [RapidOCR] main.py:50: Using D:\Work\research\FileX\.venv-ai\Lib\site-packages\rapidocr\models\PP-OCRv6_det_small.pth[0m
[32m[INFO] 2026-08-31 20:14:32,671 [RapidOCR] base.py:23: Using engine_name: torch[0m
[32m[INFO] 2026-08-31 20:14:32,671 [RapidOCR] device_config.py:64: Using GPU device with ID: 0[0m
[32m[INFO] 2026-08-31 20:14:32,673 [RapidOCR] download_file.py:60: File exists and is valid: D:\Work\research\FileX\.venv-ai\Lib\site-packages\rapidocr\models\ch_ptocr_mobile_v2.0_cls_mobile.pth[0m
[32m[INFO] 2026-08-31 20:14:32,673 [RapidOCR] main.py:50: Using D:\Work\research\FileX\.venv-ai\Lib\site-packages\rapidocr\models\ch_ptocr_mobile_v2.0_cls_mobile.pth[0m
[32m[INFO] 2026-08-31 20:14:32,855 [RapidOCR] base.py:23: Using engine_name: torch[0m
[32m[INFO] 2026-08-31 20:14:32,856 [RapidOCR] device_config.py:64: Using GPU device with ID: 0[0m
[32m[INFO] 2026-08-31 20:14:32,876 [RapidOCR] download_file.py:60: File exists and is valid: D:\Work\research\FileX\.venv-ai\Lib\site-packages\rapidocr\models\PP-OCRv6_rec_small.pth[0m
[32m[INFO] 2026-08-31 20:14:32,876 [RapidOCR] main.py:50: Using D:\Work\research\FileX\.venv-ai\Lib\site-packages\rapidocr\models\PP-OCRv6_rec_small.pth[0m
[32m[INFO] 2026-08-31 20:14:34,063 [RapidOCR] base.py:23: Using engine_name: torch[0m
[32m[INFO] 2026-08-31 20:14:34,064 [RapidOCR] device_config.py:64: Using GPU device with ID: 0[0m
[32m[INFO] 2026-08-31 20:14:34,074 [RapidOCR] download_file.py:60: File exists and is valid: D:\Work\research\FileX\.venv-ai\Lib\site-packages\rapidocr\models\PP-OCRv6_det_small.pth[0m
[32m[INFO] 2026-08-31 20:14:34,075 [RapidOCR] main.py:50: Using D:\Work\research\FileX\.venv-ai\Lib\site-packages\rapidocr\models\PP-OCRv6_det_small.pth[0m
[32m[INFO] 2026-08-31 20:14:34,372 [RapidOCR] base.py:23: Using engine_name: torch[0m
[32m[INFO] 2026-08-31 20:14:34,373 [RapidOCR] device_config.py:64: Using GPU device with ID: 0[0m
[32m[INFO] 2026-08-31 20:14:34,374 [RapidOCR] download_file.py:60: File exists and is valid: D:\Work\research\FileX\.venv-ai\Lib\site-packages\rapidocr\models\ch_ptocr_mobile_v2.0_cls_mobile.pth[0m
[32m[INFO] 2026-08-31 20:14:34,375 [RapidOCR] main.py:50: Using D:\Work\research\FileX\.venv-ai\Lib\site-packages\rapidocr\models\ch_ptocr_mobile_v2.0_cls_mobile.pth[0m
[32m[INFO] 2026-08-31 20:14:34,544 [RapidOCR] base.py:23: Using engine_name: torch[0m
[32m[INFO] 2026-08-31 20:14:34,544 [RapidOCR] device_config.py:64: Using GPU device with ID: 0[0m
[32m[INFO] 2026-08-31 20:14:34,564 [RapidOCR] download_file.py:60: File exists and is valid: D:\Work\research\FileX\.venv-ai\Lib\site-packages\rapidocr\models\PP-OCRv6_rec_small.pth[0m
[32m[INFO] 2026-08-31 20:14:34,564 [RapidOCR] main.py:50: Using D:\Work\research\FileX\.venv-ai\Lib\site-packages\rapidocr\models\PP-OCRv6_rec_small.pth[0m
[32m[INFO] 2026-08-31 20:14:35,847 [RapidOCR] base.py:23: Using engine_name: torch[0m
[32m[INFO] 2026-08-31 20:14:35,848 [RapidOCR] device_config.py:64: Using GPU device with ID: 0[0m
[32m[INFO] 2026-08-31 20:14:35,857 [RapidOCR] download_file.py:60: File exists and is valid: D:\Work\research\FileX\.venv-ai\Lib\site-packages\rapidocr\models\PP-OCRv6_det_small.pth[0m
[32m[INFO] 2026-08-31 20:14:35,857 [RapidOCR] main.py:50: Using D:\Work\research\FileX\.venv-ai\Lib\site-packages\rapidocr\models\PP-OCRv6_det_small.pth[0m
[32m[INFO] 2026-08-31 20:14:36,113 [RapidOCR] base.py:23: Using engine_name: torch[0m
[32m[INFO] 2026-08-31 20:14:36,114 [RapidOCR] device_config.py:64: Using GPU device with ID: 0[0m
[32m[INFO] 2026-08-31 20:14:36,115 [RapidOCR] download_file.py:60: File exists and is valid: D:\Work\research\FileX\.venv-ai\Lib\site-packages\rapidocr\models\ch_ptocr_mobile_v2.0_cls_mobile.pth[0m
[32m[INFO] 2026-08-31 20:14:36,115 [RapidOCR] main.py:50: Using D:\Work\research\FileX\.venv-ai\Lib\site-packages\rapidocr\models\ch_ptocr_mobile_v2.0_cls_mobile.pth[0m
[32m[INFO] 2026-08-31 20:14:36,288 [RapidOCR] base.py:23: Using engine_name: torch[0m
[32m[INFO] 2026-08-31 20:14:36,288 [RapidOCR] device_config.py:64: Using GPU device with ID: 0[0m
[32m[INFO] 2026-08-31 20:14:36,307 [RapidOCR] download_file.py:60: File exists and is valid: D:\Work\research\FileX\.venv-ai\Lib\site-packages\rapidocr\models\PP-OCRv6_rec_small.pth[0m
[32m[INFO] 2026-08-31 20:14:36,307 [RapidOCR] main.py:50: Using D:\Work\research\FileX\.venv-ai\Lib\site-packages\rapidocr\models\PP-OCRv6_rec_small.pth[0m
[32m[INFO] 2026-08-31 20:14:37,406 [RapidOCR] base.py:23: Using engine_name: torch[0m
[32m[INFO] 2026-08-31 20:14:37,406 [RapidOCR] device_config.py:64: Using GPU device with ID: 0[0m
[32m[INFO] 2026-08-31 20:14:37,416 [RapidOCR] download_file.py:60: File exists and is valid: D:\Work\research\FileX\.venv-ai\Lib\site-packages\rapidocr\models\PP-OCRv6_det_small.pth[0m
[32m[INFO] 2026-08-31 20:14:37,416 [RapidOCR] main.py:50: Using D:\Work\research\FileX\.venv-ai\Lib\site-packages\rapidocr\models\PP-OCRv6_det_small.pth[0m
[32m[INFO] 2026-08-31 20:14:37,664 [RapidOCR] base.py:23: Using engine_name: torch[0m
[32m[INFO] 2026-08-31 20:14:37,664 [RapidOCR] device_config.py:64: Using GPU device with ID: 0[0m
[32m[INFO] 2026-08-31 20:14:37,666 [RapidOCR] download_file.py:60: File exists and is valid: D:\Work\research\FileX\.venv-ai\Lib\site-packages\rapidocr\models\ch_ptocr_mobile_v2.0_cls_mobile.pth[0m
[32m[INFO] 2026-08-31 20:14:37,666 [RapidOCR] main.py:50: Using D:\Work\research\FileX\.venv-ai\Lib\site-packages\rapidocr\models\ch_ptocr_mobile_v2.0_cls_mobile.pth[0m
[32m[INFO] 2026-08-31 20:14:37,849 [RapidOCR] base.py:23: Using engine_name: torch[0m
[32m[INFO] 2026-08-31 20:14:37,850 [RapidOCR] device_config.py:64: Using GPU device with ID: 0[0m
[32m[INFO] 2026-08-31 20:14:37,870 [RapidOCR] download_file.py:60: File exists and is valid: D:\Work\research\FileX\.venv-ai\Lib\site-packages\rapidocr\models\PP-OCRv6_rec_small.pth[0m
[32m[INFO] 2026-08-31 20:14:37,870 [RapidOCR] main.py:50: Using D:\Work\research\FileX\.venv-ai\Lib\site-packages\rapidocr\models\PP-OCRv6_rec_small.pth[0m
[32m[INFO] 2026-08-31 20:14:39,008 [RapidOCR] base.py:23: Using engine_name: torch[0m
[32m[INFO] 2026-08-31 20:14:39,009 [RapidOCR] device_config.py:64: Using GPU device with ID: 0[0m
[32m[INFO] 2026-08-31 20:14:39,019 [RapidOCR] download_file.py:60: File exists and is valid: D:\Work\research\FileX\.venv-ai\Lib\site-packages\rapidocr\models\PP-OCRv6_det_small.pth[0m
[32m[INFO] 2026-08-31 20:14:39,020 [RapidOCR] main.py:50: Using D:\Work\research\FileX\.venv-ai\Lib\site-packages\rapidocr\models\PP-OCRv6_det_small.pth[0m
[32m[INFO] 2026-08-31 20:14:39,285 [RapidOCR] base.py:23: Using engine_name: torch[0m
[32m[INFO] 2026-08-31 20:14:39,285 [RapidOCR] device_config.py:64: Using GPU device with ID: 0[0m
[32m[INFO] 2026-08-31 20:14:39,287 [RapidOCR] download_file.py:60: File exists and is valid: D:\Work\research\FileX\.venv-ai\Lib\site-packages\rapidocr\models\ch_ptocr_mobile_v2.0_cls_mobile.pth[0m
[32m[INFO] 2026-08-31 20:14:39,287 [RapidOCR] main.py:50: Using D:\Work\research\FileX\.venv-ai\Lib\site-packages\rapidocr\models\ch_ptocr_mobile_v2.0_cls_mobile.pth[0m
[32m[INFO] 2026-08-31 20:14:39,455 [RapidOCR] base.py:23: Using engine_name: torch[0m
[32m[INFO] 2026-08-31 20:14:39,456 [RapidOCR] device_config.py:64: Using GPU device with ID: 0[0m
[32m[INFO] 2026-08-31 20:14:39,474 [RapidOCR] download_file.py:60: File exists and is valid: D:\Work\research\FileX\.venv-ai\Lib\site-packages\rapidocr\models\PP-OCRv6_rec_small.pth[0m
[32m[INFO] 2026-08-31 20:14:39,474 [RapidOCR] main.py:50: Using D:\Work\research\FileX\.venv-ai\Lib\site-packages\rapidocr\models\PP-OCRv6_rec_small.pth[0m
[32m[INFO] 2026-08-31 20:14:40,658 [RapidOCR] base.py:23: Using engine_name: torch[0m
[32m[INFO] 2026-08-31 20:14:40,658 [RapidOCR] device_config.py:64: Using GPU device with ID: 0[0m
[32m[INFO] 2026-08-31 20:14:40,666 [RapidOCR] download_file.py:60: File exists and is valid: D:\Work\research\FileX\.venv-ai\Lib\site-packages\rapidocr\models\PP-OCRv6_det_small.pth[0m
[32m[INFO] 2026-08-31 20:14:40,667 [RapidOCR] main.py:50: Using D:\Work\research\FileX\.venv-ai\Lib\site-packages\rapidocr\models\PP-OCRv6_det_small.pth[0m
[32m[INFO] 2026-08-31 20:14:40,878 [RapidOCR] base.py:23: Using engine_name: torch[0m
[32m[INFO] 2026-08-31 20:14:40,879 [RapidOCR] device_config.py:64: Using GPU device with ID: 0[0m
[32m[INFO] 2026-08-31 20:14:40,880 [RapidOCR] download_file.py:60: File exists and is valid: D:\Work\research\FileX\.venv-ai\Lib\site-packages\rapidocr\models\ch_ptocr_mobile_v2.0_cls_mobile.pth[0m
[32m[INFO] 2026-08-31 20:14:40,880 [RapidOCR] main.py:50: Using D:\Work\research\FileX\.venv-ai\Lib\site-packages\rapidocr\models\ch_ptocr_mobile_v2.0_cls_mobile.pth[0m
[32m[INFO] 2026-08-31 20:14:41,019 [RapidOCR] base.py:23: Using engine_name: torch[0m
[32m[INFO] 2026-08-31 20:14:41,020 [RapidOCR] device_config.py:64: Using GPU device with ID: 0[0m
[32m[INFO] 2026-08-31 20:14:41,036 [RapidOCR] download_file.py:60: File exists and is valid: D:\Work\research\FileX\.venv-ai\Lib\site-packages\rapidocr\models\PP-OCRv6_rec_small.pth[0m
[32m[INFO] 2026-08-31 20:14:41,036 [RapidOCR] main.py:50: Using D:\Work\research\FileX\.venv-ai\Lib\site-packages\rapidocr\models\PP-OCRv6_rec_small.pth[0m
{"config": "docling-r6", "doc": "escaneado_d5", "ppp_nativo": 72, "ppp": 150, "factor": 2.083, "png": "ppp150__escaneado_d5.png", "png_identify": "969x1325 59.049999999999997158,59.049999999999997158 PixelsPerCentimeter", "preflight": {"vram_libre_mib": 8570, "mpx_actual": 1.284, "mpx_pendiente_ordenada": 0}, "entrada": "PDF via Docling; scale explicita", "dispositivo": "GPU CUDA", "rc": [1, 1, 1, 1, 1, 1, 1, 1, 1], "error": ["FileNotFoundError: [WinError 3] El sistema no puede encontrar la ruta especificada: '\\\\\\\\?\\\\\\\\wsl.localhost\\\\Ubuntu\\\\'", "FileNotFoundError: [WinError 3] El sistema no puede encontrar la ruta especificada: '\\\\\\\\?\\\\\\\\wsl.localhost\\\\Ubuntu\\\\'", "FileNotFoundError: [WinError 3] El sistema no puede encontrar la ruta especificada: '\\\\\\\\?\\\\\\\\wsl.localhost\\\\Ubuntu\\\\'", "FileNotFoundError: [WinError 3] El sistema no puede encontrar la ruta especificada: '\\\\\\\\?\\\\\\\\wsl.localhost\\\\Ubuntu\\\\'", "FileNotFoundError: [WinError 3] El sistema no puede encontrar la ruta especificada: '\\\\\\\\?\\\\\\\\wsl.localhost\\\\Ubuntu\\\\'", "FileNotFoundError: [WinError 3] El sistema no puede encontrar la ruta especificada: '\\\\\\\\?\\\\\\\\wsl.localhost\\\\Ubuntu\\\\'", "FileNotFoundError: [WinError 3] El sistema no puede encontrar la ruta especificada: '\\\\\\\\?\\\\\\\\wsl.localhost\\\\Ubuntu\\\\'", "FileNotFoundError: [WinError 3] El sistema no puede encontrar la ruta especificada: '\\\\\\\\?\\\\\\\\wsl.localhost\\\\Ubuntu\\\\'", "FileNotFoundError: [WinError 3] El sistema no puede encontrar la ruta especificada: '\\\\\\\\?\\\\\\\\wsl.localhost\\\\Ubuntu\\\\'"], "n": 9, "ms_mediana": 1588.2, "determinista": true, "metrica": "acentos", "cer_pct": 100.0, "cer_acentos_pct": 100.0, "cer_ciego_pct": 100.0, "dist_acentos": 596, "texto": "docling-r6__ppp150__escaneado_d5.txt"}
[32m[INFO] 2026-08-31 20:14:42,062 [RapidOCR] base.py:23: Using engine_name: torch[0m
[32m[INFO] 2026-08-31 20:14:42,063 [RapidOCR] device_config.py:64: Using GPU device with ID: 0[0m
[32m[INFO] 2026-08-31 20:14:42,071 [RapidOCR] download_file.py:60: File exists and is valid: D:\Work\research\FileX\.venv-ai\Lib\site-packages\rapidocr\models\PP-OCRv6_det_small.pth[0m
[32m[INFO] 2026-08-31 20:14:42,071 [RapidOCR] main.py:50: Using D:\Work\research\FileX\.venv-ai\Lib\site-packages\rapidocr\models\PP-OCRv6_det_small.pth[0m
[32m[INFO] 2026-08-31 20:14:42,306 [RapidOCR] base.py:23: Using engine_name: torch[0m
[32m[INFO] 2026-08-31 20:14:42,307 [RapidOCR] device_config.py:64: Using GPU device with ID: 0[0m
[32m[INFO] 2026-08-31 20:14:42,308 [RapidOCR] download_file.py:60: File exists and is valid: D:\Work\research\FileX\.venv-ai\Lib\site-packages\rapidocr\models\ch_ptocr_mobile_v2.0_cls_mobile.pth[0m
[32m[INFO] 2026-08-31 20:14:42,308 [RapidOCR] main.py:50: Using D:\Work\research\FileX\.venv-ai\Lib\site-packages\rapidocr\models\ch_ptocr_mobile_v2.0_cls_mobile.pth[0m
[32m[INFO] 2026-08-31 20:14:42,463 [RapidOCR] base.py:23: Using engine_name: torch[0m
[32m[INFO] 2026-08-31 20:14:42,464 [RapidOCR] device_config.py:64: Using GPU device with ID: 0[0m
[32m[INFO] 2026-08-31 20:14:42,482 [RapidOCR] download_file.py:60: File exists and is valid: D:\Work\research\FileX\.venv-ai\Lib\site-packages\rapidocr\models\PP-OCRv6_rec_small.pth[0m
[32m[INFO] 2026-08-31 20:14:42,482 [RapidOCR] main.py:50: Using D:\Work\research\FileX\.venv-ai\Lib\site-packages\rapidocr\models\PP-OCRv6_rec_small.pth[0m
[32m[INFO] 2026-08-31 20:14:43,544 [RapidOCR] base.py:23: Using engine_name: torch[0m
[32m[INFO] 2026-08-31 20:14:43,544 [RapidOCR] device_config.py:64: Using GPU device with ID: 0[0m
[32m[INFO] 2026-08-31 20:14:43,553 [RapidOCR] download_file.py:60: File exists and is valid: D:\Work\research\FileX\.venv-ai\Lib\site-packages\rapidocr\models\PP-OCRv6_det_small.pth[0m
[32m[INFO] 2026-08-31 20:14:43,554 [RapidOCR] main.py:50: Using D:\Work\research\FileX\.venv-ai\Lib\site-packages\rapidocr\models\PP-OCRv6_det_small.pth[0m
[32m[INFO] 2026-08-31 20:14:43,822 [RapidOCR] base.py:23: Using engine_name: torch[0m
[32m[INFO] 2026-08-31 20:14:43,822 [RapidOCR] device_config.py:64: Using GPU device with ID: 0[0m
[32m[INFO] 2026-08-31 20:14:43,823 [RapidOCR] download_file.py:60: File exists and is valid: D:\Work\research\FileX\.venv-ai\Lib\site-packages\rapidocr\models\ch_ptocr_mobile_v2.0_cls_mobile.pth[0m
[32m[INFO] 2026-08-31 20:14:43,824 [RapidOCR] main.py:50: Using D:\Work\research\FileX\.venv-ai\Lib\site-packages\rapidocr\models\ch_ptocr_mobile_v2.0_cls_mobile.pth[0m
[32m[INFO] 2026-08-31 20:14:43,996 [RapidOCR] base.py:23: Using engine_name: torch[0m
[32m[INFO] 2026-08-31 20:14:43,996 [RapidOCR] device_config.py:64: Using GPU device with ID: 0[0m
[32m[INFO] 2026-08-31 20:14:44,017 [RapidOCR] download_file.py:60: File exists and is valid: D:\Work\research\FileX\.venv-ai\Lib\site-packages\rapidocr\models\PP-OCRv6_rec_small.pth[0m
[32m[INFO] 2026-08-31 20:14:44,017 [RapidOCR] main.py:50: Using D:\Work\research\FileX\.venv-ai\Lib\site-packages\rapidocr\models\PP-OCRv6_rec_small.pth[0m
[32m[INFO] 2026-08-31 20:14:45,055 [RapidOCR] base.py:23: Using engine_name: torch[0m
[32m[INFO] 2026-08-31 20:14:45,055 [RapidOCR] device_config.py:64: Using GPU device with ID: 0[0m
[32m[INFO] 2026-08-31 20:14:45,064 [RapidOCR] download_file.py:60: File exists and is valid: D:\Work\research\FileX\.venv-ai\Lib\site-packages\rapidocr\models\PP-OCRv6_det_small.pth[0m
[32m[INFO] 2026-08-31 20:14:45,064 [RapidOCR] main.py:50: Using D:\Work\research\FileX\.venv-ai\Lib\site-packages\rapidocr\models\PP-OCRv6_det_small.pth[0m
[32m[INFO] 2026-08-31 20:14:45,464 [RapidOCR] base.py:23: Using engine_name: torch[0m
[32m[INFO] 2026-08-31 20:14:45,464 [RapidOCR] device_config.py:64: Using GPU device with ID: 0[0m
[32m[INFO] 2026-08-31 20:14:45,465 [RapidOCR] download_file.py:60: File exists and is valid: D:\Work\research\FileX\.venv-ai\Lib\site-packages\rapidocr\models\ch_ptocr_mobile_v2.0_cls_mobile.pth[0m
[32m[INFO] 2026-08-31 20:14:45,465 [RapidOCR] main.py:50: Using D:\Work\research\FileX\.venv-ai\Lib\site-packages\rapidocr\models\ch_ptocr_mobile_v2.0_cls_mobile.pth[0m
[32m[INFO] 2026-08-31 20:14:45,633 [RapidOCR] base.py:23: Using engine_name: torch[0m
[32m[INFO] 2026-08-31 20:14:45,634 [RapidOCR] device_config.py:64: Using GPU device with ID: 0[0m
[32m[INFO] 2026-08-31 20:14:45,651 [RapidOCR] download_file.py:60: File exists and is valid: D:\Work\research\FileX\.venv-ai\Lib\site-packages\rapidocr\models\PP-OCRv6_rec_small.pth[0m
[32m[INFO] 2026-08-31 20:14:45,651 [RapidOCR] main.py:50: Using D:\Work\research\FileX\.venv-ai\Lib\site-packages\rapidocr\models\PP-OCRv6_rec_small.pth[0m
[32m[INFO] 2026-08-31 20:14:46,667 [RapidOCR] base.py:23: Using engine_name: torch[0m
[32m[INFO] 2026-08-31 20:14:46,667 [RapidOCR] device_config.py:64: Using GPU device with ID: 0[0m
[32m[INFO] 2026-08-31 20:14:46,676 [RapidOCR] download_file.py:60: File exists and is valid: D:\Work\research\FileX\.venv-ai\Lib\site-packages\rapidocr\models\PP-OCRv6_det_small.pth[0m
[32m[INFO] 2026-08-31 20:14:46,676 [RapidOCR] main.py:50: Using D:\Work\research\FileX\.venv-ai\Lib\site-packages\rapidocr\models\PP-OCRv6_det_small.pth[0m
[32m[INFO] 2026-08-31 20:14:46,942 [RapidOCR] base.py:23: Using engine_name: torch[0m
[32m[INFO] 2026-08-31 20:14:46,942 [RapidOCR] device_config.py:64: Using GPU device with ID: 0[0m
[32m[INFO] 2026-08-31 20:14:46,943 [RapidOCR] download_file.py:60: File exists and is valid: D:\Work\research\FileX\.venv-ai\Lib\site-packages\rapidocr\models\ch_ptocr_mobile_v2.0_cls_mobile.pth[0m
[32m[INFO] 2026-08-31 20:14:46,943 [RapidOCR] main.py:50: Using D:\Work\research\FileX\.venv-ai\Lib\site-packages\rapidocr\models\ch_ptocr_mobile_v2.0_cls_mobile.pth[0m
[32m[INFO] 2026-08-31 20:14:47,103 [RapidOCR] base.py:23: Using engine_name: torch[0m
[32m[INFO] 2026-08-31 20:14:47,104 [RapidOCR] device_config.py:64: Using GPU device with ID: 0[0m
[32m[INFO] 2026-08-31 20:14:47,122 [RapidOCR] download_file.py:60: File exists and is valid: D:\Work\research\FileX\.venv-ai\Lib\site-packages\rapidocr\models\PP-OCRv6_rec_small.pth[0m
[32m[INFO] 2026-08-31 20:14:47,122 [RapidOCR] main.py:50: Using D:\Work\research\FileX\.venv-ai\Lib\site-packages\rapidocr\models\PP-OCRv6_rec_small.pth[0m
[32m[INFO] 2026-08-31 20:14:48,195 [RapidOCR] base.py:23: Using engine_name: torch[0m
[32m[INFO] 2026-08-31 20:14:48,195 [RapidOCR] device_config.py:64: Using GPU device with ID: 0[0m
[32m[INFO] 2026-08-31 20:14:48,204 [RapidOCR] download_file.py:60: File exists and is valid: D:\Work\research\FileX\.venv-ai\Lib\site-packages\rapidocr\models\PP-OCRv6_det_small.pth[0m
[32m[INFO] 2026-08-31 20:14:48,204 [RapidOCR] main.py:50: Using D:\Work\research\FileX\.venv-ai\Lib\site-packages\rapidocr\models\PP-OCRv6_det_small.pth[0m
[32m[INFO] 2026-08-31 20:14:48,448 [RapidOCR] base.py:23: Using engine_name: torch[0m
[32m[INFO] 2026-08-31 20:14:48,448 [RapidOCR] device_config.py:64: Using GPU device with ID: 0[0m
[32m[INFO] 2026-08-31 20:14:48,450 [RapidOCR] download_file.py:60: File exists and is valid: D:\Work\research\FileX\.venv-ai\Lib\site-packages\rapidocr\models\ch_ptocr_mobile_v2.0_cls_mobile.pth[0m
[32m[INFO] 2026-08-31 20:14:48,450 [RapidOCR] main.py:50: Using D:\Work\research\FileX\.venv-ai\Lib\site-packages\rapidocr\models\ch_ptocr_mobile_v2.0_cls_mobile.pth[0m
[32m[INFO] 2026-08-31 20:14:48,612 [RapidOCR] base.py:23: Using engine_name: torch[0m
[32m[INFO] 2026-08-31 20:14:48,612 [RapidOCR] device_config.py:64: Using GPU device with ID: 0[0m
[32m[INFO] 2026-08-31 20:14:48,630 [RapidOCR] download_file.py:60: File exists and is valid: D:\Work\research\FileX\.venv-ai\Lib\site-packages\rapidocr\models\PP-OCRv6_rec_small.pth[0m
[32m[INFO] 2026-08-31 20:14:48,630 [RapidOCR] main.py:50: Using D:\Work\research\FileX\.venv-ai\Lib\site-packages\rapidocr\models\PP-OCRv6_rec_small.pth[0m
[32m[INFO] 2026-08-31 20:14:49,641 [RapidOCR] base.py:23: Using engine_name: torch[0m
[32m[INFO] 2026-08-31 20:14:49,642 [RapidOCR] device_config.py:64: Using GPU device with ID: 0[0m
[32m[INFO] 2026-08-31 20:14:49,650 [RapidOCR] download_file.py:60: File exists and is valid: D:\Work\research\FileX\.venv-ai\Lib\site-packages\rapidocr\models\PP-OCRv6_det_small.pth[0m
[32m[INFO] 2026-08-31 20:14:49,650 [RapidOCR] main.py:50: Using D:\Work\research\FileX\.venv-ai\Lib\site-packages\rapidocr\models\PP-OCRv6_det_small.pth[0m
[32m[INFO] 2026-08-31 20:14:50,027 [RapidOCR] base.py:23: Using engine_name: torch[0m
[32m[INFO] 2026-08-31 20:14:50,028 [RapidOCR] device_config.py:64: Using GPU device with ID: 0[0m
[32m[INFO] 2026-08-31 20:14:50,029 [RapidOCR] download_file.py:60: File exists and is valid: D:\Work\research\FileX\.venv-ai\Lib\site-packages\rapidocr\models\ch_ptocr_mobile_v2.0_cls_mobile.pth[0m
[32m[INFO] 2026-08-31 20:14:50,029 [RapidOCR] main.py:50: Using D:\Work\research\FileX\.venv-ai\Lib\site-packages\rapidocr\models\ch_ptocr_mobile_v2.0_cls_mobile.pth[0m
[32m[INFO] 2026-08-31 20:14:50,170 [RapidOCR] base.py:23: Using engine_name: torch[0m
[32m[INFO] 2026-08-31 20:14:50,171 [RapidOCR] device_config.py:64: Using GPU device with ID: 0[0m
[32m[INFO] 2026-08-31 20:14:50,187 [RapidOCR] download_file.py:60: File exists and is valid: D:\Work\research\FileX\.venv-ai\Lib\site-packages\rapidocr\models\PP-OCRv6_rec_small.pth[0m
[32m[INFO] 2026-08-31 20:14:50,187 [RapidOCR] main.py:50: Using D:\Work\research\FileX\.venv-ai\Lib\site-packages\rapidocr\models\PP-OCRv6_rec_small.pth[0m
[32m[INFO] 2026-08-31 20:14:51,210 [RapidOCR] base.py:23: Using engine_name: torch[0m
[32m[INFO] 2026-08-31 20:14:51,210 [RapidOCR] device_config.py:64: Using GPU device with ID: 0[0m
[32m[INFO] 2026-08-31 20:14:51,219 [RapidOCR] download_file.py:60: File exists and is valid: D:\Work\research\FileX\.venv-ai\Lib\site-packages\rapidocr\models\PP-OCRv6_det_small.pth[0m
[32m[INFO] 2026-08-31 20:14:51,219 [RapidOCR] main.py:50: Using D:\Work\research\FileX\.venv-ai\Lib\site-packages\rapidocr\models\PP-OCRv6_det_small.pth[0m
[32m[INFO] 2026-08-31 20:14:51,458 [RapidOCR] base.py:23: Using engine_name: torch[0m
[32m[INFO] 2026-08-31 20:14:51,459 [RapidOCR] device_config.py:64: Using GPU device with ID: 0[0m
[32m[INFO] 2026-08-31 20:14:51,460 [RapidOCR] download_file.py:60: File exists and is valid: D:\Work\research\FileX\.venv-ai\Lib\site-packages\rapidocr\models\ch_ptocr_mobile_v2.0_cls_mobile.pth[0m
[32m[INFO] 2026-08-31 20:14:51,460 [RapidOCR] main.py:50: Using D:\Work\research\FileX\.venv-ai\Lib\site-packages\rapidocr\models\ch_ptocr_mobile_v2.0_cls_mobile.pth[0m
[32m[INFO] 2026-08-31 20:14:51,631 [RapidOCR] base.py:23: Using engine_name: torch[0m
[32m[INFO] 2026-08-31 20:14:51,632 [RapidOCR] device_config.py:64: Using GPU device with ID: 0[0m
[32m[INFO] 2026-08-31 20:14:51,651 [RapidOCR] download_file.py:60: File exists and is valid: D:\Work\research\FileX\.venv-ai\Lib\site-packages\rapidocr\models\PP-OCRv6_rec_small.pth[0m
[32m[INFO] 2026-08-31 20:14:51,651 [RapidOCR] main.py:50: Using D:\Work\research\FileX\.venv-ai\Lib\site-packages\rapidocr\models\PP-OCRv6_rec_small.pth[0m
[32m[INFO] 2026-08-31 20:14:52,715 [RapidOCR] base.py:23: Using engine_name: torch[0m
[32m[INFO] 2026-08-31 20:14:52,715 [RapidOCR] device_config.py:64: Using GPU device with ID: 0[0m
[32m[INFO] 2026-08-31 20:14:52,725 [RapidOCR] download_file.py:60: File exists and is valid: D:\Work\research\FileX\.venv-ai\Lib\site-packages\rapidocr\models\PP-OCRv6_det_small.pth[0m
[32m[INFO] 2026-08-31 20:14:52,725 [RapidOCR] main.py:50: Using D:\Work\research\FileX\.venv-ai\Lib\site-packages\rapidocr\models\PP-OCRv6_det_small.pth[0m
[32m[INFO] 2026-08-31 20:14:52,983 [RapidOCR] base.py:23: Using engine_name: torch[0m
[32m[INFO] 2026-08-31 20:14:52,984 [RapidOCR] device_config.py:64: Using GPU device with ID: 0[0m
[32m[INFO] 2026-08-31 20:14:52,985 [RapidOCR] download_file.py:60: File exists and is valid: D:\Work\research\FileX\.venv-ai\Lib\site-packages\rapidocr\models\ch_ptocr_mobile_v2.0_cls_mobile.pth[0m
[32m[INFO] 2026-08-31 20:14:52,985 [RapidOCR] main.py:50: Using D:\Work\research\FileX\.venv-ai\Lib\site-packages\rapidocr\models\ch_ptocr_mobile_v2.0_cls_mobile.pth[0m
[32m[INFO] 2026-08-31 20:14:53,194 [RapidOCR] base.py:23: Using engine_name: torch[0m
[32m[INFO] 2026-08-31 20:14:53,195 [RapidOCR] device_config.py:64: Using GPU device with ID: 0[0m
[32m[INFO] 2026-08-31 20:14:53,214 [RapidOCR] download_file.py:60: File exists and is valid: D:\Work\research\FileX\.venv-ai\Lib\site-packages\rapidocr\models\PP-OCRv6_rec_small.pth[0m
[32m[INFO] 2026-08-31 20:14:53,214 [RapidOCR] main.py:50: Using D:\Work\research\FileX\.venv-ai\Lib\site-packages\rapidocr\models\PP-OCRv6_rec_small.pth[0m
[32m[INFO] 2026-08-31 20:14:54,242 [RapidOCR] base.py:23: Using engine_name: torch[0m
[32m[INFO] 2026-08-31 20:14:54,243 [RapidOCR] device_config.py:64: Using GPU device with ID: 0[0m
[32m[INFO] 2026-08-31 20:14:54,251 [RapidOCR] download_file.py:60: File exists and is valid: D:\Work\research\FileX\.venv-ai\Lib\site-packages\rapidocr\models\PP-OCRv6_det_small.pth[0m
[32m[INFO] 2026-08-31 20:14:54,251 [RapidOCR] main.py:50: Using D:\Work\research\FileX\.venv-ai\Lib\site-packages\rapidocr\models\PP-OCRv6_det_small.pth[0m
[32m[INFO] 2026-08-31 20:14:54,662 [RapidOCR] base.py:23: Using engine_name: torch[0m
[32m[INFO] 2026-08-31 20:14:54,662 [RapidOCR] device_config.py:64: Using GPU device with ID: 0[0m
[32m[INFO] 2026-08-31 20:14:54,663 [RapidOCR] download_file.py:60: File exists and is valid: D:\Work\research\FileX\.venv-ai\Lib\site-packages\rapidocr\models\ch_ptocr_mobile_v2.0_cls_mobile.pth[0m
[32m[INFO] 2026-08-31 20:14:54,664 [RapidOCR] main.py:50: Using D:\Work\research\FileX\.venv-ai\Lib\site-packages\rapidocr\models\ch_ptocr_mobile_v2.0_cls_mobile.pth[0m
[32m[INFO] 2026-08-31 20:14:54,854 [RapidOCR] base.py:23: Using engine_name: torch[0m
[32m[INFO] 2026-08-31 20:14:54,854 [RapidOCR] device_config.py:64: Using GPU device with ID: 0[0m
[32m[INFO] 2026-08-31 20:14:54,871 [RapidOCR] download_file.py:60: File exists and is valid: D:\Work\research\FileX\.venv-ai\Lib\site-packages\rapidocr\models\PP-OCRv6_rec_small.pth[0m
[32m[INFO] 2026-08-31 20:14:54,872 [RapidOCR] main.py:50: Using D:\Work\research\FileX\.venv-ai\Lib\site-packages\rapidocr\models\PP-OCRv6_rec_small.pth[0m
[32m[INFO] 2026-08-31 20:14:55,905 [RapidOCR] base.py:23: Using engine_name: torch[0m
[32m[INFO] 2026-08-31 20:14:55,905 [RapidOCR] device_config.py:64: Using GPU device with ID: 0[0m
[32m[INFO] 2026-08-31 20:14:55,915 [RapidOCR] download_file.py:60: File exists and is valid: D:\Work\research\FileX\.venv-ai\Lib\site-packages\rapidocr\models\PP-OCRv6_det_small.pth[0m
[32m[INFO] 2026-08-31 20:14:55,916 [RapidOCR] main.py:50: Using D:\Work\research\FileX\.venv-ai\Lib\site-packages\rapidocr\models\PP-OCRv6_det_small.pth[0m
[32m[INFO] 2026-08-31 20:14:56,184 [RapidOCR] base.py:23: Using engine_name: torch[0m
[32m[INFO] 2026-08-31 20:14:56,185 [RapidOCR] device_config.py:64: Using GPU device with ID: 0[0m
[32m[INFO] 2026-08-31 20:14:56,186 [RapidOCR] download_file.py:60: File exists and is valid: D:\Work\research\FileX\.venv-ai\Lib\site-packages\rapidocr\models\ch_ptocr_mobile_v2.0_cls_mobile.pth[0m
[32m[INFO] 2026-08-31 20:14:56,186 [RapidOCR] main.py:50: Using D:\Work\research\FileX\.venv-ai\Lib\site-packages\rapidocr\models\ch_ptocr_mobile_v2.0_cls_mobile.pth[0m
[32m[INFO] 2026-08-31 20:14:56,358 [RapidOCR] base.py:23: Using engine_name: torch[0m
[32m[INFO] 2026-08-31 20:14:56,358 [RapidOCR] device_config.py:64: Using GPU device with ID: 0[0m
[32m[INFO] 2026-08-31 20:14:56,376 [RapidOCR] download_file.py:60: File exists and is valid: D:\Work\research\FileX\.venv-ai\Lib\site-packages\rapidocr\models\PP-OCRv6_rec_small.pth[0m
[32m[INFO] 2026-08-31 20:14:56,376 [RapidOCR] main.py:50: Using D:\Work\research\FileX\.venv-ai\Lib\site-packages\rapidocr\models\PP-OCRv6_rec_small.pth[0m
{"config": "docling-r6", "doc": "escaneado_d5b", "ppp_nativo": 60, "ppp": 60, "factor": 1.0, "png": "ppp060__escaneado_d5b.png", "png_identify": "388x531 23.620000000000000995,23.620000000000000995 PixelsPerCentimeter", "preflight": {"vram_libre_mib": 8579, "mpx_actual": 0.206, "mpx_pendiente_ordenada": 0}, "entrada": "PDF via Docling; scale explicita", "dispositivo": "GPU CUDA", "rc": [1, 1, 1, 1, 1, 1, 1, 1, 1], "error": ["FileNotFoundError: [WinError 3] El sistema no puede encontrar la ruta especificada: '\\\\\\\\?\\\\\\\\wsl.localhost\\\\Ubuntu\\\\'", "FileNotFoundError: [WinError 3] El sistema no puede encontrar la ruta especificada: '\\\\\\\\?\\\\\\\\wsl.localhost\\\\Ubuntu\\\\'", "FileNotFoundError: [WinError 3] El sistema no puede encontrar la ruta especificada: '\\\\\\\\?\\\\\\\\wsl.localhost\\\\Ubuntu\\\\'", "FileNotFoundError: [WinError 3] El sistema no puede encontrar la ruta especificada: '\\\\\\\\?\\\\\\\\wsl.localhost\\\\Ubuntu\\\\'", "FileNotFoundError: [WinError 3] El sistema no puede encontrar la ruta especificada: '\\\\\\\\?\\\\\\\\wsl.localhost\\\\Ubuntu\\\\'", "FileNotFoundError: [WinError 3] El sistema no puede encontrar la ruta especificada: '\\\\\\\\?\\\\\\\\wsl.localhost\\\\Ubuntu\\\\'", "FileNotFoundError: [WinError 3] El sistema no puede encontrar la ruta especificada: '\\\\\\\\?\\\\\\\\wsl.localhost\\\\Ubuntu\\\\'", "FileNotFoundError: [WinError 3] El sistema no puede encontrar la ruta especificada: '\\\\\\\\?\\\\\\\\wsl.localhost\\\\Ubuntu\\\\'", "FileNotFoundError: [WinError 3] El sistema no puede encontrar la ruta especificada: '\\\\\\\\?\\\\\\\\wsl.localhost\\\\Ubuntu\\\\'"], "n": 9, "ms_mediana": 1541.5, "determinista": true, "metrica": "acentos", "cer_pct": 100.0, "cer_acentos_pct": 100.0, "cer_ciego_pct": 100.0, "dist_acentos": 596, "texto": "docling-r6__ppp060__escaneado_d5b.txt"}
[32m[INFO] 2026-08-31 20:14:57,535 [RapidOCR] base.py:23: Using engine_name: torch[0m
[32m[INFO] 2026-08-31 20:14:57,536 [RapidOCR] device_config.py:64: Using GPU device with ID: 0[0m
[32m[INFO] 2026-08-31 20:14:57,546 [RapidOCR] download_file.py:60: File exists and is valid: D:\Work\research\FileX\.venv-ai\Lib\site-packages\rapidocr\models\PP-OCRv6_det_small.pth[0m
[32m[INFO] 2026-08-31 20:14:57,546 [RapidOCR] main.py:50: Using D:\Work\research\FileX\.venv-ai\Lib\site-packages\rapidocr\models\PP-OCRv6_det_small.pth[0m
[32m[INFO] 2026-08-31 20:14:57,850 [RapidOCR] base.py:23: Using engine_name: torch[0m
[32m[INFO] 2026-08-31 20:14:57,851 [RapidOCR] device_config.py:64: Using GPU device with ID: 0[0m
[32m[INFO] 2026-08-31 20:14:57,852 [RapidOCR] download_file.py:60: File exists and is valid: D:\Work\research\FileX\.venv-ai\Lib\site-packages\rapidocr\models\ch_ptocr_mobile_v2.0_cls_mobile.pth[0m
[32m[INFO] 2026-08-31 20:14:57,852 [RapidOCR] main.py:50: Using D:\Work\research\FileX\.venv-ai\Lib\site-packages\rapidocr\models\ch_ptocr_mobile_v2.0_cls_mobile.pth[0m
[32m[INFO] 2026-08-31 20:14:58,010 [RapidOCR] base.py:23: Using engine_name: torch[0m
[32m[INFO] 2026-08-31 20:14:58,011 [RapidOCR] device_config.py:64: Using GPU device with ID: 0[0m
[32m[INFO] 2026-08-31 20:14:58,030 [RapidOCR] download_file.py:60: File exists and is valid: D:\Work\research\FileX\.venv-ai\Lib\site-packages\rapidocr\models\PP-OCRv6_rec_small.pth[0m
[32m[INFO] 2026-08-31 20:14:58,030 [RapidOCR] main.py:50: Using D:\Work\research\FileX\.venv-ai\Lib\site-packages\rapidocr\models\PP-OCRv6_rec_small.pth[0m
[32m[INFO] 2026-08-31 20:14:59,125 [RapidOCR] base.py:23: Using engine_name: torch[0m
[32m[INFO] 2026-08-31 20:14:59,125 [RapidOCR] device_config.py:64: Using GPU device with ID: 0[0m
[32m[INFO] 2026-08-31 20:14:59,136 [RapidOCR] download_file.py:60: File exists and is valid: D:\Work\research\FileX\.venv-ai\Lib\site-packages\rapidocr\models\PP-OCRv6_det_small.pth[0m
[32m[INFO] 2026-08-31 20:14:59,136 [RapidOCR] main.py:50: Using D:\Work\research\FileX\.venv-ai\Lib\site-packages\rapidocr\models\PP-OCRv6_det_small.pth[0m
[32m[INFO] 2026-08-31 20:14:59,377 [RapidOCR] base.py:23: Using engine_name: torch[0m
[32m[INFO] 2026-08-31 20:14:59,378 [RapidOCR] device_config.py:64: Using GPU device with ID: 0[0m
[32m[INFO] 2026-08-31 20:14:59,379 [RapidOCR] download_file.py:60: File exists and is valid: D:\Work\research\FileX\.venv-ai\Lib\site-packages\rapidocr\models\ch_ptocr_mobile_v2.0_cls_mobile.pth[0m
[32m[INFO] 2026-08-31 20:14:59,379 [RapidOCR] main.py:50: Using D:\Work\research\FileX\.venv-ai\Lib\site-packages\rapidocr\models\ch_ptocr_mobile_v2.0_cls_mobile.pth[0m
[32m[INFO] 2026-08-31 20:14:59,708 [RapidOCR] base.py:23: Using engine_name: torch[0m
[32m[INFO] 2026-08-31 20:14:59,708 [RapidOCR] device_config.py:64: Using GPU device with ID: 0[0m
[32m[INFO] 2026-08-31 20:14:59,727 [RapidOCR] download_file.py:60: File exists and is valid: D:\Work\research\FileX\.venv-ai\Lib\site-packages\rapidocr\models\PP-OCRv6_rec_small.pth[0m
[32m[INFO] 2026-08-31 20:14:59,727 [RapidOCR] main.py:50: Using D:\Work\research\FileX\.venv-ai\Lib\site-packages\rapidocr\models\PP-OCRv6_rec_small.pth[0m
[32m[INFO] 2026-08-31 20:15:00,845 [RapidOCR] base.py:23: Using engine_name: torch[0m
[32m[INFO] 2026-08-31 20:15:00,846 [RapidOCR] device_config.py:64: Using GPU device with ID: 0[0m
[32m[INFO] 2026-08-31 20:15:00,855 [RapidOCR] download_file.py:60: File exists and is valid: D:\Work\research\FileX\.venv-ai\Lib\site-packages\rapidocr\models\PP-OCRv6_det_small.pth[0m
[32m[INFO] 2026-08-31 20:15:00,855 [RapidOCR] main.py:50: Using D:\Work\research\FileX\.venv-ai\Lib\site-packages\rapidocr\models\PP-OCRv6_det_small.pth[0m
[32m[INFO] 2026-08-31 20:15:01,085 [RapidOCR] base.py:23: Using engine_name: torch[0m
[32m[INFO] 2026-08-31 20:15:01,086 [RapidOCR] device_config.py:64: Using GPU device with ID: 0[0m
[32m[INFO] 2026-08-31 20:15:01,087 [RapidOCR] download_file.py:60: File exists and is valid: D:\Work\research\FileX\.venv-ai\Lib\site-packages\rapidocr\models\ch_ptocr_mobile_v2.0_cls_mobile.pth[0m
[32m[INFO] 2026-08-31 20:15:01,087 [RapidOCR] main.py:50: Using D:\Work\research\FileX\.venv-ai\Lib\site-packages\rapidocr\models\ch_ptocr_mobile_v2.0_cls_mobile.pth[0m
[32m[INFO] 2026-08-31 20:15:01,274 [RapidOCR] base.py:23: Using engine_name: torch[0m
[32m[INFO] 2026-08-31 20:15:01,274 [RapidOCR] device_config.py:64: Using GPU device with ID: 0[0m
[32m[INFO] 2026-08-31 20:15:01,292 [RapidOCR] download_file.py:60: File exists and is valid: D:\Work\research\FileX\.venv-ai\Lib\site-packages\rapidocr\models\PP-OCRv6_rec_small.pth[0m
[32m[INFO] 2026-08-31 20:15:01,292 [RapidOCR] main.py:50: Using D:\Work\research\FileX\.venv-ai\Lib\site-packages\rapidocr\models\PP-OCRv6_rec_small.pth[0m
[32m[INFO] 2026-08-31 20:15:02,340 [RapidOCR] base.py:23: Using engine_name: torch[0m
[32m[INFO] 2026-08-31 20:15:02,341 [RapidOCR] device_config.py:64: Using GPU device with ID: 0[0m
[32m[INFO] 2026-08-31 20:15:02,350 [RapidOCR] download_file.py:60: File exists and is valid: D:\Work\research\FileX\.venv-ai\Lib\site-packages\rapidocr\models\PP-OCRv6_det_small.pth[0m
[32m[INFO] 2026-08-31 20:15:02,350 [RapidOCR] main.py:50: Using D:\Work\research\FileX\.venv-ai\Lib\site-packages\rapidocr\models\PP-OCRv6_det_small.pth[0m
[32m[INFO] 2026-08-31 20:15:02,634 [RapidOCR] base.py:23: Using engine_name: torch[0m
[32m[INFO] 2026-08-31 20:15:02,634 [RapidOCR] device_config.py:64: Using GPU device with ID: 0[0m
[32m[INFO] 2026-08-31 20:15:02,636 [RapidOCR] download_file.py:60: File exists and is valid: D:\Work\research\FileX\.venv-ai\Lib\site-packages\rapidocr\models\ch_ptocr_mobile_v2.0_cls_mobile.pth[0m
[32m[INFO] 2026-08-31 20:15:02,637 [RapidOCR] main.py:50: Using D:\Work\research\FileX\.venv-ai\Lib\site-packages\rapidocr\models\ch_ptocr_mobile_v2.0_cls_mobile.pth[0m
[32m[INFO] 2026-08-31 20:15:02,804 [RapidOCR] base.py:23: Using engine_name: torch[0m
[32m[INFO] 2026-08-31 20:15:02,804 [RapidOCR] device_config.py:64: Using GPU device with ID: 0[0m
[32m[INFO] 2026-08-31 20:15:02,823 [RapidOCR] download_file.py:60: File exists and is valid: D:\Work\research\FileX\.venv-ai\Lib\site-packages\rapidocr\models\PP-OCRv6_rec_small.pth[0m
[32m[INFO] 2026-08-31 20:15:02,823 [RapidOCR] main.py:50: Using D:\Work\research\FileX\.venv-ai\Lib\site-packages\rapidocr\models\PP-OCRv6_rec_small.pth[0m
[32m[INFO] 2026-08-31 20:15:03,823 [RapidOCR] base.py:23: Using engine_name: torch[0m
[32m[INFO] 2026-08-31 20:15:03,823 [RapidOCR] device_config.py:64: Using GPU device with ID: 0[0m
[32m[INFO] 2026-08-31 20:15:03,835 [RapidOCR] download_file.py:60: File exists and is valid: D:\Work\research\FileX\.venv-ai\Lib\site-packages\rapidocr\models\PP-OCRv6_det_small.pth[0m
[32m[INFO] 2026-08-31 20:15:03,835 [RapidOCR] main.py:50: Using D:\Work\research\FileX\.venv-ai\Lib\site-packages\rapidocr\models\PP-OCRv6_det_small.pth[0m
[32m[INFO] 2026-08-31 20:15:04,123 [RapidOCR] base.py:23: Using engine_name: torch[0m
[32m[INFO] 2026-08-31 20:15:04,124 [RapidOCR] device_config.py:64: Using GPU device with ID: 0[0m
[32m[INFO] 2026-08-31 20:15:04,125 [RapidOCR] download_file.py:60: File exists and is valid: D:\Work\research\FileX\.venv-ai\Lib\site-packages\rapidocr\models\ch_ptocr_mobile_v2.0_cls_mobile.pth[0m
[32m[INFO] 2026-08-31 20:15:04,125 [RapidOCR] main.py:50: Using D:\Work\research\FileX\.venv-ai\Lib\site-packages\rapidocr\models\ch_ptocr_mobile_v2.0_cls_mobile.pth[0m
[32m[INFO] 2026-08-31 20:15:04,278 [RapidOCR] base.py:23: Using engine_name: torch[0m
[32m[INFO] 2026-08-31 20:15:04,279 [RapidOCR] device_config.py:64: Using GPU device with ID: 0[0m
[32m[INFO] 2026-08-31 20:15:04,297 [RapidOCR] download_file.py:60: File exists and is valid: D:\Work\research\FileX\.venv-ai\Lib\site-packages\rapidocr\models\PP-OCRv6_rec_small.pth[0m
[32m[INFO] 2026-08-31 20:15:04,297 [RapidOCR] main.py:50: Using D:\Work\research\FileX\.venv-ai\Lib\site-packages\rapidocr\models\PP-OCRv6_rec_small.pth[0m
[32m[INFO] 2026-08-31 20:15:05,664 [RapidOCR] base.py:23: Using engine_name: torch[0m
[32m[INFO] 2026-08-31 20:15:05,665 [RapidOCR] device_config.py:64: Using GPU device with ID: 0[0m
[32m[INFO] 2026-08-31 20:15:05,677 [RapidOCR] download_file.py:60: File exists and is valid: D:\Work\research\FileX\.venv-ai\Lib\site-packages\rapidocr\models\PP-OCRv6_det_small.pth[0m
[32m[INFO] 2026-08-31 20:15:05,677 [RapidOCR] main.py:50: Using D:\Work\research\FileX\.venv-ai\Lib\site-packages\rapidocr\models\PP-OCRv6_det_small.pth[0m
[32m[INFO] 2026-08-31 20:15:05,943 [RapidOCR] base.py:23: Using engine_name: torch[0m
[32m[INFO] 2026-08-31 20:15:05,944 [RapidOCR] device_config.py:64: Using GPU device with ID: 0[0m
[32m[INFO] 2026-08-31 20:15:05,945 [RapidOCR] download_file.py:60: File exists and is valid: D:\Work\research\FileX\.venv-ai\Lib\site-packages\rapidocr\models\ch_ptocr_mobile_v2.0_cls_mobile.pth[0m
[32m[INFO] 2026-08-31 20:15:05,945 [RapidOCR] main.py:50: Using D:\Work\research\FileX\.venv-ai\Lib\site-packages\rapidocr\models\ch_ptocr_mobile_v2.0_cls_mobile.pth[0m
[32m[INFO] 2026-08-31 20:15:06,130 [RapidOCR] base.py:23: Using engine_name: torch[0m
[32m[INFO] 2026-08-31 20:15:06,131 [RapidOCR] device_config.py:64: Using GPU device with ID: 0[0m
[32m[INFO] 2026-08-31 20:15:06,150 [RapidOCR] download_file.py:60: File exists and is valid: D:\Work\research\FileX\.venv-ai\Lib\site-packages\rapidocr\models\PP-OCRv6_rec_small.pth[0m
[32m[INFO] 2026-08-31 20:15:06,150 [RapidOCR] main.py:50: Using D:\Work\research\FileX\.venv-ai\Lib\site-packages\rapidocr\models\PP-OCRv6_rec_small.pth[0m
[32m[INFO] 2026-08-31 20:15:07,249 [RapidOCR] base.py:23: Using engine_name: torch[0m
[32m[INFO] 2026-08-31 20:15:07,250 [RapidOCR] device_config.py:64: Using GPU device with ID: 0[0m
[32m[INFO] 2026-08-31 20:15:07,260 [RapidOCR] download_file.py:60: File exists and is valid: D:\Work\research\FileX\.venv-ai\Lib\site-packages\rapidocr\models\PP-OCRv6_det_small.pth[0m
[32m[INFO] 2026-08-31 20:15:07,261 [RapidOCR] main.py:50: Using D:\Work\research\FileX\.venv-ai\Lib\site-packages\rapidocr\models\PP-OCRv6_det_small.pth[0m
[32m[INFO] 2026-08-31 20:15:07,527 [RapidOCR] base.py:23: Using engine_name: torch[0m
[32m[INFO] 2026-08-31 20:15:07,528 [RapidOCR] device_config.py:64: Using GPU device with ID: 0[0m
[32m[INFO] 2026-08-31 20:15:07,530 [RapidOCR] download_file.py:60: File exists and is valid: D:\Work\research\FileX\.venv-ai\Lib\site-packages\rapidocr\models\ch_ptocr_mobile_v2.0_cls_mobile.pth[0m
[32m[INFO] 2026-08-31 20:15:07,530 [RapidOCR] main.py:50: Using D:\Work\research\FileX\.venv-ai\Lib\site-packages\rapidocr\models\ch_ptocr_mobile_v2.0_cls_mobile.pth[0m
[32m[INFO] 2026-08-31 20:15:07,686 [RapidOCR] base.py:23: Using engine_name: torch[0m
[32m[INFO] 2026-08-31 20:15:07,687 [RapidOCR] device_config.py:64: Using GPU device with ID: 0[0m
[32m[INFO] 2026-08-31 20:15:07,704 [RapidOCR] download_file.py:60: File exists and is valid: D:\Work\research\FileX\.venv-ai\Lib\site-packages\rapidocr\models\PP-OCRv6_rec_small.pth[0m
[32m[INFO] 2026-08-31 20:15:07,705 [RapidOCR] main.py:50: Using D:\Work\research\FileX\.venv-ai\Lib\site-packages\rapidocr\models\PP-OCRv6_rec_small.pth[0m
[32m[INFO] 2026-08-31 20:15:08,734 [RapidOCR] base.py:23: Using engine_name: torch[0m
[32m[INFO] 2026-08-31 20:15:08,735 [RapidOCR] device_config.py:64: Using GPU device with ID: 0[0m
[32m[INFO] 2026-08-31 20:15:08,742 [RapidOCR] download_file.py:60: File exists and is valid: D:\Work\research\FileX\.venv-ai\Lib\site-packages\rapidocr\models\PP-OCRv6_det_small.pth[0m
[32m[INFO] 2026-08-31 20:15:08,743 [RapidOCR] main.py:50: Using D:\Work\research\FileX\.venv-ai\Lib\site-packages\rapidocr\models\PP-OCRv6_det_small.pth[0m
[32m[INFO] 2026-08-31 20:15:09,032 [RapidOCR] base.py:23: Using engine_name: torch[0m
[32m[INFO] 2026-08-31 20:15:09,034 [RapidOCR] device_config.py:64: Using GPU device with ID: 0[0m
[32m[INFO] 2026-08-31 20:15:09,035 [RapidOCR] download_file.py:60: File exists and is valid: D:\Work\research\FileX\.venv-ai\Lib\site-packages\rapidocr\models\ch_ptocr_mobile_v2.0_cls_mobile.pth[0m
[32m[INFO] 2026-08-31 20:15:09,035 [RapidOCR] main.py:50: Using D:\Work\research\FileX\.venv-ai\Lib\site-packages\rapidocr\models\ch_ptocr_mobile_v2.0_cls_mobile.pth[0m
[32m[INFO] 2026-08-31 20:15:09,215 [RapidOCR] base.py:23: Using engine_name: torch[0m
[32m[INFO] 2026-08-31 20:15:09,216 [RapidOCR] device_config.py:64: Using GPU device with ID: 0[0m
[32m[INFO] 2026-08-31 20:15:09,233 [RapidOCR] download_file.py:60: File exists and is valid: D:\Work\research\FileX\.venv-ai\Lib\site-packages\rapidocr\models\PP-OCRv6_rec_small.pth[0m
[32m[INFO] 2026-08-31 20:15:09,233 [RapidOCR] main.py:50: Using D:\Work\research\FileX\.venv-ai\Lib\site-packages\rapidocr\models\PP-OCRv6_rec_small.pth[0m
[32m[INFO] 2026-08-31 20:15:10,688 [RapidOCR] base.py:23: Using engine_name: torch[0m
[32m[INFO] 2026-08-31 20:15:10,689 [RapidOCR] device_config.py:64: Using GPU device with ID: 0[0m
[32m[INFO] 2026-08-31 20:15:10,700 [RapidOCR] download_file.py:60: File exists and is valid: D:\Work\research\FileX\.venv-ai\Lib\site-packages\rapidocr\models\PP-OCRv6_det_small.pth[0m
[32m[INFO] 2026-08-31 20:15:10,700 [RapidOCR] main.py:50: Using D:\Work\research\FileX\.venv-ai\Lib\site-packages\rapidocr\models\PP-OCRv6_det_small.pth[0m
[32m[INFO] 2026-08-31 20:15:11,015 [RapidOCR] base.py:23: Using engine_name: torch[0m
[32m[INFO] 2026-08-31 20:15:11,015 [RapidOCR] device_config.py:64: Using GPU device with ID: 0[0m
[32m[INFO] 2026-08-31 20:15:11,016 [RapidOCR] download_file.py:60: File exists and is valid: D:\Work\research\FileX\.venv-ai\Lib\site-packages\rapidocr\models\ch_ptocr_mobile_v2.0_cls_mobile.pth[0m
[32m[INFO] 2026-08-31 20:15:11,016 [RapidOCR] main.py:50: Using D:\Work\research\FileX\.venv-ai\Lib\site-packages\rapidocr\models\ch_ptocr_mobile_v2.0_cls_mobile.pth[0m
[32m[INFO] 2026-08-31 20:15:11,193 [RapidOCR] base.py:23: Using engine_name: torch[0m
[32m[INFO] 2026-08-31 20:15:11,194 [RapidOCR] device_config.py:64: Using GPU device with ID: 0[0m
[32m[INFO] 2026-08-31 20:15:11,213 [RapidOCR] download_file.py:60: File exists and is valid: D:\Work\research\FileX\.venv-ai\Lib\site-packages\rapidocr\models\PP-OCRv6_rec_small.pth[0m
[32m[INFO] 2026-08-31 20:15:11,213 [RapidOCR] main.py:50: Using D:\Work\research\FileX\.venv-ai\Lib\site-packages\rapidocr\models\PP-OCRv6_rec_small.pth[0m
[32m[INFO] 2026-08-31 20:15:12,422 [RapidOCR] base.py:23: Using engine_name: torch[0m
[32m[INFO] 2026-08-31 20:15:12,423 [RapidOCR] device_config.py:64: Using GPU device with ID: 0[0m
[32m[INFO] 2026-08-31 20:15:12,433 [RapidOCR] download_file.py:60: File exists and is valid: D:\Work\research\FileX\.venv-ai\Lib\site-packages\rapidocr\models\PP-OCRv6_det_small.pth[0m
[32m[INFO] 2026-08-31 20:15:12,433 [RapidOCR] main.py:50: Using D:\Work\research\FileX\.venv-ai\Lib\site-packages\rapidocr\models\PP-OCRv6_det_small.pth[0m
[32m[INFO] 2026-08-31 20:15:12,701 [RapidOCR] base.py:23: Using engine_name: torch[0m
[32m[INFO] 2026-08-31 20:15:12,701 [RapidOCR] device_config.py:64: Using GPU device with ID: 0[0m
[32m[INFO] 2026-08-31 20:15:12,703 [RapidOCR] download_file.py:60: File exists and is valid: D:\Work\research\FileX\.venv-ai\Lib\site-packages\rapidocr\models\ch_ptocr_mobile_v2.0_cls_mobile.pth[0m
[32m[INFO] 2026-08-31 20:15:12,703 [RapidOCR] main.py:50: Using D:\Work\research\FileX\.venv-ai\Lib\site-packages\rapidocr\models\ch_ptocr_mobile_v2.0_cls_mobile.pth[0m
[32m[INFO] 2026-08-31 20:15:12,878 [RapidOCR] base.py:23: Using engine_name: torch[0m
[32m[INFO] 2026-08-31 20:15:12,878 [RapidOCR] device_config.py:64: Using GPU device with ID: 0[0m
[32m[INFO] 2026-08-31 20:15:12,897 [RapidOCR] download_file.py:60: File exists and is valid: D:\Work\research\FileX\.venv-ai\Lib\site-packages\rapidocr\models\PP-OCRv6_rec_small.pth[0m
[32m[INFO] 2026-08-31 20:15:12,897 [RapidOCR] main.py:50: Using D:\Work\research\FileX\.venv-ai\Lib\site-packages\rapidocr\models\PP-OCRv6_rec_small.pth[0m
{"config": "docling-r6", "doc": "escaneado_d5b", "ppp_nativo": 60, "ppp": 100, "factor": 1.667, "png": "ppp100__escaneado_d5b.png", "png_identify": "647x885 39.369999999999997442,39.369999999999997442 PixelsPerCentimeter", "preflight": {"vram_libre_mib": 8546, "mpx_actual": 0.573, "mpx_pendiente_ordenada": 0}, "entrada": "PDF via Docling; scale explicita", "dispositivo": "GPU CUDA", "rc": [1, 1, 1, 1, 1, 1, 1, 1, 1], "error": ["FileNotFoundError: [WinError 3] El sistema no puede encontrar la ruta especificada: '\\\\\\\\?\\\\\\\\wsl.localhost\\\\Ubuntu\\\\'", "FileNotFoundError: [WinError 3] El sistema no puede encontrar la ruta especificada: '\\\\\\\\?\\\\\\\\wsl.localhost\\\\Ubuntu\\\\'", "FileNotFoundError: [WinError 3] El sistema no puede encontrar la ruta especificada: '\\\\\\\\?\\\\\\\\wsl.localhost\\\\Ubuntu\\\\'", "FileNotFoundError: [WinError 3] El sistema no puede encontrar la ruta especificada: '\\\\\\\\?\\\\\\\\wsl.localhost\\\\Ubuntu\\\\'", "FileNotFoundError: [WinError 3] El sistema no puede encontrar la ruta especificada: '\\\\\\\\?\\\\\\\\wsl.localhost\\\\Ubuntu\\\\'", "FileNotFoundError: [WinError 3] El sistema no puede encontrar la ruta especificada: '\\\\\\\\?\\\\\\\\wsl.localhost\\\\Ubuntu\\\\'", "FileNotFoundError: [WinError 3] El sistema no puede encontrar la ruta especificada: '\\\\\\\\?\\\\\\\\wsl.localhost\\\\Ubuntu\\\\'", "FileNotFoundError: [WinError 3] El sistema no puede encontrar la ruta especificada: '\\\\\\\\?\\\\\\\\wsl.localhost\\\\Ubuntu\\\\'", "FileNotFoundError: [WinError 3] El sistema no puede encontrar la ruta especificada: '\\\\\\\\?\\\\\\\\wsl.localhost\\\\Ubuntu\\\\'"], "n": 9, "ms_mediana": 1606.7, "determinista": true, "metrica": "acentos", "cer_pct": 100.0, "cer_acentos_pct": 100.0, "cer_ciego_pct": 100.0, "dist_acentos": 596, "texto": "docling-r6__ppp100__escaneado_d5b.txt"}
[32m[INFO] 2026-08-31 20:15:14,155 [RapidOCR] base.py:23: Using engine_name: torch[0m
[32m[INFO] 2026-08-31 20:15:14,156 [RapidOCR] device_config.py:64: Using GPU device with ID: 0[0m
[32m[INFO] 2026-08-31 20:15:14,165 [RapidOCR] download_file.py:60: File exists and is valid: D:\Work\research\FileX\.venv-ai\Lib\site-packages\rapidocr\models\PP-OCRv6_det_small.pth[0m
[32m[INFO] 2026-08-31 20:15:14,165 [RapidOCR] main.py:50: Using D:\Work\research\FileX\.venv-ai\Lib\site-packages\rapidocr\models\PP-OCRv6_det_small.pth[0m
[32m[INFO] 2026-08-31 20:15:14,463 [RapidOCR] base.py:23: Using engine_name: torch[0m
[32m[INFO] 2026-08-31 20:15:14,464 [RapidOCR] device_config.py:64: Using GPU device with ID: 0[0m
[32m[INFO] 2026-08-31 20:15:14,465 [RapidOCR] download_file.py:60: File exists and is valid: D:\Work\research\FileX\.venv-ai\Lib\site-packages\rapidocr\models\ch_ptocr_mobile_v2.0_cls_mobile.pth[0m
[32m[INFO] 2026-08-31 20:15:14,465 [RapidOCR] main.py:50: Using D:\Work\research\FileX\.venv-ai\Lib\site-packages\rapidocr\models\ch_ptocr_mobile_v2.0_cls_mobile.pth[0m
[32m[INFO] 2026-08-31 20:15:14,630 [RapidOCR] base.py:23: Using engine_name: torch[0m
[32m[INFO] 2026-08-31 20:15:14,630 [RapidOCR] device_config.py:64: Using GPU device with ID: 0[0m
[32m[INFO] 2026-08-31 20:15:14,647 [RapidOCR] download_file.py:60: File exists and is valid: D:\Work\research\FileX\.venv-ai\Lib\site-packages\rapidocr\models\PP-OCRv6_rec_small.pth[0m
[32m[INFO] 2026-08-31 20:15:14,647 [RapidOCR] main.py:50: Using D:\Work\research\FileX\.venv-ai\Lib\site-packages\rapidocr\models\PP-OCRv6_rec_small.pth[0m
[32m[INFO] 2026-08-31 20:15:15,985 [RapidOCR] base.py:23: Using engine_name: torch[0m
[32m[INFO] 2026-08-31 20:15:15,986 [RapidOCR] device_config.py:64: Using GPU device with ID: 0[0m
[32m[INFO] 2026-08-31 20:15:15,995 [RapidOCR] download_file.py:60: File exists and is valid: D:\Work\research\FileX\.venv-ai\Lib\site-packages\rapidocr\models\PP-OCRv6_det_small.pth[0m
[32m[INFO] 2026-08-31 20:15:15,995 [RapidOCR] main.py:50: Using D:\Work\research\FileX\.venv-ai\Lib\site-packages\rapidocr\models\PP-OCRv6_det_small.pth[0m
[32m[INFO] 2026-08-31 20:15:16,329 [RapidOCR] base.py:23: Using engine_name: torch[0m
[32m[INFO] 2026-08-31 20:15:16,330 [RapidOCR] device_config.py:64: Using GPU device with ID: 0[0m
[32m[INFO] 2026-08-31 20:15:16,331 [RapidOCR] download_file.py:60: File exists and is valid: D:\Work\research\FileX\.venv-ai\Lib\site-packages\rapidocr\models\ch_ptocr_mobile_v2.0_cls_mobile.pth[0m
[32m[INFO] 2026-08-31 20:15:16,332 [RapidOCR] main.py:50: Using D:\Work\research\FileX\.venv-ai\Lib\site-packages\rapidocr\models\ch_ptocr_mobile_v2.0_cls_mobile.pth[0m
[32m[INFO] 2026-08-31 20:15:16,514 [RapidOCR] base.py:23: Using engine_name: torch[0m
[32m[INFO] 2026-08-31 20:15:16,515 [RapidOCR] device_config.py:64: Using GPU device with ID: 0[0m
[32m[INFO] 2026-08-31 20:15:16,534 [RapidOCR] download_file.py:60: File exists and is valid: D:\Work\research\FileX\.venv-ai\Lib\site-packages\rapidocr\models\PP-OCRv6_rec_small.pth[0m
[32m[INFO] 2026-08-31 20:15:16,534 [RapidOCR] main.py:50: Using D:\Work\research\FileX\.venv-ai\Lib\site-packages\rapidocr\models\PP-OCRv6_rec_small.pth[0m
[32m[INFO] 2026-08-31 20:15:17,627 [RapidOCR] base.py:23: Using engine_name: torch[0m
[32m[INFO] 2026-08-31 20:15:17,628 [RapidOCR] device_config.py:64: Using GPU device with ID: 0[0m
[32m[INFO] 2026-08-31 20:15:17,637 [RapidOCR] download_file.py:60: File exists and is valid: D:\Work\research\FileX\.venv-ai\Lib\site-packages\rapidocr\models\PP-OCRv6_det_small.pth[0m
[32m[INFO] 2026-08-31 20:15:17,637 [RapidOCR] main.py:50: Using D:\Work\research\FileX\.venv-ai\Lib\site-packages\rapidocr\models\PP-OCRv6_det_small.pth[0m
[32m[INFO] 2026-08-31 20:15:17,899 [RapidOCR] base.py:23: Using engine_name: torch[0m
[32m[INFO] 2026-08-31 20:15:17,900 [RapidOCR] device_config.py:64: Using GPU device with ID: 0[0m
[32m[INFO] 2026-08-31 20:15:17,901 [RapidOCR] download_file.py:60: File exists and is valid: D:\Work\research\FileX\.venv-ai\Lib\site-packages\rapidocr\models\ch_ptocr_mobile_v2.0_cls_mobile.pth[0m
[32m[INFO] 2026-08-31 20:15:17,901 [RapidOCR] main.py:50: Using D:\Work\research\FileX\.venv-ai\Lib\site-packages\rapidocr\models\ch_ptocr_mobile_v2.0_cls_mobile.pth[0m
[32m[INFO] 2026-08-31 20:15:18,082 [RapidOCR] base.py:23: Using engine_name: torch[0m
[32m[INFO] 2026-08-31 20:15:18,083 [RapidOCR] device_config.py:64: Using GPU device with ID: 0[0m
[32m[INFO] 2026-08-31 20:15:18,104 [RapidOCR] download_file.py:60: File exists and is valid: D:\Work\research\FileX\.venv-ai\Lib\site-packages\rapidocr\models\PP-OCRv6_rec_small.pth[0m
[32m[INFO] 2026-08-31 20:15:18,104 [RapidOCR] main.py:50: Using D:\Work\research\FileX\.venv-ai\Lib\site-packages\rapidocr\models\PP-OCRv6_rec_small.pth[0m
[32m[INFO] 2026-08-31 20:15:19,315 [RapidOCR] base.py:23: Using engine_name: torch[0m
[32m[INFO] 2026-08-31 20:15:19,316 [RapidOCR] device_config.py:64: Using GPU device with ID: 0[0m
[32m[INFO] 2026-08-31 20:15:19,326 [RapidOCR] download_file.py:60: File exists and is valid: D:\Work\research\FileX\.venv-ai\Lib\site-packages\rapidocr\models\PP-OCRv6_det_small.pth[0m
[32m[INFO] 2026-08-31 20:15:19,326 [RapidOCR] main.py:50: Using D:\Work\research\FileX\.venv-ai\Lib\site-packages\rapidocr\models\PP-OCRv6_det_small.pth[0m
[32m[INFO] 2026-08-31 20:15:19,611 [RapidOCR] base.py:23: Using engine_name: torch[0m
[32m[INFO] 2026-08-31 20:15:19,612 [RapidOCR] device_config.py:64: Using GPU device with ID: 0[0m
[32m[INFO] 2026-08-31 20:15:19,613 [RapidOCR] download_file.py:60: File exists and is valid: D:\Work\research\FileX\.venv-ai\Lib\site-packages\rapidocr\models\ch_ptocr_mobile_v2.0_cls_mobile.pth[0m
[32m[INFO] 2026-08-31 20:15:19,613 [RapidOCR] main.py:50: Using D:\Work\research\FileX\.venv-ai\Lib\site-packages\rapidocr\models\ch_ptocr_mobile_v2.0_cls_mobile.pth[0m
[32m[INFO] 2026-08-31 20:15:19,794 [RapidOCR] base.py:23: Using engine_name: torch[0m
[32m[INFO] 2026-08-31 20:15:19,795 [RapidOCR] device_config.py:64: Using GPU device with ID: 0[0m
[32m[INFO] 2026-08-31 20:15:19,813 [RapidOCR] download_file.py:60: File exists and is valid: D:\Work\research\FileX\.venv-ai\Lib\site-packages\rapidocr\models\PP-OCRv6_rec_small.pth[0m
[32m[INFO] 2026-08-31 20:15:19,814 [RapidOCR] main.py:50: Using D:\Work\research\FileX\.venv-ai\Lib\site-packages\rapidocr\models\PP-OCRv6_rec_small.pth[0m
[32m[INFO] 2026-08-31 20:15:20,972 [RapidOCR] base.py:23: Using engine_name: torch[0m
[32m[INFO] 2026-08-31 20:15:20,972 [RapidOCR] device_config.py:64: Using GPU device with ID: 0[0m
[32m[INFO] 2026-08-31 20:15:20,982 [RapidOCR] download_file.py:60: File exists and is valid: D:\Work\research\FileX\.venv-ai\Lib\site-packages\rapidocr\models\PP-OCRv6_det_small.pth[0m
[32m[INFO] 2026-08-31 20:15:20,983 [RapidOCR] main.py:50: Using D:\Work\research\FileX\.venv-ai\Lib\site-packages\rapidocr\models\PP-OCRv6_det_small.pth[0m
[32m[INFO] 2026-08-31 20:15:21,528 [RapidOCR] base.py:23: Using engine_name: torch[0m
[32m[INFO] 2026-08-31 20:15:21,529 [RapidOCR] device_config.py:64: Using GPU device with ID: 0[0m
[32m[INFO] 2026-08-31 20:15:21,530 [RapidOCR] download_file.py:60: File exists and is valid: D:\Work\research\FileX\.venv-ai\Lib\site-packages\rapidocr\models\ch_ptocr_mobile_v2.0_cls_mobile.pth[0m
[32m[INFO] 2026-08-31 20:15:21,530 [RapidOCR] main.py:50: Using D:\Work\research\FileX\.venv-ai\Lib\site-packages\rapidocr\models\ch_ptocr_mobile_v2.0_cls_mobile.pth[0m
[32m[INFO] 2026-08-31 20:15:21,664 [RapidOCR] base.py:23: Using engine_name: torch[0m
[32m[INFO] 2026-08-31 20:15:21,665 [RapidOCR] device_config.py:64: Using GPU device with ID: 0[0m
[32m[INFO] 2026-08-31 20:15:21,682 [RapidOCR] download_file.py:60: File exists and is valid: D:\Work\research\FileX\.venv-ai\Lib\site-packages\rapidocr\models\PP-OCRv6_rec_small.pth[0m
[32m[INFO] 2026-08-31 20:15:21,682 [RapidOCR] main.py:50: Using D:\Work\research\FileX\.venv-ai\Lib\site-packages\rapidocr\models\PP-OCRv6_rec_small.pth[0m
[32m[INFO] 2026-08-31 20:15:22,824 [RapidOCR] base.py:23: Using engine_name: torch[0m
[32m[INFO] 2026-08-31 20:15:22,826 [RapidOCR] device_config.py:64: Using GPU device with ID: 0[0m
[32m[INFO] 2026-08-31 20:15:22,835 [RapidOCR] download_file.py:60: File exists and is valid: D:\Work\research\FileX\.venv-ai\Lib\site-packages\rapidocr\models\PP-OCRv6_det_small.pth[0m
[32m[INFO] 2026-08-31 20:15:22,835 [RapidOCR] main.py:50: Using D:\Work\research\FileX\.venv-ai\Lib\site-packages\rapidocr\models\PP-OCRv6_det_small.pth[0m
[32m[INFO] 2026-08-31 20:15:23,149 [RapidOCR] base.py:23: Using engine_name: torch[0m
[32m[INFO] 2026-08-31 20:15:23,149 [RapidOCR] device_config.py:64: Using GPU device with ID: 0[0m
[32m[INFO] 2026-08-31 20:15:23,151 [RapidOCR] download_file.py:60: File exists and is valid: D:\Work\research\FileX\.venv-ai\Lib\site-packages\rapidocr\models\ch_ptocr_mobile_v2.0_cls_mobile.pth[0m
[32m[INFO] 2026-08-31 20:15:23,151 [RapidOCR] main.py:50: Using D:\Work\research\FileX\.venv-ai\Lib\site-packages\rapidocr\models\ch_ptocr_mobile_v2.0_cls_mobile.pth[0m
[32m[INFO] 2026-08-31 20:15:23,334 [RapidOCR] base.py:23: Using engine_name: torch[0m
[32m[INFO] 2026-08-31 20:15:23,335 [RapidOCR] device_config.py:64: Using GPU device with ID: 0[0m
[32m[INFO] 2026-08-31 20:15:23,358 [RapidOCR] download_file.py:60: File exists and is valid: D:\Work\research\FileX\.venv-ai\Lib\site-packages\rapidocr\models\PP-OCRv6_rec_small.pth[0m
[32m[INFO] 2026-08-31 20:15:23,359 [RapidOCR] main.py:50: Using D:\Work\research\FileX\.venv-ai\Lib\site-packages\rapidocr\models\PP-OCRv6_rec_small.pth[0m
[32m[INFO] 2026-08-31 20:15:24,621 [RapidOCR] base.py:23: Using engine_name: torch[0m
[32m[INFO] 2026-08-31 20:15:24,621 [RapidOCR] device_config.py:64: Using GPU device with ID: 0[0m
[32m[INFO] 2026-08-31 20:15:24,630 [RapidOCR] download_file.py:60: File exists and is valid: D:\Work\research\FileX\.venv-ai\Lib\site-packages\rapidocr\models\PP-OCRv6_det_small.pth[0m
[32m[INFO] 2026-08-31 20:15:24,630 [RapidOCR] main.py:50: Using D:\Work\research\FileX\.venv-ai\Lib\site-packages\rapidocr\models\PP-OCRv6_det_small.pth[0m
[32m[INFO] 2026-08-31 20:15:24,902 [RapidOCR] base.py:23: Using engine_name: torch[0m
[32m[INFO] 2026-08-31 20:15:24,902 [RapidOCR] device_config.py:64: Using GPU device with ID: 0[0m
[32m[INFO] 2026-08-31 20:15:24,904 [RapidOCR] download_file.py:60: File exists and is valid: D:\Work\research\FileX\.venv-ai\Lib\site-packages\rapidocr\models\ch_ptocr_mobile_v2.0_cls_mobile.pth[0m
[32m[INFO] 2026-08-31 20:15:24,904 [RapidOCR] main.py:50: Using D:\Work\research\FileX\.venv-ai\Lib\site-packages\rapidocr\models\ch_ptocr_mobile_v2.0_cls_mobile.pth[0m
[32m[INFO] 2026-08-31 20:15:25,080 [RapidOCR] base.py:23: Using engine_name: torch[0m
[32m[INFO] 2026-08-31 20:15:25,081 [RapidOCR] device_config.py:64: Using GPU device with ID: 0[0m
[32m[INFO] 2026-08-31 20:15:25,101 [RapidOCR] download_file.py:60: File exists and is valid: D:\Work\research\FileX\.venv-ai\Lib\site-packages\rapidocr\models\PP-OCRv6_rec_small.pth[0m
[32m[INFO] 2026-08-31 20:15:25,101 [RapidOCR] main.py:50: Using D:\Work\research\FileX\.venv-ai\Lib\site-packages\rapidocr\models\PP-OCRv6_rec_small.pth[0m
[32m[INFO] 2026-08-31 20:15:26,238 [RapidOCR] base.py:23: Using engine_name: torch[0m
[32m[INFO] 2026-08-31 20:15:26,238 [RapidOCR] device_config.py:64: Using GPU device with ID: 0[0m
[32m[INFO] 2026-08-31 20:15:26,248 [RapidOCR] download_file.py:60: File exists and is valid: D:\Work\research\FileX\.venv-ai\Lib\site-packages\rapidocr\models\PP-OCRv6_det_small.pth[0m
[32m[INFO] 2026-08-31 20:15:26,248 [RapidOCR] main.py:50: Using D:\Work\research\FileX\.venv-ai\Lib\site-packages\rapidocr\models\PP-OCRv6_det_small.pth[0m
[32m[INFO] 2026-08-31 20:15:26,647 [RapidOCR] base.py:23: Using engine_name: torch[0m
[32m[INFO] 2026-08-31 20:15:26,648 [RapidOCR] device_config.py:64: Using GPU device with ID: 0[0m
[32m[INFO] 2026-08-31 20:15:26,649 [RapidOCR] download_file.py:60: File exists and is valid: D:\Work\research\FileX\.venv-ai\Lib\site-packages\rapidocr\models\ch_ptocr_mobile_v2.0_cls_mobile.pth[0m
[32m[INFO] 2026-08-31 20:15:26,649 [RapidOCR] main.py:50: Using D:\Work\research\FileX\.venv-ai\Lib\site-packages\rapidocr\models\ch_ptocr_mobile_v2.0_cls_mobile.pth[0m
[32m[INFO] 2026-08-31 20:15:26,809 [RapidOCR] base.py:23: Using engine_name: torch[0m
[32m[INFO] 2026-08-31 20:15:26,809 [RapidOCR] device_config.py:64: Using GPU device with ID: 0[0m
[32m[INFO] 2026-08-31 20:15:26,838 [RapidOCR] download_file.py:60: File exists and is valid: D:\Work\research\FileX\.venv-ai\Lib\site-packages\rapidocr\models\PP-OCRv6_rec_small.pth[0m
[32m[INFO] 2026-08-31 20:15:26,839 [RapidOCR] main.py:50: Using D:\Work\research\FileX\.venv-ai\Lib\site-packages\rapidocr\models\PP-OCRv6_rec_small.pth[0m
[32m[INFO] 2026-08-31 20:15:27,983 [RapidOCR] base.py:23: Using engine_name: torch[0m
[32m[INFO] 2026-08-31 20:15:27,984 [RapidOCR] device_config.py:64: Using GPU device with ID: 0[0m
[32m[INFO] 2026-08-31 20:15:27,993 [RapidOCR] download_file.py:60: File exists and is valid: D:\Work\research\FileX\.venv-ai\Lib\site-packages\rapidocr\models\PP-OCRv6_det_small.pth[0m
[32m[INFO] 2026-08-31 20:15:27,993 [RapidOCR] main.py:50: Using D:\Work\research\FileX\.venv-ai\Lib\site-packages\rapidocr\models\PP-OCRv6_det_small.pth[0m
[32m[INFO] 2026-08-31 20:15:28,281 [RapidOCR] base.py:23: Using engine_name: torch[0m
[32m[INFO] 2026-08-31 20:15:28,281 [RapidOCR] device_config.py:64: Using GPU device with ID: 0[0m
[32m[INFO] 2026-08-31 20:15:28,283 [RapidOCR] download_file.py:60: File exists and is valid: D:\Work\research\FileX\.venv-ai\Lib\site-packages\rapidocr\models\ch_ptocr_mobile_v2.0_cls_mobile.pth[0m
[32m[INFO] 2026-08-31 20:15:28,283 [RapidOCR] main.py:50: Using D:\Work\research\FileX\.venv-ai\Lib\site-packages\rapidocr\models\ch_ptocr_mobile_v2.0_cls_mobile.pth[0m
[32m[INFO] 2026-08-31 20:15:28,445 [RapidOCR] base.py:23: Using engine_name: torch[0m
[32m[INFO] 2026-08-31 20:15:28,446 [RapidOCR] device_config.py:64: Using GPU device with ID: 0[0m
[32m[INFO] 2026-08-31 20:15:28,467 [RapidOCR] download_file.py:60: File exists and is valid: D:\Work\research\FileX\.venv-ai\Lib\site-packages\rapidocr\models\PP-OCRv6_rec_small.pth[0m
[32m[INFO] 2026-08-31 20:15:28,468 [RapidOCR] main.py:50: Using D:\Work\research\FileX\.venv-ai\Lib\site-packages\rapidocr\models\PP-OCRv6_rec_small.pth[0m
[32m[INFO] 2026-08-31 20:15:29,694 [RapidOCR] base.py:23: Using engine_name: torch[0m
[32m[INFO] 2026-08-31 20:15:29,694 [RapidOCR] device_config.py:64: Using GPU device with ID: 0[0m
[32m[INFO] 2026-08-31 20:15:29,710 [RapidOCR] download_file.py:60: File exists and is valid: D:\Work\research\FileX\.venv-ai\Lib\site-packages\rapidocr\models\PP-OCRv6_det_small.pth[0m
[32m[INFO] 2026-08-31 20:15:29,711 [RapidOCR] main.py:50: Using D:\Work\research\FileX\.venv-ai\Lib\site-packages\rapidocr\models\PP-OCRv6_det_small.pth[0m
[32m[INFO] 2026-08-31 20:15:29,963 [RapidOCR] base.py:23: Using engine_name: torch[0m
[32m[INFO] 2026-08-31 20:15:29,963 [RapidOCR] device_config.py:64: Using GPU device with ID: 0[0m
[32m[INFO] 2026-08-31 20:15:29,965 [RapidOCR] download_file.py:60: File exists and is valid: D:\Work\research\FileX\.venv-ai\Lib\site-packages\rapidocr\models\ch_ptocr_mobile_v2.0_cls_mobile.pth[0m
[32m[INFO] 2026-08-31 20:15:29,965 [RapidOCR] main.py:50: Using D:\Work\research\FileX\.venv-ai\Lib\site-packages\rapidocr\models\ch_ptocr_mobile_v2.0_cls_mobile.pth[0m
[32m[INFO] 2026-08-31 20:15:30,138 [RapidOCR] base.py:23: Using engine_name: torch[0m
[32m[INFO] 2026-08-31 20:15:30,138 [RapidOCR] device_config.py:64: Using GPU device with ID: 0[0m
[32m[INFO] 2026-08-31 20:15:30,156 [RapidOCR] download_file.py:60: File exists and is valid: D:\Work\research\FileX\.venv-ai\Lib\site-packages\rapidocr\models\PP-OCRv6_rec_small.pth[0m
[32m[INFO] 2026-08-31 20:15:30,156 [RapidOCR] main.py:50: Using D:\Work\research\FileX\.venv-ai\Lib\site-packages\rapidocr\models\PP-OCRv6_rec_small.pth[0m
{"config": "docling-r6", "doc": "escaneado_d5b", "ppp_nativo": 60, "ppp": 105, "factor": 1.75, "png": "ppp105__escaneado_d5b.png", "png_identify": "679x929 41.329999999999998295,41.340000000000003411 PixelsPerCentimeter", "preflight": {"vram_libre_mib": 8574, "mpx_actual": 0.631, "mpx_pendiente_ordenada": 0}, "entrada": "PDF via Docling; scale explicita", "dispositivo": "GPU CUDA", "rc": [1, 1, 1, 1, 1, 1, 1, 1, 1], "error": ["FileNotFoundError: [WinError 3] El sistema no puede encontrar la ruta especificada: '\\\\\\\\?\\\\\\\\wsl.localhost\\\\Ubuntu\\\\'", "FileNotFoundError: [WinError 3] El sistema no puede encontrar la ruta especificada: '\\\\\\\\?\\\\\\\\wsl.localhost\\\\Ubuntu\\\\'", "FileNotFoundError: [WinError 3] El sistema no puede encontrar la ruta especificada: '\\\\\\\\?\\\\\\\\wsl.localhost\\\\Ubuntu\\\\'", "FileNotFoundError: [WinError 3] El sistema no puede encontrar la ruta especificada: '\\\\\\\\?\\\\\\\\wsl.localhost\\\\Ubuntu\\\\'", "FileNotFoundError: [WinError 3] El sistema no puede encontrar la ruta especificada: '\\\\\\\\?\\\\\\\\wsl.localhost\\\\Ubuntu\\\\'", "FileNotFoundError: [WinError 3] El sistema no puede encontrar la ruta especificada: '\\\\\\\\?\\\\\\\\wsl.localhost\\\\Ubuntu\\\\'", "FileNotFoundError: [WinError 3] El sistema no puede encontrar la ruta especificada: '\\\\\\\\?\\\\\\\\wsl.localhost\\\\Ubuntu\\\\'", "FileNotFoundError: [WinError 3] El sistema no puede encontrar la ruta especificada: '\\\\\\\\?\\\\\\\\wsl.localhost\\\\Ubuntu\\\\'", "FileNotFoundError: [WinError 3] El sistema no puede encontrar la ruta especificada: '\\\\\\\\?\\\\\\\\wsl.localhost\\\\Ubuntu\\\\'"], "n": 9, "ms_mediana": 1688.7, "determinista": true, "metrica": "acentos", "cer_pct": 100.0, "cer_acentos_pct": 100.0, "cer_ciego_pct": 100.0, "dist_acentos": 596, "texto": "docling-r6__ppp105__escaneado_d5b.txt"}
[32m[INFO] 2026-08-31 20:15:31,212 [RapidOCR] base.py:23: Using engine_name: torch[0m
[32m[INFO] 2026-08-31 20:15:31,212 [RapidOCR] device_config.py:64: Using GPU device with ID: 0[0m
[32m[INFO] 2026-08-31 20:15:31,221 [RapidOCR] download_file.py:60: File exists and is valid: D:\Work\research\FileX\.venv-ai\Lib\site-packages\rapidocr\models\PP-OCRv6_det_small.pth[0m
[32m[INFO] 2026-08-31 20:15:31,221 [RapidOCR] main.py:50: Using D:\Work\research\FileX\.venv-ai\Lib\site-packages\rapidocr\models\PP-OCRv6_det_small.pth[0m
[32m[INFO] 2026-08-31 20:15:31,441 [RapidOCR] base.py:23: Using engine_name: torch[0m
[32m[INFO] 2026-08-31 20:15:31,442 [RapidOCR] device_config.py:64: Using GPU device with ID: 0[0m
[32m[INFO] 2026-08-31 20:15:31,443 [RapidOCR] download_file.py:60: File exists and is valid: D:\Work\research\FileX\.venv-ai\Lib\site-packages\rapidocr\models\ch_ptocr_mobile_v2.0_cls_mobile.pth[0m
[32m[INFO] 2026-08-31 20:15:31,444 [RapidOCR] main.py:50: Using D:\Work\research\FileX\.venv-ai\Lib\site-packages\rapidocr\models\ch_ptocr_mobile_v2.0_cls_mobile.pth[0m
[32m[INFO] 2026-08-31 20:15:31,783 [RapidOCR] base.py:23: Using engine_name: torch[0m
[32m[INFO] 2026-08-31 20:15:31,784 [RapidOCR] device_config.py:64: Using GPU device with ID: 0[0m
[32m[INFO] 2026-08-31 20:15:31,804 [RapidOCR] download_file.py:60: File exists and is valid: D:\Work\research\FileX\.venv-ai\Lib\site-packages\rapidocr\models\PP-OCRv6_rec_small.pth[0m
[32m[INFO] 2026-08-31 20:15:31,804 [RapidOCR] main.py:50: Using D:\Work\research\FileX\.venv-ai\Lib\site-packages\rapidocr\models\PP-OCRv6_rec_small.pth[0m
[32m[INFO] 2026-08-31 20:15:32,818 [RapidOCR] base.py:23: Using engine_name: torch[0m
[32m[INFO] 2026-08-31 20:15:32,818 [RapidOCR] device_config.py:64: Using GPU device with ID: 0[0m
[32m[INFO] 2026-08-31 20:15:32,827 [RapidOCR] download_file.py:60: File exists and is valid: D:\Work\research\FileX\.venv-ai\Lib\site-packages\rapidocr\models\PP-OCRv6_det_small.pth[0m
[32m[INFO] 2026-08-31 20:15:32,828 [RapidOCR] main.py:50: Using D:\Work\research\FileX\.venv-ai\Lib\site-packages\rapidocr\models\PP-OCRv6_det_small.pth[0m
[32m[INFO] 2026-08-31 20:15:33,059 [RapidOCR] base.py:23: Using engine_name: torch[0m
[32m[INFO] 2026-08-31 20:15:33,060 [RapidOCR] device_config.py:64: Using GPU device with ID: 0[0m
[32m[INFO] 2026-08-31 20:15:33,062 [RapidOCR] download_file.py:60: File exists and is valid: D:\Work\research\FileX\.venv-ai\Lib\site-packages\rapidocr\models\ch_ptocr_mobile_v2.0_cls_mobile.pth[0m
[32m[INFO] 2026-08-31 20:15:33,062 [RapidOCR] main.py:50: Using D:\Work\research\FileX\.venv-ai\Lib\site-packages\rapidocr\models\ch_ptocr_mobile_v2.0_cls_mobile.pth[0m
[32m[INFO] 2026-08-31 20:15:33,226 [RapidOCR] base.py:23: Using engine_name: torch[0m
[32m[INFO] 2026-08-31 20:15:33,227 [RapidOCR] device_config.py:64: Using GPU device with ID: 0[0m
[32m[INFO] 2026-08-31 20:15:33,246 [RapidOCR] download_file.py:60: File exists and is valid: D:\Work\research\FileX\.venv-ai\Lib\site-packages\rapidocr\models\PP-OCRv6_rec_small.pth[0m
[32m[INFO] 2026-08-31 20:15:33,246 [RapidOCR] main.py:50: Using D:\Work\research\FileX\.venv-ai\Lib\site-packages\rapidocr\models\PP-OCRv6_rec_small.pth[0m
[32m[INFO] 2026-08-31 20:15:34,296 [RapidOCR] base.py:23: Using engine_name: torch[0m
[32m[INFO] 2026-08-31 20:15:34,297 [RapidOCR] device_config.py:64: Using GPU device with ID: 0[0m
[32m[INFO] 2026-08-31 20:15:34,306 [RapidOCR] download_file.py:60: File exists and is valid: D:\Work\research\FileX\.venv-ai\Lib\site-packages\rapidocr\models\PP-OCRv6_det_small.pth[0m
[32m[INFO] 2026-08-31 20:15:34,306 [RapidOCR] main.py:50: Using D:\Work\research\FileX\.venv-ai\Lib\site-packages\rapidocr\models\PP-OCRv6_det_small.pth[0m
[32m[INFO] 2026-08-31 20:15:34,573 [RapidOCR] base.py:23: Using engine_name: torch[0m
[32m[INFO] 2026-08-31 20:15:34,573 [RapidOCR] device_config.py:64: Using GPU device with ID: 0[0m
[32m[INFO] 2026-08-31 20:15:34,574 [RapidOCR] download_file.py:60: File exists and is valid: D:\Work\research\FileX\.venv-ai\Lib\site-packages\rapidocr\models\ch_ptocr_mobile_v2.0_cls_mobile.pth[0m
[32m[INFO] 2026-08-31 20:15:34,574 [RapidOCR] main.py:50: Using D:\Work\research\FileX\.venv-ai\Lib\site-packages\rapidocr\models\ch_ptocr_mobile_v2.0_cls_mobile.pth[0m
[32m[INFO] 2026-08-31 20:15:34,850 [RapidOCR] base.py:23: Using engine_name: torch[0m
[32m[INFO] 2026-08-31 20:15:34,851 [RapidOCR] device_config.py:64: Using GPU device with ID: 0[0m
[32m[INFO] 2026-08-31 20:15:34,872 [RapidOCR] download_file.py:60: File exists and is valid: D:\Work\research\FileX\.venv-ai\Lib\site-packages\rapidocr\models\PP-OCRv6_rec_small.pth[0m
[32m[INFO] 2026-08-31 20:15:34,872 [RapidOCR] main.py:50: Using D:\Work\research\FileX\.venv-ai\Lib\site-packages\rapidocr\models\PP-OCRv6_rec_small.pth[0m
[32m[INFO] 2026-08-31 20:15:36,109 [RapidOCR] base.py:23: Using engine_name: torch[0m
[32m[INFO] 2026-08-31 20:15:36,110 [RapidOCR] device_config.py:64: Using GPU device with ID: 0[0m
[32m[INFO] 2026-08-31 20:15:36,121 [RapidOCR] download_file.py:60: File exists and is valid: D:\Work\research\FileX\.venv-ai\Lib\site-packages\rapidocr\models\PP-OCRv6_det_small.pth[0m
[32m[INFO] 2026-08-31 20:15:36,121 [RapidOCR] main.py:50: Using D:\Work\research\FileX\.venv-ai\Lib\site-packages\rapidocr\models\PP-OCRv6_det_small.pth[0m
[32m[INFO] 2026-08-31 20:15:36,433 [RapidOCR] base.py:23: Using engine_name: torch[0m
[32m[INFO] 2026-08-31 20:15:36,433 [RapidOCR] device_config.py:64: Using GPU device with ID: 0[0m
[32m[INFO] 2026-08-31 20:15:36,435 [RapidOCR] download_file.py:60: File exists and is valid: D:\Work\research\FileX\.venv-ai\Lib\site-packages\rapidocr\models\ch_ptocr_mobile_v2.0_cls_mobile.pth[0m
[32m[INFO] 2026-08-31 20:15:36,435 [RapidOCR] main.py:50: Using D:\Work\research\FileX\.venv-ai\Lib\site-packages\rapidocr\models\ch_ptocr_mobile_v2.0_cls_mobile.pth[0m
[32m[INFO] 2026-08-31 20:15:36,612 [RapidOCR] base.py:23: Using engine_name: torch[0m
[32m[INFO] 2026-08-31 20:15:36,613 [RapidOCR] device_config.py:64: Using GPU device with ID: 0[0m
[32m[INFO] 2026-08-31 20:15:36,631 [RapidOCR] download_file.py:60: File exists and is valid: D:\Work\research\FileX\.venv-ai\Lib\site-packages\rapidocr\models\PP-OCRv6_rec_small.pth[0m
[32m[INFO] 2026-08-31 20:15:36,631 [RapidOCR] main.py:50: Using D:\Work\research\FileX\.venv-ai\Lib\site-packages\rapidocr\models\PP-OCRv6_rec_small.pth[0m
[32m[INFO] 2026-08-31 20:15:37,927 [RapidOCR] base.py:23: Using engine_name: torch[0m
[32m[INFO] 2026-08-31 20:15:37,928 [RapidOCR] device_config.py:64: Using GPU device with ID: 0[0m
[32m[INFO] 2026-08-31 20:15:37,937 [RapidOCR] download_file.py:60: File exists and is valid: D:\Work\research\FileX\.venv-ai\Lib\site-packages\rapidocr\models\PP-OCRv6_det_small.pth[0m
[32m[INFO] 2026-08-31 20:15:37,938 [RapidOCR] main.py:50: Using D:\Work\research\FileX\.venv-ai\Lib\site-packages\rapidocr\models\PP-OCRv6_det_small.pth[0m
[32m[INFO] 2026-08-31 20:15:38,200 [RapidOCR] base.py:23: Using engine_name: torch[0m
[32m[INFO] 2026-08-31 20:15:38,200 [RapidOCR] device_config.py:64: Using GPU device with ID: 0[0m
[32m[INFO] 2026-08-31 20:15:38,202 [RapidOCR] download_file.py:60: File exists and is valid: D:\Work\research\FileX\.venv-ai\Lib\site-packages\rapidocr\models\ch_ptocr_mobile_v2.0_cls_mobile.pth[0m
[32m[INFO] 2026-08-31 20:15:38,202 [RapidOCR] main.py:50: Using D:\Work\research\FileX\.venv-ai\Lib\site-packages\rapidocr\models\ch_ptocr_mobile_v2.0_cls_mobile.pth[0m
[32m[INFO] 2026-08-31 20:15:38,420 [RapidOCR] base.py:23: Using engine_name: torch[0m
[32m[INFO] 2026-08-31 20:15:38,421 [RapidOCR] device_config.py:64: Using GPU device with ID: 0[0m
[32m[INFO] 2026-08-31 20:15:38,441 [RapidOCR] download_file.py:60: File exists and is valid: D:\Work\research\FileX\.venv-ai\Lib\site-packages\rapidocr\models\PP-OCRv6_rec_small.pth[0m
[32m[INFO] 2026-08-31 20:15:38,441 [RapidOCR] main.py:50: Using D:\Work\research\FileX\.venv-ai\Lib\site-packages\rapidocr\models\PP-OCRv6_rec_small.pth[0m
[32m[INFO] 2026-08-31 20:15:39,639 [RapidOCR] base.py:23: Using engine_name: torch[0m
[32m[INFO] 2026-08-31 20:15:39,640 [RapidOCR] device_config.py:64: Using GPU device with ID: 0[0m
[32m[INFO] 2026-08-31 20:15:39,648 [RapidOCR] download_file.py:60: File exists and is valid: D:\Work\research\FileX\.venv-ai\Lib\site-packages\rapidocr\models\PP-OCRv6_det_small.pth[0m
[32m[INFO] 2026-08-31 20:15:39,648 [RapidOCR] main.py:50: Using D:\Work\research\FileX\.venv-ai\Lib\site-packages\rapidocr\models\PP-OCRv6_det_small.pth[0m
[32m[INFO] 2026-08-31 20:15:39,999 [RapidOCR] base.py:23: Using engine_name: torch[0m
[32m[INFO] 2026-08-31 20:15:40,000 [RapidOCR] device_config.py:64: Using GPU device with ID: 0[0m
[32m[INFO] 2026-08-31 20:15:40,001 [RapidOCR] download_file.py:60: File exists and is valid: D:\Work\research\FileX\.venv-ai\Lib\site-packages\rapidocr\models\ch_ptocr_mobile_v2.0_cls_mobile.pth[0m
[32m[INFO] 2026-08-31 20:15:40,001 [RapidOCR] main.py:50: Using D:\Work\research\FileX\.venv-ai\Lib\site-packages\rapidocr\models\ch_ptocr_mobile_v2.0_cls_mobile.pth[0m
[32m[INFO] 2026-08-31 20:15:40,215 [RapidOCR] base.py:23: Using engine_name: torch[0m
[32m[INFO] 2026-08-31 20:15:40,216 [RapidOCR] device_config.py:64: Using GPU device with ID: 0[0m
[32m[INFO] 2026-08-31 20:15:40,234 [RapidOCR] download_file.py:60: File exists and is valid: D:\Work\research\FileX\.venv-ai\Lib\site-packages\rapidocr\models\PP-OCRv6_rec_small.pth[0m
[32m[INFO] 2026-08-31 20:15:40,234 [RapidOCR] main.py:50: Using D:\Work\research\FileX\.venv-ai\Lib\site-packages\rapidocr\models\PP-OCRv6_rec_small.pth[0m
[32m[INFO] 2026-08-31 20:15:41,342 [RapidOCR] base.py:23: Using engine_name: torch[0m
[32m[INFO] 2026-08-31 20:15:41,342 [RapidOCR] device_config.py:64: Using GPU device with ID: 0[0m
[32m[INFO] 2026-08-31 20:15:41,353 [RapidOCR] download_file.py:60: File exists and is valid: D:\Work\research\FileX\.venv-ai\Lib\site-packages\rapidocr\models\PP-OCRv6_det_small.pth[0m
[32m[INFO] 2026-08-31 20:15:41,353 [RapidOCR] main.py:50: Using D:\Work\research\FileX\.venv-ai\Lib\site-packages\rapidocr\models\PP-OCRv6_det_small.pth[0m
[32m[INFO] 2026-08-31 20:15:41,637 [RapidOCR] base.py:23: Using engine_name: torch[0m
[32m[INFO] 2026-08-31 20:15:41,638 [RapidOCR] device_config.py:64: Using GPU device with ID: 0[0m
[32m[INFO] 2026-08-31 20:15:41,639 [RapidOCR] download_file.py:60: File exists and is valid: D:\Work\research\FileX\.venv-ai\Lib\site-packages\rapidocr\models\ch_ptocr_mobile_v2.0_cls_mobile.pth[0m
[32m[INFO] 2026-08-31 20:15:41,640 [RapidOCR] main.py:50: Using D:\Work\research\FileX\.venv-ai\Lib\site-packages\rapidocr\models\ch_ptocr_mobile_v2.0_cls_mobile.pth[0m
[32m[INFO] 2026-08-31 20:15:41,830 [RapidOCR] base.py:23: Using engine_name: torch[0m
[32m[INFO] 2026-08-31 20:15:41,831 [RapidOCR] device_config.py:64: Using GPU device with ID: 0[0m
[32m[INFO] 2026-08-31 20:15:41,851 [RapidOCR] download_file.py:60: File exists and is valid: D:\Work\research\FileX\.venv-ai\Lib\site-packages\rapidocr\models\PP-OCRv6_rec_small.pth[0m
[32m[INFO] 2026-08-31 20:15:41,851 [RapidOCR] main.py:50: Using D:\Work\research\FileX\.venv-ai\Lib\site-packages\rapidocr\models\PP-OCRv6_rec_small.pth[0m
[32m[INFO] 2026-08-31 20:15:43,166 [RapidOCR] base.py:23: Using engine_name: torch[0m
[32m[INFO] 2026-08-31 20:15:43,167 [RapidOCR] device_config.py:64: Using GPU device with ID: 0[0m
[32m[INFO] 2026-08-31 20:15:43,176 [RapidOCR] download_file.py:60: File exists and is valid: D:\Work\research\FileX\.venv-ai\Lib\site-packages\rapidocr\models\PP-OCRv6_det_small.pth[0m
[32m[INFO] 2026-08-31 20:15:43,176 [RapidOCR] main.py:50: Using D:\Work\research\FileX\.venv-ai\Lib\site-packages\rapidocr\models\PP-OCRv6_det_small.pth[0m
[32m[INFO] 2026-08-31 20:15:43,490 [RapidOCR] base.py:23: Using engine_name: torch[0m
[32m[INFO] 2026-08-31 20:15:43,491 [RapidOCR] device_config.py:64: Using GPU device with ID: 0[0m
[32m[INFO] 2026-08-31 20:15:43,492 [RapidOCR] download_file.py:60: File exists and is valid: D:\Work\research\FileX\.venv-ai\Lib\site-packages\rapidocr\models\ch_ptocr_mobile_v2.0_cls_mobile.pth[0m
[32m[INFO] 2026-08-31 20:15:43,493 [RapidOCR] main.py:50: Using D:\Work\research\FileX\.venv-ai\Lib\site-packages\rapidocr\models\ch_ptocr_mobile_v2.0_cls_mobile.pth[0m
[32m[INFO] 2026-08-31 20:15:43,679 [RapidOCR] base.py:23: Using engine_name: torch[0m
[32m[INFO] 2026-08-31 20:15:43,679 [RapidOCR] device_config.py:64: Using GPU device with ID: 0[0m
[32m[INFO] 2026-08-31 20:15:43,697 [RapidOCR] download_file.py:60: File exists and is valid: D:\Work\research\FileX\.venv-ai\Lib\site-packages\rapidocr\models\PP-OCRv6_rec_small.pth[0m
[32m[INFO] 2026-08-31 20:15:43,697 [RapidOCR] main.py:50: Using D:\Work\research\FileX\.venv-ai\Lib\site-packages\rapidocr\models\PP-OCRv6_rec_small.pth[0m
[32m[INFO] 2026-08-31 20:15:44,933 [RapidOCR] base.py:23: Using engine_name: torch[0m
[32m[INFO] 2026-08-31 20:15:44,933 [RapidOCR] device_config.py:64: Using GPU device with ID: 0[0m
[32m[INFO] 2026-08-31 20:15:44,942 [RapidOCR] download_file.py:60: File exists and is valid: D:\Work\research\FileX\.venv-ai\Lib\site-packages\rapidocr\models\PP-OCRv6_det_small.pth[0m
[32m[INFO] 2026-08-31 20:15:44,942 [RapidOCR] main.py:50: Using D:\Work\research\FileX\.venv-ai\Lib\site-packages\rapidocr\models\PP-OCRv6_det_small.pth[0m
[32m[INFO] 2026-08-31 20:15:45,213 [RapidOCR] base.py:23: Using engine_name: torch[0m
[32m[INFO] 2026-08-31 20:15:45,213 [RapidOCR] device_config.py:64: Using GPU device with ID: 0[0m
[32m[INFO] 2026-08-31 20:15:45,215 [RapidOCR] download_file.py:60: File exists and is valid: D:\Work\research\FileX\.venv-ai\Lib\site-packages\rapidocr\models\ch_ptocr_mobile_v2.0_cls_mobile.pth[0m
[32m[INFO] 2026-08-31 20:15:45,215 [RapidOCR] main.py:50: Using D:\Work\research\FileX\.venv-ai\Lib\site-packages\rapidocr\models\ch_ptocr_mobile_v2.0_cls_mobile.pth[0m
[32m[INFO] 2026-08-31 20:15:45,396 [RapidOCR] base.py:23: Using engine_name: torch[0m
[32m[INFO] 2026-08-31 20:15:45,397 [RapidOCR] device_config.py:64: Using GPU device with ID: 0[0m
[32m[INFO] 2026-08-31 20:15:45,416 [RapidOCR] download_file.py:60: File exists and is valid: D:\Work\research\FileX\.venv-ai\Lib\site-packages\rapidocr\models\PP-OCRv6_rec_small.pth[0m
[32m[INFO] 2026-08-31 20:15:45,416 [RapidOCR] main.py:50: Using D:\Work\research\FileX\.venv-ai\Lib\site-packages\rapidocr\models\PP-OCRv6_rec_small.pth[0m
[32m[INFO] 2026-08-31 20:15:46,554 [RapidOCR] base.py:23: Using engine_name: torch[0m
[32m[INFO] 2026-08-31 20:15:46,555 [RapidOCR] device_config.py:64: Using GPU device with ID: 0[0m
[32m[INFO] 2026-08-31 20:15:46,563 [RapidOCR] download_file.py:60: File exists and is valid: D:\Work\research\FileX\.venv-ai\Lib\site-packages\rapidocr\models\PP-OCRv6_det_small.pth[0m
[32m[INFO] 2026-08-31 20:15:46,563 [RapidOCR] main.py:50: Using D:\Work\research\FileX\.venv-ai\Lib\site-packages\rapidocr\models\PP-OCRv6_det_small.pth[0m
[32m[INFO] 2026-08-31 20:15:46,816 [RapidOCR] base.py:23: Using engine_name: torch[0m
[32m[INFO] 2026-08-31 20:15:46,817 [RapidOCR] device_config.py:64: Using GPU device with ID: 0[0m
[32m[INFO] 2026-08-31 20:15:46,818 [RapidOCR] download_file.py:60: File exists and is valid: D:\Work\research\FileX\.venv-ai\Lib\site-packages\rapidocr\models\ch_ptocr_mobile_v2.0_cls_mobile.pth[0m
[32m[INFO] 2026-08-31 20:15:46,818 [RapidOCR] main.py:50: Using D:\Work\research\FileX\.venv-ai\Lib\site-packages\rapidocr\models\ch_ptocr_mobile_v2.0_cls_mobile.pth[0m
[32m[INFO] 2026-08-31 20:15:47,007 [RapidOCR] base.py:23: Using engine_name: torch[0m
[32m[INFO] 2026-08-31 20:15:47,008 [RapidOCR] device_config.py:64: Using GPU device with ID: 0[0m
[32m[INFO] 2026-08-31 20:15:47,028 [RapidOCR] download_file.py:60: File exists and is valid: D:\Work\research\FileX\.venv-ai\Lib\site-packages\rapidocr\models\PP-OCRv6_rec_small.pth[0m
[32m[INFO] 2026-08-31 20:15:47,029 [RapidOCR] main.py:50: Using D:\Work\research\FileX\.venv-ai\Lib\site-packages\rapidocr\models\PP-OCRv6_rec_small.pth[0m
{"config": "docling-r6", "doc": "escaneado_d5b", "ppp_nativo": 60, "ppp": 110, "factor": 1.833, "png": "ppp110__escaneado_d5b.png", "png_identify": "711x974 43.299999999999997158,43.299999999999997158 PixelsPerCentimeter", "preflight": {"vram_libre_mib": 8538, "mpx_actual": 0.693, "mpx_pendiente_ordenada": 0}, "entrada": "PDF via Docling; scale explicita", "dispositivo": "GPU CUDA", "rc": [1, 1, 1, 1, 1, 1, 1, 1, 1], "error": ["FileNotFoundError: [WinError 3] El sistema no puede encontrar la ruta especificada: '\\\\\\\\?\\\\\\\\wsl.localhost\\\\Ubuntu\\\\'", "FileNotFoundError: [WinError 3] El sistema no puede encontrar la ruta especificada: '\\\\\\\\?\\\\\\\\wsl.localhost\\\\Ubuntu\\\\'", "FileNotFoundError: [WinError 3] El sistema no puede encontrar la ruta especificada: '\\\\\\\\?\\\\\\\\wsl.localhost\\\\Ubuntu\\\\'", "FileNotFoundError: [WinError 3] El sistema no puede encontrar la ruta especificada: '\\\\\\\\?\\\\\\\\wsl.localhost\\\\Ubuntu\\\\'", "FileNotFoundError: [WinError 3] El sistema no puede encontrar la ruta especificada: '\\\\\\\\?\\\\\\\\wsl.localhost\\\\Ubuntu\\\\'", "FileNotFoundError: [WinError 3] El sistema no puede encontrar la ruta especificada: '\\\\\\\\?\\\\\\\\wsl.localhost\\\\Ubuntu\\\\'", "FileNotFoundError: [WinError 3] El sistema no puede encontrar la ruta especificada: '\\\\\\\\?\\\\\\\\wsl.localhost\\\\Ubuntu\\\\'", "FileNotFoundError: [WinError 3] El sistema no puede encontrar la ruta especificada: '\\\\\\\\?\\\\\\\\wsl.localhost\\\\Ubuntu\\\\'", "FileNotFoundError: [WinError 3] El sistema no puede encontrar la ruta especificada: '\\\\\\\\?\\\\\\\\wsl.localhost\\\\Ubuntu\\\\'"], "n": 9, "ms_mediana": 1709.7, "determinista": true, "metrica": "acentos", "cer_pct": 100.0, "cer_acentos_pct": 100.0, "cer_ciego_pct": 100.0, "dist_acentos": 596, "texto": "docling-r6__ppp110__escaneado_d5b.txt"}
[32m[INFO] 2026-08-31 20:15:48,264 [RapidOCR] base.py:23: Using engine_name: torch[0m
[32m[INFO] 2026-08-31 20:15:48,265 [RapidOCR] device_config.py:64: Using GPU device with ID: 0[0m
[32m[INFO] 2026-08-31 20:15:48,275 [RapidOCR] download_file.py:60: File exists and is valid: D:\Work\research\FileX\.venv-ai\Lib\site-packages\rapidocr\models\PP-OCRv6_det_small.pth[0m
[32m[INFO] 2026-08-31 20:15:48,276 [RapidOCR] main.py:50: Using D:\Work\research\FileX\.venv-ai\Lib\site-packages\rapidocr\models\PP-OCRv6_det_small.pth[0m
[32m[INFO] 2026-08-31 20:15:48,780 [RapidOCR] base.py:23: Using engine_name: torch[0m
[32m[INFO] 2026-08-31 20:15:48,781 [RapidOCR] device_config.py:64: Using GPU device with ID: 0[0m
[32m[INFO] 2026-08-31 20:15:48,782 [RapidOCR] download_file.py:60: File exists and is valid: D:\Work\research\FileX\.venv-ai\Lib\site-packages\rapidocr\models\ch_ptocr_mobile_v2.0_cls_mobile.pth[0m
[32m[INFO] 2026-08-31 20:15:48,782 [RapidOCR] main.py:50: Using D:\Work\research\FileX\.venv-ai\Lib\site-packages\rapidocr\models\ch_ptocr_mobile_v2.0_cls_mobile.pth[0m
[32m[INFO] 2026-08-31 20:15:48,957 [RapidOCR] base.py:23: Using engine_name: torch[0m
[32m[INFO] 2026-08-31 20:15:48,958 [RapidOCR] device_config.py:64: Using GPU device with ID: 0[0m
[32m[INFO] 2026-08-31 20:15:48,978 [RapidOCR] download_file.py:60: File exists and is valid: D:\Work\research\FileX\.venv-ai\Lib\site-packages\rapidocr\models\PP-OCRv6_rec_small.pth[0m
[32m[INFO] 2026-08-31 20:15:48,978 [RapidOCR] main.py:50: Using D:\Work\research\FileX\.venv-ai\Lib\site-packages\rapidocr\models\PP-OCRv6_rec_small.pth[0m
[32m[INFO] 2026-08-31 20:15:50,302 [RapidOCR] base.py:23: Using engine_name: torch[0m
[32m[INFO] 2026-08-31 20:15:50,302 [RapidOCR] device_config.py:64: Using GPU device with ID: 0[0m
[32m[INFO] 2026-08-31 20:15:50,314 [RapidOCR] download_file.py:60: File exists and is valid: D:\Work\research\FileX\.venv-ai\Lib\site-packages\rapidocr\models\PP-OCRv6_det_small.pth[0m
[32m[INFO] 2026-08-31 20:15:50,314 [RapidOCR] main.py:50: Using D:\Work\research\FileX\.venv-ai\Lib\site-packages\rapidocr\models\PP-OCRv6_det_small.pth[0m
[32m[INFO] 2026-08-31 20:15:50,593 [RapidOCR] base.py:23: Using engine_name: torch[0m
[32m[INFO] 2026-08-31 20:15:50,594 [RapidOCR] device_config.py:64: Using GPU device with ID: 0[0m
[32m[INFO] 2026-08-31 20:15:50,595 [RapidOCR] download_file.py:60: File exists and is valid: D:\Work\research\FileX\.venv-ai\Lib\site-packages\rapidocr\models\ch_ptocr_mobile_v2.0_cls_mobile.pth[0m
[32m[INFO] 2026-08-31 20:15:50,596 [RapidOCR] main.py:50: Using D:\Work\research\FileX\.venv-ai\Lib\site-packages\rapidocr\models\ch_ptocr_mobile_v2.0_cls_mobile.pth[0m
[32m[INFO] 2026-08-31 20:15:50,767 [RapidOCR] base.py:23: Using engine_name: torch[0m
[32m[INFO] 2026-08-31 20:15:50,767 [RapidOCR] device_config.py:64: Using GPU device with ID: 0[0m
[32m[INFO] 2026-08-31 20:15:50,790 [RapidOCR] download_file.py:60: File exists and is valid: D:\Work\research\FileX\.venv-ai\Lib\site-packages\rapidocr\models\PP-OCRv6_rec_small.pth[0m
[32m[INFO] 2026-08-31 20:15:50,790 [RapidOCR] main.py:50: Using D:\Work\research\FileX\.venv-ai\Lib\site-packages\rapidocr\models\PP-OCRv6_rec_small.pth[0m
[32m[INFO] 2026-08-31 20:15:51,875 [RapidOCR] base.py:23: Using engine_name: torch[0m
[32m[INFO] 2026-08-31 20:15:51,876 [RapidOCR] device_config.py:64: Using GPU device with ID: 0[0m
[32m[INFO] 2026-08-31 20:15:51,886 [RapidOCR] download_file.py:60: File exists and is valid: D:\Work\research\FileX\.venv-ai\Lib\site-packages\rapidocr\models\PP-OCRv6_det_small.pth[0m
[32m[INFO] 2026-08-31 20:15:51,887 [RapidOCR] main.py:50: Using D:\Work\research\FileX\.venv-ai\Lib\site-packages\rapidocr\models\PP-OCRv6_det_small.pth[0m
[32m[INFO] 2026-08-31 20:15:52,150 [RapidOCR] base.py:23: Using engine_name: torch[0m
[32m[INFO] 2026-08-31 20:15:52,151 [RapidOCR] device_config.py:64: Using GPU device with ID: 0[0m
[32m[INFO] 2026-08-31 20:15:52,152 [RapidOCR] download_file.py:60: File exists and is valid: D:\Work\research\FileX\.venv-ai\Lib\site-packages\rapidocr\models\ch_ptocr_mobile_v2.0_cls_mobile.pth[0m
[32m[INFO] 2026-08-31 20:15:52,153 [RapidOCR] main.py:50: Using D:\Work\research\FileX\.venv-ai\Lib\site-packages\rapidocr\models\ch_ptocr_mobile_v2.0_cls_mobile.pth[0m
[32m[INFO] 2026-08-31 20:15:52,379 [RapidOCR] base.py:23: Using engine_name: torch[0m
[32m[INFO] 2026-08-31 20:15:52,380 [RapidOCR] device_config.py:64: Using GPU device with ID: 0[0m
[32m[INFO] 2026-08-31 20:15:52,400 [RapidOCR] download_file.py:60: File exists and is valid: D:\Work\research\FileX\.venv-ai\Lib\site-packages\rapidocr\models\PP-OCRv6_rec_small.pth[0m
[32m[INFO] 2026-08-31 20:15:52,400 [RapidOCR] main.py:50: Using D:\Work\research\FileX\.venv-ai\Lib\site-packages\rapidocr\models\PP-OCRv6_rec_small.pth[0m
[32m[INFO] 2026-08-31 20:15:53,531 [RapidOCR] base.py:23: Using engine_name: torch[0m
[32m[INFO] 2026-08-31 20:15:53,532 [RapidOCR] device_config.py:64: Using GPU device with ID: 0[0m
[32m[INFO] 2026-08-31 20:15:53,540 [RapidOCR] download_file.py:60: File exists and is valid: D:\Work\research\FileX\.venv-ai\Lib\site-packages\rapidocr\models\PP-OCRv6_det_small.pth[0m
[32m[INFO] 2026-08-31 20:15:53,540 [RapidOCR] main.py:50: Using D:\Work\research\FileX\.venv-ai\Lib\site-packages\rapidocr\models\PP-OCRv6_det_small.pth[0m
[32m[INFO] 2026-08-31 20:15:54,052 [RapidOCR] base.py:23: Using engine_name: torch[0m
[32m[INFO] 2026-08-31 20:15:54,053 [RapidOCR] device_config.py:64: Using GPU device with ID: 0[0m
[32m[INFO] 2026-08-31 20:15:54,054 [RapidOCR] download_file.py:60: File exists and is valid: D:\Work\research\FileX\.venv-ai\Lib\site-packages\rapidocr\models\ch_ptocr_mobile_v2.0_cls_mobile.pth[0m
[32m[INFO] 2026-08-31 20:15:54,055 [RapidOCR] main.py:50: Using D:\Work\research\FileX\.venv-ai\Lib\site-packages\rapidocr\models\ch_ptocr_mobile_v2.0_cls_mobile.pth[0m
[32m[INFO] 2026-08-31 20:15:54,263 [RapidOCR] base.py:23: Using engine_name: torch[0m
[32m[INFO] 2026-08-31 20:15:54,264 [RapidOCR] device_config.py:64: Using GPU device with ID: 0[0m
[32m[INFO] 2026-08-31 20:15:54,287 [RapidOCR] download_file.py:60: File exists and is valid: D:\Work\research\FileX\.venv-ai\Lib\site-packages\rapidocr\models\PP-OCRv6_rec_small.pth[0m
[32m[INFO] 2026-08-31 20:15:54,287 [RapidOCR] main.py:50: Using D:\Work\research\FileX\.venv-ai\Lib\site-packages\rapidocr\models\PP-OCRv6_rec_small.pth[0m
[32m[INFO] 2026-08-31 20:15:55,428 [RapidOCR] base.py:23: Using engine_name: torch[0m
[32m[INFO] 2026-08-31 20:15:55,428 [RapidOCR] device_config.py:64: Using GPU device with ID: 0[0m
[32m[INFO] 2026-08-31 20:15:55,437 [RapidOCR] download_file.py:60: File exists and is valid: D:\Work\research\FileX\.venv-ai\Lib\site-packages\rapidocr\models\PP-OCRv6_det_small.pth[0m
[32m[INFO] 2026-08-31 20:15:55,437 [RapidOCR] main.py:50: Using D:\Work\research\FileX\.venv-ai\Lib\site-packages\rapidocr\models\PP-OCRv6_det_small.pth[0m
[32m[INFO] 2026-08-31 20:15:55,674 [RapidOCR] base.py:23: Using engine_name: torch[0m
[32m[INFO] 2026-08-31 20:15:55,675 [RapidOCR] device_config.py:64: Using GPU device with ID: 0[0m
[32m[INFO] 2026-08-31 20:15:55,676 [RapidOCR] download_file.py:60: File exists and is valid: D:\Work\research\FileX\.venv-ai\Lib\site-packages\rapidocr\models\ch_ptocr_mobile_v2.0_cls_mobile.pth[0m
[32m[INFO] 2026-08-31 20:15:55,676 [RapidOCR] main.py:50: Using D:\Work\research\FileX\.venv-ai\Lib\site-packages\rapidocr\models\ch_ptocr_mobile_v2.0_cls_mobile.pth[0m
[32m[INFO] 2026-08-31 20:15:55,839 [RapidOCR] base.py:23: Using engine_name: torch[0m
[32m[INFO] 2026-08-31 20:15:55,839 [RapidOCR] device_config.py:64: Using GPU device with ID: 0[0m
[32m[INFO] 2026-08-31 20:15:55,858 [RapidOCR] download_file.py:60: File exists and is valid: D:\Work\research\FileX\.venv-ai\Lib\site-packages\rapidocr\models\PP-OCRv6_rec_small.pth[0m
[32m[INFO] 2026-08-31 20:15:55,858 [RapidOCR] main.py:50: Using D:\Work\research\FileX\.venv-ai\Lib\site-packages\rapidocr\models\PP-OCRv6_rec_small.pth[0m
[32m[INFO] 2026-08-31 20:15:56,881 [RapidOCR] base.py:23: Using engine_name: torch[0m
[32m[INFO] 2026-08-31 20:15:56,882 [RapidOCR] device_config.py:64: Using GPU device with ID: 0[0m
[32m[INFO] 2026-08-31 20:15:56,890 [RapidOCR] download_file.py:60: File exists and is valid: D:\Work\research\FileX\.venv-ai\Lib\site-packages\rapidocr\models\PP-OCRv6_det_small.pth[0m
[32m[INFO] 2026-08-31 20:15:56,891 [RapidOCR] main.py:50: Using D:\Work\research\FileX\.venv-ai\Lib\site-packages\rapidocr\models\PP-OCRv6_det_small.pth[0m
[32m[INFO] 2026-08-31 20:15:57,114 [RapidOCR] base.py:23: Using engine_name: torch[0m
[32m[INFO] 2026-08-31 20:15:57,115 [RapidOCR] device_config.py:64: Using GPU device with ID: 0[0m
[32m[INFO] 2026-08-31 20:15:57,116 [RapidOCR] download_file.py:60: File exists and is valid: D:\Work\research\FileX\.venv-ai\Lib\site-packages\rapidocr\models\ch_ptocr_mobile_v2.0_cls_mobile.pth[0m
[32m[INFO] 2026-08-31 20:15:57,116 [RapidOCR] main.py:50: Using D:\Work\research\FileX\.venv-ai\Lib\site-packages\rapidocr\models\ch_ptocr_mobile_v2.0_cls_mobile.pth[0m
[32m[INFO] 2026-08-31 20:15:57,255 [RapidOCR] base.py:23: Using engine_name: torch[0m
[32m[INFO] 2026-08-31 20:15:57,255 [RapidOCR] device_config.py:64: Using GPU device with ID: 0[0m
[32m[INFO] 2026-08-31 20:15:57,272 [RapidOCR] download_file.py:60: File exists and is valid: D:\Work\research\FileX\.venv-ai\Lib\site-packages\rapidocr\models\PP-OCRv6_rec_small.pth[0m
[32m[INFO] 2026-08-31 20:15:57,272 [RapidOCR] main.py:50: Using D:\Work\research\FileX\.venv-ai\Lib\site-packages\rapidocr\models\PP-OCRv6_rec_small.pth[0m
[32m[INFO] 2026-08-31 20:15:58,342 [RapidOCR] base.py:23: Using engine_name: torch[0m
[32m[INFO] 2026-08-31 20:15:58,343 [RapidOCR] device_config.py:64: Using GPU device with ID: 0[0m
[32m[INFO] 2026-08-31 20:15:58,355 [RapidOCR] download_file.py:60: File exists and is valid: D:\Work\research\FileX\.venv-ai\Lib\site-packages\rapidocr\models\PP-OCRv6_det_small.pth[0m
[32m[INFO] 2026-08-31 20:15:58,356 [RapidOCR] main.py:50: Using D:\Work\research\FileX\.venv-ai\Lib\site-packages\rapidocr\models\PP-OCRv6_det_small.pth[0m
[32m[INFO] 2026-08-31 20:15:59,017 [RapidOCR] base.py:23: Using engine_name: torch[0m
[32m[INFO] 2026-08-31 20:15:59,018 [RapidOCR] device_config.py:64: Using GPU device with ID: 0[0m
[32m[INFO] 2026-08-31 20:15:59,020 [RapidOCR] download_file.py:60: File exists and is valid: D:\Work\research\FileX\.venv-ai\Lib\site-packages\rapidocr\models\ch_ptocr_mobile_v2.0_cls_mobile.pth[0m
[32m[INFO] 2026-08-31 20:15:59,020 [RapidOCR] main.py:50: Using D:\Work\research\FileX\.venv-ai\Lib\site-packages\rapidocr\models\ch_ptocr_mobile_v2.0_cls_mobile.pth[0m
[32m[INFO] 2026-08-31 20:15:59,286 [RapidOCR] base.py:23: Using engine_name: torch[0m
[32m[INFO] 2026-08-31 20:15:59,287 [RapidOCR] device_config.py:64: Using GPU device with ID: 0[0m
[32m[INFO] 2026-08-31 20:15:59,307 [RapidOCR] download_file.py:60: File exists and is valid: D:\Work\research\FileX\.venv-ai\Lib\site-packages\rapidocr\models\PP-OCRv6_rec_small.pth[0m
[32m[INFO] 2026-08-31 20:15:59,307 [RapidOCR] main.py:50: Using D:\Work\research\FileX\.venv-ai\Lib\site-packages\rapidocr\models\PP-OCRv6_rec_small.pth[0m
[32m[INFO] 2026-08-31 20:16:00,455 [RapidOCR] base.py:23: Using engine_name: torch[0m
[32m[INFO] 2026-08-31 20:16:00,455 [RapidOCR] device_config.py:64: Using GPU device with ID: 0[0m
[32m[INFO] 2026-08-31 20:16:00,464 [RapidOCR] download_file.py:60: File exists and is valid: D:\Work\research\FileX\.venv-ai\Lib\site-packages\rapidocr\models\PP-OCRv6_det_small.pth[0m
[32m[INFO] 2026-08-31 20:16:00,465 [RapidOCR] main.py:50: Using D:\Work\research\FileX\.venv-ai\Lib\site-packages\rapidocr\models\PP-OCRv6_det_small.pth[0m
[32m[INFO] 2026-08-31 20:16:00,702 [RapidOCR] base.py:23: Using engine_name: torch[0m
[32m[INFO] 2026-08-31 20:16:00,703 [RapidOCR] device_config.py:64: Using GPU device with ID: 0[0m
[32m[INFO] 2026-08-31 20:16:00,704 [RapidOCR] download_file.py:60: File exists and is valid: D:\Work\research\FileX\.venv-ai\Lib\site-packages\rapidocr\models\ch_ptocr_mobile_v2.0_cls_mobile.pth[0m
[32m[INFO] 2026-08-31 20:16:00,704 [RapidOCR] main.py:50: Using D:\Work\research\FileX\.venv-ai\Lib\site-packages\rapidocr\models\ch_ptocr_mobile_v2.0_cls_mobile.pth[0m
[32m[INFO] 2026-08-31 20:16:00,886 [RapidOCR] base.py:23: Using engine_name: torch[0m
[32m[INFO] 2026-08-31 20:16:00,887 [RapidOCR] device_config.py:64: Using GPU device with ID: 0[0m
[32m[INFO] 2026-08-31 20:16:00,906 [RapidOCR] download_file.py:60: File exists and is valid: D:\Work\research\FileX\.venv-ai\Lib\site-packages\rapidocr\models\PP-OCRv6_rec_small.pth[0m
[32m[INFO] 2026-08-31 20:16:00,906 [RapidOCR] main.py:50: Using D:\Work\research\FileX\.venv-ai\Lib\site-packages\rapidocr\models\PP-OCRv6_rec_small.pth[0m
[32m[INFO] 2026-08-31 20:16:02,159 [RapidOCR] base.py:23: Using engine_name: torch[0m
[32m[INFO] 2026-08-31 20:16:02,159 [RapidOCR] device_config.py:64: Using GPU device with ID: 0[0m
[32m[INFO] 2026-08-31 20:16:02,168 [RapidOCR] download_file.py:60: File exists and is valid: D:\Work\research\FileX\.venv-ai\Lib\site-packages\rapidocr\models\PP-OCRv6_det_small.pth[0m
[32m[INFO] 2026-08-31 20:16:02,168 [RapidOCR] main.py:50: Using D:\Work\research\FileX\.venv-ai\Lib\site-packages\rapidocr\models\PP-OCRv6_det_small.pth[0m
[32m[INFO] 2026-08-31 20:16:02,454 [RapidOCR] base.py:23: Using engine_name: torch[0m
[32m[INFO] 2026-08-31 20:16:02,454 [RapidOCR] device_config.py:64: Using GPU device with ID: 0[0m
[32m[INFO] 2026-08-31 20:16:02,457 [RapidOCR] download_file.py:60: File exists and is valid: D:\Work\research\FileX\.venv-ai\Lib\site-packages\rapidocr\models\ch_ptocr_mobile_v2.0_cls_mobile.pth[0m
[32m[INFO] 2026-08-31 20:16:02,457 [RapidOCR] main.py:50: Using D:\Work\research\FileX\.venv-ai\Lib\site-packages\rapidocr\models\ch_ptocr_mobile_v2.0_cls_mobile.pth[0m
[32m[INFO] 2026-08-31 20:16:02,705 [RapidOCR] base.py:23: Using engine_name: torch[0m
[32m[INFO] 2026-08-31 20:16:02,706 [RapidOCR] device_config.py:64: Using GPU device with ID: 0[0m
[32m[INFO] 2026-08-31 20:16:02,736 [RapidOCR] download_file.py:60: File exists and is valid: D:\Work\research\FileX\.venv-ai\Lib\site-packages\rapidocr\models\PP-OCRv6_rec_small.pth[0m
[32m[INFO] 2026-08-31 20:16:02,737 [RapidOCR] main.py:50: Using D:\Work\research\FileX\.venv-ai\Lib\site-packages\rapidocr\models\PP-OCRv6_rec_small.pth[0m
[32m[INFO] 2026-08-31 20:16:04,193 [RapidOCR] base.py:23: Using engine_name: torch[0m
[32m[INFO] 2026-08-31 20:16:04,194 [RapidOCR] device_config.py:64: Using GPU device with ID: 0[0m
[32m[INFO] 2026-08-31 20:16:04,207 [RapidOCR] download_file.py:60: File exists and is valid: D:\Work\research\FileX\.venv-ai\Lib\site-packages\rapidocr\models\PP-OCRv6_det_small.pth[0m
[32m[INFO] 2026-08-31 20:16:04,208 [RapidOCR] main.py:50: Using D:\Work\research\FileX\.venv-ai\Lib\site-packages\rapidocr\models\PP-OCRv6_det_small.pth[0m
[32m[INFO] 2026-08-31 20:16:04,587 [RapidOCR] base.py:23: Using engine_name: torch[0m
[32m[INFO] 2026-08-31 20:16:04,588 [RapidOCR] device_config.py:64: Using GPU device with ID: 0[0m
[32m[INFO] 2026-08-31 20:16:04,590 [RapidOCR] download_file.py:60: File exists and is valid: D:\Work\research\FileX\.venv-ai\Lib\site-packages\rapidocr\models\ch_ptocr_mobile_v2.0_cls_mobile.pth[0m
[32m[INFO] 2026-08-31 20:16:04,590 [RapidOCR] main.py:50: Using D:\Work\research\FileX\.venv-ai\Lib\site-packages\rapidocr\models\ch_ptocr_mobile_v2.0_cls_mobile.pth[0m
[32m[INFO] 2026-08-31 20:16:05,063 [RapidOCR] base.py:23: Using engine_name: torch[0m
[32m[INFO] 2026-08-31 20:16:05,064 [RapidOCR] device_config.py:64: Using GPU device with ID: 0[0m
[32m[INFO] 2026-08-31 20:16:05,084 [RapidOCR] download_file.py:60: File exists and is valid: D:\Work\research\FileX\.venv-ai\Lib\site-packages\rapidocr\models\PP-OCRv6_rec_small.pth[0m
[32m[INFO] 2026-08-31 20:16:05,084 [RapidOCR] main.py:50: Using D:\Work\research\FileX\.venv-ai\Lib\site-packages\rapidocr\models\PP-OCRv6_rec_small.pth[0m
{"config": "docling-r6", "doc": "escaneado_d5b", "ppp_nativo": 60, "ppp": 115, "factor": 1.917, "png": "ppp115__escaneado_d5b.png", "png_identify": "744x1018 45.270000000000003126,45.270000000000003126 PixelsPerCentimeter", "preflight": {"vram_libre_mib": 8568, "mpx_actual": 0.757, "mpx_pendiente_ordenada": 0}, "entrada": "PDF via Docling; scale explicita", "dispositivo": "GPU CUDA", "rc": [1, 1, 1, 1, 1, 1, 1, 1, 1], "error": ["FileNotFoundError: [WinError 3] El sistema no puede encontrar la ruta especificada: '\\\\\\\\?\\\\\\\\wsl.localhost\\\\Ubuntu\\\\'", "FileNotFoundError: [WinError 3] El sistema no puede encontrar la ruta especificada: '\\\\\\\\?\\\\\\\\wsl.localhost\\\\Ubuntu\\\\'", "FileNotFoundError: [WinError 3] El sistema no puede encontrar la ruta especificada: '\\\\\\\\?\\\\\\\\wsl.localhost\\\\Ubuntu\\\\'", "FileNotFoundError: [WinError 3] El sistema no puede encontrar la ruta especificada: '\\\\\\\\?\\\\\\\\wsl.localhost\\\\Ubuntu\\\\'", "FileNotFoundError: [WinError 3] El sistema no puede encontrar la ruta especificada: '\\\\\\\\?\\\\\\\\wsl.localhost\\\\Ubuntu\\\\'", "FileNotFoundError: [WinError 3] El sistema no puede encontrar la ruta especificada: '\\\\\\\\?\\\\\\\\wsl.localhost\\\\Ubuntu\\\\'", "FileNotFoundError: [WinError 3] El sistema no puede encontrar la ruta especificada: '\\\\\\\\?\\\\\\\\wsl.localhost\\\\Ubuntu\\\\'", "FileNotFoundError: [WinError 3] El sistema no puede encontrar la ruta especificada: '\\\\\\\\?\\\\\\\\wsl.localhost\\\\Ubuntu\\\\'", "FileNotFoundError: [WinError 3] El sistema no puede encontrar la ruta especificada: '\\\\\\\\?\\\\\\\\wsl.localhost\\\\Ubuntu\\\\'"], "n": 9, "ms_mediana": 1722.6, "determinista": true, "metrica": "acentos", "cer_pct": 100.0, "cer_acentos_pct": 100.0, "cer_ciego_pct": 100.0, "dist_acentos": 596, "texto": "docling-r6__ppp115__escaneado_d5b.txt"}
[32m[INFO] 2026-08-31 20:16:06,606 [RapidOCR] base.py:23: Using engine_name: torch[0m
[32m[INFO] 2026-08-31 20:16:06,607 [RapidOCR] device_config.py:64: Using GPU device with ID: 0[0m
[32m[INFO] 2026-08-31 20:16:06,620 [RapidOCR] download_file.py:60: File exists and is valid: D:\Work\research\FileX\.venv-ai\Lib\site-packages\rapidocr\models\PP-OCRv6_det_small.pth[0m
[32m[INFO] 2026-08-31 20:16:06,620 [RapidOCR] main.py:50: Using D:\Work\research\FileX\.venv-ai\Lib\site-packages\rapidocr\models\PP-OCRv6_det_small.pth[0m
[32m[INFO] 2026-08-31 20:16:06,910 [RapidOCR] base.py:23: Using engine_name: torch[0m
[32m[INFO] 2026-08-31 20:16:06,911 [RapidOCR] device_config.py:64: Using GPU device with ID: 0[0m
[32m[INFO] 2026-08-31 20:16:06,912 [RapidOCR] download_file.py:60: File exists and is valid: D:\Work\research\FileX\.venv-ai\Lib\site-packages\rapidocr\models\ch_ptocr_mobile_v2.0_cls_mobile.pth[0m
[32m[INFO] 2026-08-31 20:16:06,912 [RapidOCR] main.py:50: Using D:\Work\research\FileX\.venv-ai\Lib\site-packages\rapidocr\models\ch_ptocr_mobile_v2.0_cls_mobile.pth[0m
[32m[INFO] 2026-08-31 20:16:07,098 [RapidOCR] base.py:23: Using engine_name: torch[0m
[32m[INFO] 2026-08-31 20:16:07,099 [RapidOCR] device_config.py:64: Using GPU device with ID: 0[0m
[32m[INFO] 2026-08-31 20:16:07,119 [RapidOCR] download_file.py:60: File exists and is valid: D:\Work\research\FileX\.venv-ai\Lib\site-packages\rapidocr\models\PP-OCRv6_rec_small.pth[0m
[32m[INFO] 2026-08-31 20:16:07,120 [RapidOCR] main.py:50: Using D:\Work\research\FileX\.venv-ai\Lib\site-packages\rapidocr\models\PP-OCRv6_rec_small.pth[0m
[32m[INFO] 2026-08-31 20:16:08,385 [RapidOCR] base.py:23: Using engine_name: torch[0m
[32m[INFO] 2026-08-31 20:16:08,386 [RapidOCR] device_config.py:64: Using GPU device with ID: 0[0m
[32m[INFO] 2026-08-31 20:16:08,395 [RapidOCR] download_file.py:60: File exists and is valid: D:\Work\research\FileX\.venv-ai\Lib\site-packages\rapidocr\models\PP-OCRv6_det_small.pth[0m
[32m[INFO] 2026-08-31 20:16:08,395 [RapidOCR] main.py:50: Using D:\Work\research\FileX\.venv-ai\Lib\site-packages\rapidocr\models\PP-OCRv6_det_small.pth[0m
[32m[INFO] 2026-08-31 20:16:08,869 [RapidOCR] base.py:23: Using engine_name: torch[0m
[32m[INFO] 2026-08-31 20:16:08,870 [RapidOCR] device_config.py:64: Using GPU device with ID: 0[0m
[32m[INFO] 2026-08-31 20:16:08,871 [RapidOCR] download_file.py:60: File exists and is valid: D:\Work\research\FileX\.venv-ai\Lib\site-packages\rapidocr\models\ch_ptocr_mobile_v2.0_cls_mobile.pth[0m
[32m[INFO] 2026-08-31 20:16:08,872 [RapidOCR] main.py:50: Using D:\Work\research\FileX\.venv-ai\Lib\site-packages\rapidocr\models\ch_ptocr_mobile_v2.0_cls_mobile.pth[0m
[32m[INFO] 2026-08-31 20:16:09,063 [RapidOCR] base.py:23: Using engine_name: torch[0m
[32m[INFO] 2026-08-31 20:16:09,064 [RapidOCR] device_config.py:64: Using GPU device with ID: 0[0m
[32m[INFO] 2026-08-31 20:16:09,091 [RapidOCR] download_file.py:60: File exists and is valid: D:\Work\research\FileX\.venv-ai\Lib\site-packages\rapidocr\models\PP-OCRv6_rec_small.pth[0m
[32m[INFO] 2026-08-31 20:16:09,091 [RapidOCR] main.py:50: Using D:\Work\research\FileX\.venv-ai\Lib\site-packages\rapidocr\models\PP-OCRv6_rec_small.pth[0m
[32m[INFO] 2026-08-31 20:16:10,406 [RapidOCR] base.py:23: Using engine_name: torch[0m
[32m[INFO] 2026-08-31 20:16:10,407 [RapidOCR] device_config.py:64: Using GPU device with ID: 0[0m
[32m[INFO] 2026-08-31 20:16:10,416 [RapidOCR] download_file.py:60: File exists and is valid: D:\Work\research\FileX\.venv-ai\Lib\site-packages\rapidocr\models\PP-OCRv6_det_small.pth[0m
[32m[INFO] 2026-08-31 20:16:10,416 [RapidOCR] main.py:50: Using D:\Work\research\FileX\.venv-ai\Lib\site-packages\rapidocr\models\PP-OCRv6_det_small.pth[0m
[32m[INFO] 2026-08-31 20:16:10,629 [RapidOCR] base.py:23: Using engine_name: torch[0m
[32m[INFO] 2026-08-31 20:16:10,629 [RapidOCR] device_config.py:64: Using GPU device with ID: 0[0m
[32m[INFO] 2026-08-31 20:16:10,631 [RapidOCR] download_file.py:60: File exists and is valid: D:\Work\research\FileX\.venv-ai\Lib\site-packages\rapidocr\models\ch_ptocr_mobile_v2.0_cls_mobile.pth[0m
[32m[INFO] 2026-08-31 20:16:10,631 [RapidOCR] main.py:50: Using D:\Work\research\FileX\.venv-ai\Lib\site-packages\rapidocr\models\ch_ptocr_mobile_v2.0_cls_mobile.pth[0m
[32m[INFO] 2026-08-31 20:16:10,789 [RapidOCR] base.py:23: Using engine_name: torch[0m
[32m[INFO] 2026-08-31 20:16:10,789 [RapidOCR] device_config.py:64: Using GPU device with ID: 0[0m
[32m[INFO] 2026-08-31 20:16:10,808 [RapidOCR] download_file.py:60: File exists and is valid: D:\Work\research\FileX\.venv-ai\Lib\site-packages\rapidocr\models\PP-OCRv6_rec_small.pth[0m
[32m[INFO] 2026-08-31 20:16:10,808 [RapidOCR] main.py:50: Using D:\Work\research\FileX\.venv-ai\Lib\site-packages\rapidocr\models\PP-OCRv6_rec_small.pth[0m
[32m[INFO] 2026-08-31 20:16:12,027 [RapidOCR] base.py:23: Using engine_name: torch[0m
[32m[INFO] 2026-08-31 20:16:12,028 [RapidOCR] device_config.py:64: Using GPU device with ID: 0[0m
[32m[INFO] 2026-08-31 20:16:12,037 [RapidOCR] download_file.py:60: File exists and is valid: D:\Work\research\FileX\.venv-ai\Lib\site-packages\rapidocr\models\PP-OCRv6_det_small.pth[0m
[32m[INFO] 2026-08-31 20:16:12,037 [RapidOCR] main.py:50: Using D:\Work\research\FileX\.venv-ai\Lib\site-packages\rapidocr\models\PP-OCRv6_det_small.pth[0m
[32m[INFO] 2026-08-31 20:16:12,309 [RapidOCR] base.py:23: Using engine_name: torch[0m
[32m[INFO] 2026-08-31 20:16:12,310 [RapidOCR] device_config.py:64: Using GPU device with ID: 0[0m
[32m[INFO] 2026-08-31 20:16:12,311 [RapidOCR] download_file.py:60: File exists and is valid: D:\Work\research\FileX\.venv-ai\Lib\site-packages\rapidocr\models\ch_ptocr_mobile_v2.0_cls_mobile.pth[0m
[32m[INFO] 2026-08-31 20:16:12,312 [RapidOCR] main.py:50: Using D:\Work\research\FileX\.venv-ai\Lib\site-packages\rapidocr\models\ch_ptocr_mobile_v2.0_cls_mobile.pth[0m
[32m[INFO] 2026-08-31 20:16:12,567 [RapidOCR] base.py:23: Using engine_name: torch[0m
[32m[INFO] 2026-08-31 20:16:12,568 [RapidOCR] device_config.py:64: Using GPU device with ID: 0[0m
[32m[INFO] 2026-08-31 20:16:12,590 [RapidOCR] download_file.py:60: File exists and is valid: D:\Work\research\FileX\.venv-ai\Lib\site-packages\rapidocr\models\PP-OCRv6_rec_small.pth[0m
[32m[INFO] 2026-08-31 20:16:12,590 [RapidOCR] main.py:50: Using D:\Work\research\FileX\.venv-ai\Lib\site-packages\rapidocr\models\PP-OCRv6_rec_small.pth[0m
[32m[INFO] 2026-08-31 20:16:13,693 [RapidOCR] base.py:23: Using engine_name: torch[0m
[32m[INFO] 2026-08-31 20:16:13,694 [RapidOCR] device_config.py:64: Using GPU device with ID: 0[0m
[32m[INFO] 2026-08-31 20:16:13,704 [RapidOCR] download_file.py:60: File exists and is valid: D:\Work\research\FileX\.venv-ai\Lib\site-packages\rapidocr\models\PP-OCRv6_det_small.pth[0m
[32m[INFO] 2026-08-31 20:16:13,704 [RapidOCR] main.py:50: Using D:\Work\research\FileX\.venv-ai\Lib\site-packages\rapidocr\models\PP-OCRv6_det_small.pth[0m
[32m[INFO] 2026-08-31 20:16:13,997 [RapidOCR] base.py:23: Using engine_name: torch[0m
[32m[INFO] 2026-08-31 20:16:13,998 [RapidOCR] device_config.py:64: Using GPU device with ID: 0[0m
[32m[INFO] 2026-08-31 20:16:13,999 [RapidOCR] download_file.py:60: File exists and is valid: D:\Work\research\FileX\.venv-ai\Lib\site-packages\rapidocr\models\ch_ptocr_mobile_v2.0_cls_mobile.pth[0m
[32m[INFO] 2026-08-31 20:16:14,000 [RapidOCR] main.py:50: Using D:\Work\research\FileX\.venv-ai\Lib\site-packages\rapidocr\models\ch_ptocr_mobile_v2.0_cls_mobile.pth[0m
[32m[INFO] 2026-08-31 20:16:14,166 [RapidOCR] base.py:23: Using engine_name: torch[0m
[32m[INFO] 2026-08-31 20:16:14,167 [RapidOCR] device_config.py:64: Using GPU device with ID: 0[0m
[32m[INFO] 2026-08-31 20:16:14,185 [RapidOCR] download_file.py:60: File exists and is valid: D:\Work\research\FileX\.venv-ai\Lib\site-packages\rapidocr\models\PP-OCRv6_rec_small.pth[0m
[32m[INFO] 2026-08-31 20:16:14,185 [RapidOCR] main.py:50: Using D:\Work\research\FileX\.venv-ai\Lib\site-packages\rapidocr\models\PP-OCRv6_rec_small.pth[0m
[32m[INFO] 2026-08-31 20:16:15,411 [RapidOCR] base.py:23: Using engine_name: torch[0m
[32m[INFO] 2026-08-31 20:16:15,411 [RapidOCR] device_config.py:64: Using GPU device with ID: 0[0m
[32m[INFO] 2026-08-31 20:16:15,422 [RapidOCR] download_file.py:60: File exists and is valid: D:\Work\research\FileX\.venv-ai\Lib\site-packages\rapidocr\models\PP-OCRv6_det_small.pth[0m
[32m[INFO] 2026-08-31 20:16:15,422 [RapidOCR] main.py:50: Using D:\Work\research\FileX\.venv-ai\Lib\site-packages\rapidocr\models\PP-OCRv6_det_small.pth[0m
[32m[INFO] 2026-08-31 20:16:15,698 [RapidOCR] base.py:23: Using engine_name: torch[0m
[32m[INFO] 2026-08-31 20:16:15,699 [RapidOCR] device_config.py:64: Using GPU device with ID: 0[0m
[32m[INFO] 2026-08-31 20:16:15,700 [RapidOCR] download_file.py:60: File exists and is valid: D:\Work\research\FileX\.venv-ai\Lib\site-packages\rapidocr\models\ch_ptocr_mobile_v2.0_cls_mobile.pth[0m
[32m[INFO] 2026-08-31 20:16:15,700 [RapidOCR] main.py:50: Using D:\Work\research\FileX\.venv-ai\Lib\site-packages\rapidocr\models\ch_ptocr_mobile_v2.0_cls_mobile.pth[0m
[32m[INFO] 2026-08-31 20:16:15,879 [RapidOCR] base.py:23: Using engine_name: torch[0m
[32m[INFO] 2026-08-31 20:16:15,880 [RapidOCR] device_config.py:64: Using GPU device with ID: 0[0m
[32m[INFO] 2026-08-31 20:16:15,902 [RapidOCR] download_file.py:60: File exists and is valid: D:\Work\research\FileX\.venv-ai\Lib\site-packages\rapidocr\models\PP-OCRv6_rec_small.pth[0m
[32m[INFO] 2026-08-31 20:16:15,903 [RapidOCR] main.py:50: Using D:\Work\research\FileX\.venv-ai\Lib\site-packages\rapidocr\models\PP-OCRv6_rec_small.pth[0m
[32m[INFO] 2026-08-31 20:16:17,115 [RapidOCR] base.py:23: Using engine_name: torch[0m
[32m[INFO] 2026-08-31 20:16:17,116 [RapidOCR] device_config.py:64: Using GPU device with ID: 0[0m
[32m[INFO] 2026-08-31 20:16:17,125 [RapidOCR] download_file.py:60: File exists and is valid: D:\Work\research\FileX\.venv-ai\Lib\site-packages\rapidocr\models\PP-OCRv6_det_small.pth[0m
[32m[INFO] 2026-08-31 20:16:17,125 [RapidOCR] main.py:50: Using D:\Work\research\FileX\.venv-ai\Lib\site-packages\rapidocr\models\PP-OCRv6_det_small.pth[0m
[32m[INFO] 2026-08-31 20:16:17,401 [RapidOCR] base.py:23: Using engine_name: torch[0m
[32m[INFO] 2026-08-31 20:16:17,402 [RapidOCR] device_config.py:64: Using GPU device with ID: 0[0m
[32m[INFO] 2026-08-31 20:16:17,403 [RapidOCR] download_file.py:60: File exists and is valid: D:\Work\research\FileX\.venv-ai\Lib\site-packages\rapidocr\models\ch_ptocr_mobile_v2.0_cls_mobile.pth[0m
[32m[INFO] 2026-08-31 20:16:17,403 [RapidOCR] main.py:50: Using D:\Work\research\FileX\.venv-ai\Lib\site-packages\rapidocr\models\ch_ptocr_mobile_v2.0_cls_mobile.pth[0m
[32m[INFO] 2026-08-31 20:16:17,563 [RapidOCR] base.py:23: Using engine_name: torch[0m
[32m[INFO] 2026-08-31 20:16:17,563 [RapidOCR] device_config.py:64: Using GPU device with ID: 0[0m
[32m[INFO] 2026-08-31 20:16:17,580 [RapidOCR] download_file.py:60: File exists and is valid: D:\Work\research\FileX\.venv-ai\Lib\site-packages\rapidocr\models\PP-OCRv6_rec_small.pth[0m
[32m[INFO] 2026-08-31 20:16:17,581 [RapidOCR] main.py:50: Using D:\Work\research\FileX\.venv-ai\Lib\site-packages\rapidocr\models\PP-OCRv6_rec_small.pth[0m
[32m[INFO] 2026-08-31 20:16:18,624 [RapidOCR] base.py:23: Using engine_name: torch[0m
[32m[INFO] 2026-08-31 20:16:18,624 [RapidOCR] device_config.py:64: Using GPU device with ID: 0[0m
[32m[INFO] 2026-08-31 20:16:18,632 [RapidOCR] download_file.py:60: File exists and is valid: D:\Work\research\FileX\.venv-ai\Lib\site-packages\rapidocr\models\PP-OCRv6_det_small.pth[0m
[32m[INFO] 2026-08-31 20:16:18,632 [RapidOCR] main.py:50: Using D:\Work\research\FileX\.venv-ai\Lib\site-packages\rapidocr\models\PP-OCRv6_det_small.pth[0m
[32m[INFO] 2026-08-31 20:16:18,842 [RapidOCR] base.py:23: Using engine_name: torch[0m
[32m[INFO] 2026-08-31 20:16:18,843 [RapidOCR] device_config.py:64: Using GPU device with ID: 0[0m
[32m[INFO] 2026-08-31 20:16:18,844 [RapidOCR] download_file.py:60: File exists and is valid: D:\Work\research\FileX\.venv-ai\Lib\site-packages\rapidocr\models\ch_ptocr_mobile_v2.0_cls_mobile.pth[0m
[32m[INFO] 2026-08-31 20:16:18,844 [RapidOCR] main.py:50: Using D:\Work\research\FileX\.venv-ai\Lib\site-packages\rapidocr\models\ch_ptocr_mobile_v2.0_cls_mobile.pth[0m
[32m[INFO] 2026-08-31 20:16:19,014 [RapidOCR] base.py:23: Using engine_name: torch[0m
[32m[INFO] 2026-08-31 20:16:19,015 [RapidOCR] device_config.py:64: Using GPU device with ID: 0[0m
[32m[INFO] 2026-08-31 20:16:19,038 [RapidOCR] download_file.py:60: File exists and is valid: D:\Work\research\FileX\.venv-ai\Lib\site-packages\rapidocr\models\PP-OCRv6_rec_small.pth[0m
[32m[INFO] 2026-08-31 20:16:19,038 [RapidOCR] main.py:50: Using D:\Work\research\FileX\.venv-ai\Lib\site-packages\rapidocr\models\PP-OCRv6_rec_small.pth[0m
[32m[INFO] 2026-08-31 20:16:20,121 [RapidOCR] base.py:23: Using engine_name: torch[0m
[32m[INFO] 2026-08-31 20:16:20,121 [RapidOCR] device_config.py:64: Using GPU device with ID: 0[0m
[32m[INFO] 2026-08-31 20:16:20,130 [RapidOCR] download_file.py:60: File exists and is valid: D:\Work\research\FileX\.venv-ai\Lib\site-packages\rapidocr\models\PP-OCRv6_det_small.pth[0m
[32m[INFO] 2026-08-31 20:16:20,130 [RapidOCR] main.py:50: Using D:\Work\research\FileX\.venv-ai\Lib\site-packages\rapidocr\models\PP-OCRv6_det_small.pth[0m
[32m[INFO] 2026-08-31 20:16:20,327 [RapidOCR] base.py:23: Using engine_name: torch[0m
[32m[INFO] 2026-08-31 20:16:20,328 [RapidOCR] device_config.py:64: Using GPU device with ID: 0[0m
[32m[INFO] 2026-08-31 20:16:20,330 [RapidOCR] download_file.py:60: File exists and is valid: D:\Work\research\FileX\.venv-ai\Lib\site-packages\rapidocr\models\ch_ptocr_mobile_v2.0_cls_mobile.pth[0m
[32m[INFO] 2026-08-31 20:16:20,330 [RapidOCR] main.py:50: Using D:\Work\research\FileX\.venv-ai\Lib\site-packages\rapidocr\models\ch_ptocr_mobile_v2.0_cls_mobile.pth[0m
[32m[INFO] 2026-08-31 20:16:20,483 [RapidOCR] base.py:23: Using engine_name: torch[0m
[32m[INFO] 2026-08-31 20:16:20,484 [RapidOCR] device_config.py:64: Using GPU device with ID: 0[0m
[32m[INFO] 2026-08-31 20:16:20,502 [RapidOCR] download_file.py:60: File exists and is valid: D:\Work\research\FileX\.venv-ai\Lib\site-packages\rapidocr\models\PP-OCRv6_rec_small.pth[0m
[32m[INFO] 2026-08-31 20:16:20,502 [RapidOCR] main.py:50: Using D:\Work\research\FileX\.venv-ai\Lib\site-packages\rapidocr\models\PP-OCRv6_rec_small.pth[0m
[32m[INFO] 2026-08-31 20:16:21,723 [RapidOCR] base.py:23: Using engine_name: torch[0m
[32m[INFO] 2026-08-31 20:16:21,724 [RapidOCR] device_config.py:64: Using GPU device with ID: 0[0m
[32m[INFO] 2026-08-31 20:16:21,732 [RapidOCR] download_file.py:60: File exists and is valid: D:\Work\research\FileX\.venv-ai\Lib\site-packages\rapidocr\models\PP-OCRv6_det_small.pth[0m
[32m[INFO] 2026-08-31 20:16:21,733 [RapidOCR] main.py:50: Using D:\Work\research\FileX\.venv-ai\Lib\site-packages\rapidocr\models\PP-OCRv6_det_small.pth[0m
[32m[INFO] 2026-08-31 20:16:21,942 [RapidOCR] base.py:23: Using engine_name: torch[0m
[32m[INFO] 2026-08-31 20:16:21,942 [RapidOCR] device_config.py:64: Using GPU device with ID: 0[0m
[32m[INFO] 2026-08-31 20:16:21,943 [RapidOCR] download_file.py:60: File exists and is valid: D:\Work\research\FileX\.venv-ai\Lib\site-packages\rapidocr\models\ch_ptocr_mobile_v2.0_cls_mobile.pth[0m
[32m[INFO] 2026-08-31 20:16:21,944 [RapidOCR] main.py:50: Using D:\Work\research\FileX\.venv-ai\Lib\site-packages\rapidocr\models\ch_ptocr_mobile_v2.0_cls_mobile.pth[0m
[32m[INFO] 2026-08-31 20:16:22,098 [RapidOCR] base.py:23: Using engine_name: torch[0m
[32m[INFO] 2026-08-31 20:16:22,098 [RapidOCR] device_config.py:64: Using GPU device with ID: 0[0m
[32m[INFO] 2026-08-31 20:16:22,116 [RapidOCR] download_file.py:60: File exists and is valid: D:\Work\research\FileX\.venv-ai\Lib\site-packages\rapidocr\models\PP-OCRv6_rec_small.pth[0m
[32m[INFO] 2026-08-31 20:16:22,117 [RapidOCR] main.py:50: Using D:\Work\research\FileX\.venv-ai\Lib\site-packages\rapidocr\models\PP-OCRv6_rec_small.pth[0m
{"config": "docling-r6", "doc": "escaneado_d5b", "ppp_nativo": 60, "ppp": 120, "factor": 2.0, "png": "ppp120__escaneado_d5b.png", "png_identify": "776x1062 47.24000000000000199,47.24000000000000199 PixelsPerCentimeter", "preflight": {"vram_libre_mib": 8505, "mpx_actual": 0.824, "mpx_pendiente_ordenada": 0}, "entrada": "PDF via Docling; scale explicita", "dispositivo": "GPU CUDA", "rc": [1, 1, 1, 1, 1, 1, 1, 1, 1], "error": ["FileNotFoundError: [WinError 3] El sistema no puede encontrar la ruta especificada: '\\\\\\\\?\\\\\\\\wsl.localhost\\\\Ubuntu\\\\'", "FileNotFoundError: [WinError 3] El sistema no puede encontrar la ruta especificada: '\\\\\\\\?\\\\\\\\wsl.localhost\\\\Ubuntu\\\\'", "FileNotFoundError: [WinError 3] El sistema no puede encontrar la ruta especificada: '\\\\\\\\?\\\\\\\\wsl.localhost\\\\Ubuntu\\\\'", "FileNotFoundError: [WinError 3] El sistema no puede encontrar la ruta especificada: '\\\\\\\\?\\\\\\\\wsl.localhost\\\\Ubuntu\\\\'", "FileNotFoundError: [WinError 3] El sistema no puede encontrar la ruta especificada: '\\\\\\\\?\\\\\\\\wsl.localhost\\\\Ubuntu\\\\'", "FileNotFoundError: [WinError 3] El sistema no puede encontrar la ruta especificada: '\\\\\\\\?\\\\\\\\wsl.localhost\\\\Ubuntu\\\\'", "FileNotFoundError: [WinError 3] El sistema no puede encontrar la ruta especificada: '\\\\\\\\?\\\\\\\\wsl.localhost\\\\Ubuntu\\\\'", "FileNotFoundError: [WinError 3] El sistema no puede encontrar la ruta especificada: '\\\\\\\\?\\\\\\\\wsl.localhost\\\\Ubuntu\\\\'", "FileNotFoundError: [WinError 3] El sistema no puede encontrar la ruta especificada: '\\\\\\\\?\\\\\\\\wsl.localhost\\\\Ubuntu\\\\'"], "n": 9, "ms_mediana": 1645.5, "determinista": true, "metrica": "acentos", "cer_pct": 100.0, "cer_acentos_pct": 100.0, "cer_ciego_pct": 100.0, "dist_acentos": 596, "texto": "docling-r6__ppp120__escaneado_d5b.txt"}
[32m[INFO] 2026-08-31 20:16:23,241 [RapidOCR] base.py:23: Using engine_name: torch[0m
[32m[INFO] 2026-08-31 20:16:23,242 [RapidOCR] device_config.py:64: Using GPU device with ID: 0[0m
[32m[INFO] 2026-08-31 20:16:23,251 [RapidOCR] download_file.py:60: File exists and is valid: D:\Work\research\FileX\.venv-ai\Lib\site-packages\rapidocr\models\PP-OCRv6_det_small.pth[0m
[32m[INFO] 2026-08-31 20:16:23,251 [RapidOCR] main.py:50: Using D:\Work\research\FileX\.venv-ai\Lib\site-packages\rapidocr\models\PP-OCRv6_det_small.pth[0m
[32m[INFO] 2026-08-31 20:16:23,484 [RapidOCR] base.py:23: Using engine_name: torch[0m
[32m[INFO] 2026-08-31 20:16:23,485 [RapidOCR] device_config.py:64: Using GPU device with ID: 0[0m
[32m[INFO] 2026-08-31 20:16:23,486 [RapidOCR] download_file.py:60: File exists and is valid: D:\Work\research\FileX\.venv-ai\Lib\site-packages\rapidocr\models\ch_ptocr_mobile_v2.0_cls_mobile.pth[0m
[32m[INFO] 2026-08-31 20:16:23,486 [RapidOCR] main.py:50: Using D:\Work\research\FileX\.venv-ai\Lib\site-packages\rapidocr\models\ch_ptocr_mobile_v2.0_cls_mobile.pth[0m
[32m[INFO] 2026-08-31 20:16:23,636 [RapidOCR] base.py:23: Using engine_name: torch[0m
[32m[INFO] 2026-08-31 20:16:23,637 [RapidOCR] device_config.py:64: Using GPU device with ID: 0[0m
[32m[INFO] 2026-08-31 20:16:23,655 [RapidOCR] download_file.py:60: File exists and is valid: D:\Work\research\FileX\.venv-ai\Lib\site-packages\rapidocr\models\PP-OCRv6_rec_small.pth[0m
[32m[INFO] 2026-08-31 20:16:23,655 [RapidOCR] main.py:50: Using D:\Work\research\FileX\.venv-ai\Lib\site-packages\rapidocr\models\PP-OCRv6_rec_small.pth[0m
[32m[INFO] 2026-08-31 20:16:24,662 [RapidOCR] base.py:23: Using engine_name: torch[0m
[32m[INFO] 2026-08-31 20:16:24,662 [RapidOCR] device_config.py:64: Using GPU device with ID: 0[0m
[32m[INFO] 2026-08-31 20:16:24,671 [RapidOCR] download_file.py:60: File exists and is valid: D:\Work\research\FileX\.venv-ai\Lib\site-packages\rapidocr\models\PP-OCRv6_det_small.pth[0m
[32m[INFO] 2026-08-31 20:16:24,672 [RapidOCR] main.py:50: Using D:\Work\research\FileX\.venv-ai\Lib\site-packages\rapidocr\models\PP-OCRv6_det_small.pth[0m
[32m[INFO] 2026-08-31 20:16:24,917 [RapidOCR] base.py:23: Using engine_name: torch[0m
[32m[INFO] 2026-08-31 20:16:24,918 [RapidOCR] device_config.py:64: Using GPU device with ID: 0[0m
[32m[INFO] 2026-08-31 20:16:24,919 [RapidOCR] download_file.py:60: File exists and is valid: D:\Work\research\FileX\.venv-ai\Lib\site-packages\rapidocr\models\ch_ptocr_mobile_v2.0_cls_mobile.pth[0m
[32m[INFO] 2026-08-31 20:16:24,919 [RapidOCR] main.py:50: Using D:\Work\research\FileX\.venv-ai\Lib\site-packages\rapidocr\models\ch_ptocr_mobile_v2.0_cls_mobile.pth[0m
[32m[INFO] 2026-08-31 20:16:25,078 [RapidOCR] base.py:23: Using engine_name: torch[0m
[32m[INFO] 2026-08-31 20:16:25,079 [RapidOCR] device_config.py:64: Using GPU device with ID: 0[0m
[32m[INFO] 2026-08-31 20:16:25,100 [RapidOCR] download_file.py:60: File exists and is valid: D:\Work\research\FileX\.venv-ai\Lib\site-packages\rapidocr\models\PP-OCRv6_rec_small.pth[0m
[32m[INFO] 2026-08-31 20:16:25,100 [RapidOCR] main.py:50: Using D:\Work\research\FileX\.venv-ai\Lib\site-packages\rapidocr\models\PP-OCRv6_rec_small.pth[0m
[32m[INFO] 2026-08-31 20:16:26,212 [RapidOCR] base.py:23: Using engine_name: torch[0m
[32m[INFO] 2026-08-31 20:16:26,213 [RapidOCR] device_config.py:64: Using GPU device with ID: 0[0m
[32m[INFO] 2026-08-31 20:16:26,221 [RapidOCR] download_file.py:60: File exists and is valid: D:\Work\research\FileX\.venv-ai\Lib\site-packages\rapidocr\models\PP-OCRv6_det_small.pth[0m
[32m[INFO] 2026-08-31 20:16:26,222 [RapidOCR] main.py:50: Using D:\Work\research\FileX\.venv-ai\Lib\site-packages\rapidocr\models\PP-OCRv6_det_small.pth[0m
[32m[INFO] 2026-08-31 20:16:26,821 [RapidOCR] base.py:23: Using engine_name: torch[0m
[32m[INFO] 2026-08-31 20:16:26,821 [RapidOCR] device_config.py:64: Using GPU device with ID: 0[0m
[32m[INFO] 2026-08-31 20:16:26,823 [RapidOCR] download_file.py:60: File exists and is valid: D:\Work\research\FileX\.venv-ai\Lib\site-packages\rapidocr\models\ch_ptocr_mobile_v2.0_cls_mobile.pth[0m
[32m[INFO] 2026-08-31 20:16:26,823 [RapidOCR] main.py:50: Using D:\Work\research\FileX\.venv-ai\Lib\site-packages\rapidocr\models\ch_ptocr_mobile_v2.0_cls_mobile.pth[0m
[32m[INFO] 2026-08-31 20:16:27,022 [RapidOCR] base.py:23: Using engine_name: torch[0m
[32m[INFO] 2026-08-31 20:16:27,023 [RapidOCR] device_config.py:64: Using GPU device with ID: 0[0m
[32m[INFO] 2026-08-31 20:16:27,044 [RapidOCR] download_file.py:60: File exists and is valid: D:\Work\research\FileX\.venv-ai\Lib\site-packages\rapidocr\models\PP-OCRv6_rec_small.pth[0m
[32m[INFO] 2026-08-31 20:16:27,045 [RapidOCR] main.py:50: Using D:\Work\research\FileX\.venv-ai\Lib\site-packages\rapidocr\models\PP-OCRv6_rec_small.pth[0m
[32m[INFO] 2026-08-31 20:16:28,401 [RapidOCR] base.py:23: Using engine_name: torch[0m
[32m[INFO] 2026-08-31 20:16:28,401 [RapidOCR] device_config.py:64: Using GPU device with ID: 0[0m
[32m[INFO] 2026-08-31 20:16:28,410 [RapidOCR] download_file.py:60: File exists and is valid: D:\Work\research\FileX\.venv-ai\Lib\site-packages\rapidocr\models\PP-OCRv6_det_small.pth[0m
[32m[INFO] 2026-08-31 20:16:28,410 [RapidOCR] main.py:50: Using D:\Work\research\FileX\.venv-ai\Lib\site-packages\rapidocr\models\PP-OCRv6_det_small.pth[0m
[32m[INFO] 2026-08-31 20:16:28,699 [RapidOCR] base.py:23: Using engine_name: torch[0m
[32m[INFO] 2026-08-31 20:16:28,699 [RapidOCR] device_config.py:64: Using GPU device with ID: 0[0m
[32m[INFO] 2026-08-31 20:16:28,700 [RapidOCR] download_file.py:60: File exists and is valid: D:\Work\research\FileX\.venv-ai\Lib\site-packages\rapidocr\models\ch_ptocr_mobile_v2.0_cls_mobile.pth[0m
[32m[INFO] 2026-08-31 20:16:28,701 [RapidOCR] main.py:50: Using D:\Work\research\FileX\.venv-ai\Lib\site-packages\rapidocr\models\ch_ptocr_mobile_v2.0_cls_mobile.pth[0m
[32m[INFO] 2026-08-31 20:16:28,850 [RapidOCR] base.py:23: Using engine_name: torch[0m
[32m[INFO] 2026-08-31 20:16:28,851 [RapidOCR] device_config.py:64: Using GPU device with ID: 0[0m
[32m[INFO] 2026-08-31 20:16:28,870 [RapidOCR] download_file.py:60: File exists and is valid: D:\Work\research\FileX\.venv-ai\Lib\site-packages\rapidocr\models\PP-OCRv6_rec_small.pth[0m
[32m[INFO] 2026-08-31 20:16:28,870 [RapidOCR] main.py:50: Using D:\Work\research\FileX\.venv-ai\Lib\site-packages\rapidocr\models\PP-OCRv6_rec_small.pth[0m
[32m[INFO] 2026-08-31 20:16:29,922 [RapidOCR] base.py:23: Using engine_name: torch[0m
[32m[INFO] 2026-08-31 20:16:29,923 [RapidOCR] device_config.py:64: Using GPU device with ID: 0[0m
[32m[INFO] 2026-08-31 20:16:29,931 [RapidOCR] download_file.py:60: File exists and is valid: D:\Work\research\FileX\.venv-ai\Lib\site-packages\rapidocr\models\PP-OCRv6_det_small.pth[0m
[32m[INFO] 2026-08-31 20:16:29,931 [RapidOCR] main.py:50: Using D:\Work\research\FileX\.venv-ai\Lib\site-packages\rapidocr\models\PP-OCRv6_det_small.pth[0m
[32m[INFO] 2026-08-31 20:16:30,193 [RapidOCR] base.py:23: Using engine_name: torch[0m
[32m[INFO] 2026-08-31 20:16:30,194 [RapidOCR] device_config.py:64: Using GPU device with ID: 0[0m
[32m[INFO] 2026-08-31 20:16:30,195 [RapidOCR] download_file.py:60: File exists and is valid: D:\Work\research\FileX\.venv-ai\Lib\site-packages\rapidocr\models\ch_ptocr_mobile_v2.0_cls_mobile.pth[0m
[32m[INFO] 2026-08-31 20:16:30,195 [RapidOCR] main.py:50: Using D:\Work\research\FileX\.venv-ai\Lib\site-packages\rapidocr\models\ch_ptocr_mobile_v2.0_cls_mobile.pth[0m
[32m[INFO] 2026-08-31 20:16:30,358 [RapidOCR] base.py:23: Using engine_name: torch[0m
[32m[INFO] 2026-08-31 20:16:30,359 [RapidOCR] device_config.py:64: Using GPU device with ID: 0[0m
[32m[INFO] 2026-08-31 20:16:30,377 [RapidOCR] download_file.py:60: File exists and is valid: D:\Work\research\FileX\.venv-ai\Lib\site-packages\rapidocr\models\PP-OCRv6_rec_small.pth[0m
[32m[INFO] 2026-08-31 20:16:30,377 [RapidOCR] main.py:50: Using D:\Work\research\FileX\.venv-ai\Lib\site-packages\rapidocr\models\PP-OCRv6_rec_small.pth[0m
[32m[INFO] 2026-08-31 20:16:31,414 [RapidOCR] base.py:23: Using engine_name: torch[0m
[32m[INFO] 2026-08-31 20:16:31,414 [RapidOCR] device_config.py:64: Using GPU device with ID: 0[0m
[32m[INFO] 2026-08-31 20:16:31,423 [RapidOCR] download_file.py:60: File exists and is valid: D:\Work\research\FileX\.venv-ai\Lib\site-packages\rapidocr\models\PP-OCRv6_det_small.pth[0m
[32m[INFO] 2026-08-31 20:16:31,423 [RapidOCR] main.py:50: Using D:\Work\research\FileX\.venv-ai\Lib\site-packages\rapidocr\models\PP-OCRv6_det_small.pth[0m
[32m[INFO] 2026-08-31 20:16:31,858 [RapidOCR] base.py:23: Using engine_name: torch[0m
[32m[INFO] 2026-08-31 20:16:31,859 [RapidOCR] device_config.py:64: Using GPU device with ID: 0[0m
[32m[INFO] 2026-08-31 20:16:31,861 [RapidOCR] download_file.py:60: File exists and is valid: D:\Work\research\FileX\.venv-ai\Lib\site-packages\rapidocr\models\ch_ptocr_mobile_v2.0_cls_mobile.pth[0m
[32m[INFO] 2026-08-31 20:16:31,862 [RapidOCR] main.py:50: Using D:\Work\research\FileX\.venv-ai\Lib\site-packages\rapidocr\models\ch_ptocr_mobile_v2.0_cls_mobile.pth[0m
[32m[INFO] 2026-08-31 20:16:32,033 [RapidOCR] base.py:23: Using engine_name: torch[0m
[32m[INFO] 2026-08-31 20:16:32,033 [RapidOCR] device_config.py:64: Using GPU device with ID: 0[0m
[32m[INFO] 2026-08-31 20:16:32,052 [RapidOCR] download_file.py:60: File exists and is valid: D:\Work\research\FileX\.venv-ai\Lib\site-packages\rapidocr\models\PP-OCRv6_rec_small.pth[0m
[32m[INFO] 2026-08-31 20:16:32,052 [RapidOCR] main.py:50: Using D:\Work\research\FileX\.venv-ai\Lib\site-packages\rapidocr\models\PP-OCRv6_rec_small.pth[0m
[32m[INFO] 2026-08-31 20:16:33,159 [RapidOCR] base.py:23: Using engine_name: torch[0m
[32m[INFO] 2026-08-31 20:16:33,160 [RapidOCR] device_config.py:64: Using GPU device with ID: 0[0m
[32m[INFO] 2026-08-31 20:16:33,168 [RapidOCR] download_file.py:60: File exists and is valid: D:\Work\research\FileX\.venv-ai\Lib\site-packages\rapidocr\models\PP-OCRv6_det_small.pth[0m
[32m[INFO] 2026-08-31 20:16:33,168 [RapidOCR] main.py:50: Using D:\Work\research\FileX\.venv-ai\Lib\site-packages\rapidocr\models\PP-OCRv6_det_small.pth[0m
[32m[INFO] 2026-08-31 20:16:33,381 [RapidOCR] base.py:23: Using engine_name: torch[0m
[32m[INFO] 2026-08-31 20:16:33,382 [RapidOCR] device_config.py:64: Using GPU device with ID: 0[0m
[32m[INFO] 2026-08-31 20:16:33,383 [RapidOCR] download_file.py:60: File exists and is valid: D:\Work\research\FileX\.venv-ai\Lib\site-packages\rapidocr\models\ch_ptocr_mobile_v2.0_cls_mobile.pth[0m
[32m[INFO] 2026-08-31 20:16:33,383 [RapidOCR] main.py:50: Using D:\Work\research\FileX\.venv-ai\Lib\site-packages\rapidocr\models\ch_ptocr_mobile_v2.0_cls_mobile.pth[0m
[32m[INFO] 2026-08-31 20:16:33,539 [RapidOCR] base.py:23: Using engine_name: torch[0m
[32m[INFO] 2026-08-31 20:16:33,539 [RapidOCR] device_config.py:64: Using GPU device with ID: 0[0m
[32m[INFO] 2026-08-31 20:16:33,556 [RapidOCR] download_file.py:60: File exists and is valid: D:\Work\research\FileX\.venv-ai\Lib\site-packages\rapidocr\models\PP-OCRv6_rec_small.pth[0m
[32m[INFO] 2026-08-31 20:16:33,556 [RapidOCR] main.py:50: Using D:\Work\research\FileX\.venv-ai\Lib\site-packages\rapidocr\models\PP-OCRv6_rec_small.pth[0m
[32m[INFO] 2026-08-31 20:16:34,644 [RapidOCR] base.py:23: Using engine_name: torch[0m
[32m[INFO] 2026-08-31 20:16:34,644 [RapidOCR] device_config.py:64: Using GPU device with ID: 0[0m
[32m[INFO] 2026-08-31 20:16:34,654 [RapidOCR] download_file.py:60: File exists and is valid: D:\Work\research\FileX\.venv-ai\Lib\site-packages\rapidocr\models\PP-OCRv6_det_small.pth[0m
[32m[INFO] 2026-08-31 20:16:34,655 [RapidOCR] main.py:50: Using D:\Work\research\FileX\.venv-ai\Lib\site-packages\rapidocr\models\PP-OCRv6_det_small.pth[0m
[32m[INFO] 2026-08-31 20:16:35,014 [RapidOCR] base.py:23: Using engine_name: torch[0m
[32m[INFO] 2026-08-31 20:16:35,015 [RapidOCR] device_config.py:64: Using GPU device with ID: 0[0m
[32m[INFO] 2026-08-31 20:16:35,017 [RapidOCR] download_file.py:60: File exists and is valid: D:\Work\research\FileX\.venv-ai\Lib\site-packages\rapidocr\models\ch_ptocr_mobile_v2.0_cls_mobile.pth[0m
[32m[INFO] 2026-08-31 20:16:35,017 [RapidOCR] main.py:50: Using D:\Work\research\FileX\.venv-ai\Lib\site-packages\rapidocr\models\ch_ptocr_mobile_v2.0_cls_mobile.pth[0m
[32m[INFO] 2026-08-31 20:16:35,212 [RapidOCR] base.py:23: Using engine_name: torch[0m
[32m[INFO] 2026-08-31 20:16:35,213 [RapidOCR] device_config.py:64: Using GPU device with ID: 0[0m
[32m[INFO] 2026-08-31 20:16:35,235 [RapidOCR] download_file.py:60: File exists and is valid: D:\Work\research\FileX\.venv-ai\Lib\site-packages\rapidocr\models\PP-OCRv6_rec_small.pth[0m
[32m[INFO] 2026-08-31 20:16:35,236 [RapidOCR] main.py:50: Using D:\Work\research\FileX\.venv-ai\Lib\site-packages\rapidocr\models\PP-OCRv6_rec_small.pth[0m
[32m[INFO] 2026-08-31 20:16:36,382 [RapidOCR] base.py:23: Using engine_name: torch[0m
[32m[INFO] 2026-08-31 20:16:36,382 [RapidOCR] device_config.py:64: Using GPU device with ID: 0[0m
[32m[INFO] 2026-08-31 20:16:36,392 [RapidOCR] download_file.py:60: File exists and is valid: D:\Work\research\FileX\.venv-ai\Lib\site-packages\rapidocr\models\PP-OCRv6_det_small.pth[0m
[32m[INFO] 2026-08-31 20:16:36,392 [RapidOCR] main.py:50: Using D:\Work\research\FileX\.venv-ai\Lib\site-packages\rapidocr\models\PP-OCRv6_det_small.pth[0m
[32m[INFO] 2026-08-31 20:16:36,686 [RapidOCR] base.py:23: Using engine_name: torch[0m
[32m[INFO] 2026-08-31 20:16:36,686 [RapidOCR] device_config.py:64: Using GPU device with ID: 0[0m
[32m[INFO] 2026-08-31 20:16:36,687 [RapidOCR] download_file.py:60: File exists and is valid: D:\Work\research\FileX\.venv-ai\Lib\site-packages\rapidocr\models\ch_ptocr_mobile_v2.0_cls_mobile.pth[0m
[32m[INFO] 2026-08-31 20:16:36,688 [RapidOCR] main.py:50: Using D:\Work\research\FileX\.venv-ai\Lib\site-packages\rapidocr\models\ch_ptocr_mobile_v2.0_cls_mobile.pth[0m
[32m[INFO] 2026-08-31 20:16:37,007 [RapidOCR] base.py:23: Using engine_name: torch[0m
[32m[INFO] 2026-08-31 20:16:37,007 [RapidOCR] device_config.py:64: Using GPU device with ID: 0[0m
[32m[INFO] 2026-08-31 20:16:37,026 [RapidOCR] download_file.py:60: File exists and is valid: D:\Work\research\FileX\.venv-ai\Lib\site-packages\rapidocr\models\PP-OCRv6_rec_small.pth[0m
[32m[INFO] 2026-08-31 20:16:37,027 [RapidOCR] main.py:50: Using D:\Work\research\FileX\.venv-ai\Lib\site-packages\rapidocr\models\PP-OCRv6_rec_small.pth[0m
[32m[INFO] 2026-08-31 20:16:38,069 [RapidOCR] base.py:23: Using engine_name: torch[0m
[32m[INFO] 2026-08-31 20:16:38,070 [RapidOCR] device_config.py:64: Using GPU device with ID: 0[0m
[32m[INFO] 2026-08-31 20:16:38,077 [RapidOCR] download_file.py:60: File exists and is valid: D:\Work\research\FileX\.venv-ai\Lib\site-packages\rapidocr\models\PP-OCRv6_det_small.pth[0m
[32m[INFO] 2026-08-31 20:16:38,077 [RapidOCR] main.py:50: Using D:\Work\research\FileX\.venv-ai\Lib\site-packages\rapidocr\models\PP-OCRv6_det_small.pth[0m
[32m[INFO] 2026-08-31 20:16:38,295 [RapidOCR] base.py:23: Using engine_name: torch[0m
[32m[INFO] 2026-08-31 20:16:38,296 [RapidOCR] device_config.py:64: Using GPU device with ID: 0[0m
[32m[INFO] 2026-08-31 20:16:38,297 [RapidOCR] download_file.py:60: File exists and is valid: D:\Work\research\FileX\.venv-ai\Lib\site-packages\rapidocr\models\ch_ptocr_mobile_v2.0_cls_mobile.pth[0m
[32m[INFO] 2026-08-31 20:16:38,297 [RapidOCR] main.py:50: Using D:\Work\research\FileX\.venv-ai\Lib\site-packages\rapidocr\models\ch_ptocr_mobile_v2.0_cls_mobile.pth[0m
[32m[INFO] 2026-08-31 20:16:38,444 [RapidOCR] base.py:23: Using engine_name: torch[0m
[32m[INFO] 2026-08-31 20:16:38,444 [RapidOCR] device_config.py:64: Using GPU device with ID: 0[0m
[32m[INFO] 2026-08-31 20:16:38,461 [RapidOCR] download_file.py:60: File exists and is valid: D:\Work\research\FileX\.venv-ai\Lib\site-packages\rapidocr\models\PP-OCRv6_rec_small.pth[0m
[32m[INFO] 2026-08-31 20:16:38,461 [RapidOCR] main.py:50: Using D:\Work\research\FileX\.venv-ai\Lib\site-packages\rapidocr\models\PP-OCRv6_rec_small.pth[0m
{"config": "docling-r6", "doc": "escaneado_d5b", "ppp_nativo": 60, "ppp": 125, "factor": 2.083, "png": "ppp125__escaneado_d5b.png", "png_identify": "808x1106 49.210000000000000853,49.210000000000000853 PixelsPerCentimeter", "preflight": {"vram_libre_mib": 8251, "mpx_actual": 0.894, "mpx_pendiente_ordenada": 0}, "entrada": "PDF via Docling; scale explicita", "dispositivo": "GPU CUDA", "rc": [1, 1, 1, 1, 1, 1, 1, 1, 1], "error": ["FileNotFoundError: [WinError 3] El sistema no puede encontrar la ruta especificada: '\\\\\\\\?\\\\\\\\wsl.localhost\\\\Ubuntu\\\\'", "FileNotFoundError: [WinError 3] El sistema no puede encontrar la ruta especificada: '\\\\\\\\?\\\\\\\\wsl.localhost\\\\Ubuntu\\\\'", "FileNotFoundError: [WinError 3] El sistema no puede encontrar la ruta especificada: '\\\\\\\\?\\\\\\\\wsl.localhost\\\\Ubuntu\\\\'", "FileNotFoundError: [WinError 3] El sistema no puede encontrar la ruta especificada: '\\\\\\\\?\\\\\\\\wsl.localhost\\\\Ubuntu\\\\'", "FileNotFoundError: [WinError 3] El sistema no puede encontrar la ruta especificada: '\\\\\\\\?\\\\\\\\wsl.localhost\\\\Ubuntu\\\\'", "FileNotFoundError: [WinError 3] El sistema no puede encontrar la ruta especificada: '\\\\\\\\?\\\\\\\\wsl.localhost\\\\Ubuntu\\\\'", "FileNotFoundError: [WinError 3] El sistema no puede encontrar la ruta especificada: '\\\\\\\\?\\\\\\\\wsl.localhost\\\\Ubuntu\\\\'", "FileNotFoundError: [WinError 3] El sistema no puede encontrar la ruta especificada: '\\\\\\\\?\\\\\\\\wsl.localhost\\\\Ubuntu\\\\'", "FileNotFoundError: [WinError 3] El sistema no puede encontrar la ruta especificada: '\\\\\\\\?\\\\\\\\wsl.localhost\\\\Ubuntu\\\\'"], "n": 9, "ms_mediana": 1533.2, "determinista": true, "metrica": "acentos", "cer_pct": 100.0, "cer_acentos_pct": 100.0, "cer_ciego_pct": 100.0, "dist_acentos": 596, "texto": "docling-r6__ppp125__escaneado_d5b.txt"}
[32m[INFO] 2026-08-31 20:16:39,642 [RapidOCR] base.py:23: Using engine_name: torch[0m
[32m[INFO] 2026-08-31 20:16:39,643 [RapidOCR] device_config.py:64: Using GPU device with ID: 0[0m
[32m[INFO] 2026-08-31 20:16:39,652 [RapidOCR] download_file.py:60: File exists and is valid: D:\Work\research\FileX\.venv-ai\Lib\site-packages\rapidocr\models\PP-OCRv6_det_small.pth[0m
[32m[INFO] 2026-08-31 20:16:39,652 [RapidOCR] main.py:50: Using D:\Work\research\FileX\.venv-ai\Lib\site-packages\rapidocr\models\PP-OCRv6_det_small.pth[0m
[32m[INFO] 2026-08-31 20:16:39,928 [RapidOCR] base.py:23: Using engine_name: torch[0m
[32m[INFO] 2026-08-31 20:16:39,929 [RapidOCR] device_config.py:64: Using GPU device with ID: 0[0m
[32m[INFO] 2026-08-31 20:16:39,930 [RapidOCR] download_file.py:60: File exists and is valid: D:\Work\research\FileX\.venv-ai\Lib\site-packages\rapidocr\models\ch_ptocr_mobile_v2.0_cls_mobile.pth[0m
[32m[INFO] 2026-08-31 20:16:39,930 [RapidOCR] main.py:50: Using D:\Work\research\FileX\.venv-ai\Lib\site-packages\rapidocr\models\ch_ptocr_mobile_v2.0_cls_mobile.pth[0m
[32m[INFO] 2026-08-31 20:16:40,104 [RapidOCR] base.py:23: Using engine_name: torch[0m
[32m[INFO] 2026-08-31 20:16:40,105 [RapidOCR] device_config.py:64: Using GPU device with ID: 0[0m
[32m[INFO] 2026-08-31 20:16:40,123 [RapidOCR] download_file.py:60: File exists and is valid: D:\Work\research\FileX\.venv-ai\Lib\site-packages\rapidocr\models\PP-OCRv6_rec_small.pth[0m
[32m[INFO] 2026-08-31 20:16:40,123 [RapidOCR] main.py:50: Using D:\Work\research\FileX\.venv-ai\Lib\site-packages\rapidocr\models\PP-OCRv6_rec_small.pth[0m
[32m[INFO] 2026-08-31 20:16:41,258 [RapidOCR] base.py:23: Using engine_name: torch[0m
[32m[INFO] 2026-08-31 20:16:41,258 [RapidOCR] device_config.py:64: Using GPU device with ID: 0[0m
[32m[INFO] 2026-08-31 20:16:41,267 [RapidOCR] download_file.py:60: File exists and is valid: D:\Work\research\FileX\.venv-ai\Lib\site-packages\rapidocr\models\PP-OCRv6_det_small.pth[0m
[32m[INFO] 2026-08-31 20:16:41,268 [RapidOCR] main.py:50: Using D:\Work\research\FileX\.venv-ai\Lib\site-packages\rapidocr\models\PP-OCRv6_det_small.pth[0m
[32m[INFO] 2026-08-31 20:16:41,529 [RapidOCR] base.py:23: Using engine_name: torch[0m
[32m[INFO] 2026-08-31 20:16:41,530 [RapidOCR] device_config.py:64: Using GPU device with ID: 0[0m
[32m[INFO] 2026-08-31 20:16:41,531 [RapidOCR] download_file.py:60: File exists and is valid: D:\Work\research\FileX\.venv-ai\Lib\site-packages\rapidocr\models\ch_ptocr_mobile_v2.0_cls_mobile.pth[0m
[32m[INFO] 2026-08-31 20:16:41,531 [RapidOCR] main.py:50: Using D:\Work\research\FileX\.venv-ai\Lib\site-packages\rapidocr\models\ch_ptocr_mobile_v2.0_cls_mobile.pth[0m
[32m[INFO] 2026-08-31 20:16:41,694 [RapidOCR] base.py:23: Using engine_name: torch[0m
[32m[INFO] 2026-08-31 20:16:41,695 [RapidOCR] device_config.py:64: Using GPU device with ID: 0[0m
[32m[INFO] 2026-08-31 20:16:41,713 [RapidOCR] download_file.py:60: File exists and is valid: D:\Work\research\FileX\.venv-ai\Lib\site-packages\rapidocr\models\PP-OCRv6_rec_small.pth[0m
[32m[INFO] 2026-08-31 20:16:41,714 [RapidOCR] main.py:50: Using D:\Work\research\FileX\.venv-ai\Lib\site-packages\rapidocr\models\PP-OCRv6_rec_small.pth[0m
[32m[INFO] 2026-08-31 20:16:42,873 [RapidOCR] base.py:23: Using engine_name: torch[0m
[32m[INFO] 2026-08-31 20:16:42,873 [RapidOCR] device_config.py:64: Using GPU device with ID: 0[0m
[32m[INFO] 2026-08-31 20:16:42,881 [RapidOCR] download_file.py:60: File exists and is valid: D:\Work\research\FileX\.venv-ai\Lib\site-packages\rapidocr\models\PP-OCRv6_det_small.pth[0m
[32m[INFO] 2026-08-31 20:16:42,882 [RapidOCR] main.py:50: Using D:\Work\research\FileX\.venv-ai\Lib\site-packages\rapidocr\models\PP-OCRv6_det_small.pth[0m
[32m[INFO] 2026-08-31 20:16:43,112 [RapidOCR] base.py:23: Using engine_name: torch[0m
[32m[INFO] 2026-08-31 20:16:43,112 [RapidOCR] device_config.py:64: Using GPU device with ID: 0[0m
[32m[INFO] 2026-08-31 20:16:43,113 [RapidOCR] download_file.py:60: File exists and is valid: D:\Work\research\FileX\.venv-ai\Lib\site-packages\rapidocr\models\ch_ptocr_mobile_v2.0_cls_mobile.pth[0m
[32m[INFO] 2026-08-31 20:16:43,114 [RapidOCR] main.py:50: Using D:\Work\research\FileX\.venv-ai\Lib\site-packages\rapidocr\models\ch_ptocr_mobile_v2.0_cls_mobile.pth[0m
[32m[INFO] 2026-08-31 20:16:43,266 [RapidOCR] base.py:23: Using engine_name: torch[0m
[32m[INFO] 2026-08-31 20:16:43,266 [RapidOCR] device_config.py:64: Using GPU device with ID: 0[0m
[32m[INFO] 2026-08-31 20:16:43,284 [RapidOCR] download_file.py:60: File exists and is valid: D:\Work\research\FileX\.venv-ai\Lib\site-packages\rapidocr\models\PP-OCRv6_rec_small.pth[0m
[32m[INFO] 2026-08-31 20:16:43,284 [RapidOCR] main.py:50: Using D:\Work\research\FileX\.venv-ai\Lib\site-packages\rapidocr\models\PP-OCRv6_rec_small.pth[0m
[32m[INFO] 2026-08-31 20:16:44,443 [RapidOCR] base.py:23: Using engine_name: torch[0m
[32m[INFO] 2026-08-31 20:16:44,444 [RapidOCR] device_config.py:64: Using GPU device with ID: 0[0m
[32m[INFO] 2026-08-31 20:16:44,453 [RapidOCR] download_file.py:60: File exists and is valid: D:\Work\research\FileX\.venv-ai\Lib\site-packages\rapidocr\models\PP-OCRv6_det_small.pth[0m
[32m[INFO] 2026-08-31 20:16:44,453 [RapidOCR] main.py:50: Using D:\Work\research\FileX\.venv-ai\Lib\site-packages\rapidocr\models\PP-OCRv6_det_small.pth[0m
[32m[INFO] 2026-08-31 20:16:44,808 [RapidOCR] base.py:23: Using engine_name: torch[0m
[32m[INFO] 2026-08-31 20:16:44,808 [RapidOCR] device_config.py:64: Using GPU device with ID: 0[0m
[32m[INFO] 2026-08-31 20:16:44,810 [RapidOCR] download_file.py:60: File exists and is valid: D:\Work\research\FileX\.venv-ai\Lib\site-packages\rapidocr\models\ch_ptocr_mobile_v2.0_cls_mobile.pth[0m
[32m[INFO] 2026-08-31 20:16:44,810 [RapidOCR] main.py:50: Using D:\Work\research\FileX\.venv-ai\Lib\site-packages\rapidocr\models\ch_ptocr_mobile_v2.0_cls_mobile.pth[0m
[32m[INFO] 2026-08-31 20:16:44,963 [RapidOCR] base.py:23: Using engine_name: torch[0m
[32m[INFO] 2026-08-31 20:16:44,964 [RapidOCR] device_config.py:64: Using GPU device with ID: 0[0m
[32m[INFO] 2026-08-31 20:16:44,981 [RapidOCR] download_file.py:60: File exists and is valid: D:\Work\research\FileX\.venv-ai\Lib\site-packages\rapidocr\models\PP-OCRv6_rec_small.pth[0m
[32m[INFO] 2026-08-31 20:16:44,982 [RapidOCR] main.py:50: Using D:\Work\research\FileX\.venv-ai\Lib\site-packages\rapidocr\models\PP-OCRv6_rec_small.pth[0m
[32m[INFO] 2026-08-31 20:16:46,084 [RapidOCR] base.py:23: Using engine_name: torch[0m
[32m[INFO] 2026-08-31 20:16:46,085 [RapidOCR] device_config.py:64: Using GPU device with ID: 0[0m
[32m[INFO] 2026-08-31 20:16:46,094 [RapidOCR] download_file.py:60: File exists and is valid: D:\Work\research\FileX\.venv-ai\Lib\site-packages\rapidocr\models\PP-OCRv6_det_small.pth[0m
[32m[INFO] 2026-08-31 20:16:46,094 [RapidOCR] main.py:50: Using D:\Work\research\FileX\.venv-ai\Lib\site-packages\rapidocr\models\PP-OCRv6_det_small.pth[0m
[32m[INFO] 2026-08-31 20:16:46,326 [RapidOCR] base.py:23: Using engine_name: torch[0m
[32m[INFO] 2026-08-31 20:16:46,327 [RapidOCR] device_config.py:64: Using GPU device with ID: 0[0m
[32m[INFO] 2026-08-31 20:16:46,329 [RapidOCR] download_file.py:60: File exists and is valid: D:\Work\research\FileX\.venv-ai\Lib\site-packages\rapidocr\models\ch_ptocr_mobile_v2.0_cls_mobile.pth[0m
[32m[INFO] 2026-08-31 20:16:46,329 [RapidOCR] main.py:50: Using D:\Work\research\FileX\.venv-ai\Lib\site-packages\rapidocr\models\ch_ptocr_mobile_v2.0_cls_mobile.pth[0m
[32m[INFO] 2026-08-31 20:16:46,491 [RapidOCR] base.py:23: Using engine_name: torch[0m
[32m[INFO] 2026-08-31 20:16:46,491 [RapidOCR] device_config.py:64: Using GPU device with ID: 0[0m
[32m[INFO] 2026-08-31 20:16:46,510 [RapidOCR] download_file.py:60: File exists and is valid: D:\Work\research\FileX\.venv-ai\Lib\site-packages\rapidocr\models\PP-OCRv6_rec_small.pth[0m
[32m[INFO] 2026-08-31 20:16:46,510 [RapidOCR] main.py:50: Using D:\Work\research\FileX\.venv-ai\Lib\site-packages\rapidocr\models\PP-OCRv6_rec_small.pth[0m
[32m[INFO] 2026-08-31 20:16:47,692 [RapidOCR] base.py:23: Using engine_name: torch[0m
[32m[INFO] 2026-08-31 20:16:47,693 [RapidOCR] device_config.py:64: Using GPU device with ID: 0[0m
[32m[INFO] 2026-08-31 20:16:47,707 [RapidOCR] download_file.py:60: File exists and is valid: D:\Work\research\FileX\.venv-ai\Lib\site-packages\rapidocr\models\PP-OCRv6_det_small.pth[0m
[32m[INFO] 2026-08-31 20:16:47,707 [RapidOCR] main.py:50: Using D:\Work\research\FileX\.venv-ai\Lib\site-packages\rapidocr\models\PP-OCRv6_det_small.pth[0m
[32m[INFO] 2026-08-31 20:16:47,934 [RapidOCR] base.py:23: Using engine_name: torch[0m
[32m[INFO] 2026-08-31 20:16:47,936 [RapidOCR] device_config.py:64: Using GPU device with ID: 0[0m
[32m[INFO] 2026-08-31 20:16:47,938 [RapidOCR] download_file.py:60: File exists and is valid: D:\Work\research\FileX\.venv-ai\Lib\site-packages\rapidocr\models\ch_ptocr_mobile_v2.0_cls_mobile.pth[0m
[32m[INFO] 2026-08-31 20:16:47,938 [RapidOCR] main.py:50: Using D:\Work\research\FileX\.venv-ai\Lib\site-packages\rapidocr\models\ch_ptocr_mobile_v2.0_cls_mobile.pth[0m
[32m[INFO] 2026-08-31 20:16:48,108 [RapidOCR] base.py:23: Using engine_name: torch[0m
[32m[INFO] 2026-08-31 20:16:48,109 [RapidOCR] device_config.py:64: Using GPU device with ID: 0[0m
[32m[INFO] 2026-08-31 20:16:48,127 [RapidOCR] download_file.py:60: File exists and is valid: D:\Work\research\FileX\.venv-ai\Lib\site-packages\rapidocr\models\PP-OCRv6_rec_small.pth[0m
[32m[INFO] 2026-08-31 20:16:48,127 [RapidOCR] main.py:50: Using D:\Work\research\FileX\.venv-ai\Lib\site-packages\rapidocr\models\PP-OCRv6_rec_small.pth[0m
[32m[INFO] 2026-08-31 20:16:49,243 [RapidOCR] base.py:23: Using engine_name: torch[0m
[32m[INFO] 2026-08-31 20:16:49,244 [RapidOCR] device_config.py:64: Using GPU device with ID: 0[0m
[32m[INFO] 2026-08-31 20:16:49,254 [RapidOCR] download_file.py:60: File exists and is valid: D:\Work\research\FileX\.venv-ai\Lib\site-packages\rapidocr\models\PP-OCRv6_det_small.pth[0m
[32m[INFO] 2026-08-31 20:16:49,254 [RapidOCR] main.py:50: Using D:\Work\research\FileX\.venv-ai\Lib\site-packages\rapidocr\models\PP-OCRv6_det_small.pth[0m
[32m[INFO] 2026-08-31 20:16:49,511 [RapidOCR] base.py:23: Using engine_name: torch[0m
[32m[INFO] 2026-08-31 20:16:49,511 [RapidOCR] device_config.py:64: Using GPU device with ID: 0[0m
[32m[INFO] 2026-08-31 20:16:49,512 [RapidOCR] download_file.py:60: File exists and is valid: D:\Work\research\FileX\.venv-ai\Lib\site-packages\rapidocr\models\ch_ptocr_mobile_v2.0_cls_mobile.pth[0m
[32m[INFO] 2026-08-31 20:16:49,512 [RapidOCR] main.py:50: Using D:\Work\research\FileX\.venv-ai\Lib\site-packages\rapidocr\models\ch_ptocr_mobile_v2.0_cls_mobile.pth[0m
[32m[INFO] 2026-08-31 20:16:49,687 [RapidOCR] base.py:23: Using engine_name: torch[0m
[32m[INFO] 2026-08-31 20:16:49,687 [RapidOCR] device_config.py:64: Using GPU device with ID: 0[0m
[32m[INFO] 2026-08-31 20:16:49,706 [RapidOCR] download_file.py:60: File exists and is valid: D:\Work\research\FileX\.venv-ai\Lib\site-packages\rapidocr\models\PP-OCRv6_rec_small.pth[0m
[32m[INFO] 2026-08-31 20:16:49,706 [RapidOCR] main.py:50: Using D:\Work\research\FileX\.venv-ai\Lib\site-packages\rapidocr\models\PP-OCRv6_rec_small.pth[0m
[32m[INFO] 2026-08-31 20:16:50,802 [RapidOCR] base.py:23: Using engine_name: torch[0m
[32m[INFO] 2026-08-31 20:16:50,803 [RapidOCR] device_config.py:64: Using GPU device with ID: 0[0m
[32m[INFO] 2026-08-31 20:16:50,814 [RapidOCR] download_file.py:60: File exists and is valid: D:\Work\research\FileX\.venv-ai\Lib\site-packages\rapidocr\models\PP-OCRv6_det_small.pth[0m
[32m[INFO] 2026-08-31 20:16:50,814 [RapidOCR] main.py:50: Using D:\Work\research\FileX\.venv-ai\Lib\site-packages\rapidocr\models\PP-OCRv6_det_small.pth[0m
[32m[INFO] 2026-08-31 20:16:51,090 [RapidOCR] base.py:23: Using engine_name: torch[0m
[32m[INFO] 2026-08-31 20:16:51,091 [RapidOCR] device_config.py:64: Using GPU device with ID: 0[0m
[32m[INFO] 2026-08-31 20:16:51,092 [RapidOCR] download_file.py:60: File exists and is valid: D:\Work\research\FileX\.venv-ai\Lib\site-packages\rapidocr\models\ch_ptocr_mobile_v2.0_cls_mobile.pth[0m
[32m[INFO] 2026-08-31 20:16:51,093 [RapidOCR] main.py:50: Using D:\Work\research\FileX\.venv-ai\Lib\site-packages\rapidocr\models\ch_ptocr_mobile_v2.0_cls_mobile.pth[0m
[32m[INFO] 2026-08-31 20:16:51,260 [RapidOCR] base.py:23: Using engine_name: torch[0m
[32m[INFO] 2026-08-31 20:16:51,261 [RapidOCR] device_config.py:64: Using GPU device with ID: 0[0m
[32m[INFO] 2026-08-31 20:16:51,279 [RapidOCR] download_file.py:60: File exists and is valid: D:\Work\research\FileX\.venv-ai\Lib\site-packages\rapidocr\models\PP-OCRv6_rec_small.pth[0m
[32m[INFO] 2026-08-31 20:16:51,280 [RapidOCR] main.py:50: Using D:\Work\research\FileX\.venv-ai\Lib\site-packages\rapidocr\models\PP-OCRv6_rec_small.pth[0m
[32m[INFO] 2026-08-31 20:16:52,655 [RapidOCR] base.py:23: Using engine_name: torch[0m
[32m[INFO] 2026-08-31 20:16:52,655 [RapidOCR] device_config.py:64: Using GPU device with ID: 0[0m
[32m[INFO] 2026-08-31 20:16:52,665 [RapidOCR] download_file.py:60: File exists and is valid: D:\Work\research\FileX\.venv-ai\Lib\site-packages\rapidocr\models\PP-OCRv6_det_small.pth[0m
[32m[INFO] 2026-08-31 20:16:52,665 [RapidOCR] main.py:50: Using D:\Work\research\FileX\.venv-ai\Lib\site-packages\rapidocr\models\PP-OCRv6_det_small.pth[0m
[32m[INFO] 2026-08-31 20:16:52,964 [RapidOCR] base.py:23: Using engine_name: torch[0m
[32m[INFO] 2026-08-31 20:16:52,964 [RapidOCR] device_config.py:64: Using GPU device with ID: 0[0m
[32m[INFO] 2026-08-31 20:16:52,965 [RapidOCR] download_file.py:60: File exists and is valid: D:\Work\research\FileX\.venv-ai\Lib\site-packages\rapidocr\models\ch_ptocr_mobile_v2.0_cls_mobile.pth[0m
[32m[INFO] 2026-08-31 20:16:52,965 [RapidOCR] main.py:50: Using D:\Work\research\FileX\.venv-ai\Lib\site-packages\rapidocr\models\ch_ptocr_mobile_v2.0_cls_mobile.pth[0m
[32m[INFO] 2026-08-31 20:16:53,146 [RapidOCR] base.py:23: Using engine_name: torch[0m
[32m[INFO] 2026-08-31 20:16:53,146 [RapidOCR] device_config.py:64: Using GPU device with ID: 0[0m
[32m[INFO] 2026-08-31 20:16:53,167 [RapidOCR] download_file.py:60: File exists and is valid: D:\Work\research\FileX\.venv-ai\Lib\site-packages\rapidocr\models\PP-OCRv6_rec_small.pth[0m
[32m[INFO] 2026-08-31 20:16:53,168 [RapidOCR] main.py:50: Using D:\Work\research\FileX\.venv-ai\Lib\site-packages\rapidocr\models\PP-OCRv6_rec_small.pth[0m
[32m[INFO] 2026-08-31 20:16:54,398 [RapidOCR] base.py:23: Using engine_name: torch[0m
[32m[INFO] 2026-08-31 20:16:54,399 [RapidOCR] device_config.py:64: Using GPU device with ID: 0[0m
[32m[INFO] 2026-08-31 20:16:54,410 [RapidOCR] download_file.py:60: File exists and is valid: D:\Work\research\FileX\.venv-ai\Lib\site-packages\rapidocr\models\PP-OCRv6_det_small.pth[0m
[32m[INFO] 2026-08-31 20:16:54,410 [RapidOCR] main.py:50: Using D:\Work\research\FileX\.venv-ai\Lib\site-packages\rapidocr\models\PP-OCRv6_det_small.pth[0m
[32m[INFO] 2026-08-31 20:16:54,710 [RapidOCR] base.py:23: Using engine_name: torch[0m
[32m[INFO] 2026-08-31 20:16:54,711 [RapidOCR] device_config.py:64: Using GPU device with ID: 0[0m
[32m[INFO] 2026-08-31 20:16:54,712 [RapidOCR] download_file.py:60: File exists and is valid: D:\Work\research\FileX\.venv-ai\Lib\site-packages\rapidocr\models\ch_ptocr_mobile_v2.0_cls_mobile.pth[0m
[32m[INFO] 2026-08-31 20:16:54,712 [RapidOCR] main.py:50: Using D:\Work\research\FileX\.venv-ai\Lib\site-packages\rapidocr\models\ch_ptocr_mobile_v2.0_cls_mobile.pth[0m
[32m[INFO] 2026-08-31 20:16:54,909 [RapidOCR] base.py:23: Using engine_name: torch[0m
[32m[INFO] 2026-08-31 20:16:54,910 [RapidOCR] device_config.py:64: Using GPU device with ID: 0[0m
[32m[INFO] 2026-08-31 20:16:54,935 [RapidOCR] download_file.py:60: File exists and is valid: D:\Work\research\FileX\.venv-ai\Lib\site-packages\rapidocr\models\PP-OCRv6_rec_small.pth[0m
[32m[INFO] 2026-08-31 20:16:54,935 [RapidOCR] main.py:50: Using D:\Work\research\FileX\.venv-ai\Lib\site-packages\rapidocr\models\PP-OCRv6_rec_small.pth[0m
{"config": "docling-r6", "doc": "escaneado_d5b", "ppp_nativo": 60, "ppp": 130, "factor": 2.167, "png": "ppp130__escaneado_d5b.png", "png_identify": "841x1151 51.179999999999999716,51.179999999999999716 PixelsPerCentimeter", "preflight": {"vram_libre_mib": 8484, "mpx_actual": 0.968, "mpx_pendiente_ordenada": 0}, "entrada": "PDF via Docling; scale explicita", "dispositivo": "GPU CUDA", "rc": [1, 1, 1, 1, 1, 1, 1, 1, 1], "error": ["FileNotFoundError: [WinError 3] El sistema no puede encontrar la ruta especificada: '\\\\\\\\?\\\\\\\\wsl.localhost\\\\Ubuntu\\\\'", "FileNotFoundError: [WinError 3] El sistema no puede encontrar la ruta especificada: '\\\\\\\\?\\\\\\\\wsl.localhost\\\\Ubuntu\\\\'", "FileNotFoundError: [WinError 3] El sistema no puede encontrar la ruta especificada: '\\\\\\\\?\\\\\\\\wsl.localhost\\\\Ubuntu\\\\'", "FileNotFoundError: [WinError 3] El sistema no puede encontrar la ruta especificada: '\\\\\\\\?\\\\\\\\wsl.localhost\\\\Ubuntu\\\\'", "FileNotFoundError: [WinError 3] El sistema no puede encontrar la ruta especificada: '\\\\\\\\?\\\\\\\\wsl.localhost\\\\Ubuntu\\\\'", "FileNotFoundError: [WinError 3] El sistema no puede encontrar la ruta especificada: '\\\\\\\\?\\\\\\\\wsl.localhost\\\\Ubuntu\\\\'", "FileNotFoundError: [WinError 3] El sistema no puede encontrar la ruta especificada: '\\\\\\\\?\\\\\\\\wsl.localhost\\\\Ubuntu\\\\'", "FileNotFoundError: [WinError 3] El sistema no puede encontrar la ruta especificada: '\\\\\\\\?\\\\\\\\wsl.localhost\\\\Ubuntu\\\\'", "FileNotFoundError: [WinError 3] El sistema no puede encontrar la ruta especificada: '\\\\\\\\?\\\\\\\\wsl.localhost\\\\Ubuntu\\\\'"], "n": 9, "ms_mediana": 1624.2, "determinista": true, "metrica": "acentos", "cer_pct": 100.0, "cer_acentos_pct": 100.0, "cer_ciego_pct": 100.0, "dist_acentos": 596, "texto": "docling-r6__ppp130__escaneado_d5b.txt"}
[32m[INFO] 2026-08-31 20:16:56,200 [RapidOCR] base.py:23: Using engine_name: torch[0m
[32m[INFO] 2026-08-31 20:16:56,201 [RapidOCR] device_config.py:64: Using GPU device with ID: 0[0m
[32m[INFO] 2026-08-31 20:16:56,210 [RapidOCR] download_file.py:60: File exists and is valid: D:\Work\research\FileX\.venv-ai\Lib\site-packages\rapidocr\models\PP-OCRv6_det_small.pth[0m
[32m[INFO] 2026-08-31 20:16:56,210 [RapidOCR] main.py:50: Using D:\Work\research\FileX\.venv-ai\Lib\site-packages\rapidocr\models\PP-OCRv6_det_small.pth[0m
[32m[INFO] 2026-08-31 20:16:56,565 [RapidOCR] base.py:23: Using engine_name: torch[0m
[32m[INFO] 2026-08-31 20:16:56,565 [RapidOCR] device_config.py:64: Using GPU device with ID: 0[0m
[32m[INFO] 2026-08-31 20:16:56,567 [RapidOCR] download_file.py:60: File exists and is valid: D:\Work\research\FileX\.venv-ai\Lib\site-packages\rapidocr\models\ch_ptocr_mobile_v2.0_cls_mobile.pth[0m
[32m[INFO] 2026-08-31 20:16:56,567 [RapidOCR] main.py:50: Using D:\Work\research\FileX\.venv-ai\Lib\site-packages\rapidocr\models\ch_ptocr_mobile_v2.0_cls_mobile.pth[0m
[32m[INFO] 2026-08-31 20:16:56,748 [RapidOCR] base.py:23: Using engine_name: torch[0m
[32m[INFO] 2026-08-31 20:16:56,749 [RapidOCR] device_config.py:64: Using GPU device with ID: 0[0m
[32m[INFO] 2026-08-31 20:16:56,767 [RapidOCR] download_file.py:60: File exists and is valid: D:\Work\research\FileX\.venv-ai\Lib\site-packages\rapidocr\models\PP-OCRv6_rec_small.pth[0m
[32m[INFO] 2026-08-31 20:16:56,767 [RapidOCR] main.py:50: Using D:\Work\research\FileX\.venv-ai\Lib\site-packages\rapidocr\models\PP-OCRv6_rec_small.pth[0m
[32m[INFO] 2026-08-31 20:16:57,905 [RapidOCR] base.py:23: Using engine_name: torch[0m
[32m[INFO] 2026-08-31 20:16:57,906 [RapidOCR] device_config.py:64: Using GPU device with ID: 0[0m
[32m[INFO] 2026-08-31 20:16:57,915 [RapidOCR] download_file.py:60: File exists and is valid: D:\Work\research\FileX\.venv-ai\Lib\site-packages\rapidocr\models\PP-OCRv6_det_small.pth[0m
[32m[INFO] 2026-08-31 20:16:57,915 [RapidOCR] main.py:50: Using D:\Work\research\FileX\.venv-ai\Lib\site-packages\rapidocr\models\PP-OCRv6_det_small.pth[0m
[32m[INFO] 2026-08-31 20:16:58,382 [RapidOCR] base.py:23: Using engine_name: torch[0m
[32m[INFO] 2026-08-31 20:16:58,382 [RapidOCR] device_config.py:64: Using GPU device with ID: 0[0m
[32m[INFO] 2026-08-31 20:16:58,384 [RapidOCR] download_file.py:60: File exists and is valid: D:\Work\research\FileX\.venv-ai\Lib\site-packages\rapidocr\models\ch_ptocr_mobile_v2.0_cls_mobile.pth[0m
[32m[INFO] 2026-08-31 20:16:58,384 [RapidOCR] main.py:50: Using D:\Work\research\FileX\.venv-ai\Lib\site-packages\rapidocr\models\ch_ptocr_mobile_v2.0_cls_mobile.pth[0m
[32m[INFO] 2026-08-31 20:16:58,565 [RapidOCR] base.py:23: Using engine_name: torch[0m
[32m[INFO] 2026-08-31 20:16:58,566 [RapidOCR] device_config.py:64: Using GPU device with ID: 0[0m
[32m[INFO] 2026-08-31 20:16:58,584 [RapidOCR] download_file.py:60: File exists and is valid: D:\Work\research\FileX\.venv-ai\Lib\site-packages\rapidocr\models\PP-OCRv6_rec_small.pth[0m
[32m[INFO] 2026-08-31 20:16:58,584 [RapidOCR] main.py:50: Using D:\Work\research\FileX\.venv-ai\Lib\site-packages\rapidocr\models\PP-OCRv6_rec_small.pth[0m
[32m[INFO] 2026-08-31 20:16:59,686 [RapidOCR] base.py:23: Using engine_name: torch[0m
[32m[INFO] 2026-08-31 20:16:59,687 [RapidOCR] device_config.py:64: Using GPU device with ID: 0[0m
[32m[INFO] 2026-08-31 20:16:59,696 [RapidOCR] download_file.py:60: File exists and is valid: D:\Work\research\FileX\.venv-ai\Lib\site-packages\rapidocr\models\PP-OCRv6_det_small.pth[0m
[32m[INFO] 2026-08-31 20:16:59,696 [RapidOCR] main.py:50: Using D:\Work\research\FileX\.venv-ai\Lib\site-packages\rapidocr\models\PP-OCRv6_det_small.pth[0m
[32m[INFO] 2026-08-31 20:16:59,969 [RapidOCR] base.py:23: Using engine_name: torch[0m
[32m[INFO] 2026-08-31 20:16:59,969 [RapidOCR] device_config.py:64: Using GPU device with ID: 0[0m
[32m[INFO] 2026-08-31 20:16:59,970 [RapidOCR] download_file.py:60: File exists and is valid: D:\Work\research\FileX\.venv-ai\Lib\site-packages\rapidocr\models\ch_ptocr_mobile_v2.0_cls_mobile.pth[0m
[32m[INFO] 2026-08-31 20:16:59,971 [RapidOCR] main.py:50: Using D:\Work\research\FileX\.venv-ai\Lib\site-packages\rapidocr\models\ch_ptocr_mobile_v2.0_cls_mobile.pth[0m
[32m[INFO] 2026-08-31 20:17:00,146 [RapidOCR] base.py:23: Using engine_name: torch[0m
[32m[INFO] 2026-08-31 20:17:00,147 [RapidOCR] device_config.py:64: Using GPU device with ID: 0[0m
[32m[INFO] 2026-08-31 20:17:00,165 [RapidOCR] download_file.py:60: File exists and is valid: D:\Work\research\FileX\.venv-ai\Lib\site-packages\rapidocr\models\PP-OCRv6_rec_small.pth[0m
[32m[INFO] 2026-08-31 20:17:00,166 [RapidOCR] main.py:50: Using D:\Work\research\FileX\.venv-ai\Lib\site-packages\rapidocr\models\PP-OCRv6_rec_small.pth[0m
[32m[INFO] 2026-08-31 20:17:01,246 [RapidOCR] base.py:23: Using engine_name: torch[0m
[32m[INFO] 2026-08-31 20:17:01,247 [RapidOCR] device_config.py:64: Using GPU device with ID: 0[0m
[32m[INFO] 2026-08-31 20:17:01,256 [RapidOCR] download_file.py:60: File exists and is valid: D:\Work\research\FileX\.venv-ai\Lib\site-packages\rapidocr\models\PP-OCRv6_det_small.pth[0m
[32m[INFO] 2026-08-31 20:17:01,256 [RapidOCR] main.py:50: Using D:\Work\research\FileX\.venv-ai\Lib\site-packages\rapidocr\models\PP-OCRv6_det_small.pth[0m
[32m[INFO] 2026-08-31 20:17:01,478 [RapidOCR] base.py:23: Using engine_name: torch[0m
[32m[INFO] 2026-08-31 20:17:01,478 [RapidOCR] device_config.py:64: Using GPU device with ID: 0[0m
[32m[INFO] 2026-08-31 20:17:01,480 [RapidOCR] download_file.py:60: File exists and is valid: D:\Work\research\FileX\.venv-ai\Lib\site-packages\rapidocr\models\ch_ptocr_mobile_v2.0_cls_mobile.pth[0m
[32m[INFO] 2026-08-31 20:17:01,480 [RapidOCR] main.py:50: Using D:\Work\research\FileX\.venv-ai\Lib\site-packages\rapidocr\models\ch_ptocr_mobile_v2.0_cls_mobile.pth[0m
[32m[INFO] 2026-08-31 20:17:01,640 [RapidOCR] base.py:23: Using engine_name: torch[0m
[32m[INFO] 2026-08-31 20:17:01,640 [RapidOCR] device_config.py:64: Using GPU device with ID: 0[0m
[32m[INFO] 2026-08-31 20:17:01,657 [RapidOCR] download_file.py:60: File exists and is valid: D:\Work\research\FileX\.venv-ai\Lib\site-packages\rapidocr\models\PP-OCRv6_rec_small.pth[0m
[32m[INFO] 2026-08-31 20:17:01,657 [RapidOCR] main.py:50: Using D:\Work\research\FileX\.venv-ai\Lib\site-packages\rapidocr\models\PP-OCRv6_rec_small.pth[0m
[32m[INFO] 2026-08-31 20:17:02,696 [RapidOCR] base.py:23: Using engine_name: torch[0m
[32m[INFO] 2026-08-31 20:17:02,697 [RapidOCR] device_config.py:64: Using GPU device with ID: 0[0m
[32m[INFO] 2026-08-31 20:17:02,707 [RapidOCR] download_file.py:60: File exists and is valid: D:\Work\research\FileX\.venv-ai\Lib\site-packages\rapidocr\models\PP-OCRv6_det_small.pth[0m
[32m[INFO] 2026-08-31 20:17:02,707 [RapidOCR] main.py:50: Using D:\Work\research\FileX\.venv-ai\Lib\site-packages\rapidocr\models\PP-OCRv6_det_small.pth[0m
[32m[INFO] 2026-08-31 20:17:03,122 [RapidOCR] base.py:23: Using engine_name: torch[0m
[32m[INFO] 2026-08-31 20:17:03,123 [RapidOCR] device_config.py:64: Using GPU device with ID: 0[0m
[32m[INFO] 2026-08-31 20:17:03,124 [RapidOCR] download_file.py:60: File exists and is valid: D:\Work\research\FileX\.venv-ai\Lib\site-packages\rapidocr\models\ch_ptocr_mobile_v2.0_cls_mobile.pth[0m
[32m[INFO] 2026-08-31 20:17:03,124 [RapidOCR] main.py:50: Using D:\Work\research\FileX\.venv-ai\Lib\site-packages\rapidocr\models\ch_ptocr_mobile_v2.0_cls_mobile.pth[0m
[32m[INFO] 2026-08-31 20:17:03,278 [RapidOCR] base.py:23: Using engine_name: torch[0m
[32m[INFO] 2026-08-31 20:17:03,278 [RapidOCR] device_config.py:64: Using GPU device with ID: 0[0m
[32m[INFO] 2026-08-31 20:17:03,296 [RapidOCR] download_file.py:60: File exists and is valid: D:\Work\research\FileX\.venv-ai\Lib\site-packages\rapidocr\models\PP-OCRv6_rec_small.pth[0m
[32m[INFO] 2026-08-31 20:17:03,296 [RapidOCR] main.py:50: Using D:\Work\research\FileX\.venv-ai\Lib\site-packages\rapidocr\models\PP-OCRv6_rec_small.pth[0m
[32m[INFO] 2026-08-31 20:17:04,407 [RapidOCR] base.py:23: Using engine_name: torch[0m
[32m[INFO] 2026-08-31 20:17:04,407 [RapidOCR] device_config.py:64: Using GPU device with ID: 0[0m
[32m[INFO] 2026-08-31 20:17:04,416 [RapidOCR] download_file.py:60: File exists and is valid: D:\Work\research\FileX\.venv-ai\Lib\site-packages\rapidocr\models\PP-OCRv6_det_small.pth[0m
[32m[INFO] 2026-08-31 20:17:04,417 [RapidOCR] main.py:50: Using D:\Work\research\FileX\.venv-ai\Lib\site-packages\rapidocr\models\PP-OCRv6_det_small.pth[0m
[32m[INFO] 2026-08-31 20:17:04,680 [RapidOCR] base.py:23: Using engine_name: torch[0m
[32m[INFO] 2026-08-31 20:17:04,681 [RapidOCR] device_config.py:64: Using GPU device with ID: 0[0m
[32m[INFO] 2026-08-31 20:17:04,682 [RapidOCR] download_file.py:60: File exists and is valid: D:\Work\research\FileX\.venv-ai\Lib\site-packages\rapidocr\models\ch_ptocr_mobile_v2.0_cls_mobile.pth[0m
[32m[INFO] 2026-08-31 20:17:04,682 [RapidOCR] main.py:50: Using D:\Work\research\FileX\.venv-ai\Lib\site-packages\rapidocr\models\ch_ptocr_mobile_v2.0_cls_mobile.pth[0m
[32m[INFO] 2026-08-31 20:17:04,840 [RapidOCR] base.py:23: Using engine_name: torch[0m
[32m[INFO] 2026-08-31 20:17:04,840 [RapidOCR] device_config.py:64: Using GPU device with ID: 0[0m
[32m[INFO] 2026-08-31 20:17:04,856 [RapidOCR] download_file.py:60: File exists and is valid: D:\Work\research\FileX\.venv-ai\Lib\site-packages\rapidocr\models\PP-OCRv6_rec_small.pth[0m
[32m[INFO] 2026-08-31 20:17:04,856 [RapidOCR] main.py:50: Using D:\Work\research\FileX\.venv-ai\Lib\site-packages\rapidocr\models\PP-OCRv6_rec_small.pth[0m
[32m[INFO] 2026-08-31 20:17:05,881 [RapidOCR] base.py:23: Using engine_name: torch[0m
[32m[INFO] 2026-08-31 20:17:05,881 [RapidOCR] device_config.py:64: Using GPU device with ID: 0[0m
[32m[INFO] 2026-08-31 20:17:05,889 [RapidOCR] download_file.py:60: File exists and is valid: D:\Work\research\FileX\.venv-ai\Lib\site-packages\rapidocr\models\PP-OCRv6_det_small.pth[0m
[32m[INFO] 2026-08-31 20:17:05,889 [RapidOCR] main.py:50: Using D:\Work\research\FileX\.venv-ai\Lib\site-packages\rapidocr\models\PP-OCRv6_det_small.pth[0m
[32m[INFO] 2026-08-31 20:17:06,129 [RapidOCR] base.py:23: Using engine_name: torch[0m
[32m[INFO] 2026-08-31 20:17:06,130 [RapidOCR] device_config.py:64: Using GPU device with ID: 0[0m
[32m[INFO] 2026-08-31 20:17:06,131 [RapidOCR] download_file.py:60: File exists and is valid: D:\Work\research\FileX\.venv-ai\Lib\site-packages\rapidocr\models\ch_ptocr_mobile_v2.0_cls_mobile.pth[0m
[32m[INFO] 2026-08-31 20:17:06,131 [RapidOCR] main.py:50: Using D:\Work\research\FileX\.venv-ai\Lib\site-packages\rapidocr\models\ch_ptocr_mobile_v2.0_cls_mobile.pth[0m
[32m[INFO] 2026-08-31 20:17:06,296 [RapidOCR] base.py:23: Using engine_name: torch[0m
[32m[INFO] 2026-08-31 20:17:06,297 [RapidOCR] device_config.py:64: Using GPU device with ID: 0[0m
[32m[INFO] 2026-08-31 20:17:06,316 [RapidOCR] download_file.py:60: File exists and is valid: D:\Work\research\FileX\.venv-ai\Lib\site-packages\rapidocr\models\PP-OCRv6_rec_small.pth[0m
[32m[INFO] 2026-08-31 20:17:06,316 [RapidOCR] main.py:50: Using D:\Work\research\FileX\.venv-ai\Lib\site-packages\rapidocr\models\PP-OCRv6_rec_small.pth[0m
[32m[INFO] 2026-08-31 20:17:07,355 [RapidOCR] base.py:23: Using engine_name: torch[0m
[32m[INFO] 2026-08-31 20:17:07,356 [RapidOCR] device_config.py:64: Using GPU device with ID: 0[0m
[32m[INFO] 2026-08-31 20:17:07,365 [RapidOCR] download_file.py:60: File exists and is valid: D:\Work\research\FileX\.venv-ai\Lib\site-packages\rapidocr\models\PP-OCRv6_det_small.pth[0m
[32m[INFO] 2026-08-31 20:17:07,365 [RapidOCR] main.py:50: Using D:\Work\research\FileX\.venv-ai\Lib\site-packages\rapidocr\models\PP-OCRv6_det_small.pth[0m
[32m[INFO] 2026-08-31 20:17:07,612 [RapidOCR] base.py:23: Using engine_name: torch[0m
[32m[INFO] 2026-08-31 20:17:07,613 [RapidOCR] device_config.py:64: Using GPU device with ID: 0[0m
[32m[INFO] 2026-08-31 20:17:07,614 [RapidOCR] download_file.py:60: File exists and is valid: D:\Work\research\FileX\.venv-ai\Lib\site-packages\rapidocr\models\ch_ptocr_mobile_v2.0_cls_mobile.pth[0m
[32m[INFO] 2026-08-31 20:17:07,614 [RapidOCR] main.py:50: Using D:\Work\research\FileX\.venv-ai\Lib\site-packages\rapidocr\models\ch_ptocr_mobile_v2.0_cls_mobile.pth[0m
[32m[INFO] 2026-08-31 20:17:07,934 [RapidOCR] base.py:23: Using engine_name: torch[0m
[32m[INFO] 2026-08-31 20:17:07,934 [RapidOCR] device_config.py:64: Using GPU device with ID: 0[0m
[32m[INFO] 2026-08-31 20:17:07,953 [RapidOCR] download_file.py:60: File exists and is valid: D:\Work\research\FileX\.venv-ai\Lib\site-packages\rapidocr\models\PP-OCRv6_rec_small.pth[0m
[32m[INFO] 2026-08-31 20:17:07,953 [RapidOCR] main.py:50: Using D:\Work\research\FileX\.venv-ai\Lib\site-packages\rapidocr\models\PP-OCRv6_rec_small.pth[0m
[32m[INFO] 2026-08-31 20:17:09,121 [RapidOCR] base.py:23: Using engine_name: torch[0m
[32m[INFO] 2026-08-31 20:17:09,121 [RapidOCR] device_config.py:64: Using GPU device with ID: 0[0m
[32m[INFO] 2026-08-31 20:17:09,131 [RapidOCR] download_file.py:60: File exists and is valid: D:\Work\research\FileX\.venv-ai\Lib\site-packages\rapidocr\models\PP-OCRv6_det_small.pth[0m
[32m[INFO] 2026-08-31 20:17:09,131 [RapidOCR] main.py:50: Using D:\Work\research\FileX\.venv-ai\Lib\site-packages\rapidocr\models\PP-OCRv6_det_small.pth[0m
[32m[INFO] 2026-08-31 20:17:09,382 [RapidOCR] base.py:23: Using engine_name: torch[0m
[32m[INFO] 2026-08-31 20:17:09,383 [RapidOCR] device_config.py:64: Using GPU device with ID: 0[0m
[32m[INFO] 2026-08-31 20:17:09,384 [RapidOCR] download_file.py:60: File exists and is valid: D:\Work\research\FileX\.venv-ai\Lib\site-packages\rapidocr\models\ch_ptocr_mobile_v2.0_cls_mobile.pth[0m
[32m[INFO] 2026-08-31 20:17:09,384 [RapidOCR] main.py:50: Using D:\Work\research\FileX\.venv-ai\Lib\site-packages\rapidocr\models\ch_ptocr_mobile_v2.0_cls_mobile.pth[0m
[32m[INFO] 2026-08-31 20:17:09,543 [RapidOCR] base.py:23: Using engine_name: torch[0m
[32m[INFO] 2026-08-31 20:17:09,543 [RapidOCR] device_config.py:64: Using GPU device with ID: 0[0m
[32m[INFO] 2026-08-31 20:17:09,560 [RapidOCR] download_file.py:60: File exists and is valid: D:\Work\research\FileX\.venv-ai\Lib\site-packages\rapidocr\models\PP-OCRv6_rec_small.pth[0m
[32m[INFO] 2026-08-31 20:17:09,560 [RapidOCR] main.py:50: Using D:\Work\research\FileX\.venv-ai\Lib\site-packages\rapidocr\models\PP-OCRv6_rec_small.pth[0m
[32m[INFO] 2026-08-31 20:17:10,584 [RapidOCR] base.py:23: Using engine_name: torch[0m
[32m[INFO] 2026-08-31 20:17:10,585 [RapidOCR] device_config.py:64: Using GPU device with ID: 0[0m
[32m[INFO] 2026-08-31 20:17:10,594 [RapidOCR] download_file.py:60: File exists and is valid: D:\Work\research\FileX\.venv-ai\Lib\site-packages\rapidocr\models\PP-OCRv6_det_small.pth[0m
[32m[INFO] 2026-08-31 20:17:10,594 [RapidOCR] main.py:50: Using D:\Work\research\FileX\.venv-ai\Lib\site-packages\rapidocr\models\PP-OCRv6_det_small.pth[0m
[32m[INFO] 2026-08-31 20:17:10,903 [RapidOCR] base.py:23: Using engine_name: torch[0m
[32m[INFO] 2026-08-31 20:17:10,903 [RapidOCR] device_config.py:64: Using GPU device with ID: 0[0m
[32m[INFO] 2026-08-31 20:17:10,905 [RapidOCR] download_file.py:60: File exists and is valid: D:\Work\research\FileX\.venv-ai\Lib\site-packages\rapidocr\models\ch_ptocr_mobile_v2.0_cls_mobile.pth[0m
[32m[INFO] 2026-08-31 20:17:10,905 [RapidOCR] main.py:50: Using D:\Work\research\FileX\.venv-ai\Lib\site-packages\rapidocr\models\ch_ptocr_mobile_v2.0_cls_mobile.pth[0m
[32m[INFO] 2026-08-31 20:17:11,063 [RapidOCR] base.py:23: Using engine_name: torch[0m
[32m[INFO] 2026-08-31 20:17:11,064 [RapidOCR] device_config.py:64: Using GPU device with ID: 0[0m
[32m[INFO] 2026-08-31 20:17:11,081 [RapidOCR] download_file.py:60: File exists and is valid: D:\Work\research\FileX\.venv-ai\Lib\site-packages\rapidocr\models\PP-OCRv6_rec_small.pth[0m
[32m[INFO] 2026-08-31 20:17:11,081 [RapidOCR] main.py:50: Using D:\Work\research\FileX\.venv-ai\Lib\site-packages\rapidocr\models\PP-OCRv6_rec_small.pth[0m
{"config": "docling-r6", "doc": "escaneado_d5b", "ppp_nativo": 60, "ppp": 135, "factor": 2.25, "png": "ppp135__escaneado_d5b.png", "png_identify": "873x1195 53.140000000000000568,53.149999999999998579 PixelsPerCentimeter", "preflight": {"vram_libre_mib": 8528, "mpx_actual": 1.043, "mpx_pendiente_ordenada": 0}, "entrada": "PDF via Docling; scale explicita", "dispositivo": "GPU CUDA", "rc": [1, 1, 1, 1, 1, 1, 1, 1, 1], "error": ["FileNotFoundError: [WinError 3] El sistema no puede encontrar la ruta especificada: '\\\\\\\\?\\\\\\\\wsl.localhost\\\\Ubuntu\\\\'", "FileNotFoundError: [WinError 3] El sistema no puede encontrar la ruta especificada: '\\\\\\\\?\\\\\\\\wsl.localhost\\\\Ubuntu\\\\'", "FileNotFoundError: [WinError 3] El sistema no puede encontrar la ruta especificada: '\\\\\\\\?\\\\\\\\wsl.localhost\\\\Ubuntu\\\\'", "FileNotFoundError: [WinError 3] El sistema no puede encontrar la ruta especificada: '\\\\\\\\?\\\\\\\\wsl.localhost\\\\Ubuntu\\\\'", "FileNotFoundError: [WinError 3] El sistema no puede encontrar la ruta especificada: '\\\\\\\\?\\\\\\\\wsl.localhost\\\\Ubuntu\\\\'", "FileNotFoundError: [WinError 3] El sistema no puede encontrar la ruta especificada: '\\\\\\\\?\\\\\\\\wsl.localhost\\\\Ubuntu\\\\'", "FileNotFoundError: [WinError 3] El sistema no puede encontrar la ruta especificada: '\\\\\\\\?\\\\\\\\wsl.localhost\\\\Ubuntu\\\\'", "FileNotFoundError: [WinError 3] El sistema no puede encontrar la ruta especificada: '\\\\\\\\?\\\\\\\\wsl.localhost\\\\Ubuntu\\\\'", "FileNotFoundError: [WinError 3] El sistema no puede encontrar la ruta especificada: '\\\\\\\\?\\\\\\\\wsl.localhost\\\\Ubuntu\\\\'"], "n": 9, "ms_mediana": 1564.9, "determinista": true, "metrica": "acentos", "cer_pct": 100.0, "cer_acentos_pct": 100.0, "cer_ciego_pct": 100.0, "dist_acentos": 596, "texto": "docling-r6__ppp135__escaneado_d5b.txt"}
[32m[INFO] 2026-08-31 20:17:12,374 [RapidOCR] base.py:23: Using engine_name: torch[0m
[32m[INFO] 2026-08-31 20:17:12,374 [RapidOCR] device_config.py:64: Using GPU device with ID: 0[0m
[32m[INFO] 2026-08-31 20:17:12,384 [RapidOCR] download_file.py:60: File exists and is valid: D:\Work\research\FileX\.venv-ai\Lib\site-packages\rapidocr\models\PP-OCRv6_det_small.pth[0m
[32m[INFO] 2026-08-31 20:17:12,384 [RapidOCR] main.py:50: Using D:\Work\research\FileX\.venv-ai\Lib\site-packages\rapidocr\models\PP-OCRv6_det_small.pth[0m
[32m[INFO] 2026-08-31 20:17:12,660 [RapidOCR] base.py:23: Using engine_name: torch[0m
[32m[INFO] 2026-08-31 20:17:12,661 [RapidOCR] device_config.py:64: Using GPU device with ID: 0[0m
[32m[INFO] 2026-08-31 20:17:12,662 [RapidOCR] download_file.py:60: File exists and is valid: D:\Work\research\FileX\.venv-ai\Lib\site-packages\rapidocr\models\ch_ptocr_mobile_v2.0_cls_mobile.pth[0m
[32m[INFO] 2026-08-31 20:17:12,662 [RapidOCR] main.py:50: Using D:\Work\research\FileX\.venv-ai\Lib\site-packages\rapidocr\models\ch_ptocr_mobile_v2.0_cls_mobile.pth[0m
[32m[INFO] 2026-08-31 20:17:12,818 [RapidOCR] base.py:23: Using engine_name: torch[0m
[32m[INFO] 2026-08-31 20:17:12,819 [RapidOCR] device_config.py:64: Using GPU device with ID: 0[0m
[32m[INFO] 2026-08-31 20:17:12,836 [RapidOCR] download_file.py:60: File exists and is valid: D:\Work\research\FileX\.venv-ai\Lib\site-packages\rapidocr\models\PP-OCRv6_rec_small.pth[0m
[32m[INFO] 2026-08-31 20:17:12,836 [RapidOCR] main.py:50: Using D:\Work\research\FileX\.venv-ai\Lib\site-packages\rapidocr\models\PP-OCRv6_rec_small.pth[0m
[32m[INFO] 2026-08-31 20:17:14,046 [RapidOCR] base.py:23: Using engine_name: torch[0m
[32m[INFO] 2026-08-31 20:17:14,047 [RapidOCR] device_config.py:64: Using GPU device with ID: 0[0m
[32m[INFO] 2026-08-31 20:17:14,056 [RapidOCR] download_file.py:60: File exists and is valid: D:\Work\research\FileX\.venv-ai\Lib\site-packages\rapidocr\models\PP-OCRv6_det_small.pth[0m
[32m[INFO] 2026-08-31 20:17:14,057 [RapidOCR] main.py:50: Using D:\Work\research\FileX\.venv-ai\Lib\site-packages\rapidocr\models\PP-OCRv6_det_small.pth[0m
[32m[INFO] 2026-08-31 20:17:14,281 [RapidOCR] base.py:23: Using engine_name: torch[0m
[32m[INFO] 2026-08-31 20:17:14,282 [RapidOCR] device_config.py:64: Using GPU device with ID: 0[0m
[32m[INFO] 2026-08-31 20:17:14,283 [RapidOCR] download_file.py:60: File exists and is valid: D:\Work\research\FileX\.venv-ai\Lib\site-packages\rapidocr\models\ch_ptocr_mobile_v2.0_cls_mobile.pth[0m
[32m[INFO] 2026-08-31 20:17:14,283 [RapidOCR] main.py:50: Using D:\Work\research\FileX\.venv-ai\Lib\site-packages\rapidocr\models\ch_ptocr_mobile_v2.0_cls_mobile.pth[0m
[32m[INFO] 2026-08-31 20:17:14,427 [RapidOCR] base.py:23: Using engine_name: torch[0m
[32m[INFO] 2026-08-31 20:17:14,427 [RapidOCR] device_config.py:64: Using GPU device with ID: 0[0m
[32m[INFO] 2026-08-31 20:17:14,447 [RapidOCR] download_file.py:60: File exists and is valid: D:\Work\research\FileX\.venv-ai\Lib\site-packages\rapidocr\models\PP-OCRv6_rec_small.pth[0m
[32m[INFO] 2026-08-31 20:17:14,447 [RapidOCR] main.py:50: Using D:\Work\research\FileX\.venv-ai\Lib\site-packages\rapidocr\models\PP-OCRv6_rec_small.pth[0m
[32m[INFO] 2026-08-31 20:17:15,546 [RapidOCR] base.py:23: Using engine_name: torch[0m
[32m[INFO] 2026-08-31 20:17:15,547 [RapidOCR] device_config.py:64: Using GPU device with ID: 0[0m
[32m[INFO] 2026-08-31 20:17:15,556 [RapidOCR] download_file.py:60: File exists and is valid: D:\Work\research\FileX\.venv-ai\Lib\site-packages\rapidocr\models\PP-OCRv6_det_small.pth[0m
[32m[INFO] 2026-08-31 20:17:15,556 [RapidOCR] main.py:50: Using D:\Work\research\FileX\.venv-ai\Lib\site-packages\rapidocr\models\PP-OCRv6_det_small.pth[0m
[32m[INFO] 2026-08-31 20:17:15,836 [RapidOCR] base.py:23: Using engine_name: torch[0m
[32m[INFO] 2026-08-31 20:17:15,836 [RapidOCR] device_config.py:64: Using GPU device with ID: 0[0m
[32m[INFO] 2026-08-31 20:17:15,838 [RapidOCR] download_file.py:60: File exists and is valid: D:\Work\research\FileX\.venv-ai\Lib\site-packages\rapidocr\models\ch_ptocr_mobile_v2.0_cls_mobile.pth[0m
[32m[INFO] 2026-08-31 20:17:15,838 [RapidOCR] main.py:50: Using D:\Work\research\FileX\.venv-ai\Lib\site-packages\rapidocr\models\ch_ptocr_mobile_v2.0_cls_mobile.pth[0m
[32m[INFO] 2026-08-31 20:17:15,997 [RapidOCR] base.py:23: Using engine_name: torch[0m
[32m[INFO] 2026-08-31 20:17:15,997 [RapidOCR] device_config.py:64: Using GPU device with ID: 0[0m
[32m[INFO] 2026-08-31 20:17:16,016 [RapidOCR] download_file.py:60: File exists and is valid: D:\Work\research\FileX\.venv-ai\Lib\site-packages\rapidocr\models\PP-OCRv6_rec_small.pth[0m
[32m[INFO] 2026-08-31 20:17:16,017 [RapidOCR] main.py:50: Using D:\Work\research\FileX\.venv-ai\Lib\site-packages\rapidocr\models\PP-OCRv6_rec_small.pth[0m
[32m[INFO] 2026-08-31 20:17:17,155 [RapidOCR] base.py:23: Using engine_name: torch[0m
[32m[INFO] 2026-08-31 20:17:17,156 [RapidOCR] device_config.py:64: Using GPU device with ID: 0[0m
[32m[INFO] 2026-08-31 20:17:17,167 [RapidOCR] download_file.py:60: File exists and is valid: D:\Work\research\FileX\.venv-ai\Lib\site-packages\rapidocr\models\PP-OCRv6_det_small.pth[0m
[32m[INFO] 2026-08-31 20:17:17,167 [RapidOCR] main.py:50: Using D:\Work\research\FileX\.venv-ai\Lib\site-packages\rapidocr\models\PP-OCRv6_det_small.pth[0m
[32m[INFO] 2026-08-31 20:17:17,433 [RapidOCR] base.py:23: Using engine_name: torch[0m
[32m[INFO] 2026-08-31 20:17:17,434 [RapidOCR] device_config.py:64: Using GPU device with ID: 0[0m
[32m[INFO] 2026-08-31 20:17:17,435 [RapidOCR] download_file.py:60: File exists and is valid: D:\Work\research\FileX\.venv-ai\Lib\site-packages\rapidocr\models\ch_ptocr_mobile_v2.0_cls_mobile.pth[0m
[32m[INFO] 2026-08-31 20:17:17,435 [RapidOCR] main.py:50: Using D:\Work\research\FileX\.venv-ai\Lib\site-packages\rapidocr\models\ch_ptocr_mobile_v2.0_cls_mobile.pth[0m
[32m[INFO] 2026-08-31 20:17:17,608 [RapidOCR] base.py:23: Using engine_name: torch[0m
[32m[INFO] 2026-08-31 20:17:17,608 [RapidOCR] device_config.py:64: Using GPU device with ID: 0[0m
[32m[INFO] 2026-08-31 20:17:17,628 [RapidOCR] download_file.py:60: File exists and is valid: D:\Work\research\FileX\.venv-ai\Lib\site-packages\rapidocr\models\PP-OCRv6_rec_small.pth[0m
[32m[INFO] 2026-08-31 20:17:17,628 [RapidOCR] main.py:50: Using D:\Work\research\FileX\.venv-ai\Lib\site-packages\rapidocr\models\PP-OCRv6_rec_small.pth[0m
[32m[INFO] 2026-08-31 20:17:19,160 [RapidOCR] base.py:23: Using engine_name: torch[0m
[32m[INFO] 2026-08-31 20:17:19,162 [RapidOCR] device_config.py:64: Using GPU device with ID: 0[0m
[32m[INFO] 2026-08-31 20:17:19,174 [RapidOCR] download_file.py:60: File exists and is valid: D:\Work\research\FileX\.venv-ai\Lib\site-packages\rapidocr\models\PP-OCRv6_det_small.pth[0m
[32m[INFO] 2026-08-31 20:17:19,175 [RapidOCR] main.py:50: Using D:\Work\research\FileX\.venv-ai\Lib\site-packages\rapidocr\models\PP-OCRv6_det_small.pth[0m
[32m[INFO] 2026-08-31 20:17:19,479 [RapidOCR] base.py:23: Using engine_name: torch[0m
[32m[INFO] 2026-08-31 20:17:19,480 [RapidOCR] device_config.py:64: Using GPU device with ID: 0[0m
[32m[INFO] 2026-08-31 20:17:19,481 [RapidOCR] download_file.py:60: File exists and is valid: D:\Work\research\FileX\.venv-ai\Lib\site-packages\rapidocr\models\ch_ptocr_mobile_v2.0_cls_mobile.pth[0m
[32m[INFO] 2026-08-31 20:17:19,481 [RapidOCR] main.py:50: Using D:\Work\research\FileX\.venv-ai\Lib\site-packages\rapidocr\models\ch_ptocr_mobile_v2.0_cls_mobile.pth[0m
[32m[INFO] 2026-08-31 20:17:19,652 [RapidOCR] base.py:23: Using engine_name: torch[0m
[32m[INFO] 2026-08-31 20:17:19,652 [RapidOCR] device_config.py:64: Using GPU device with ID: 0[0m
[32m[INFO] 2026-08-31 20:17:19,673 [RapidOCR] download_file.py:60: File exists and is valid: D:\Work\research\FileX\.venv-ai\Lib\site-packages\rapidocr\models\PP-OCRv6_rec_small.pth[0m
[32m[INFO] 2026-08-31 20:17:19,673 [RapidOCR] main.py:50: Using D:\Work\research\FileX\.venv-ai\Lib\site-packages\rapidocr\models\PP-OCRv6_rec_small.pth[0m
[32m[INFO] 2026-08-31 20:17:20,946 [RapidOCR] base.py:23: Using engine_name: torch[0m
[32m[INFO] 2026-08-31 20:17:20,946 [RapidOCR] device_config.py:64: Using GPU device with ID: 0[0m
[32m[INFO] 2026-08-31 20:17:20,958 [RapidOCR] download_file.py:60: File exists and is valid: D:\Work\research\FileX\.venv-ai\Lib\site-packages\rapidocr\models\PP-OCRv6_det_small.pth[0m
[32m[INFO] 2026-08-31 20:17:20,959 [RapidOCR] main.py:50: Using D:\Work\research\FileX\.venv-ai\Lib\site-packages\rapidocr\models\PP-OCRv6_det_small.pth[0m
[32m[INFO] 2026-08-31 20:17:21,209 [RapidOCR] base.py:23: Using engine_name: torch[0m
[32m[INFO] 2026-08-31 20:17:21,210 [RapidOCR] device_config.py:64: Using GPU device with ID: 0[0m
[32m[INFO] 2026-08-31 20:17:21,211 [RapidOCR] download_file.py:60: File exists and is valid: D:\Work\research\FileX\.venv-ai\Lib\site-packages\rapidocr\models\ch_ptocr_mobile_v2.0_cls_mobile.pth[0m
[32m[INFO] 2026-08-31 20:17:21,211 [RapidOCR] main.py:50: Using D:\Work\research\FileX\.venv-ai\Lib\site-packages\rapidocr\models\ch_ptocr_mobile_v2.0_cls_mobile.pth[0m
[32m[INFO] 2026-08-31 20:17:21,378 [RapidOCR] base.py:23: Using engine_name: torch[0m
[32m[INFO] 2026-08-31 20:17:21,379 [RapidOCR] device_config.py:64: Using GPU device with ID: 0[0m
[32m[INFO] 2026-08-31 20:17:21,402 [RapidOCR] download_file.py:60: File exists and is valid: D:\Work\research\FileX\.venv-ai\Lib\site-packages\rapidocr\models\PP-OCRv6_rec_small.pth[0m
[32m[INFO] 2026-08-31 20:17:21,402 [RapidOCR] main.py:50: Using D:\Work\research\FileX\.venv-ai\Lib\site-packages\rapidocr\models\PP-OCRv6_rec_small.pth[0m
[32m[INFO] 2026-08-31 20:17:22,548 [RapidOCR] base.py:23: Using engine_name: torch[0m
[32m[INFO] 2026-08-31 20:17:22,549 [RapidOCR] device_config.py:64: Using GPU device with ID: 0[0m
[32m[INFO] 2026-08-31 20:17:22,559 [RapidOCR] download_file.py:60: File exists and is valid: D:\Work\research\FileX\.venv-ai\Lib\site-packages\rapidocr\models\PP-OCRv6_det_small.pth[0m
[32m[INFO] 2026-08-31 20:17:22,559 [RapidOCR] main.py:50: Using D:\Work\research\FileX\.venv-ai\Lib\site-packages\rapidocr\models\PP-OCRv6_det_small.pth[0m
[32m[INFO] 2026-08-31 20:17:22,796 [RapidOCR] base.py:23: Using engine_name: torch[0m
[32m[INFO] 2026-08-31 20:17:22,797 [RapidOCR] device_config.py:64: Using GPU device with ID: 0[0m
[32m[INFO] 2026-08-31 20:17:22,799 [RapidOCR] download_file.py:60: File exists and is valid: D:\Work\research\FileX\.venv-ai\Lib\site-packages\rapidocr\models\ch_ptocr_mobile_v2.0_cls_mobile.pth[0m
[32m[INFO] 2026-08-31 20:17:22,799 [RapidOCR] main.py:50: Using D:\Work\research\FileX\.venv-ai\Lib\site-packages\rapidocr\models\ch_ptocr_mobile_v2.0_cls_mobile.pth[0m
[32m[INFO] 2026-08-31 20:17:22,975 [RapidOCR] base.py:23: Using engine_name: torch[0m
[32m[INFO] 2026-08-31 20:17:22,976 [RapidOCR] device_config.py:64: Using GPU device with ID: 0[0m
[32m[INFO] 2026-08-31 20:17:22,995 [RapidOCR] download_file.py:60: File exists and is valid: D:\Work\research\FileX\.venv-ai\Lib\site-packages\rapidocr\models\PP-OCRv6_rec_small.pth[0m
[32m[INFO] 2026-08-31 20:17:22,995 [RapidOCR] main.py:50: Using D:\Work\research\FileX\.venv-ai\Lib\site-packages\rapidocr\models\PP-OCRv6_rec_small.pth[0m
[32m[INFO] 2026-08-31 20:17:24,459 [RapidOCR] base.py:23: Using engine_name: torch[0m
[32m[INFO] 2026-08-31 20:17:24,460 [RapidOCR] device_config.py:64: Using GPU device with ID: 0[0m
[32m[INFO] 2026-08-31 20:17:24,471 [RapidOCR] download_file.py:60: File exists and is valid: D:\Work\research\FileX\.venv-ai\Lib\site-packages\rapidocr\models\PP-OCRv6_det_small.pth[0m
[32m[INFO] 2026-08-31 20:17:24,471 [RapidOCR] main.py:50: Using D:\Work\research\FileX\.venv-ai\Lib\site-packages\rapidocr\models\PP-OCRv6_det_small.pth[0m
[32m[INFO] 2026-08-31 20:17:24,733 [RapidOCR] base.py:23: Using engine_name: torch[0m
[32m[INFO] 2026-08-31 20:17:24,734 [RapidOCR] device_config.py:64: Using GPU device with ID: 0[0m
[32m[INFO] 2026-08-31 20:17:24,735 [RapidOCR] download_file.py:60: File exists and is valid: D:\Work\research\FileX\.venv-ai\Lib\site-packages\rapidocr\models\ch_ptocr_mobile_v2.0_cls_mobile.pth[0m
[32m[INFO] 2026-08-31 20:17:24,735 [RapidOCR] main.py:50: Using D:\Work\research\FileX\.venv-ai\Lib\site-packages\rapidocr\models\ch_ptocr_mobile_v2.0_cls_mobile.pth[0m
[32m[INFO] 2026-08-31 20:17:24,905 [RapidOCR] base.py:23: Using engine_name: torch[0m
[32m[INFO] 2026-08-31 20:17:24,906 [RapidOCR] device_config.py:64: Using GPU device with ID: 0[0m
[32m[INFO] 2026-08-31 20:17:24,927 [RapidOCR] download_file.py:60: File exists and is valid: D:\Work\research\FileX\.venv-ai\Lib\site-packages\rapidocr\models\PP-OCRv6_rec_small.pth[0m
[32m[INFO] 2026-08-31 20:17:24,927 [RapidOCR] main.py:50: Using D:\Work\research\FileX\.venv-ai\Lib\site-packages\rapidocr\models\PP-OCRv6_rec_small.pth[0m
[32m[INFO] 2026-08-31 20:17:26,105 [RapidOCR] base.py:23: Using engine_name: torch[0m
[32m[INFO] 2026-08-31 20:17:26,106 [RapidOCR] device_config.py:64: Using GPU device with ID: 0[0m
[32m[INFO] 2026-08-31 20:17:26,117 [RapidOCR] download_file.py:60: File exists and is valid: D:\Work\research\FileX\.venv-ai\Lib\site-packages\rapidocr\models\PP-OCRv6_det_small.pth[0m
[32m[INFO] 2026-08-31 20:17:26,117 [RapidOCR] main.py:50: Using D:\Work\research\FileX\.venv-ai\Lib\site-packages\rapidocr\models\PP-OCRv6_det_small.pth[0m
[32m[INFO] 2026-08-31 20:17:26,385 [RapidOCR] base.py:23: Using engine_name: torch[0m
[32m[INFO] 2026-08-31 20:17:26,386 [RapidOCR] device_config.py:64: Using GPU device with ID: 0[0m
[32m[INFO] 2026-08-31 20:17:26,388 [RapidOCR] download_file.py:60: File exists and is valid: D:\Work\research\FileX\.venv-ai\Lib\site-packages\rapidocr\models\ch_ptocr_mobile_v2.0_cls_mobile.pth[0m
[32m[INFO] 2026-08-31 20:17:26,388 [RapidOCR] main.py:50: Using D:\Work\research\FileX\.venv-ai\Lib\site-packages\rapidocr\models\ch_ptocr_mobile_v2.0_cls_mobile.pth[0m
[32m[INFO] 2026-08-31 20:17:26,660 [RapidOCR] base.py:23: Using engine_name: torch[0m
[32m[INFO] 2026-08-31 20:17:26,661 [RapidOCR] device_config.py:64: Using GPU device with ID: 0[0m
[32m[INFO] 2026-08-31 20:17:26,683 [RapidOCR] download_file.py:60: File exists and is valid: D:\Work\research\FileX\.venv-ai\Lib\site-packages\rapidocr\models\PP-OCRv6_rec_small.pth[0m
[32m[INFO] 2026-08-31 20:17:26,684 [RapidOCR] main.py:50: Using D:\Work\research\FileX\.venv-ai\Lib\site-packages\rapidocr\models\PP-OCRv6_rec_small.pth[0m
[32m[INFO] 2026-08-31 20:17:27,813 [RapidOCR] base.py:23: Using engine_name: torch[0m
[32m[INFO] 2026-08-31 20:17:27,813 [RapidOCR] device_config.py:64: Using GPU device with ID: 0[0m
[32m[INFO] 2026-08-31 20:17:27,824 [RapidOCR] download_file.py:60: File exists and is valid: D:\Work\research\FileX\.venv-ai\Lib\site-packages\rapidocr\models\PP-OCRv6_det_small.pth[0m
[32m[INFO] 2026-08-31 20:17:27,825 [RapidOCR] main.py:50: Using D:\Work\research\FileX\.venv-ai\Lib\site-packages\rapidocr\models\PP-OCRv6_det_small.pth[0m
[32m[INFO] 2026-08-31 20:17:28,091 [RapidOCR] base.py:23: Using engine_name: torch[0m
[32m[INFO] 2026-08-31 20:17:28,091 [RapidOCR] device_config.py:64: Using GPU device with ID: 0[0m
[32m[INFO] 2026-08-31 20:17:28,094 [RapidOCR] download_file.py:60: File exists and is valid: D:\Work\research\FileX\.venv-ai\Lib\site-packages\rapidocr\models\ch_ptocr_mobile_v2.0_cls_mobile.pth[0m
[32m[INFO] 2026-08-31 20:17:28,094 [RapidOCR] main.py:50: Using D:\Work\research\FileX\.venv-ai\Lib\site-packages\rapidocr\models\ch_ptocr_mobile_v2.0_cls_mobile.pth[0m
[32m[INFO] 2026-08-31 20:17:28,277 [RapidOCR] base.py:23: Using engine_name: torch[0m
[32m[INFO] 2026-08-31 20:17:28,278 [RapidOCR] device_config.py:64: Using GPU device with ID: 0[0m
[32m[INFO] 2026-08-31 20:17:28,299 [RapidOCR] download_file.py:60: File exists and is valid: D:\Work\research\FileX\.venv-ai\Lib\site-packages\rapidocr\models\PP-OCRv6_rec_small.pth[0m
[32m[INFO] 2026-08-31 20:17:28,300 [RapidOCR] main.py:50: Using D:\Work\research\FileX\.venv-ai\Lib\site-packages\rapidocr\models\PP-OCRv6_rec_small.pth[0m
{"config": "docling-r6", "doc": "escaneado_d5b", "ppp_nativo": 60, "ppp": 140, "factor": 2.333, "png": "ppp140__escaneado_d5b.png", "png_identify": "905x1239 55.109999999999999432,55.119999999999997442 PixelsPerCentimeter", "preflight": {"vram_libre_mib": 8509, "mpx_actual": 1.121, "mpx_pendiente_ordenada": 0}, "entrada": "PDF via Docling; scale explicita", "dispositivo": "GPU CUDA", "rc": [1, 1, 1, 1, 1, 1, 1, 1, 1], "error": ["FileNotFoundError: [WinError 3] El sistema no puede encontrar la ruta especificada: '\\\\\\\\?\\\\\\\\wsl.localhost\\\\Ubuntu\\\\'", "FileNotFoundError: [WinError 3] El sistema no puede encontrar la ruta especificada: '\\\\\\\\?\\\\\\\\wsl.localhost\\\\Ubuntu\\\\'", "FileNotFoundError: [WinError 3] El sistema no puede encontrar la ruta especificada: '\\\\\\\\?\\\\\\\\wsl.localhost\\\\Ubuntu\\\\'", "FileNotFoundError: [WinError 3] El sistema no puede encontrar la ruta especificada: '\\\\\\\\?\\\\\\\\wsl.localhost\\\\Ubuntu\\\\'", "FileNotFoundError: [WinError 3] El sistema no puede encontrar la ruta especificada: '\\\\\\\\?\\\\\\\\wsl.localhost\\\\Ubuntu\\\\'", "FileNotFoundError: [WinError 3] El sistema no puede encontrar la ruta especificada: '\\\\\\\\?\\\\\\\\wsl.localhost\\\\Ubuntu\\\\'", "FileNotFoundError: [WinError 3] El sistema no puede encontrar la ruta especificada: '\\\\\\\\?\\\\\\\\wsl.localhost\\\\Ubuntu\\\\'", "FileNotFoundError: [WinError 3] El sistema no puede encontrar la ruta especificada: '\\\\\\\\?\\\\\\\\wsl.localhost\\\\Ubuntu\\\\'", "FileNotFoundError: [WinError 3] El sistema no puede encontrar la ruta especificada: '\\\\\\\\?\\\\\\\\wsl.localhost\\\\Ubuntu\\\\'"], "n": 9, "ms_mediana": 1700.0, "determinista": true, "metrica": "acentos", "cer_pct": 100.0, "cer_acentos_pct": 100.0, "cer_ciego_pct": 100.0, "dist_acentos": 596, "texto": "docling-r6__ppp140__escaneado_d5b.txt"}
[32m[INFO] 2026-08-31 20:17:29,666 [RapidOCR] base.py:23: Using engine_name: torch[0m
[32m[INFO] 2026-08-31 20:17:29,667 [RapidOCR] device_config.py:64: Using GPU device with ID: 0[0m
[32m[INFO] 2026-08-31 20:17:29,680 [RapidOCR] download_file.py:60: File exists and is valid: D:\Work\research\FileX\.venv-ai\Lib\site-packages\rapidocr\models\PP-OCRv6_det_small.pth[0m
[32m[INFO] 2026-08-31 20:17:29,680 [RapidOCR] main.py:50: Using D:\Work\research\FileX\.venv-ai\Lib\site-packages\rapidocr\models\PP-OCRv6_det_small.pth[0m
[32m[INFO] 2026-08-31 20:17:30,426 [RapidOCR] base.py:23: Using engine_name: torch[0m
[32m[INFO] 2026-08-31 20:17:30,426 [RapidOCR] device_config.py:64: Using GPU device with ID: 0[0m
[32m[INFO] 2026-08-31 20:17:30,428 [RapidOCR] download_file.py:60: File exists and is valid: D:\Work\research\FileX\.venv-ai\Lib\site-packages\rapidocr\models\ch_ptocr_mobile_v2.0_cls_mobile.pth[0m
[32m[INFO] 2026-08-31 20:17:30,428 [RapidOCR] main.py:50: Using D:\Work\research\FileX\.venv-ai\Lib\site-packages\rapidocr\models\ch_ptocr_mobile_v2.0_cls_mobile.pth[0m
[32m[INFO] 2026-08-31 20:17:30,601 [RapidOCR] base.py:23: Using engine_name: torch[0m
[32m[INFO] 2026-08-31 20:17:30,602 [RapidOCR] device_config.py:64: Using GPU device with ID: 0[0m
[32m[INFO] 2026-08-31 20:17:30,622 [RapidOCR] download_file.py:60: File exists and is valid: D:\Work\research\FileX\.venv-ai\Lib\site-packages\rapidocr\models\PP-OCRv6_rec_small.pth[0m
[32m[INFO] 2026-08-31 20:17:30,623 [RapidOCR] main.py:50: Using D:\Work\research\FileX\.venv-ai\Lib\site-packages\rapidocr\models\PP-OCRv6_rec_small.pth[0m
[32m[INFO] 2026-08-31 20:17:31,764 [RapidOCR] base.py:23: Using engine_name: torch[0m
[32m[INFO] 2026-08-31 20:17:31,765 [RapidOCR] device_config.py:64: Using GPU device with ID: 0[0m
[32m[INFO] 2026-08-31 20:17:31,775 [RapidOCR] download_file.py:60: File exists and is valid: D:\Work\research\FileX\.venv-ai\Lib\site-packages\rapidocr\models\PP-OCRv6_det_small.pth[0m
[32m[INFO] 2026-08-31 20:17:31,775 [RapidOCR] main.py:50: Using D:\Work\research\FileX\.venv-ai\Lib\site-packages\rapidocr\models\PP-OCRv6_det_small.pth[0m
[32m[INFO] 2026-08-31 20:17:32,031 [RapidOCR] base.py:23: Using engine_name: torch[0m
[32m[INFO] 2026-08-31 20:17:32,032 [RapidOCR] device_config.py:64: Using GPU device with ID: 0[0m
[32m[INFO] 2026-08-31 20:17:32,034 [RapidOCR] download_file.py:60: File exists and is valid: D:\Work\research\FileX\.venv-ai\Lib\site-packages\rapidocr\models\ch_ptocr_mobile_v2.0_cls_mobile.pth[0m
[32m[INFO] 2026-08-31 20:17:32,035 [RapidOCR] main.py:50: Using D:\Work\research\FileX\.venv-ai\Lib\site-packages\rapidocr\models\ch_ptocr_mobile_v2.0_cls_mobile.pth[0m
[32m[INFO] 2026-08-31 20:17:32,200 [RapidOCR] base.py:23: Using engine_name: torch[0m
[32m[INFO] 2026-08-31 20:17:32,201 [RapidOCR] device_config.py:64: Using GPU device with ID: 0[0m
[32m[INFO] 2026-08-31 20:17:32,221 [RapidOCR] download_file.py:60: File exists and is valid: D:\Work\research\FileX\.venv-ai\Lib\site-packages\rapidocr\models\PP-OCRv6_rec_small.pth[0m
[32m[INFO] 2026-08-31 20:17:32,221 [RapidOCR] main.py:50: Using D:\Work\research\FileX\.venv-ai\Lib\site-packages\rapidocr\models\PP-OCRv6_rec_small.pth[0m
[32m[INFO] 2026-08-31 20:17:33,370 [RapidOCR] base.py:23: Using engine_name: torch[0m
[32m[INFO] 2026-08-31 20:17:33,370 [RapidOCR] device_config.py:64: Using GPU device with ID: 0[0m
[32m[INFO] 2026-08-31 20:17:33,381 [RapidOCR] download_file.py:60: File exists and is valid: D:\Work\research\FileX\.venv-ai\Lib\site-packages\rapidocr\models\PP-OCRv6_det_small.pth[0m
[32m[INFO] 2026-08-31 20:17:33,381 [RapidOCR] main.py:50: Using D:\Work\research\FileX\.venv-ai\Lib\site-packages\rapidocr\models\PP-OCRv6_det_small.pth[0m
[32m[INFO] 2026-08-31 20:17:33,656 [RapidOCR] base.py:23: Using engine_name: torch[0m
[32m[INFO] 2026-08-31 20:17:33,657 [RapidOCR] device_config.py:64: Using GPU device with ID: 0[0m
[32m[INFO] 2026-08-31 20:17:33,658 [RapidOCR] download_file.py:60: File exists and is valid: D:\Work\research\FileX\.venv-ai\Lib\site-packages\rapidocr\models\ch_ptocr_mobile_v2.0_cls_mobile.pth[0m
[32m[INFO] 2026-08-31 20:17:33,658 [RapidOCR] main.py:50: Using D:\Work\research\FileX\.venv-ai\Lib\site-packages\rapidocr\models\ch_ptocr_mobile_v2.0_cls_mobile.pth[0m
[32m[INFO] 2026-08-31 20:17:33,841 [RapidOCR] base.py:23: Using engine_name: torch[0m
[32m[INFO] 2026-08-31 20:17:33,842 [RapidOCR] device_config.py:64: Using GPU device with ID: 0[0m
[32m[INFO] 2026-08-31 20:17:33,862 [RapidOCR] download_file.py:60: File exists and is valid: D:\Work\research\FileX\.venv-ai\Lib\site-packages\rapidocr\models\PP-OCRv6_rec_small.pth[0m
[32m[INFO] 2026-08-31 20:17:33,862 [RapidOCR] main.py:50: Using D:\Work\research\FileX\.venv-ai\Lib\site-packages\rapidocr\models\PP-OCRv6_rec_small.pth[0m
[32m[INFO] 2026-08-31 20:17:35,086 [RapidOCR] base.py:23: Using engine_name: torch[0m
[32m[INFO] 2026-08-31 20:17:35,087 [RapidOCR] device_config.py:64: Using GPU device with ID: 0[0m
[32m[INFO] 2026-08-31 20:17:35,098 [RapidOCR] download_file.py:60: File exists and is valid: D:\Work\research\FileX\.venv-ai\Lib\site-packages\rapidocr\models\PP-OCRv6_det_small.pth[0m
[32m[INFO] 2026-08-31 20:17:35,098 [RapidOCR] main.py:50: Using D:\Work\research\FileX\.venv-ai\Lib\site-packages\rapidocr\models\PP-OCRv6_det_small.pth[0m
[32m[INFO] 2026-08-31 20:17:35,674 [RapidOCR] base.py:23: Using engine_name: torch[0m
[32m[INFO] 2026-08-31 20:17:35,675 [RapidOCR] device_config.py:64: Using GPU device with ID: 0[0m
[32m[INFO] 2026-08-31 20:17:35,676 [RapidOCR] download_file.py:60: File exists and is valid: D:\Work\research\FileX\.venv-ai\Lib\site-packages\rapidocr\models\ch_ptocr_mobile_v2.0_cls_mobile.pth[0m
[32m[INFO] 2026-08-31 20:17:35,676 [RapidOCR] main.py:50: Using D:\Work\research\FileX\.venv-ai\Lib\site-packages\rapidocr\models\ch_ptocr_mobile_v2.0_cls_mobile.pth[0m
[32m[INFO] 2026-08-31 20:17:35,851 [RapidOCR] base.py:23: Using engine_name: torch[0m
[32m[INFO] 2026-08-31 20:17:35,852 [RapidOCR] device_config.py:64: Using GPU device with ID: 0[0m
[32m[INFO] 2026-08-31 20:17:35,871 [RapidOCR] download_file.py:60: File exists and is valid: D:\Work\research\FileX\.venv-ai\Lib\site-packages\rapidocr\models\PP-OCRv6_rec_small.pth[0m
[32m[INFO] 2026-08-31 20:17:35,872 [RapidOCR] main.py:50: Using D:\Work\research\FileX\.venv-ai\Lib\site-packages\rapidocr\models\PP-OCRv6_rec_small.pth[0m
[32m[INFO] 2026-08-31 20:17:37,012 [RapidOCR] base.py:23: Using engine_name: torch[0m
[32m[INFO] 2026-08-31 20:17:37,013 [RapidOCR] device_config.py:64: Using GPU device with ID: 0[0m
[32m[INFO] 2026-08-31 20:17:37,023 [RapidOCR] download_file.py:60: File exists and is valid: D:\Work\research\FileX\.venv-ai\Lib\site-packages\rapidocr\models\PP-OCRv6_det_small.pth[0m
[32m[INFO] 2026-08-31 20:17:37,023 [RapidOCR] main.py:50: Using D:\Work\research\FileX\.venv-ai\Lib\site-packages\rapidocr\models\PP-OCRv6_det_small.pth[0m
[32m[INFO] 2026-08-31 20:17:37,301 [RapidOCR] base.py:23: Using engine_name: torch[0m
[32m[INFO] 2026-08-31 20:17:37,302 [RapidOCR] device_config.py:64: Using GPU device with ID: 0[0m
[32m[INFO] 2026-08-31 20:17:37,303 [RapidOCR] download_file.py:60: File exists and is valid: D:\Work\research\FileX\.venv-ai\Lib\site-packages\rapidocr\models\ch_ptocr_mobile_v2.0_cls_mobile.pth[0m
[32m[INFO] 2026-08-31 20:17:37,303 [RapidOCR] main.py:50: Using D:\Work\research\FileX\.venv-ai\Lib\site-packages\rapidocr\models\ch_ptocr_mobile_v2.0_cls_mobile.pth[0m
[32m[INFO] 2026-08-31 20:17:37,481 [RapidOCR] base.py:23: Using engine_name: torch[0m
[32m[INFO] 2026-08-31 20:17:37,482 [RapidOCR] device_config.py:64: Using GPU device with ID: 0[0m
[32m[INFO] 2026-08-31 20:17:37,502 [RapidOCR] download_file.py:60: File exists and is valid: D:\Work\research\FileX\.venv-ai\Lib\site-packages\rapidocr\models\PP-OCRv6_rec_small.pth[0m
[32m[INFO] 2026-08-31 20:17:37,502 [RapidOCR] main.py:50: Using D:\Work\research\FileX\.venv-ai\Lib\site-packages\rapidocr\models\PP-OCRv6_rec_small.pth[0m
[32m[INFO] 2026-08-31 20:17:38,695 [RapidOCR] base.py:23: Using engine_name: torch[0m
[32m[INFO] 2026-08-31 20:17:38,695 [RapidOCR] device_config.py:64: Using GPU device with ID: 0[0m
[32m[INFO] 2026-08-31 20:17:38,708 [RapidOCR] download_file.py:60: File exists and is valid: D:\Work\research\FileX\.venv-ai\Lib\site-packages\rapidocr\models\PP-OCRv6_det_small.pth[0m
[32m[INFO] 2026-08-31 20:17:38,708 [RapidOCR] main.py:50: Using D:\Work\research\FileX\.venv-ai\Lib\site-packages\rapidocr\models\PP-OCRv6_det_small.pth[0m
[32m[INFO] 2026-08-31 20:17:39,019 [RapidOCR] base.py:23: Using engine_name: torch[0m
[32m[INFO] 2026-08-31 20:17:39,020 [RapidOCR] device_config.py:64: Using GPU device with ID: 0[0m
[32m[INFO] 2026-08-31 20:17:39,021 [RapidOCR] download_file.py:60: File exists and is valid: D:\Work\research\FileX\.venv-ai\Lib\site-packages\rapidocr\models\ch_ptocr_mobile_v2.0_cls_mobile.pth[0m
[32m[INFO] 2026-08-31 20:17:39,021 [RapidOCR] main.py:50: Using D:\Work\research\FileX\.venv-ai\Lib\site-packages\rapidocr\models\ch_ptocr_mobile_v2.0_cls_mobile.pth[0m
[32m[INFO] 2026-08-31 20:17:39,233 [RapidOCR] base.py:23: Using engine_name: torch[0m
[32m[INFO] 2026-08-31 20:17:39,234 [RapidOCR] device_config.py:64: Using GPU device with ID: 0[0m
[32m[INFO] 2026-08-31 20:17:39,254 [RapidOCR] download_file.py:60: File exists and is valid: D:\Work\research\FileX\.venv-ai\Lib\site-packages\rapidocr\models\PP-OCRv6_rec_small.pth[0m
[32m[INFO] 2026-08-31 20:17:39,254 [RapidOCR] main.py:50: Using D:\Work\research\FileX\.venv-ai\Lib\site-packages\rapidocr\models\PP-OCRv6_rec_small.pth[0m
[32m[INFO] 2026-08-31 20:17:40,538 [RapidOCR] base.py:23: Using engine_name: torch[0m
[32m[INFO] 2026-08-31 20:17:40,539 [RapidOCR] device_config.py:64: Using GPU device with ID: 0[0m
[32m[INFO] 2026-08-31 20:17:40,552 [RapidOCR] download_file.py:60: File exists and is valid: D:\Work\research\FileX\.venv-ai\Lib\site-packages\rapidocr\models\PP-OCRv6_det_small.pth[0m
[32m[INFO] 2026-08-31 20:17:40,552 [RapidOCR] main.py:50: Using D:\Work\research\FileX\.venv-ai\Lib\site-packages\rapidocr\models\PP-OCRv6_det_small.pth[0m
[32m[INFO] 2026-08-31 20:17:40,834 [RapidOCR] base.py:23: Using engine_name: torch[0m
[32m[INFO] 2026-08-31 20:17:40,835 [RapidOCR] device_config.py:64: Using GPU device with ID: 0[0m
[32m[INFO] 2026-08-31 20:17:40,836 [RapidOCR] download_file.py:60: File exists and is valid: D:\Work\research\FileX\.venv-ai\Lib\site-packages\rapidocr\models\ch_ptocr_mobile_v2.0_cls_mobile.pth[0m
[32m[INFO] 2026-08-31 20:17:40,836 [RapidOCR] main.py:50: Using D:\Work\research\FileX\.venv-ai\Lib\site-packages\rapidocr\models\ch_ptocr_mobile_v2.0_cls_mobile.pth[0m
[32m[INFO] 2026-08-31 20:17:41,246 [RapidOCR] base.py:23: Using engine_name: torch[0m
[32m[INFO] 2026-08-31 20:17:41,247 [RapidOCR] device_config.py:64: Using GPU device with ID: 0[0m
[32m[INFO] 2026-08-31 20:17:41,267 [RapidOCR] download_file.py:60: File exists and is valid: D:\Work\research\FileX\.venv-ai\Lib\site-packages\rapidocr\models\PP-OCRv6_rec_small.pth[0m
[32m[INFO] 2026-08-31 20:17:41,267 [RapidOCR] main.py:50: Using D:\Work\research\FileX\.venv-ai\Lib\site-packages\rapidocr\models\PP-OCRv6_rec_small.pth[0m
[32m[INFO] 2026-08-31 20:17:42,523 [RapidOCR] base.py:23: Using engine_name: torch[0m
[32m[INFO] 2026-08-31 20:17:42,524 [RapidOCR] device_config.py:64: Using GPU device with ID: 0[0m
[32m[INFO] 2026-08-31 20:17:42,534 [RapidOCR] download_file.py:60: File exists and is valid: D:\Work\research\FileX\.venv-ai\Lib\site-packages\rapidocr\models\PP-OCRv6_det_small.pth[0m
[32m[INFO] 2026-08-31 20:17:42,534 [RapidOCR] main.py:50: Using D:\Work\research\FileX\.venv-ai\Lib\site-packages\rapidocr\models\PP-OCRv6_det_small.pth[0m
[32m[INFO] 2026-08-31 20:17:42,827 [RapidOCR] base.py:23: Using engine_name: torch[0m
[32m[INFO] 2026-08-31 20:17:42,829 [RapidOCR] device_config.py:64: Using GPU device with ID: 0[0m
[32m[INFO] 2026-08-31 20:17:42,833 [RapidOCR] download_file.py:60: File exists and is valid: D:\Work\research\FileX\.venv-ai\Lib\site-packages\rapidocr\models\ch_ptocr_mobile_v2.0_cls_mobile.pth[0m
[32m[INFO] 2026-08-31 20:17:42,834 [RapidOCR] main.py:50: Using D:\Work\research\FileX\.venv-ai\Lib\site-packages\rapidocr\models\ch_ptocr_mobile_v2.0_cls_mobile.pth[0m
[32m[INFO] 2026-08-31 20:17:43,224 [RapidOCR] base.py:23: Using engine_name: torch[0m
[32m[INFO] 2026-08-31 20:17:43,225 [RapidOCR] device_config.py:64: Using GPU device with ID: 0[0m
[32m[INFO] 2026-08-31 20:17:43,253 [RapidOCR] download_file.py:60: File exists and is valid: D:\Work\research\FileX\.venv-ai\Lib\site-packages\rapidocr\models\PP-OCRv6_rec_small.pth[0m
[32m[INFO] 2026-08-31 20:17:43,253 [RapidOCR] main.py:50: Using D:\Work\research\FileX\.venv-ai\Lib\site-packages\rapidocr\models\PP-OCRv6_rec_small.pth[0m
[32m[INFO] 2026-08-31 20:17:44,954 [RapidOCR] base.py:23: Using engine_name: torch[0m
[32m[INFO] 2026-08-31 20:17:44,954 [RapidOCR] device_config.py:64: Using GPU device with ID: 0[0m
[32m[INFO] 2026-08-31 20:17:44,974 [RapidOCR] download_file.py:60: File exists and is valid: D:\Work\research\FileX\.venv-ai\Lib\site-packages\rapidocr\models\PP-OCRv6_det_small.pth[0m
[32m[INFO] 2026-08-31 20:17:44,975 [RapidOCR] main.py:50: Using D:\Work\research\FileX\.venv-ai\Lib\site-packages\rapidocr\models\PP-OCRv6_det_small.pth[0m
[32m[INFO] 2026-08-31 20:17:45,374 [RapidOCR] base.py:23: Using engine_name: torch[0m
[32m[INFO] 2026-08-31 20:17:45,375 [RapidOCR] device_config.py:64: Using GPU device with ID: 0[0m
[32m[INFO] 2026-08-31 20:17:45,376 [RapidOCR] download_file.py:60: File exists and is valid: D:\Work\research\FileX\.venv-ai\Lib\site-packages\rapidocr\models\ch_ptocr_mobile_v2.0_cls_mobile.pth[0m
[32m[INFO] 2026-08-31 20:17:45,376 [RapidOCR] main.py:50: Using D:\Work\research\FileX\.venv-ai\Lib\site-packages\rapidocr\models\ch_ptocr_mobile_v2.0_cls_mobile.pth[0m
[32m[INFO] 2026-08-31 20:17:45,569 [RapidOCR] base.py:23: Using engine_name: torch[0m
[32m[INFO] 2026-08-31 20:17:45,569 [RapidOCR] device_config.py:64: Using GPU device with ID: 0[0m
[32m[INFO] 2026-08-31 20:17:45,589 [RapidOCR] download_file.py:60: File exists and is valid: D:\Work\research\FileX\.venv-ai\Lib\site-packages\rapidocr\models\PP-OCRv6_rec_small.pth[0m
[32m[INFO] 2026-08-31 20:17:45,589 [RapidOCR] main.py:50: Using D:\Work\research\FileX\.venv-ai\Lib\site-packages\rapidocr\models\PP-OCRv6_rec_small.pth[0m
[32m[INFO] 2026-08-31 20:17:46,979 [RapidOCR] base.py:23: Using engine_name: torch[0m
[32m[INFO] 2026-08-31 20:17:46,980 [RapidOCR] device_config.py:64: Using GPU device with ID: 0[0m
[32m[INFO] 2026-08-31 20:17:46,999 [RapidOCR] download_file.py:60: File exists and is valid: D:\Work\research\FileX\.venv-ai\Lib\site-packages\rapidocr\models\PP-OCRv6_det_small.pth[0m
[32m[INFO] 2026-08-31 20:17:47,000 [RapidOCR] main.py:50: Using D:\Work\research\FileX\.venv-ai\Lib\site-packages\rapidocr\models\PP-OCRv6_det_small.pth[0m
[32m[INFO] 2026-08-31 20:17:47,427 [RapidOCR] base.py:23: Using engine_name: torch[0m
[32m[INFO] 2026-08-31 20:17:47,427 [RapidOCR] device_config.py:64: Using GPU device with ID: 0[0m
[32m[INFO] 2026-08-31 20:17:47,429 [RapidOCR] download_file.py:60: File exists and is valid: D:\Work\research\FileX\.venv-ai\Lib\site-packages\rapidocr\models\ch_ptocr_mobile_v2.0_cls_mobile.pth[0m
[32m[INFO] 2026-08-31 20:17:47,429 [RapidOCR] main.py:50: Using D:\Work\research\FileX\.venv-ai\Lib\site-packages\rapidocr\models\ch_ptocr_mobile_v2.0_cls_mobile.pth[0m
[32m[INFO] 2026-08-31 20:17:47,617 [RapidOCR] base.py:23: Using engine_name: torch[0m
[32m[INFO] 2026-08-31 20:17:47,618 [RapidOCR] device_config.py:64: Using GPU device with ID: 0[0m
[32m[INFO] 2026-08-31 20:17:47,640 [RapidOCR] download_file.py:60: File exists and is valid: D:\Work\research\FileX\.venv-ai\Lib\site-packages\rapidocr\models\PP-OCRv6_rec_small.pth[0m
[32m[INFO] 2026-08-31 20:17:47,640 [RapidOCR] main.py:50: Using D:\Work\research\FileX\.venv-ai\Lib\site-packages\rapidocr\models\PP-OCRv6_rec_small.pth[0m
{"config": "docling-r6", "doc": "escaneado_d5b", "ppp_nativo": 60, "ppp": 145, "factor": 2.417, "png": "ppp145__escaneado_d5b.png", "png_identify": "938x1283 57.079999999999998295,57.079999999999998295 PixelsPerCentimeter", "preflight": {"vram_libre_mib": 8386, "mpx_actual": 1.203, "mpx_pendiente_ordenada": 0}, "entrada": "PDF via Docling; scale explicita", "dispositivo": "GPU CUDA", "rc": [1, 1, 1, 1, 1, 1, 1, 1, 1], "error": ["FileNotFoundError: [WinError 3] El sistema no puede encontrar la ruta especificada: '\\\\\\\\?\\\\\\\\wsl.localhost\\\\Ubuntu\\\\'", "FileNotFoundError: [WinError 3] El sistema no puede encontrar la ruta especificada: '\\\\\\\\?\\\\\\\\wsl.localhost\\\\Ubuntu\\\\'", "FileNotFoundError: [WinError 3] El sistema no puede encontrar la ruta especificada: '\\\\\\\\?\\\\\\\\wsl.localhost\\\\Ubuntu\\\\'", "FileNotFoundError: [WinError 3] El sistema no puede encontrar la ruta especificada: '\\\\\\\\?\\\\\\\\wsl.localhost\\\\Ubuntu\\\\'", "FileNotFoundError: [WinError 3] El sistema no puede encontrar la ruta especificada: '\\\\\\\\?\\\\\\\\wsl.localhost\\\\Ubuntu\\\\'", "FileNotFoundError: [WinError 3] El sistema no puede encontrar la ruta especificada: '\\\\\\\\?\\\\\\\\wsl.localhost\\\\Ubuntu\\\\'", "FileNotFoundError: [WinError 3] El sistema no puede encontrar la ruta especificada: '\\\\\\\\?\\\\\\\\wsl.localhost\\\\Ubuntu\\\\'", "FileNotFoundError: [WinError 3] El sistema no puede encontrar la ruta especificada: '\\\\\\\\?\\\\\\\\wsl.localhost\\\\Ubuntu\\\\'", "FileNotFoundError: [WinError 3] El sistema no puede encontrar la ruta especificada: '\\\\\\\\?\\\\\\\\wsl.localhost\\\\Ubuntu\\\\'"], "n": 9, "ms_mediana": 1926.9, "determinista": true, "metrica": "acentos", "cer_pct": 100.0, "cer_acentos_pct": 100.0, "cer_ciego_pct": 100.0, "dist_acentos": 596, "texto": "docling-r6__ppp145__escaneado_d5b.txt"}
[32m[INFO] 2026-08-31 20:17:49,321 [RapidOCR] base.py:23: Using engine_name: torch[0m
[32m[INFO] 2026-08-31 20:17:49,322 [RapidOCR] device_config.py:64: Using GPU device with ID: 0[0m
[32m[INFO] 2026-08-31 20:17:49,335 [RapidOCR] download_file.py:60: File exists and is valid: D:\Work\research\FileX\.venv-ai\Lib\site-packages\rapidocr\models\PP-OCRv6_det_small.pth[0m
[32m[INFO] 2026-08-31 20:17:49,335 [RapidOCR] main.py:50: Using D:\Work\research\FileX\.venv-ai\Lib\site-packages\rapidocr\models\PP-OCRv6_det_small.pth[0m
[32m[INFO] 2026-08-31 20:17:49,647 [RapidOCR] base.py:23: Using engine_name: torch[0m
[32m[INFO] 2026-08-31 20:17:49,647 [RapidOCR] device_config.py:64: Using GPU device with ID: 0[0m
[32m[INFO] 2026-08-31 20:17:49,649 [RapidOCR] download_file.py:60: File exists and is valid: D:\Work\research\FileX\.venv-ai\Lib\site-packages\rapidocr\models\ch_ptocr_mobile_v2.0_cls_mobile.pth[0m
[32m[INFO] 2026-08-31 20:17:49,649 [RapidOCR] main.py:50: Using D:\Work\research\FileX\.venv-ai\Lib\site-packages\rapidocr\models\ch_ptocr_mobile_v2.0_cls_mobile.pth[0m
[32m[INFO] 2026-08-31 20:17:49,832 [RapidOCR] base.py:23: Using engine_name: torch[0m
[32m[INFO] 2026-08-31 20:17:49,833 [RapidOCR] device_config.py:64: Using GPU device with ID: 0[0m
[32m[INFO] 2026-08-31 20:17:49,855 [RapidOCR] download_file.py:60: File exists and is valid: D:\Work\research\FileX\.venv-ai\Lib\site-packages\rapidocr\models\PP-OCRv6_rec_small.pth[0m
[32m[INFO] 2026-08-31 20:17:49,855 [RapidOCR] main.py:50: Using D:\Work\research\FileX\.venv-ai\Lib\site-packages\rapidocr\models\PP-OCRv6_rec_small.pth[0m
[32m[INFO] 2026-08-31 20:17:51,176 [RapidOCR] base.py:23: Using engine_name: torch[0m
[32m[INFO] 2026-08-31 20:17:51,176 [RapidOCR] device_config.py:64: Using GPU device with ID: 0[0m
[32m[INFO] 2026-08-31 20:17:51,187 [RapidOCR] download_file.py:60: File exists and is valid: D:\Work\research\FileX\.venv-ai\Lib\site-packages\rapidocr\models\PP-OCRv6_det_small.pth[0m
[32m[INFO] 2026-08-31 20:17:51,187 [RapidOCR] main.py:50: Using D:\Work\research\FileX\.venv-ai\Lib\site-packages\rapidocr\models\PP-OCRv6_det_small.pth[0m
[32m[INFO] 2026-08-31 20:17:51,507 [RapidOCR] base.py:23: Using engine_name: torch[0m
[32m[INFO] 2026-08-31 20:17:51,509 [RapidOCR] device_config.py:64: Using GPU device with ID: 0[0m
[32m[INFO] 2026-08-31 20:17:51,510 [RapidOCR] download_file.py:60: File exists and is valid: D:\Work\research\FileX\.venv-ai\Lib\site-packages\rapidocr\models\ch_ptocr_mobile_v2.0_cls_mobile.pth[0m
[32m[INFO] 2026-08-31 20:17:51,511 [RapidOCR] main.py:50: Using D:\Work\research\FileX\.venv-ai\Lib\site-packages\rapidocr\models\ch_ptocr_mobile_v2.0_cls_mobile.pth[0m
[32m[INFO] 2026-08-31 20:17:51,693 [RapidOCR] base.py:23: Using engine_name: torch[0m
[32m[INFO] 2026-08-31 20:17:51,694 [RapidOCR] device_config.py:64: Using GPU device with ID: 0[0m
[32m[INFO] 2026-08-31 20:17:51,713 [RapidOCR] download_file.py:60: File exists and is valid: D:\Work\research\FileX\.venv-ai\Lib\site-packages\rapidocr\models\PP-OCRv6_rec_small.pth[0m
[32m[INFO] 2026-08-31 20:17:51,713 [RapidOCR] main.py:50: Using D:\Work\research\FileX\.venv-ai\Lib\site-packages\rapidocr\models\PP-OCRv6_rec_small.pth[0m
[32m[INFO] 2026-08-31 20:17:52,934 [RapidOCR] base.py:23: Using engine_name: torch[0m
[32m[INFO] 2026-08-31 20:17:52,935 [RapidOCR] device_config.py:64: Using GPU device with ID: 0[0m
[32m[INFO] 2026-08-31 20:17:52,946 [RapidOCR] download_file.py:60: File exists and is valid: D:\Work\research\FileX\.venv-ai\Lib\site-packages\rapidocr\models\PP-OCRv6_det_small.pth[0m
[32m[INFO] 2026-08-31 20:17:52,946 [RapidOCR] main.py:50: Using D:\Work\research\FileX\.venv-ai\Lib\site-packages\rapidocr\models\PP-OCRv6_det_small.pth[0m
[32m[INFO] 2026-08-31 20:17:53,297 [RapidOCR] base.py:23: Using engine_name: torch[0m
[32m[INFO] 2026-08-31 20:17:53,297 [RapidOCR] device_config.py:64: Using GPU device with ID: 0[0m
[32m[INFO] 2026-08-31 20:17:53,299 [RapidOCR] download_file.py:60: File exists and is valid: D:\Work\research\FileX\.venv-ai\Lib\site-packages\rapidocr\models\ch_ptocr_mobile_v2.0_cls_mobile.pth[0m
[32m[INFO] 2026-08-31 20:17:53,299 [RapidOCR] main.py:50: Using D:\Work\research\FileX\.venv-ai\Lib\site-packages\rapidocr\models\ch_ptocr_mobile_v2.0_cls_mobile.pth[0m
[32m[INFO] 2026-08-31 20:17:53,624 [RapidOCR] base.py:23: Using engine_name: torch[0m
[32m[INFO] 2026-08-31 20:17:53,626 [RapidOCR] device_config.py:64: Using GPU device with ID: 0[0m
[32m[INFO] 2026-08-31 20:17:53,651 [RapidOCR] download_file.py:60: File exists and is valid: D:\Work\research\FileX\.venv-ai\Lib\site-packages\rapidocr\models\PP-OCRv6_rec_small.pth[0m
[32m[INFO] 2026-08-31 20:17:53,651 [RapidOCR] main.py:50: Using D:\Work\research\FileX\.venv-ai\Lib\site-packages\rapidocr\models\PP-OCRv6_rec_small.pth[0m
[32m[INFO] 2026-08-31 20:17:55,245 [RapidOCR] base.py:23: Using engine_name: torch[0m
[32m[INFO] 2026-08-31 20:17:55,247 [RapidOCR] device_config.py:64: Using GPU device with ID: 0[0m
[32m[INFO] 2026-08-31 20:17:55,257 [RapidOCR] download_file.py:60: File exists and is valid: D:\Work\research\FileX\.venv-ai\Lib\site-packages\rapidocr\models\PP-OCRv6_det_small.pth[0m
[32m[INFO] 2026-08-31 20:17:55,258 [RapidOCR] main.py:50: Using D:\Work\research\FileX\.venv-ai\Lib\site-packages\rapidocr\models\PP-OCRv6_det_small.pth[0m
[32m[INFO] 2026-08-31 20:17:55,579 [RapidOCR] base.py:23: Using engine_name: torch[0m
[32m[INFO] 2026-08-31 20:17:55,580 [RapidOCR] device_config.py:64: Using GPU device with ID: 0[0m
[32m[INFO] 2026-08-31 20:17:55,584 [RapidOCR] download_file.py:60: File exists and is valid: D:\Work\research\FileX\.venv-ai\Lib\site-packages\rapidocr\models\ch_ptocr_mobile_v2.0_cls_mobile.pth[0m
[32m[INFO] 2026-08-31 20:17:55,585 [RapidOCR] main.py:50: Using D:\Work\research\FileX\.venv-ai\Lib\site-packages\rapidocr\models\ch_ptocr_mobile_v2.0_cls_mobile.pth[0m
[32m[INFO] 2026-08-31 20:17:55,786 [RapidOCR] base.py:23: Using engine_name: torch[0m
[32m[INFO] 2026-08-31 20:17:55,787 [RapidOCR] device_config.py:64: Using GPU device with ID: 0[0m
[32m[INFO] 2026-08-31 20:17:55,813 [RapidOCR] download_file.py:60: File exists and is valid: D:\Work\research\FileX\.venv-ai\Lib\site-packages\rapidocr\models\PP-OCRv6_rec_small.pth[0m
[32m[INFO] 2026-08-31 20:17:55,813 [RapidOCR] main.py:50: Using D:\Work\research\FileX\.venv-ai\Lib\site-packages\rapidocr\models\PP-OCRv6_rec_small.pth[0m
[32m[INFO] 2026-08-31 20:17:56,997 [RapidOCR] base.py:23: Using engine_name: torch[0m
[32m[INFO] 2026-08-31 20:17:56,999 [RapidOCR] device_config.py:64: Using GPU device with ID: 0[0m
[32m[INFO] 2026-08-31 20:17:57,009 [RapidOCR] download_file.py:60: File exists and is valid: D:\Work\research\FileX\.venv-ai\Lib\site-packages\rapidocr\models\PP-OCRv6_det_small.pth[0m
[32m[INFO] 2026-08-31 20:17:57,009 [RapidOCR] main.py:50: Using D:\Work\research\FileX\.venv-ai\Lib\site-packages\rapidocr\models\PP-OCRv6_det_small.pth[0m
[32m[INFO] 2026-08-31 20:17:57,327 [RapidOCR] base.py:23: Using engine_name: torch[0m
[32m[INFO] 2026-08-31 20:17:57,328 [RapidOCR] device_config.py:64: Using GPU device with ID: 0[0m
[32m[INFO] 2026-08-31 20:17:57,329 [RapidOCR] download_file.py:60: File exists and is valid: D:\Work\research\FileX\.venv-ai\Lib\site-packages\rapidocr\models\ch_ptocr_mobile_v2.0_cls_mobile.pth[0m
[32m[INFO] 2026-08-31 20:17:57,329 [RapidOCR] main.py:50: Using D:\Work\research\FileX\.venv-ai\Lib\site-packages\rapidocr\models\ch_ptocr_mobile_v2.0_cls_mobile.pth[0m
[32m[INFO] 2026-08-31 20:17:57,515 [RapidOCR] base.py:23: Using engine_name: torch[0m
[32m[INFO] 2026-08-31 20:17:57,516 [RapidOCR] device_config.py:64: Using GPU device with ID: 0[0m
[32m[INFO] 2026-08-31 20:17:57,536 [RapidOCR] download_file.py:60: File exists and is valid: D:\Work\research\FileX\.venv-ai\Lib\site-packages\rapidocr\models\PP-OCRv6_rec_small.pth[0m
[32m[INFO] 2026-08-31 20:17:57,536 [RapidOCR] main.py:50: Using D:\Work\research\FileX\.venv-ai\Lib\site-packages\rapidocr\models\PP-OCRv6_rec_small.pth[0m
[32m[INFO] 2026-08-31 20:17:58,737 [RapidOCR] base.py:23: Using engine_name: torch[0m
[32m[INFO] 2026-08-31 20:17:58,738 [RapidOCR] device_config.py:64: Using GPU device with ID: 0[0m
[32m[INFO] 2026-08-31 20:17:58,750 [RapidOCR] download_file.py:60: File exists and is valid: D:\Work\research\FileX\.venv-ai\Lib\site-packages\rapidocr\models\PP-OCRv6_det_small.pth[0m
[32m[INFO] 2026-08-31 20:17:58,750 [RapidOCR] main.py:50: Using D:\Work\research\FileX\.venv-ai\Lib\site-packages\rapidocr\models\PP-OCRv6_det_small.pth[0m
[32m[INFO] 2026-08-31 20:17:59,179 [RapidOCR] base.py:23: Using engine_name: torch[0m
[32m[INFO] 2026-08-31 20:17:59,180 [RapidOCR] device_config.py:64: Using GPU device with ID: 0[0m
[32m[INFO] 2026-08-31 20:17:59,182 [RapidOCR] download_file.py:60: File exists and is valid: D:\Work\research\FileX\.venv-ai\Lib\site-packages\rapidocr\models\ch_ptocr_mobile_v2.0_cls_mobile.pth[0m
[32m[INFO] 2026-08-31 20:17:59,182 [RapidOCR] main.py:50: Using D:\Work\research\FileX\.venv-ai\Lib\site-packages\rapidocr\models\ch_ptocr_mobile_v2.0_cls_mobile.pth[0m
[32m[INFO] 2026-08-31 20:17:59,403 [RapidOCR] base.py:23: Using engine_name: torch[0m
[32m[INFO] 2026-08-31 20:17:59,404 [RapidOCR] device_config.py:64: Using GPU device with ID: 0[0m
[32m[INFO] 2026-08-31 20:17:59,428 [RapidOCR] download_file.py:60: File exists and is valid: D:\Work\research\FileX\.venv-ai\Lib\site-packages\rapidocr\models\PP-OCRv6_rec_small.pth[0m
[32m[INFO] 2026-08-31 20:17:59,428 [RapidOCR] main.py:50: Using D:\Work\research\FileX\.venv-ai\Lib\site-packages\rapidocr\models\PP-OCRv6_rec_small.pth[0m
[32m[INFO] 2026-08-31 20:18:00,989 [RapidOCR] base.py:23: Using engine_name: torch[0m
[32m[INFO] 2026-08-31 20:18:00,990 [RapidOCR] device_config.py:64: Using GPU device with ID: 0[0m
[32m[INFO] 2026-08-31 20:18:01,002 [RapidOCR] download_file.py:60: File exists and is valid: D:\Work\research\FileX\.venv-ai\Lib\site-packages\rapidocr\models\PP-OCRv6_det_small.pth[0m
[32m[INFO] 2026-08-31 20:18:01,002 [RapidOCR] main.py:50: Using D:\Work\research\FileX\.venv-ai\Lib\site-packages\rapidocr\models\PP-OCRv6_det_small.pth[0m
[32m[INFO] 2026-08-31 20:18:01,380 [RapidOCR] base.py:23: Using engine_name: torch[0m
[32m[INFO] 2026-08-31 20:18:01,381 [RapidOCR] device_config.py:64: Using GPU device with ID: 0[0m
[32m[INFO] 2026-08-31 20:18:01,382 [RapidOCR] download_file.py:60: File exists and is valid: D:\Work\research\FileX\.venv-ai\Lib\site-packages\rapidocr\models\ch_ptocr_mobile_v2.0_cls_mobile.pth[0m
[32m[INFO] 2026-08-31 20:18:01,382 [RapidOCR] main.py:50: Using D:\Work\research\FileX\.venv-ai\Lib\site-packages\rapidocr\models\ch_ptocr_mobile_v2.0_cls_mobile.pth[0m
[32m[INFO] 2026-08-31 20:18:01,577 [RapidOCR] base.py:23: Using engine_name: torch[0m
[32m[INFO] 2026-08-31 20:18:01,577 [RapidOCR] device_config.py:64: Using GPU device with ID: 0[0m
[32m[INFO] 2026-08-31 20:18:01,598 [RapidOCR] download_file.py:60: File exists and is valid: D:\Work\research\FileX\.venv-ai\Lib\site-packages\rapidocr\models\PP-OCRv6_rec_small.pth[0m
[32m[INFO] 2026-08-31 20:18:01,598 [RapidOCR] main.py:50: Using D:\Work\research\FileX\.venv-ai\Lib\site-packages\rapidocr\models\PP-OCRv6_rec_small.pth[0m
[32m[INFO] 2026-08-31 20:18:02,759 [RapidOCR] base.py:23: Using engine_name: torch[0m
[32m[INFO] 2026-08-31 20:18:02,760 [RapidOCR] device_config.py:64: Using GPU device with ID: 0[0m
[32m[INFO] 2026-08-31 20:18:02,770 [RapidOCR] download_file.py:60: File exists and is valid: D:\Work\research\FileX\.venv-ai\Lib\site-packages\rapidocr\models\PP-OCRv6_det_small.pth[0m
[32m[INFO] 2026-08-31 20:18:02,770 [RapidOCR] main.py:50: Using D:\Work\research\FileX\.venv-ai\Lib\site-packages\rapidocr\models\PP-OCRv6_det_small.pth[0m
[32m[INFO] 2026-08-31 20:18:03,053 [RapidOCR] base.py:23: Using engine_name: torch[0m
[32m[INFO] 2026-08-31 20:18:03,054 [RapidOCR] device_config.py:64: Using GPU device with ID: 0[0m
[32m[INFO] 2026-08-31 20:18:03,055 [RapidOCR] download_file.py:60: File exists and is valid: D:\Work\research\FileX\.venv-ai\Lib\site-packages\rapidocr\models\ch_ptocr_mobile_v2.0_cls_mobile.pth[0m
[32m[INFO] 2026-08-31 20:18:03,055 [RapidOCR] main.py:50: Using D:\Work\research\FileX\.venv-ai\Lib\site-packages\rapidocr\models\ch_ptocr_mobile_v2.0_cls_mobile.pth[0m
[32m[INFO] 2026-08-31 20:18:03,251 [RapidOCR] base.py:23: Using engine_name: torch[0m
[32m[INFO] 2026-08-31 20:18:03,252 [RapidOCR] device_config.py:64: Using GPU device with ID: 0[0m
[32m[INFO] 2026-08-31 20:18:03,271 [RapidOCR] download_file.py:60: File exists and is valid: D:\Work\research\FileX\.venv-ai\Lib\site-packages\rapidocr\models\PP-OCRv6_rec_small.pth[0m
[32m[INFO] 2026-08-31 20:18:03,272 [RapidOCR] main.py:50: Using D:\Work\research\FileX\.venv-ai\Lib\site-packages\rapidocr\models\PP-OCRv6_rec_small.pth[0m
[32m[INFO] 2026-08-31 20:18:04,493 [RapidOCR] base.py:23: Using engine_name: torch[0m
[32m[INFO] 2026-08-31 20:18:04,493 [RapidOCR] device_config.py:64: Using GPU device with ID: 0[0m
[32m[INFO] 2026-08-31 20:18:04,504 [RapidOCR] download_file.py:60: File exists and is valid: D:\Work\research\FileX\.venv-ai\Lib\site-packages\rapidocr\models\PP-OCRv6_det_small.pth[0m
[32m[INFO] 2026-08-31 20:18:04,504 [RapidOCR] main.py:50: Using D:\Work\research\FileX\.venv-ai\Lib\site-packages\rapidocr\models\PP-OCRv6_det_small.pth[0m
[32m[INFO] 2026-08-31 20:18:04,824 [RapidOCR] base.py:23: Using engine_name: torch[0m
[32m[INFO] 2026-08-31 20:18:04,825 [RapidOCR] device_config.py:64: Using GPU device with ID: 0[0m
[32m[INFO] 2026-08-31 20:18:04,826 [RapidOCR] download_file.py:60: File exists and is valid: D:\Work\research\FileX\.venv-ai\Lib\site-packages\rapidocr\models\ch_ptocr_mobile_v2.0_cls_mobile.pth[0m
[32m[INFO] 2026-08-31 20:18:04,826 [RapidOCR] main.py:50: Using D:\Work\research\FileX\.venv-ai\Lib\site-packages\rapidocr\models\ch_ptocr_mobile_v2.0_cls_mobile.pth[0m
[32m[INFO] 2026-08-31 20:18:05,010 [RapidOCR] base.py:23: Using engine_name: torch[0m
[32m[INFO] 2026-08-31 20:18:05,011 [RapidOCR] device_config.py:64: Using GPU device with ID: 0[0m
[32m[INFO] 2026-08-31 20:18:05,031 [RapidOCR] download_file.py:60: File exists and is valid: D:\Work\research\FileX\.venv-ai\Lib\site-packages\rapidocr\models\PP-OCRv6_rec_small.pth[0m
[32m[INFO] 2026-08-31 20:18:05,031 [RapidOCR] main.py:50: Using D:\Work\research\FileX\.venv-ai\Lib\site-packages\rapidocr\models\PP-OCRv6_rec_small.pth[0m
[32m[INFO] 2026-08-31 20:18:06,233 [RapidOCR] base.py:23: Using engine_name: torch[0m
[32m[INFO] 2026-08-31 20:18:06,234 [RapidOCR] device_config.py:64: Using GPU device with ID: 0[0m
[32m[INFO] 2026-08-31 20:18:06,244 [RapidOCR] download_file.py:60: File exists and is valid: D:\Work\research\FileX\.venv-ai\Lib\site-packages\rapidocr\models\PP-OCRv6_det_small.pth[0m
[32m[INFO] 2026-08-31 20:18:06,245 [RapidOCR] main.py:50: Using D:\Work\research\FileX\.venv-ai\Lib\site-packages\rapidocr\models\PP-OCRv6_det_small.pth[0m
[32m[INFO] 2026-08-31 20:18:06,860 [RapidOCR] base.py:23: Using engine_name: torch[0m
[32m[INFO] 2026-08-31 20:18:06,860 [RapidOCR] device_config.py:64: Using GPU device with ID: 0[0m
[32m[INFO] 2026-08-31 20:18:06,861 [RapidOCR] download_file.py:60: File exists and is valid: D:\Work\research\FileX\.venv-ai\Lib\site-packages\rapidocr\models\ch_ptocr_mobile_v2.0_cls_mobile.pth[0m
[32m[INFO] 2026-08-31 20:18:06,862 [RapidOCR] main.py:50: Using D:\Work\research\FileX\.venv-ai\Lib\site-packages\rapidocr\models\ch_ptocr_mobile_v2.0_cls_mobile.pth[0m
[32m[INFO] 2026-08-31 20:18:07,068 [RapidOCR] base.py:23: Using engine_name: torch[0m
[32m[INFO] 2026-08-31 20:18:07,069 [RapidOCR] device_config.py:64: Using GPU device with ID: 0[0m
[32m[INFO] 2026-08-31 20:18:07,093 [RapidOCR] download_file.py:60: File exists and is valid: D:\Work\research\FileX\.venv-ai\Lib\site-packages\rapidocr\models\PP-OCRv6_rec_small.pth[0m
[32m[INFO] 2026-08-31 20:18:07,094 [RapidOCR] main.py:50: Using D:\Work\research\FileX\.venv-ai\Lib\site-packages\rapidocr\models\PP-OCRv6_rec_small.pth[0m
{"config": "docling-r6", "doc": "escaneado_d5b", "ppp_nativo": 60, "ppp": 150, "factor": 2.5, "png": "ppp150__escaneado_d5b.png", "png_identify": "970x1328 59.049999999999997158,59.049999999999997158 PixelsPerCentimeter", "preflight": {"vram_libre_mib": 8445, "mpx_actual": 1.288, "mpx_pendiente_ordenada": 0}, "entrada": "PDF via Docling; scale explicita", "dispositivo": "GPU CUDA", "rc": [1, 1, 1, 1, 1, 1, 1, 1, 1], "error": ["FileNotFoundError: [WinError 3] El sistema no puede encontrar la ruta especificada: '\\\\\\\\?\\\\\\\\wsl.localhost\\\\Ubuntu\\\\'", "FileNotFoundError: [WinError 3] El sistema no puede encontrar la ruta especificada: '\\\\\\\\?\\\\\\\\wsl.localhost\\\\Ubuntu\\\\'", "FileNotFoundError: [WinError 3] El sistema no puede encontrar la ruta especificada: '\\\\\\\\?\\\\\\\\wsl.localhost\\\\Ubuntu\\\\'", "FileNotFoundError: [WinError 3] El sistema no puede encontrar la ruta especificada: '\\\\\\\\?\\\\\\\\wsl.localhost\\\\Ubuntu\\\\'", "FileNotFoundError: [WinError 3] El sistema no puede encontrar la ruta especificada: '\\\\\\\\?\\\\\\\\wsl.localhost\\\\Ubuntu\\\\'", "FileNotFoundError: [WinError 3] El sistema no puede encontrar la ruta especificada: '\\\\\\\\?\\\\\\\\wsl.localhost\\\\Ubuntu\\\\'", "FileNotFoundError: [WinError 3] El sistema no puede encontrar la ruta especificada: '\\\\\\\\?\\\\\\\\wsl.localhost\\\\Ubuntu\\\\'", "FileNotFoundError: [WinError 3] El sistema no puede encontrar la ruta especificada: '\\\\\\\\?\\\\\\\\wsl.localhost\\\\Ubuntu\\\\'", "FileNotFoundError: [WinError 3] El sistema no puede encontrar la ruta especificada: '\\\\\\\\?\\\\\\\\wsl.localhost\\\\Ubuntu\\\\'"], "n": 9, "ms_mediana": 1774.0, "determinista": true, "metrica": "acentos", "cer_pct": 100.0, "cer_acentos_pct": 100.0, "cer_ciego_pct": 100.0, "dist_acentos": 596, "texto": "docling-r6__ppp150__escaneado_d5b.txt"}
